{
    "class": "xpos",
    "duration_ms": 700,
    "x": [
        2.3499665,
        2.9695795,
        3.6471035,
        4.281702,
        4.8343997,
        5.298593,
        5.6074347,
        5.726942,
        5.782681,
        5.8255014,
        5.786932,
        5.6848836,
        5.5616255,
        5.38566,
        5.089772,
        4.735867,
        4.2732644,
        3.7757142,
        3.1857705,
        2.6251798,
        2.1126065,
        1.6310947,
        1.1569691,
        0.6521127,
        0.1286161,
        -0.4278853,
        -0.9914557,
        -1.5384883,
        -2.0913348,
        -2.624483,
        -3.1222947,
        -3.655317,
        -4.164963,
        -4.6190147,
        -5.0928407,
        -5.5754385,
        -6.175503,
        -6.8484945,
        -7.5282984,
        -8.224928,
        -8.885894,
        -9.417676,
        -9.865213,
        -10.146934,
        -10.243265,
        -10.175042,
        -9.955669,
        -9.581233,
        -9.078876,
        -8.461348,
        -7.8377357,
        -7.1066556,
        -6.4154463,
        -5.7895756,
        -5.152021,
        -4.545699,
        -3.9182127,
        -3.2724428,
        -2.537095,
        -1.7409682,
        -0.8860877,
        -0.03133881,
        0.8268542,
        1.660863,
        2.3857305,
        3.047798,
        3.5519862,
        3.9223459,
        4.271165,
        4.5528584,
        4.937645,
        5.304194,
        5.6271358,
        5.8716474,
        6.029026,
        6.0085254,
        5.8428464,
        5.535373,
        5.0628324,
        4.4617453,
        3.8667955,
        3.3414226,
        2.8776987,
        2.418095,
        2.0180016,
        1.6415907,
        1.3488843,
        1.0778705,
        0.91009104,
        0.7571924,
        0.667076,
        0.60650855,
        0.5876269,
        0.5554119,
        0.55534804,
        0.5631732,
        0.61482,
        0.66490495,
        0.72545236,
        0.79878986,
        0.8727673,
        0.9328116,
        0.9692174,
        1.0009404,
        0.9871298,
        0.9444245,
        0.860833,
        0.75533766,
        0.63015956,
        0.49236423,
        0.34906426,
        0.25051486,
        0.14413601,
        0.097109675,
        0.0474824,
        0.033917606,
        0.059001148,
        0.1252259,
        0.17987674,
        0.20376587,
        0.25663826,
        0.21643758,
        0.13579178,
        0.05277893,
        -0.035117626,
        -0.11621404,
        -0.2288211,
        -0.32976493,
        -0.40938985,
        -0.46519765,
        -0.50436926,
        -0.5244658,
        -0.56128645,
        -0.55039144,
        -0.5395123,
        -0.4928821,
        -0.42030823,
        -0.348149,
        -0.30026323,
        -0.24536209,
        -0.18583988,
        -0.1578364,
        -0.10151741,
        -0.060179085,
        -0.041034162,
        -0.041617304,
        -0.040308326,
        -0.043928653
    ],
    "y": [
        0.9363837,
        1.007762,
        1.0478048,
        1.0424256,
        1.0648856,
        1.0622911,
        1.0774279,
        1.1223278,
        1.1730962,
        1.2035289,
        1.2280612,
        1.17279,
        1.04532,
        0.8891773,
        0.7025943,
        0.48860216,
        0.2812462,
        0.14540863,
        0.009554863,
        -0.10431528,
        -0.21030807,
        -0.3441186,
        -0.48891592,
        -0.67343664,
        -0.8715024,
        -1.0639977,
        -1.2749777,
        -1.475873,
        -1.685976,
        -1.9245946,
        -2.1490026,
        -2.3691194,
        -2.5662143,
        -2.7575538,
        -2.9102108,
        -3.0868585,
        -3.237818,
        -3.3185806,
        -3.3565867,
        -3.355382,
        -3.3374999,
        -3.3515542,
        -3.3979206,
        -3.507764,
        -3.6234872,
        -3.747188,
        -3.8951259,
        -3.9661932,
        -4.0218086,
        -4.096701,
        -4.151119,
        -4.171826,
        -4.1577177,
        -4.0670443,
        -3.9779353,
        -3.9017787,
        -3.7882178,
        -3.6923697,
        -3.6025364,
        -3.5428998,
        -3.499351,
        -3.4171054,
        -3.3109074,
        -3.15943,
        -2.9322824,
        -2.6587126,
        -2.3993168,
        -2.1023073,
        -1.8401318,
        -1.5533745,
        -1.3212609,
        -1.1103601,
        -0.9351802,
        -0.7408209,
        -0.49653673,
        -0.20020628,
        0.076086044,
        0.39198732,
        0.7020683,
        0.96349955,
        1.0427966,
        1.0910854,
        1.1112452,
        1.1275473,
        1.1763372,
        1.2173452,
        1.2725763,
        1.2968721,
        1.3097782,
        1.237411,
        1.1639228,
        1.0703931,
        0.9380789,
        0.80806255,
        0.6949558,
        0.6206007,
        0.5538926,
        0.48765612,
        0.41211987,
        0.35327244,
        0.31311512,
        0.25529814,
        0.21046352,
        0.20425606,
        0.1643753,
        0.164752,
        0.145298,
        0.1370635,
        0.116129875,
        0.087327,
        0.067462444,
        0.05646658,
        0.030516624,
        -0.010478973,
        -0.049738884,
        -0.089651585,
        -0.17808676,
        -0.25985432,
        -0.33487034,
        -0.36011314,
        -0.36419868,
        -0.337399,
        -0.28933954,
        -0.24136734,
        -0.18122578,
        -0.15416527,
        -0.11707306,
        -0.060318947,
        -0.0341053,
        -0.03616047,
        -0.016067982,
        -0.048092365,
        -0.048369408,
        -0.06970739,
        -0.088263035,
        -0.104043484,
        -0.14100742,
        -0.14650488,
        -0.13736916,
        -0.13997316,
        -0.10418606,
        -0.046702385,
        -0.036967754,
        -0.0007300377,
        0.023810863,
        0.02703476,
        0.056791782,
        0.07952356
    ],