{
    "class": "xpos",
    "duration_ms": 700,
    "x": [
        3.0617125,
        3.5202987,
        4.110882,
        4.8462977,
        5.7108617,
        6.6674075,
        7.6911974,
        8.671695,
        9.615316,
        10.386539,
        10.938084,
        11.181553,
        11.023868,
        10.425811,
        9.540541,
        8.520155,
        7.4216385,
        6.3362484,
        5.3262897,
        4.329833,
        3.46011,
        2.6157484,
        1.8087085,
        1.0057253,
        0.22113776,
        -0.50942755,
        -1.2505705,
        -1.9353592,
        -2.6380203,
        -3.3296204,
        -4.0744247,
        -4.8342304,
        -5.611676,
        -6.352248,
        -7.0788217,
        -7.9537277,
        -8.955292,
        -10.049158,
        -11.137569,
        -12.143011,
        -12.992146,
        -13.707257,
        -14.342283,
        -14.896374,
        -15.254295,
        -15.33941,
        -15.05568,
        -14.460781,
        -13.660654,
        -12.854982,
        -11.743818,
        -10.27335,
        -8.52323,
        -6.67496,
        -4.8828893,
        -3.1217132,
        -1.3630712,
        0.46689993,
        2.2822337,
        3.99308,
        5.5289035,
        6.850221,
        7.9056673,
        8.607472,
        8.905052,
        8.844494,
        8.5731735,
        8.223126,
        7.8635983,
        7.5566797,
        7.397834,
        7.341951,
        7.2517004,
        7.0595365,
        6.7625675,
        6.393779,
        5.969749,
        5.528854,
        5.068725,
        4.5321994,
        3.9670873,
        3.397007,
        2.8289032,
        2.286062,
        1.7128222,
        1.2042415,
        0.80998534,
        0.5488901,
        0.4640921,
        0.51549,
        0.63932234,
        0.81738144,
        0.97871596,
        1.0472884,
        1.0469818,
        1.005937,
        0.9353658,
        0.8678887,
        0.82167196,
        0.7769133,
        0.754472,
        0.72524524,
        0.6937232,
        0.62871563,
        0.5423592,
        0.46129215,
        0.42412105,
        0.39317802,
        0.38114864,
        0.3863433,
        0.36378738,
        0.3211345,
        0.23255289,
        0.12456821,
        0.0090029165,
        -0.064108275,
        -0.1457143,
        -0.19813459,
        -0.21478917,
        -0.20121467,
        -0.17216451,
        -0.11128064,
        -0.07367587,
        -0.032781728,
        -0.038317256,
        -0.06117196,
        -0.103711426,
        -0.1802703,
        -0.27657565,
        -0.38069472,
        -0.43519783,
        -0.48301384,
        -0.4785165,
        -0.48129192,
        -0.39552125,
        -0.32882628,
        -0.24983045,
        -0.1653007,
        -0.118095964,
        -0.06029833,
        0.026901994,
        0.02366145,
        0.027903989,
        0.027381629,
        -0.02585655,
        -0.08170674,
        -0.11616918,
        -0.19412279
    ],
    "y": [
        0.33523273,
        0.62478733,
        0.8835163,
        1.1403093,
        1.3997164,
        1.5867758,
        1.6983061,
        1.7385025,
        1.6997948,
        1.5438657,
        1.3184962,
        1.0406098,
        0.80833054,
        0.7199545,
        0.7928343,
        0.8839998,
        0.94620323,
        1.0180945,
        1.0304308,
        1.0048141,
        0.8790741,
        0.7295537,
        0.49830294,
        0.24210024,
        -0.056311607,
        -0.4068594,
        -0.7885175,
        -1.2734771,
        -1.8000357,
        -2.3304358,
        -2.8582072,
        -3.4244623,
        -4.00324,
        -4.6115656,
        -5.2089314,
        -5.6735787,
        -6.0947123,
        -6.4643507,
        -6.7536783,
        -7.0322733,
        -7.3647575,
        -7.7578945,
        -8.05749,
        -8.185072,
        -8.1178875,
        -7.896061,
        -7.5726337,
        -7.188586,
        -6.840596,
        -6.3799405,
        -6.15382,
        -6.2607913,
        -6.491205,
        -6.6218853,
        -6.571655,
        -6.314414,
        -5.9243402,
        -5.501856,
        -5.0279207,
        -4.4165998,
        -3.7452831,
        -3.0268147,
        -2.3339863,
        -1.7636361,
        -1.2665133,
        -0.77419186,
        -0.256423,
        0.32442474,
        0.9318423,
        1.5030322,
        2.042242,
        2.4797263,
        2.7604465,
        2.9206972,
        2.9728823,
        2.9988441,
        2.9465551,
        2.8260088,
        2.668538,
        2.4667983,
        2.2780027,
        2.1138244,
        1.9404087,
        1.6956167,
        1.4537086,
        1.2505236,
        1.1075273,
        1.0318794,
        0.9280791,
        0.8011818,
        0.6324053,
        0.47461414,
        0.30885315,
        0.2069087,
        0.15205336,
        0.07011223,
        0.046967983,
        0.015275955,
        -0.025562763,
        -0.08587408,
        -0.1423254,
        -0.1930933,
        -0.24103117,
        -0.27211857,
        -0.31287003,
        -0.35369444,
        -0.37279034,
        -0.4201994,
        -0.41423512,
        -0.42383766,
        -0.39343166,
        -0.29879618,
        -0.21616745,
        -0.12378216,
        -0.045516014,
        -0.0076065063,
        0.030714512,
        -0.023896217,
        0.0029788017,
        -0.003581524,
        0.023256302,
        0.054777622,
        0.079043865,
        0.122365475,
        0.18235016,
        0.21104193,
        0.24182081,
        0.24341774,
        0.20373249,
        0.1920228,
        0.16505575,
        0.118067265,
        0.06308317,
        -0.0069680214,
        -0.063034534,
        -0.085757256,
        -0.08681631,
        -0.058886528,
        -0.025577545,
        0.0012373924,
        0.043128967,
        0.07849169,
        0.11439371,
        0.11005211,
        0.09414196,
        0.116959095,
        0.11610699,
        0.103480816
    ],