{
    "class": "xpos",
    "duration_ms": 700,
    "x": [
        -0.2492514,
        -0.13654354,
        0.0011786222,
        0.09295902,
        0.16577715,
        0.19418302,
        0.20513171,
        0.21544111,
        0.22780743,
        0.1969327,
        0.15104216,
        0.12548226,
        0.01996079,
        -0.07044357,
        -0.17498186,
        -0.2633264,
        -0.29325953,
        -0.35329485,
        -0.3743055,
        -0.35398805,
        -0.33021027,
        -0.30957884,
        -0.25167856,
        -0.2228527,
        -0.1418207,
        -0.0346255,
        0.027778804,
        0.12947601,
        0.23023468,
        0.35203356,
        0.4501117,
        0.6056342,
        0.7733011,
        0.993773,
        1.2765234,
        1.6070936,
        2.018546,
        2.510558,
        3.1113758,
        3.7674663,
        4.5241766,
        5.382896,
        6.2959657,
        7.278068,
        8.408219,
        9.526687,
        10.474403,
        11.23594,
        11.761192,
        12.022504,
        11.816187,
        11.150747,
        10.276275,
        9.429532,
        8.592685,
        7.730589,
        6.8350067,
        5.852544,
        4.8226404,
        3.7438357,
        2.62395,
        1.5039375,
        0.37139773,
        -0.71268845,
        -1.684985,
        -2.5738413,
        -3.3079996,
        -3.874145,
        -4.3356557,
        -4.867767,
        -5.61321,
        -6.618766,
        -7.9257708,
        -9.386638,
        -10.959053,
        -12.556933,
        -14.067399,
        -15.346235,
        -16.43228,
        -17.271137,
        -17.767883,
        -17.840055,
        -17.50136,
        -16.655651,
        -15.593879,
        -14.259241,
        -12.788488,
        -11.215921,
        -9.702532,
        -8.220052,
        -6.725823,
        -5.2679567,
        -3.8418906,
        -2.3930526,
        -0.983857,
        0.3570124,
        1.5892057,
        2.7828763,
        3.9562218,
        5.068333,
        5.9113255,
        6.5622725,
        6.937605,
        7.1177626,
        7.2516956,
        7.2701964,
        7.261326,
        7.2315993,
        7.2974625,
        7.3559675,
        7.4259205,
        7.5092034,
        7.542642,
        7.477216,
        7.316337,
        7.008092,
        6.5846643,
        6.0737906,
        5.5079694,
        4.9366274,
        4.3564806,
        3.8693972,
        3.4228215,
        3.050996,
        2.7027693,
        2.3819158,
        2.080234,
        1.8487564,
        1.6573002,
        1.5235999,
        1.4319522,
        1.3903759,
        1.377703,
        1.3316381,
        1.2323434,
        1.1553779,
        1.0515133,
        0.974815,
        0.850198,
        0.7657814,
        0.7092177,
        0.6471761,
        0.61808026,
        0.57400614,
        0.5031833,
        0.47969937,
        0.41996828,
        0.36715624,
        0.29045948
    ],
    "y": [
        -0.17296457,
        -0.12505293,
        -0.10639238,
        -0.043188095,
        0.009358406,
        0.05571866,
        0.09566927,
        0.10301328,
        0.12507033,
        0.11622667,
        0.13347054,
        0.15483212,
        0.1726749,
        0.15096259,
        0.12556577,
        0.08233285,
        0.047589064,
        -0.014345646,
        -0.09606767,
        -0.08074784,
        -0.10664749,
        -0.113961935,
        -0.14060879,
        -0.16482162,
        -0.18872714,
        -0.2522354,
        -0.2716112,
        -0.27804947,
        -0.2595713,
        -0.20450902,
        -0.16333842,
        -0.119513035,
        -0.08275533,
        -0.06026721,
        0.0048196316,
        0.076328516,
        0.21072769,
        0.38801193,
        0.56472874,
        0.75037384,
        0.9133811,
        1.0392053,
        1.1853266,
        1.339791,
        1.4836495,
        1.5953941,
        1.6317799,
        1.5691245,
        1.5367913,
        1.3937907,
        1.1789927,
        0.9651704,
        0.8324609,
        0.6958146,
        0.58286214,
        0.4942305,
        0.3706603,
        0.241256,
        0.1016047,
        -0.03159499,
        -0.15370417,
        -0.2917037,
        -0.48257494,
        -0.68221736,
        -0.99061394,
        -1.4522868,
        -2.1475892,
        -3.0180106,
        -4.12991,
        -5.367793,
        -6.4612193,
        -7.3696656,
        -8.067211,
        -8.522763,
        -8.845554,
        -9.141095,
        -9.4879,
        -9.884049,
        -10.121456,
        -10.120907,
        -9.892071,
        -9.557163,
        -9.221228,
        -8.924356,
        -8.593809,
        -8.269203,
        -7.947446,
        -7.6360083,
        -7.311997,
        -7.001483,
        -6.7142463,
        -6.4771423,
        -6.2621336,
        -6.036422,
        -5.769393,
        -5.409033,
        -4.906212,
        -4.396128,
        -3.822729,
        -3.2661307,
        -2.7131042,
        -2.150435,
        -1.6768878,
        -1.2759202,
        -0.91416717,
        -0.5416248,
        -0.25630975,
        0.008757114,
        0.2200265,
        0.44902325,
        0.6713655,
        0.8529997,
        0.9907856,
        1.1006172,
        1.1622238,
        1.22243,
        1.2705302,
        1.3078175,
        1.3221116,
        1.3016517,
        1.2756577,
        1.2472019,
        1.207222,
        1.1634808,
        1.1142561,
        1.0555184,
        0.9618349,
        0.91796684,
        0.8506675,
        0.7965834,
        0.7611537,
        0.7592387,
        0.7554004,
        0.71158123,
        0.6520276,
        0.6294451,
        0.5766542,
        0.5674474,
        0.52967405,
        0.505666,
        0.43015528,
        0.34328866,
        0.2731359,
        0.20253825,
        0.11924696,
        0.037494183,
        -0.016582727,
        -0.02144599,
        -0.03929138
    ],