{
    "class": "xpos",
    "duration_ms": 700,
    "x": [
        -0.9311719,
        -1.0040067,
        -1.0468544,
        -1.0690019,
        -1.0249265,
        -1.0023956,
        -0.9771235,
        -0.9133992,
        -0.792072,
        -0.57015586,
        -0.29728264,
        -0.0040233433,
        0.23896915,
        0.47029206,
        0.71393716,
        0.9746144,
        1.2782214,
        1.7342023,
        2.4421675,
        3.401896,
        4.5004025,
        5.624691,
        6.702632,
        7.7381434,
        8.535253,
        9.071398,
        9.329496,
        9.424973,
        9.482457,
        9.510291,
        9.486485,
        9.4902725,
        9.556532,
        9.568103,
        9.455855,
        9.211217,
        8.7686405,
        8.241742,
        7.725283,
        7.051073,
        6.303768,
        5.529131,
        4.7101126,
        3.9103947,
        3.087636,
        2.3208313,
        1.5330397,
        0.72683394,
        -0.118352175,
        -1.053271,
        -2.0177004,
        -2.994099,
        -4.0243096,
        -5.094948,
        -6.1733155,
        -7.244392,
        -8.265597,
        -9.211715,
        -10.018534,
        -10.929102,
        -11.915184,
        -12.920465,
        -13.917782,
        -14.729591,
        -15.393999,
        -15.7918215,
        -15.989059,
        -15.939175,
        -15.695463,
        -15.172687,
        -14.429324,
        -13.471753,
        -12.445033,
        -11.264557,
        -10.1112,
        -8.916083,
        -7.7006755,
        -6.5016375,
        -5.348261,
        -4.1739187,
        -3.0817695,
        -1.9863248,
        -0.9216633,
        0.03290631,
        0.9680581,
        1.9335908,
        3.003479,
        4.1321135,
        5.269602,
        6.373236,
        7.371108,
        8.145042,
        8.691,
        9.111491,
        9.369098,
        9.414187,
        9.278116,
        9.089507,
        8.778171,
        8.386466,
        7.959877,
        7.5013056,
        7.0957313,
        6.718785,
        6.3776855,
        5.977165,
        5.565321,
        5.1204944,
        4.685359,
        4.211853,
        3.7747173,
        3.3843875,
        3.058734,
        2.79176,
        2.5798535,
        2.4360023,
        2.322339,
        2.1817954,
        2.1026392,
        2.010242,
        1.9278915,
        1.7806084,
        1.6083038,
        1.4463222,
        1.2561051,
        1.0944922,
        0.91282326,
        0.75640607,
        0.6323481,
        0.52393854,
        0.42624068,
        0.31297088,
        0.25346464,
        0.20012826,
        0.15568912,
        0.084928155,
        0.05009514,
        -0.0012431145,
        -0.071508884,
        -0.16532522,
        -0.25643942,
        -0.34995708,
        -0.4150288,
        -0.49976623,
        -0.55869323,
        -0.6207053,
        -0.6549021,
        -0.6591806
    ],
    "y": [
        -0.11559391,
        -0.12760448,
        -0.15577507,
        -0.19773865,
        -0.2892127,
        -0.3589077,
        -0.42855406,
        -0.4744115,
        -0.5182543,
        -0.5361614,
        -0.5094509,
        -0.45993853,
        -0.4189198,
        -0.38408184,
        -0.30781507,
        -0.14988852,
        0.02521944,
        0.21293736,
        0.42283154,
        0.614552,
        0.82996464,
        0.99056625,
        1.1635008,
        1.3369489,
        1.5159583,
        1.6169548,
        1.5778913,
        1.570951,
        1.6629443,
        1.8342061,
        2.0266318,
        2.1436567,
        2.182426,
        2.183166,
        2.174644,
        2.181315,
        2.1249413,
        2.0231442,
        1.7667928,
        1.5001187,
        1.2163363,
        0.90615654,
        0.54333925,
        0.1158309,
        -0.4244933,
        -1.1019421,
        -1.8144724,
        -2.5632515,
        -3.275744,
        -3.951282,
        -4.594089,
        -5.217358,
        -5.8650646,
        -6.554282,
        -7.31569,
        -8.122175,
        -8.934721,
        -9.68786,
        -10.328098,
        -10.765451,
        -10.957775,
        -10.825029,
        -10.457844,
        -9.875284,
        -9.180094,
        -8.467285,
        -7.783865,
        -7.1414375,
        -6.5925894,
        -6.1586704,
        -5.8491244,
        -5.644687,
        -5.468685,
        -5.337974,
        -5.1880074,
        -5.01665,
        -4.8237967,
        -4.7100167,
        -4.6056376,
        -4.4983897,
        -4.3666024,
        -4.209969,
        -4.020948,
        -3.8421474,
        -3.6634474,
        -3.50098,
        -3.3323588,
        -3.1373713,
        -2.8672812,
        -2.5811486,
        -2.2597003,
        -1.8985701,
        -1.5109148,
        -1.0572953,
        -0.47931385,
        0.075754166,
        0.62810516,
        1.0807376,
        1.3699832,
        1.5374565,
        1.6244574,
        1.5912769,
        1.5754199,
        1.5233026,
        1.4892027,
        1.4705567,
        1.433811,
        1.3770232,
        1.3868346,
        1.4184868,
        1.4389186,
        1.4537544,
        1.4300249,
        1.3970888,
        1.338923,
        1.2443907,
        1.1837549,
        1.057456,
        0.96465564,
        0.85841846,
        0.7394109,
        0.67284656,
        0.608752,
        0.5496955,
        0.5266957,
        0.5061939,
        0.5022898,
        0.47611094,
        0.41767192,
        0.36232305,
        0.2906797,
        0.24304748,
        0.19994736,
        0.19459677,
        0.15008903,
        0.13788295,
        0.071931124,
        0.00033712387,
        -0.0455153,
        -0.10856247,
        -0.14078474,
        -0.14935541,
        -0.16046071,
        -0.19061351,
        -0.22049451,
        -0.22374964,
        -0.21459031,
        -0.23117423
    ],