{
    "class": "xpos",
    "duration_ms": 700,
    "x": [
        5.425419,
        6.2365746,
        6.898395,
        7.3522983,
        7.5362105,
        7.4327183,
        7.0065575,
        6.489901,
        5.97385,
        5.5016775,
        4.976029,
        4.4146266,
        3.8063936,
        3.1167786,
        2.3519435,
        1.5422338,
        0.7149492,
        -0.1626426,
        -1.1255695,
        -2.3356557,
        -3.6243267,
        -4.9297905,
        -6.19687,
        -7.434227,
        -8.54027,
        -9.571356,
        -10.516772,
        -11.473742,
        -12.308514,
        -12.957054,
        -13.341085,
        -13.369946,
        -13.067439,
        -12.497585,
        -11.673751,
        -10.559393,
        -9.320912,
        -7.990569,
        -6.579082,
        -5.233708,
        -4.0397863,
        -2.987153,
        -1.9875543,
        -0.9959822,
        0.075406194,
        1.1737523,
        2.2709928,
        3.3017569,
        4.222593,
        4.9704404,
        5.467442,
        5.754617,
        5.7960715,
        5.6726108,
        5.417159,
        5.091561,
        4.812403,
        4.6747737,
        4.5924726,
        4.5374517,
        4.4890594,
        4.37377,
        4.177656,
        3.8671467,
        3.506499,
        3.1260505,
        2.7465467,
        2.3550813,
        1.996407,
        1.6577597,
        1.359972,
        1.1093781,
        0.89348626,
        0.76214594,
        0.6890857,
        0.6843015,
        0.7219163,
        0.73795,
        0.7808782,
        0.8295504,
        0.8410704,
        0.813178,
        0.77457845,
        0.6724596,
        0.5781381,
        0.450622,
        0.3564537,
        0.20700428,
        0.07872185,
        -0.028596997,
        -0.12209441,
        -0.18513219,
        -0.19617714,
        -0.16228089,
        -0.05891344,
        0.016242325,
        0.09242633,
        0.11985138,
        0.09390691,
        0.009808868,
        -0.06331587,
        -0.171371,
        -0.2836923,
        -0.41271657,
        -0.5205894,
        -0.61718655,
        -0.6788422,
        -0.7153349,
        -0.76497525,
        -0.77508366,
        -0.75263727,
        -0.6350806,
        -0.5583786,
        -0.45044678,
        -0.3922137,
        -0.33786052,
        -0.30664775,
        -0.3083983,
        -0.32198507,
        -0.3618989,
        -0.40703326,
        -0.45276052,
        -0.451455,
        -0.43210626,
        -0.351632,
        -0.28893244,
        -0.21260667,
        -0.09861274,
        0.010272682,
        0.09531608,
        0.1330935,
        0.12153864,
        0.10876042,
        0.10907683,
        0.067127645,
        0.05448696,
        0.051825076,
        0.025272876,
        0.027537942,
        0.03689283,
        0.07973936,
        0.091531694,
        0.09883055,
        0.092054576,
        0.05900365,
        -0.012484133,
        -0.07963359,
        -0.15214318
    ],
    "y": [
        0.6303425,
        0.60888815,
        0.5688386,
        0.521719,
        0.47223854,
        0.42275143,
        0.40436316,
        0.42416668,
        0.5106211,
        0.5271139,
        0.5547676,
        0.5478587,
        0.4848013,
        0.3776884,
        0.21927261,
        -0.031302452,
        -0.30029202,
        -0.68132496,
        -1.0529757,
        -1.4184284,
        -1.6859038,
        -1.9222984,
        -2.1823103,
        -2.552178,
        -2.9508283,
        -3.361279,
        -3.7468505,
        -4.055417,
        -4.221965,
        -4.252249,
        -4.156062,
        -4.107478,
        -4.062414,
        -4.0749245,
        -4.0679502,
        -4.1702247,
        -4.199895,
        -4.3128133,
        -4.435812,
        -4.460594,
        -4.3468513,
        -4.169711,
        -3.8679466,
        -3.5215938,
        -3.1866071,
        -2.8469942,
        -2.5298874,
        -2.1836932,
        -1.8550706,
        -1.4924626,
        -1.1830511,
        -0.85805845,
        -0.55147314,
        -0.22033548,
        0.15444374,
        0.5106797,
        0.83392334,
        1.0430031,
        1.1931167,
        1.3058271,
        1.3287644,
        1.3628502,
        1.4086518,
        1.4859958,
        1.5905471,
        1.6558261,
        1.6440234,
        1.629466,
        1.5884185,
        1.5280142,
        1.4744196,
        1.3963346,
        1.3006911,
        1.1491113,
        0.9749665,
        0.78045416,
        0.5892987,
        0.44445038,
        0.3073845,
        0.23303175,
        0.16151237,
        0.08803558,
        0.045853615,
        0.020356655,
        -0.024447918,
        -0.10551548,
        -0.13689137,
        -0.16191626,
        -0.23813057,
        -0.2961874,
        -0.30741167,
        -0.3746519,
        -0.39481735,
        -0.4298644,
        -0.44373655,
        -0.46478367,
        -0.47121668,
        -0.46282387,
        -0.3842945,
        -0.31209326,
        -0.18631268,
        -0.124286175,
        -0.07584572,
        -0.036365032,
        -0.030068874,
        -0.019078732,
        -0.015826225,
        -0.015838146,
        -0.028883457,
        -0.0095644,
        0.0014724731,
        0.030743122,
        0.0019750595,
        -0.012850761,
        -0.03997135,
        -0.014654636,
        0.017807484,
        0.040878773,
        0.0500865,
        0.0909009,
        0.10597038,
        0.10940361,
        0.13455057,
        0.14050817,
        0.15576124,
        0.11562109,
        0.082089424,
        0.02641058,
        -0.01304388,
        -0.09589338,
        -0.12384796,
        -0.12079334,
        -0.1488204,
        -0.11442995,
        -0.09894943,
        -0.07377386,
        -0.05328369,
        -0.013562202,
        -0.00022220612,
        0.01059103,
        0.011548042,
        -0.004509926,
        0.041097164,
        0.01908207,
        0.07058382,
        0.068784714,
        0.07836437,
        0.0993824
    ],