{
    "class": "xpos",
    "duration_ms": 700,
    "x": [
        -0.23067905,
        -0.17343669,
        -0.12427291,
        -0.046611875,
        0.01739648,
        0.09205434,
        0.13952658,
        0.19335374,
        0.210846,
        0.22761029,
        0.21222684,
        0.15748906,
        0.11303067,
        0.03802097,
        -0.03924963,
        -0.088344306,
        -0.16433956,
        -0.23862775,
        -0.27807754,
        -0.2995141,
        -0.29344872,
        -0.27173102,
        -0.22454786,
        -0.19704574,
        -0.13906884,
        -0.11005938,
        -0.08851522,
        -0.07904646,
        -0.07676828,
        -0.06504592,
        -0.07705197,
        -0.09595445,
        -0.10726035,
        -0.077818274,
        -0.03865722,
        0.012486607,
        0.09477937,
        0.14617696,
        0.18331715,
        0.1917248,
        0.20927289,
        0.18813178,
        0.17580071,
        0.16006279,
        0.1387732,
        0.12167072,
        0.11595416,
        0.11237234,
        0.0638234,
        0.018496454,
        -0.037736714,
        -0.07655245,
        -0.18829054,
        -0.3085425,
        -0.43486136,
        -0.55085975,
        -0.63526696,
        -0.6500898,
        -0.5575245,
        -0.39815634,
        -0.19079873,
        0.06520462,
        0.3040455,
        0.517443,
        0.7515399,
        1.0209394,
        1.4021741,
        1.8595986,
        2.5550327,
        3.544738,
        4.775655,
        6.0274863,
        7.111995,
        8.153243,
        8.908304,
        9.05119,
        8.961415,
        9.845922,
        10.511862,
        10.943468,
        11.14536,
        10.930391,
        10.06021,
        8.83159,
        7.5781283,
        6.3497972,
        5.156056,
        3.9375787,
        2.7243369,
        1.5821264,
        0.46901643,
        -0.5467832,
        -1.4808407,
        -2.3837583,
        -3.279963,
        -4.182406,
        -5.1927066,
        -6.2493353,
        -7.3909082,
        -8.600435,
        -9.755577,
        -10.901431,
        -11.934712,
        -12.907504,
        -13.740238,
        -14.415237,
        -14.816326,
        -14.9083185,
        -14.718338,
        -14.202265,
        -13.471774,
        -12.531366,
        -11.477442,
        -10.299381,
        -9.036457,
        -7.811162,
        -6.630762,
        -5.5046196,
        -4.4776926,
        -3.506528,
        -2.6289487,
        -1.7751921,
        -0.8849851,
        -0.02690816,
        0.7975848,
        1.5897951,
        2.339281,
        3.0358126,
        3.5684764,
        3.9936357,
        4.243109,
        4.434909,
        4.6415143,
        4.92821,
        5.264738,
        5.57299,
        5.8080277,
        6.0130763,
        6.049458,
        6.0294814,
        5.921122,
        5.692078,
        5.357925,
        4.9793324,
        4.544915,
        4.064752,
        3.570879,
        3.090771
    ],
    "y": [
        0.025284767,
        0.050716877,
        0.03714609,
        0.030016422,
        0.007940769,
        0.018394947,
        0.027579784,
        0.05652237,
        0.07848215,
        0.07415104,
        0.047974586,
        0.032996178,
        -0.009101868,
        -0.05444002,
        -0.11248255,
        -0.12358284,
        -0.11639595,
        -0.08847189,
        -0.07778406,
        -0.055389404,
        0.00022888184,
        0.022557259,
        0.05462122,
        0.048789024,
        0.05518341,
        0.04509926,
        0.028084278,
        0.016108036,
        -0.050249577,
        -0.054134846,
        -0.062473774,
        -0.07034016,
        -0.09668541,
        -0.048598766,
        -0.05729437,
        -0.03683138,
        0.024161339,
        0.042175293,
        0.06253147,
        0.0755496,
        0.08110762,
        0.0861845,
        0.06455946,
        0.016461372,
        0.018035889,
        -0.028475761,
        -0.034814358,
        -0.048914433,
        -0.06603718,
        -0.08623409,
        -0.088113785,
        -0.114463806,
        -0.13887405,
        -0.13984013,
        -0.15996265,
        -0.1632185,
        -0.14709663,
        -0.14710855,
        -0.16285753,
        -0.19175768,
        -0.22434235,
        -0.22512388,
        -0.25382996,
        -0.20109224,
        -0.15047312,
        -0.077991486,
        0.020984173,
        0.13202238,
        0.26925468,
        0.34682178,
        0.434299,
        0.50934935,
        0.5160918,
        0.46820307,
        0.45878506,
        0.77731895,
        1.1396298,
        1.0548081,
        0.68073463,
        0.14786053,
        -0.41172075,
        -0.9714303,
        -1.1151776,
        -0.9821396,
        -0.763793,
        -0.5845051,
        -0.47775412,
        -0.47247934,
        -0.48795652,
        -0.5273199,
        -0.6607585,
        -0.8892007,
        -1.1561191,
        -1.5029917,
        -1.944979,
        -2.4087312,
        -2.8137143,
        -3.2275994,
        -3.5723305,
        -3.8515172,
        -4.0973225,
        -4.2510986,
        -4.3857236,
        -4.4756045,
        -4.5090733,
        -4.49788,
        -4.4531345,
        -4.447758,
        -4.501428,
        -4.664674,
        -4.8730035,
        -5.0812755,
        -5.2090364,
        -5.2672358,
        -5.30526,
        -5.353492,
        -5.3349853,
        -5.297597,
        -5.186411,
        -5.0447335,
        -4.867857,
        -4.62245,
        -4.3422737,
        -4.0061674,
        -3.7054548,
        -3.3355238,
        -2.97113,
        -2.6270275,
        -2.301087,
        -1.9983335,
        -1.7092309,
        -1.459919,
        -1.2117133,
        -0.9689102,
        -0.75738907,
        -0.48150873,
        -0.27780724,
        -0.053333282,
        0.19153023,
        0.43244648,
        0.66420746,
        0.8313117,
        0.9811697,
        1.0988092,
        1.1407118,
        1.1448092,
        1.1229048,
        1.0914531
    ],