{
    "class": "xpos",
    "duration_ms": 700,
    "x": [
        -0.15036297,
        -0.115028605,
        -0.0632427,
        -0.001609236,
        0.029876828,
        0.06502168,
        0.14683077,
        0.21093464,
        0.22627169,
        0.21641845,
        0.20476143,
        0.17161006,
        0.123769015,
        0.051586926,
        -0.00693886,
        -0.049435854,
        -0.09271096,
        -0.1317838,
        -0.16880421,
        -0.19872849,
        -0.20243955,
        -0.22265466,
        -0.22353706,
        -0.21456699,
        -0.2197603,
        -0.22256163,
        -0.25174582,
        -0.26489595,
        -0.29570156,
        -0.33967507,
        -0.39439136,
        -0.39341608,
        -0.42972994,
        -0.424694,
        -0.39992163,
        -0.27207994,
        -0.067344874,
        0.18139192,
        0.48879185,
        0.8264247,
        1.2660922,
        1.7537174,
        2.3855686,
        3.2690256,
        4.390169,
        5.7074056,
        7.082224,
        8.297087,
        9.2431,
        9.978934,
        10.745117,
        10.917257,
        11.389278,
        11.525682,
        11.31159,
        10.871328,
        10.151303,
        9.182502,
        8.098604,
        6.966615,
        5.713394,
        4.3552217,
        2.864482,
        1.2913224,
        -0.3000039,
        -1.8654559,
        -3.3831816,
        -4.8793344,
        -6.358645,
        -7.8069096,
        -9.241198,
        -10.585138,
        -11.819017,
        -12.828685,
        -13.627884,
        -14.179667,
        -14.480305,
        -14.610295,
        -14.578432,
        -14.335789,
        -13.876158,
        -13.200016,
        -12.365368,
        -11.384476,
        -10.315279,
        -9.175634,
        -8.091453,
        -7.0506716,
        -6.077818,
        -5.1689606,
        -4.2825475,
        -3.4512465,
        -2.5829277,
        -1.6544281,
        -0.7256022,
        0.23303354,
        1.1296241,
        1.9947537,
        2.79467,
        3.4384036,
        3.9353387,
        4.294721,
        4.589892,
        4.9177537,
        5.3346477,
        5.8903227,
        6.452903,
        6.9355373,
        7.2789845,
        7.401302,
        7.2530427,
        6.90358,
        6.371339,
        5.621779,
        4.850791,
        4.094529,
        3.4421172,
        2.8444018,
        2.303048,
        1.8300836,
        1.4164269,
        1.0839038,
        0.7755773,
        0.5995713,
        0.4343293,
        0.2947816,
        0.21504971,
        0.12141213,
        0.095374614,
        0.07738045,
        0.10098353,
        0.11840725,
        0.15586635,
        0.17484096,
        0.20599404,
        0.26542532,
        0.2999585,
        0.31638098,
        0.3243155,
        0.34039763,
        0.3407984,
        0.33986506,
        0.34259185,
        0.33748475,
        0.33198586,
        0.32138345,
        0.26041785,
        0.26644883
    ],
    "y": [
        -0.036921978,
        -0.039451122,
        -0.020463467,
        -0.0014829636,
        -0.0060458183,
        -0.010194778,
        0.019320488,
        0.053770542,
        0.0882473,
        0.07512474,
        0.086048126,
        0.042378902,
        0.013123512,
        -0.020968914,
        -0.031526566,
        -0.03534031,
        -0.049012184,
        -0.055603027,
        -0.040692806,
        -0.02086687,
        -0.0030303001,
        0.017725468,
        0.024847984,
        0.03979349,
        0.043571472,
        0.04572487,
        0.02960062,
        0.026197433,
        -0.00029468536,
        0.011957645,
        -0.02057457,
        -0.0074071884,
        0.01295948,
        0.02371502,
        0.017803669,
        0.021559238,
        0.05636978,
        0.15060139,
        0.26811838,
        0.3826871,
        0.5608382,
        0.80685425,
        1.0132761,
        1.1398706,
        1.2464333,
        1.3206592,
        1.4028916,
        1.4442325,
        1.5011616,
        1.4632692,
        1.3334017,
        1.2989202,
        1.0950847,
        0.7512045,
        0.3084569,
        -0.14186287,
        -0.4891982,
        -0.81162643,
        -1.0745187,
        -1.3580542,
        -1.6994781,
        -2.1288679,
        -2.5450509,
        -2.8762574,
        -3.1996014,
        -3.4636889,
        -3.7274563,
        -3.966464,
        -4.2852373,
        -4.5585904,
        -4.787962,
        -4.9192963,
        -4.924679,
        -4.7666807,
        -4.596593,
        -4.4336896,
        -4.3351645,
        -4.321973,
        -4.290573,
        -4.2808857,
        -4.3181505,
        -4.4198875,
        -4.5891523,
        -4.7262897,
        -4.798746,
        -4.8696904,
        -4.835414,
        -4.745982,
        -4.565772,
        -4.381243,
        -4.216705,
        -4.077226,
        -3.9415493,
        -3.7645817,
        -3.5871928,
        -3.4239738,
        -3.1771023,
        -2.8874922,
        -2.5481982,
        -2.1738098,
        -1.790863,
        -1.4304528,
        -1.0925026,
        -0.7745409,
        -0.50045633,
        -0.25859213,
        -0.05912161,
        0.099564075,
        0.21663427,
        0.32710934,
        0.44700575,
        0.60469675,
        0.85482025,
        1.1014843,
        1.2968311,
        1.3048129,
        1.2287912,
        1.1743155,
        1.1631179,
        1.2097793,
        1.2237573,
        1.2724495,
        1.2342124,
        1.2052059,
        1.1451111,
        1.0519323,
        0.9714465,
        0.8680091,
        0.75155973,
        0.63195324,
        0.5215163,
        0.43000412,
        0.3456087,
        0.29693317,
        0.23827648,
        0.16699648,
        0.11144638,
        0.04983282,
        0.008227825,
        -0.03507614,
        -0.089805126,
        -0.0892272,
        -0.10289478,
        -0.107189655,
        -0.09755373,
        -0.1267538,
        -0.16858196,
        -0.17771053
    ],