{
    "class": "xpos",
    "duration_ms": 700,
    "x": [
        -0.12189311,
        -0.08690753,
        -0.059442468,
        -0.05821964,
        -0.0637675,
        -0.018805757,
        -0.02815178,
        -0.029812202,
        -0.026406035,
        -0.046682492,
        -0.076358944,
        -0.11557219,
        -0.12378988,
        -0.12014491,
        -0.09502745,
        -0.05331184,
        -0.025807068,
        -0.028849095,
        -0.031376407,
        -0.03352177,
        -0.042515516,
        -0.0726715,
        -0.088236436,
        -0.0893172,
        -0.08077493,
        -0.07940164,
        -0.042533576,
        -0.02020666,
        -0.012216896,
        0.0077416003,
        -0.00069230795,
        -0.025648206,
        -0.05037281,
        -0.08944973,
        -0.13082488,
        -0.19128594,
        -0.24923682,
        -0.30949083,
        -0.393449,
        -0.45381397,
        -0.50028753,
        -0.54247886,
        -0.59709495,
        -0.633469,
        -0.69222707,
        -0.7707933,
        -0.8428773,
        -0.9296309,
        -0.9902492,
        -1.0081942,
        -1.000216,
        -0.90440893,
        -0.8085705,
        -0.6669364,
        -0.5124903,
        -0.4043893,
        -0.22349457,
        0.02011022,
        0.30735534,
        0.6099384,
        0.83569646,
        1.0735388,
        1.4187355,
        1.828326,
        2.307183,
        2.870013,
        3.548604,
        4.413106,
        5.427512,
        6.6071906,
        7.775893,
        8.899666,
        9.9149275,
        10.724635,
        11.284633,
        11.552552,
        11.577858,
        11.473585,
        11.463169,
        11.453348,
        11.4033575,
        11.306583,
        11.21359,
        11.082244,
        10.805185,
        10.313556,
        9.683546,
        8.959358,
        8.066852,
        7.1081057,
        6.1002927,
        5.0623736,
        4.011239,
        2.954617,
        1.9535983,
        0.9218122,
        -0.13416958,
        -1.2702947,
        -2.5565367,
        -4.020296,
        -5.5927563,
        -7.323801,
        -9.121424,
        -10.89987,
        -12.479581,
        -13.740121,
        -14.7280855,
        -15.460543,
        -15.945194,
        -16.191301,
        -16.034555,
        -15.682957,
        -15.161607,
        -14.813316,
        -14.646393,
        -14.36796,
        -13.644847,
        -12.821367,
        -12.01632,
        -11.261826,
        -10.304736,
        -9.197927,
        -8.09554,
        -6.9638543,
        -5.88416,
        -4.8364263,
        -3.9289532,
        -3.0556376,
        -2.2258284,
        -1.3671222,
        -0.5436678,
        0.32657552,
        1.1916031,
        1.9798019,
        2.7293859,
        3.4820786,
        4.4416294,
        5.1763744,
        5.786495,
        6.3677254,
        6.9555883,
        7.4841466,
        7.908918,
        8.194846,
        8.343168,
        8.262584,
        7.930189,
        7.3033357,
        6.628907
    ],
    "y": [
        0.10675812,
        0.104074955,
        0.12725401,
        0.118944645,
        0.09584522,
        0.07219076,
        0.059776783,
        0.020571709,
        0.016498566,
        -0.012060165,
        0.008694172,
        0.002380848,
        0.004785061,
        -0.014847755,
        -0.048947334,
        -0.037908077,
        -0.057950974,
        -0.049283504,
        -0.02146101,
        -0.02434206,
        0.0041360855,
        0.023432255,
        0.021703243,
        0.032282352,
        0.035948277,
        0.011338234,
        0.013346195,
        0.0012845993,
        -0.008167744,
        0.025191784,
        0.012974262,
        0.038525105,
        0.027769089,
        -0.016640186,
        -0.04712391,
        -0.07331586,
        -0.119200945,
        -0.13944912,
        -0.16982627,
        -0.1911676,
        -0.2150991,
        -0.22255087,
        -0.23964334,
        -0.21883535,
        -0.2576475,
        -0.25810766,
        -0.2512598,
        -0.2465229,
        -0.23448229,
        -0.21999216,
        -0.22921157,
        -0.24761534,
        -0.26816607,
        -0.3263893,
        -0.37205172,
        -0.34602165,
        -0.34140134,
        -0.2535069,
        -0.15395212,
        -0.033047915,
        0.10207033,
        0.19443941,
        0.27053928,
        0.36379528,
        0.4550662,
        0.5204544,
        0.6409354,
        0.807523,
        0.98207927,
        1.2101455,
        1.4582992,
        1.800643,
        2.1650891,
        2.522236,
        2.8547509,
        3.0161033,
        3.1163633,
        3.2251065,
        3.2851448,
        3.4566152,
        3.4663901,
        3.2836852,
        3.165237,
        3.0139863,
        2.6916437,
        2.1841018,
        1.5609415,
        0.9490831,
        0.465801,
        -0.015787125,
        -0.5766556,
        -1.2258081,
        -1.9465086,
        -2.6555657,
        -3.3373296,
        -4.0892115,
        -4.9368687,
        -5.8940883,
        -6.917341,
        -7.9390297,
        -8.986717,
        -10.045042,
        -10.937557,
        -11.600048,
        -12.006228,
        -12.2121315,
        -12.265757,
        -12.2055645,
        -12.060415,
        -11.87904,
        -11.550182,
        -11.133003,
        -10.773156,
        -10.347958,
        -9.869137,
        -9.573544,
        -9.202319,
        -8.903041,
        -8.741929,
        -8.675282,
        -8.695508,
        -8.670812,
        -8.610376,
        -8.427949,
        -8.133135,
        -7.781022,
        -7.3933363,
        -6.9673624,
        -6.5331964,
        -6.053525,
        -5.531747,
        -4.916293,
        -4.2440343,
        -3.4731264,
        -2.6673346,
        -1.8623116,
        -1.1941886,
        -1.103095,
        -1.114228,
        -1.1581082,
        -1.2345943,
        -1.4078681,
        -1.4313982,
        -1.3513649,
        -1.1688359,
        -0.8297992,
        -0.28488827,
        0.35157394,
        1.1094654
    ],