{
    "class": "xpos",
    "duration_ms": 700,
    "x": [
        -0.34027988,
        -0.2941186,
        -0.2613594,
        -0.22940537,
        -0.14504826,
        -0.0718573,
        0.021898985,
        0.1459792,
        0.19803917,
        0.24507362,
        0.22983843,
        0.2214163,
        0.15742242,
        0.118412435,
        0.036995113,
        -0.07520223,
        -0.15202338,
        -0.27487528,
        -0.36520538,
        -0.5040285,
        -0.5862658,
        -0.65939754,
        -0.68749726,
        -0.70582163,
        -0.7424664,
        -0.7804965,
        -0.8746506,
        -0.97722864,
        -1.0863557,
        -1.1930696,
        -1.3025639,
        -1.3887831,
        -1.4517207,
        -1.437011,
        -1.4071727,
        -1.3671834,
        -1.3570839,
        -1.2194539,
        -1.0023406,
        -0.66529804,
        -0.17970517,
        0.26720202,
        0.6938339,
        1.1207557,
        1.613435,
        2.274641,
        3.1411457,
        4.251257,
        5.494631,
        6.68409,
        7.753414,
        8.741149,
        9.560569,
        10.24852,
        10.874636,
        11.388068,
        11.689989,
        11.83688,
        11.9040165,
        11.97287,
        11.614478,
        10.925087,
        10.145025,
        9.273454,
        8.394332,
        7.473401,
        6.5513887,
        5.661865,
        4.7310495,
        3.7298625,
        2.6504378,
        1.5753924,
        0.38803184,
        -0.8232832,
        -2.0270038,
        -3.200165,
        -4.3716145,
        -5.529599,
        -6.6094537,
        -7.676669,
        -8.69646,
        -9.76345,
        -10.886633,
        -12.090334,
        -13.263967,
        -14.220352,
        -14.884289,
        -15.304793,
        -15.405454,
        -15.259016,
        -14.8829365,
        -14.228629,
        -13.546091,
        -12.683441,
        -11.542441,
        -10.58513,
        -9.374038,
        -7.920813,
        -6.584393,
        -5.311528,
        -4.103201,
        -2.866995,
        -1.6611986,
        -0.50025475,
        0.6331134,
        1.7711287,
        2.8918424,
        3.9501047,
        4.9438596,
        5.7823005,
        6.4627857,
        6.97978,
        7.351417,
        7.483111,
        7.4227476,
        7.2174106,
        6.973883,
        6.7278275,
        6.4428473,
        6.2066145,
        5.9694266,
        5.6693454,
        5.292052,
        4.861668,
        4.39803,
        3.9093096,
        3.4115186,
        2.8946602,
        2.3995945,
        1.9077519,
        1.4821103,
        1.1403947,
        0.83864677,
        0.62849414,
        0.45826942,
        0.3426418,
        0.36328408,
        0.47025114,
        0.73594046,
        1.0221287,
        1.3386965,
        1.6044214,
        1.7643452,
        1.8012637,
        1.7408732,
        1.5823023,
        1.3838588,
        1.1728387,
        0.9696768
    ],
    "y": [
        0.03656578,
        0.056414843,
        0.108971834,
        0.12519193,
        0.15744162,
        0.19824362,
        0.23529196,
        0.24447918,
        0.24456024,
        0.23971105,
        0.2083621,
        0.15983081,
        0.10365343,
        0.061428547,
        0.021251678,
        -0.04772377,
        -0.052547693,
        -0.08622599,
        -0.08896446,
        -0.08213687,
        -0.11063075,
        -0.107614994,
        -0.11819267,
        -0.13291359,
        -0.18037868,
        -0.19383907,
        -0.23303175,
        -0.2693193,
        -0.35276318,
        -0.41442966,
        -0.45216346,
        -0.5348344,
        -0.60241556,
        -0.6616323,
        -0.7028198,
        -0.72116494,
        -0.7499459,
        -0.76989865,
        -0.8047776,
        -0.8494003,
        -0.83204126,
        -0.8170891,
        -0.7708006,
        -0.664881,
        -0.5116503,
        -0.31388402,
        -0.0008432865,
        0.3264084,
        0.64091015,
        0.9510577,
        1.1259236,
        1.1783545,
        1.2389519,
        1.4125879,
        1.6112161,
        1.8282819,
        1.9375274,
        1.9561546,
        1.9348328,
        1.7645147,
        1.535003,
        1.2974539,
        1.1457846,
        1.0827267,
        1.0677612,
        1.0434406,
        0.9835346,
        0.95776105,
        0.8655367,
        0.68292856,
        0.43120742,
        0.12180638,
        -0.24354696,
        -0.7496474,
        -1.3617728,
        -2.0313973,
        -2.762872,
        -3.5586512,
        -4.3736124,
        -5.208089,
        -6.0262594,
        -6.7749434,
        -7.4239655,
        -7.921159,
        -8.228064,
        -8.39183,
        -8.384265,
        -8.271711,
        -8.143443,
        -7.9660673,
        -7.7471886,
        -7.5068336,
        -7.2322474,
        -6.930851,
        -6.680198,
        -6.427027,
        -6.175622,
        -6.009318,
        -5.8660145,
        -5.686428,
        -5.435248,
        -5.1110187,
        -4.762603,
        -4.4147763,
        -4.044422,
        -3.6859076,
        -3.344811,
        -3.0097432,
        -2.6648664,
        -2.2823792,
        -1.8731096,
        -1.4644647,
        -1.0784652,
        -0.72259617,
        -0.40620494,
        -0.04563284,
        0.26052856,
        0.561846,
        0.80507445,
        0.9535003,
        1.049401,
        1.104003,
        1.1020007,
        1.1117017,
        1.0846045,
        1.0493512,
        1.0395727,
        1.0057337,
        0.99161243,
        0.9692793,
        0.9755652,
        0.99687743,
        0.9572768,
        0.91724133,
        0.8891041,
        0.85395837,
        0.78318167,
        0.75096893,
        0.69514155,
        0.5705395,
        0.4683087,
        0.35058403,
        0.29391432,
        0.27693248,
        0.32842994,
        0.40503335,
        0.49424124,
        0.54986644,
        0.52093315
    ],