{
    "class": "xpos",
    "duration_ms": 700,
    "x": [
        0.3653512,
        0.64247334,
        0.9940493,
        1.3878528,
        1.8720908,
        2.4942913,
        3.150022,
        3.8379939,
        4.512636,
        5.2684174,
        6.2500653,
        7.3538184,
        8.36196,
        9.20095,
        10.040408,
        11.025039,
        11.7620125,
        12.263387,
        12.551098,
        12.51973,
        12.184229,
        11.436771,
        10.286099,
        8.916603,
        7.6145205,
        6.389495,
        5.1739283,
        3.9664805,
        2.7126994,
        1.4462256,
        0.20232534,
        -1.060561,
        -2.2946959,
        -3.6144803,
        -5.0808496,
        -6.673135,
        -8.348816,
        -10.091374,
        -11.780923,
        -13.3378,
        -14.6243725,
        -15.590454,
        -16.202572,
        -16.562084,
        -16.706697,
        -16.552654,
        -16.128864,
        -15.339846,
        -14.297822,
        -13.119147,
        -11.853436,
        -10.563072,
        -9.244092,
        -8.024052,
        -6.8418636,
        -5.7013674,
        -4.6060114,
        -3.5133865,
        -2.4734247,
        -1.5064235,
        -0.60323155,
        0.2719735,
        1.0663328,
        1.8225014,
        2.5068133,
        3.2004025,
        3.840436,
        4.4500394,
        4.9632087,
        5.377679,
        5.667275,
        5.8727107,
        6.0561037,
        6.161702,
        6.191036,
        6.1215367,
        5.889945,
        5.502385,
        5.0319276,
        4.482097,
        3.9401271,
        3.476702,
        3.0627418,
        2.762934,
        2.4988863,
        2.2927175,
        2.1951663,
        2.1560664,
        2.1805787,
        2.2858124,
        2.319349,
        2.3055985,
        2.2469304,
        2.1260338,
        1.9710689,
        1.7499311,
        1.6006002,
        1.4193408,
        1.2583741,
        1.0380926,
        0.8128948,
        0.6348932,
        0.5233276,
        0.5436204,
        0.6706945,
        0.875188,
        1.1035688,
        1.287641,
        1.3924066,
        1.3942388,
        1.2927953,
        1.1515796,
        0.9642378,
        0.7268459,
        0.4932317,
        0.29122448,
        0.122632936,
        0.003966123,
        -0.08858882,
        -0.118766166,
        -0.124057226,
        -0.13697065,
        -0.17562869,
        -0.19152905,
        -0.2392458,
        -0.30945534,
        -0.3452052,
        -0.36367524,
        -0.35362342,
        -0.3175832,
        -0.2606433,
        -0.18491074,
        -0.12627624,
        -0.082159914,
        -0.06448712,
        -0.08755343,
        -0.1081584,
        -0.11909775,
        -0.15353726,
        -0.13749662,
        -0.19560166,
        -0.20605537,
        -0.2407254,
        -0.22768605,
        -0.1452565,
        -0.067410365,
        0.042066276,
        0.10926989
    ],
    "y": [
        0.1324935,
        0.27453804,
        0.3994589,
        0.4668808,
        0.567369,
        0.76001215,
        1.0654035,
        1.4016166,
        1.6488886,
        1.7891273,
        1.9007483,
        2.0907965,
        2.2652702,
        2.3326607,
        2.4100685,
        2.5406928,
        2.6910758,
        2.636446,
        2.4324813,
        2.199769,
        1.9684877,
        1.8289776,
        1.6847382,
        1.5728502,
        1.3816781,
        1.0639653,
        0.6101093,
        0.055404663,
        -0.70367193,
        -1.4838717,
        -2.367937,
        -3.3287675,
        -4.3635015,
        -5.4188695,
        -6.479947,
        -7.4575496,
        -8.30336,
        -8.930681,
        -9.322034,
        -9.576767,
        -9.719599,
        -9.846535,
        -9.864176,
        -9.848272,
        -9.809822,
        -9.776449,
        -9.763617,
        -9.731594,
        -9.714735,
        -9.711166,
        -9.616339,
        -9.41685,
        -9.011455,
        -8.452468,
        -7.77341,
        -7.0607133,
        -6.3501434,
        -5.7203407,
        -5.101442,
        -4.4976225,
        -3.908176,
        -3.3779294,
        -2.8560574,
        -2.399488,
        -2.0027556,
        -1.617578,
        -1.2673669,
        -0.9134493,
        -0.5174675,
        -0.0796237,
        0.38540554,
        0.8246789,
        1.2450838,
        1.5890512,
        1.8873377,
        2.0223851,
        2.0869646,
        2.1136718,
        2.0657315,
        2.0594954,
        1.9937024,
        1.9443412,
        1.8726907,
        1.7544007,
        1.6251426,
        1.4419937,
        1.3009367,
        1.1810546,
        1.0514235,
        0.9290066,
        0.8448882,
        0.77741814,
        0.71441984,
        0.6417341,
        0.6117339,
        0.59062576,
        0.54203033,
        0.47767305,
        0.3973546,
        0.26514816,
        0.15052128,
        0.091771126,
        0.043486595,
        -0.039707184,
        -0.10963869,
        -0.20905828,
        -0.3088646,
        -0.39924192,
        -0.43949556,
        -0.43453026,
        -0.33652115,
        -0.21968889,
        -0.069618225,
        0.04663229,
        0.15782452,
        0.20890427,
        0.2117877,
        0.21895647,
        0.17527151,
        0.1477027,
        0.15531445,
        0.13803244,
        0.13644648,
        0.11235428,
        0.118484974,
        0.1166172,
        0.11182499,
        0.1306696,
        0.09219742,
        0.06110716,
        0.03773403,
        0.02236414,
        0.044112206,
        0.052941322,
        0.08495903,
        0.1378541,
        0.18292809,
        0.22232819,
        0.2390728,
        0.22335339,
        0.24418736,
        0.21499348,
        0.19058084,
        0.12050533,
        0.06209898,
        -0.008607864,
        -0.060539246,
        -0.16064835
    ],