{
    "class": "xpos",
    "duration_ms": 700,
    "x": [
        -0.17589672,
        0.033596843,
        0.2832372,
        0.59966207,
        0.9621486,
        1.3688945,
        1.8322017,
        2.3331797,
        2.8932967,
        3.6079154,
        4.3841114,
        5.206416,
        6.0605483,
        6.8051963,
        7.3678994,
        7.7261486,
        8.026553,
        8.296501,
        8.527794,
        8.578581,
        8.438533,
        7.9413385,
        7.19801,
        6.252719,
        5.167226,
        4.02947,
        2.8390071,
        1.6531115,
        0.44730705,
        -0.7625325,
        -1.997025,
        -3.3153956,
        -4.671329,
        -6.0324025,
        -7.2977424,
        -8.42796,
        -9.45955,
        -10.352724,
        -11.173079,
        -11.917269,
        -12.570567,
        -13.1304245,
        -13.471968,
        -13.583043,
        -13.442421,
        -13.038601,
        -12.335819,
        -11.400059,
        -10.267816,
        -8.9463825,
        -7.5824227,
        -6.1459394,
        -4.6720667,
        -3.2002735,
        -1.7585413,
        -0.4017945,
        0.8719077,
        2.0878794,
        3.3813775,
        4.592807,
        5.600858,
        6.4208384,
        6.987488,
        7.231766,
        7.175796,
        6.9178877,
        6.5368257,
        6.1135254,
        5.808995,
        5.6034684,
        5.4009356,
        5.114732,
        4.755781,
        4.302848,
        3.839261,
        3.328765,
        2.806879,
        2.2969947,
        1.800553,
        1.3451588,
        0.94434226,
        0.5923289,
        0.30747312,
        0.09370273,
        -0.013629228,
        -0.017552018,
        0.08873528,
        0.23130834,
        0.43696743,
        0.6224627,
        0.80305994,
        0.9177172,
        0.9506201,
        0.9502892,
        0.8833129,
        0.7612808,
        0.63153195,
        0.48157173,
        0.3179616,
        0.19738877,
        0.1051406,
        0.0024909973,
        -0.038840443,
        -0.042718142,
        -0.052033633,
        -0.08578825,
        -0.09833172,
        -0.15184785,
        -0.19409949,
        -0.2228105,
        -0.21662422,
        -0.18533549,
        -0.14554176,
        -0.13766378,
        -0.10385844,
        -0.08695507,
        -0.07443082,
        -0.075571984,
        -0.061603874,
        -0.061332583,
        -0.074605525,
        -0.11586501,
        -0.17562884,
        -0.23041919,
        -0.30207193,
        -0.3287346,
        -0.3752415,
        -0.39647382,
        -0.42369366,
        -0.44240588,
        -0.44771707,
        -0.4490674,
        -0.47028115,
        -0.48238862,
        -0.4444229,
        -0.3894627,
        -0.3554047,
        -0.31354508,
        -0.29740992,
        -0.2593049,
        -0.26342744,
        -0.24516188,
        -0.25955892,
        -0.24223885,
        -0.21254417,
        -0.17790146,
        -0.18386936,
        -0.16853265,
        -0.13692981
    ],
    "y": [
        -0.11515522,
        -0.081628084,
        -0.022973299,
        0.02972436,
        0.105093,
        0.19334936,
        0.28719497,
        0.42894483,
        0.5300038,
        0.6590686,
        0.75219846,
        0.81177664,
        0.7972603,
        0.8044629,
        0.7207966,
        0.5795982,
        0.5077255,
        0.49553323,
        0.50030446,
        0.38832688,
        0.17702937,
        -0.061192274,
        -0.2777369,
        -0.4860227,
        -0.63254094,
        -0.72604716,
        -0.83541787,
        -0.94846845,
        -1.0391713,
        -1.0818783,
        -1.156368,
        -1.141907,
        -1.1238352,
        -1.0586624,
        -1.0327724,
        -1.0438529,
        -1.1972845,
        -1.4806428,
        -1.8502434,
        -2.1758273,
        -2.3747635,
        -2.4426105,
        -2.4625654,
        -2.5599837,
        -2.742456,
        -3.0481997,
        -3.3310728,
        -3.6215844,
        -3.8448944,
        -3.9977732,
        -4.0746307,
        -4.104007,
        -4.1127687,
        -4.1549735,
        -4.1395745,
        -4.160536,
        -4.1571617,
        -4.143246,
        -4.1400137,
        -4.0562096,
        -3.8249278,
        -3.4800606,
        -2.9547424,
        -2.3322778,
        -1.6612648,
        -0.94852555,
        -0.35323477,
        0.12825513,
        0.4272759,
        0.58692646,
        0.59981203,
        0.5398226,
        0.4881282,
        0.49038363,
        0.5232587,
        0.5588577,
        0.5717797,
        0.6085074,
        0.65793395,
        0.7254405,
        0.7754135,
        0.80579853,
        0.79759955,
        0.8082354,
        0.77768826,
        0.72270346,
        0.63611317,
        0.53223133,
        0.4563558,
        0.35811043,
        0.28038645,
        0.26611328,
        0.26998258,
        0.30157185,
        0.32512617,
        0.35956025,
        0.38319874,
        0.38830137,
        0.36487436,
        0.33157754,
        0.2734549,
        0.1975286,
        0.10600209,
        0.029840946,
        -0.026358843,
        -0.09362531,
        -0.15039301,
        -0.16280937,
        -0.16640306,
        -0.20592356,
        -0.21148491,
        -0.18725252,
        -0.17100048,
        -0.15036607,
        -0.11805296,
        -0.0980227,
        -0.09532499,
        -0.083749294,
        -0.09702706,
        -0.10907483,
        -0.117697954,
        -0.10657954,
        -0.11182451,
        -0.09789944,
        -0.07694554,
        -0.082497835,
        -0.088385105,
        -0.109143496,
        -0.1329093,
        -0.123921394,
        -0.1370213,
        -0.13848329,
        -0.120927334,
        -0.105867386,
        -0.1242218,
        -0.07780433,
        -0.06476402,
        -0.054038763,
        -0.05035758,
        -0.04659748,
        -0.040530443,
        -0.063268185,
        -0.0766561,
        -0.0711956,
        -0.073102474,
        -0.08225417,
        -0.09847808,
        -0.06685352,
        -0.03284216
    ],