{
    "class": "xpos",
    "duration_ms": 700,
    "x": [
        -0.49906278,
        -0.46095502,
        -0.42578828,
        -0.3671108,
        -0.37531197,
        -0.32385835,
        -0.29154825,
        -0.2687217,
        -0.26006132,
        -0.23234922,
        -0.16905427,
        -0.10124266,
        -0.02167952,
        0.07688755,
        0.23484796,
        0.41629916,
        0.5737844,
        0.65527004,
        0.8179154,
        1.0564134,
        1.2920418,
        1.5275507,
        1.7751362,
        2.063515,
        2.3286343,
        2.5997126,
        2.8110583,
        2.9873698,
        3.218996,
        3.3555121,
        3.433075,
        3.363101,
        3.159103,
        2.8648992,
        2.5192473,
        2.0873904,
        1.6402738,
        1.2779255,
        0.9639083,
        0.66700184,
        0.34420317,
        0.041323006,
        -0.26755023,
        -0.5392736,
        -0.8385495,
        -1.1414759,
        -1.4337189,
        -1.7605671,
        -2.0935957,
        -2.4523175,
        -2.8420439,
        -3.2322948,
        -3.6693132,
        -4.1392026,
        -4.556359,
        -4.918792,
        -5.291428,
        -5.5330973,
        -5.5235977,
        -5.249706,
        -4.6979218,
        -3.8142498,
        -2.6739016,
        -1.4665592,
        -0.36271825,
        0.8783818,
        2.4348333,
        4.354669,
        6.414918,
        7.8075485,
        9.299201,
        11.043741,
        12.256777,
        12.750182,
        13.257023,
        13.385327,
        13.281504,
        13.048355,
        12.107063,
        10.994904,
        9.928849,
        8.863721,
        7.637473,
        6.282878,
        4.7706146,
        3.181188,
        1.5561103,
        -0.11166453,
        -1.8779697,
        -3.6824303,
        -5.608756,
        -7.672837,
        -9.67139,
        -11.523699,
        -13.209232,
        -14.383511,
        -15.261871,
        -16.006794,
        -16.637264,
        -17.03163,
        -17.078861,
        -16.65873,
        -16.162346,
        -15.266433,
        -13.964016,
        -12.236163,
        -9.973373,
        -7.946484,
        -6.1617947,
        -4.4198027,
        -2.7491653,
        -1.1958889,
        0.33713788,
        1.7657509,
        3.0832806,
        4.2627935,
        5.36914,
        6.2758846,
        6.9669223,
        7.399566,
        7.676714,
        7.907528,
        8.069249,
        8.093251,
        7.972444,
        7.754087,
        7.3938494,
        6.940267,
        6.3913503,
        5.867192,
        5.354442,
        4.873365,
        4.4327493,
        4.0250077,
        3.6354477,
        3.213954,
        2.8445432,
        2.4653902,
        2.0910234,
        1.7189722,
        1.3295368,
        0.9771409,
        0.64654255,
        0.3822665,
        0.13569576,
        -0.057692513,
        -0.14289579,
        -0.1938103,
        -0.20054054,
        -0.14317596
    ],
    "y": [
        -0.09309578,
        -0.127419,
        -0.16555595,
        -0.19806623,
        -0.21534109,
        -0.21037817,
        -0.19989872,
        -0.18635988,
        -0.16278172,
        -0.13634682,
        -0.15232944,
        -0.15564156,
        -0.14655828,
        -0.1371293,
        -0.11309433,
        -0.081820965,
        0.011148453,
        0.12006378,
        0.30643368,
        0.42718887,
        0.5587764,
        0.64648676,
        0.6812701,
        0.70882607,
        0.70800495,
        0.7241974,
        0.7548528,
        0.7767167,
        0.7964039,
        0.77802706,
        0.76464224,
        0.72510195,
        0.70467806,
        0.72948885,
        0.76096106,
        0.7530565,
        0.6909361,
        0.54789734,
        0.39306927,
        0.21919918,
        0.06927776,
        -0.042187214,
        -0.14117622,
        -0.22486544,
        -0.29519176,
        -0.3805418,
        -0.50933075,
        -0.6719327,
        -0.87291145,
        -1.105053,
        -1.291925,
        -1.4769301,
        -1.6411519,
        -1.782485,
        -1.8364618,
        -1.8318248,
        -1.7898383,
        -1.679162,
        -1.5948372,
        -1.4784946,
        -1.3672686,
        -1.288948,
        -1.1138549,
        -0.7581949,
        -0.22228909,
        0.36898804,
        1.0109324,
        1.6990156,
        2.246295,
        2.8521013,
        3.2577276,
        2.5556197,
        3.1900086,
        3.919672,
        4.1804185,
        4.081983,
        3.8151765,
        3.4606109,
        3.3685956,
        3.169271,
        2.7120342,
        2.0600057,
        1.3148813,
        0.51863813,
        -0.35363054,
        -1.2957458,
        -2.2999358,
        -3.273185,
        -4.211915,
        -5.0342464,
        -5.770843,
        -6.435643,
        -7.0593553,
        -7.6149964,
        -8.050957,
        -8.455564,
        -8.753837,
        -8.820534,
        -8.62334,
        -8.311481,
        -7.990708,
        -7.807255,
        -7.498362,
        -7.3946915,
        -7.4266615,
        -7.505685,
        -7.5342007,
        -7.387367,
        -6.9438868,
        -6.2957697,
        -5.56818,
        -4.7833314,
        -3.946523,
        -3.0538406,
        -2.0971365,
        -1.2165198,
        -0.56153965,
        -0.06383848,
        0.2831254,
        0.5771475,
        0.82285404,
        1.1590581,
        1.5546355,
        1.966155,
        2.3547516,
        2.6673946,
        2.9158692,
        3.0381384,
        3.1062965,
        3.094287,
        3.0715656,
        2.9689264,
        2.824963,
        2.6592078,
        2.4625869,
        2.2165442,
        1.9311724,
        1.6237907,
        1.3520966,
        1.0994673,
        0.88747597,
        0.7613554,
        0.5965228,
        0.42380476,
        0.2597351,
        0.08241701,
        -0.06783962,
        -0.23925161,
        -0.41761017,
        -0.57196856
    ],