{
    "class": "xpos",
    "duration_ms": 700,
    "x": [
        -0.7841428,
        -0.7359543,
        -0.5868446,
        -0.32002178,
        0.065134615,
        0.46751863,
        0.8556528,
        1.1432337,
        1.3055063,
        1.4050308,
        1.4440522,
        1.4576385,
        1.4474335,
        1.4913545,
        1.6645465,
        2.0322528,
        2.6599462,
        3.3974438,
        4.235136,
        5.090371,
        5.957072,
        6.7280035,
        7.417111,
        8.054824,
        8.602202,
        8.850727,
        8.627822,
        8.50727,
        8.222227,
        7.6363873,
        6.7898197,
        5.9191775,
        5.028512,
        4.191141,
        3.3635468,
        2.5912893,
        1.8794919,
        1.1926343,
        0.5116447,
        -0.18995214,
        -0.883863,
        -1.56113,
        -2.169827,
        -2.7465074,
        -3.212959,
        -3.5889392,
        -3.8893268,
        -4.0955324,
        -4.2699223,
        -4.4574757,
        -4.6714478,
        -5.0826163,
        -5.612811,
        -6.299122,
        -7.073902,
        -7.9206448,
        -8.816253,
        -9.6138,
        -10.271424,
        -10.757008,
        -11.047432,
        -11.145693,
        -11.0232935,
        -10.716415,
        -10.239487,
        -9.652192,
        -9.030628,
        -8.316341,
        -7.561072,
        -6.7944336,
        -6.0010047,
        -5.167903,
        -4.277618,
        -3.3294084,
        -2.389741,
        -1.4434829,
        -0.53755206,
        0.28605014,
        0.9779871,
        1.5679283,
        2.1288488,
        2.6637914,
        3.1950114,
        3.71109,
        4.189024,
        4.620252,
        4.94073,
        5.1962004,
        5.336169,
        5.426948,
        5.4794464,
        5.3947,
        5.2557673,
        5.01895,
        4.7644987,
        4.4169207,
        4.056564,
        3.6609836,
        3.2823434,
        2.8653917,
        2.4962397,
        2.177488,
        1.9285402,
        1.7017498,
        1.4950941,
        1.3304131,
        1.2487675,
        1.2051198,
        1.1687026,
        1.1610165,
        1.126857,
        1.108919,
        1.1018871,
        1.0910012,
        1.0401194,
        1.0065272,
        0.9540059,
        0.901348,
        0.8434061,
        0.786875,
        0.76007175,
        0.7436091,
        0.7564495,
        0.77687454,
        0.8169807,
        0.85068345,
        0.8594167,
        0.84363604,
        0.8229151,
        0.7403747,
        0.6131436,
        0.48457778,
        0.35220307,
        0.22074977,
        0.14499998,
        0.06954566,
        0.0013051331,
        -0.033545196,
        -0.08279237,
        -0.14404067,
        -0.12160158,
        -0.09926888,
        -0.115180016,
        -0.09757134,
        -0.07525134,
        -0.072175354,
        -0.047807068,
        -0.043009907,
        -0.031439036,
        0.0036284328,
        0.028697133
    ],
    "y": [
        -0.10435104,
        -0.13433266,
        -0.16319323,
        -0.15983486,
        -0.14105129,
        -0.09251642,
        -0.04297924,
        0.014702797,
        0.09701586,
        0.15867329,
        0.21635485,
        0.30578566,
        0.39827394,
        0.45589924,
        0.5408988,
        0.60812235,
        0.71251154,
        0.8158951,
        0.94376516,
        1.0660963,
        1.1252642,
        1.1738586,
        1.1641793,
        1.2160745,
        1.2747936,
        1.2879248,
        1.1982088,
        1.027482,
        0.9244995,
        0.78656006,
        0.6399231,
        0.4888816,
        0.41205359,
        0.35375166,
        0.3059621,
        0.253232,
        0.18746042,
        0.08628464,
        -0.0676136,
        -0.19347477,
        -0.3062272,
        -0.46867108,
        -0.6646471,
        -0.96413994,
        -1.3173938,
        -1.7298408,
        -2.2188494,
        -2.7418213,
        -3.2967892,
        -3.7955809,
        -4.269546,
        -4.6375375,
        -4.875737,
        -5.007829,
        -4.985418,
        -4.869984,
        -4.6943755,
        -4.491352,
        -4.336869,
        -4.235158,
        -4.1952114,
        -4.1637974,
        -4.1807814,
        -4.197227,
        -4.2288914,
        -4.2268186,
        -4.2282715,
        -4.2273316,
        -4.2396927,
        -4.2593436,
        -4.2325864,
        -4.1657734,
        -4.130005,
        -4.0651374,
        -3.9905028,
        -3.8874645,
        -3.7567577,
        -3.589687,
        -3.3680546,
        -3.0880754,
        -2.8581874,
        -2.5737271,
        -2.297278,
        -2.0314155,
        -1.8073719,
        -1.6420994,
        -1.4594254,
        -1.3221984,
        -1.1041436,
        -0.8417616,
        -0.55927134,
        -0.24011946,
        0.09897184,
        0.3743353,
        0.6578474,
        0.85634136,
        1.058579,
        1.157208,
        1.2028108,
        1.1526656,
        1.1410289,
        1.0747852,
        1.0118108,
        0.9859457,
        0.9711771,
        0.9820585,
        0.9637327,
        0.9665694,
        0.95238066,
        0.8853426,
        0.8322644,
        0.7737436,
        0.70953417,
        0.6799469,
        0.6462002,
        0.5960169,
        0.5482054,
        0.49535847,
        0.4349041,
        0.34993792,
        0.30967283,
        0.26365423,
        0.21184063,
        0.20923042,
        0.21280575,
        0.21082354,
        0.1938982,
        0.16001225,
        0.15017366,
        0.13835049,
        0.14865017,
        0.15000248,
        0.17834806,
        0.17158508,
        0.17516947,
        0.16527319,
        0.18021536,
        0.1889534,
        0.19874,
        0.19042635,
        0.20470572,
        0.23663235,
        0.27176905,
        0.23341751,
        0.21959257,
        0.20384598,
        0.1669383,
        0.15664959,
        0.12504673,
        0.13907766,
        0.11019039
    ],