{
    "class": "xpos",
    "duration_ms": 700,
    "x": [
        -0.11097336,
        -0.113128245,
        -0.12261549,
        -0.14875439,
        -0.15336904,
        -0.16747022,
        -0.1792772,
        -0.18646309,
        -0.20566669,
        -0.15140873,
        -0.1715338,
        -0.16091087,
        -0.14354461,
        -0.15040594,
        -0.16008618,
        -0.17029694,
        -0.20973575,
        -0.23336884,
        -0.27231273,
        -0.35509425,
        -0.41716933,
        -0.532477,
        -0.64145017,
        -0.7420446,
        -0.86994123,
        -1.0133033,
        -1.1461692,
        -1.2925733,
        -1.4407582,
        -1.6028281,
        -1.7123952,
        -1.8175161,
        -1.8089063,
        -1.694053,
        -1.4085293,
        -0.9943081,
        -0.47854152,
        0.026120663,
        0.528967,
        1.0122521,
        1.4533093,
        1.967284,
        2.5638885,
        3.275811,
        4.1159015,
        5.2226067,
        6.615174,
        8.082048,
        9.439047,
        10.421082,
        10.869211,
        10.886847,
        11.029385,
        10.682937,
        10.143597,
        9.638566,
        9.228475,
        9.000573,
        8.952002,
        8.839451,
        8.520648,
        7.953151,
        7.182716,
        6.2594433,
        5.247701,
        4.187541,
        3.1469445,
        2.112144,
        1.109965,
        0.1746831,
        -0.685915,
        -1.4900992,
        -2.2174544,
        -2.900067,
        -3.5194745,
        -4.1911225,
        -4.927721,
        -5.698798,
        -6.4973936,
        -7.3907776,
        -8.297558,
        -9.210452,
        -10.162867,
        -11.155125,
        -12.103946,
        -13.016605,
        -13.849367,
        -14.495501,
        -14.831417,
        -14.848343,
        -14.515861,
        -13.908878,
        -13.129122,
        -12.204884,
        -11.196201,
        -10.108271,
        -8.946665,
        -7.757394,
        -6.6196003,
        -5.471082,
        -4.3574247,
        -3.3189754,
        -2.2811189,
        -1.2574835,
        -0.22597301,
        0.88352436,
        1.9692293,
        3.0543954,
        4.184299,
        5.2473664,
        6.1039615,
        6.84579,
        7.4652834,
        8.068608,
        8.594297,
        9.011791,
        9.259155,
        9.25735,
        9.076697,
        8.90117,
        8.507743,
        7.913073,
        7.0980644,
        6.2639403,
        5.561926,
        4.964345,
        4.365316,
        3.8056579,
        3.2808173,
        2.800695,
        2.3868926,
        2.0371563,
        1.7398407,
        1.4545121,
        1.2222384,
        0.99538475,
        0.82413775,
        0.6581123,
        0.54973423,
        0.45087165,
        0.37588045,
        0.34359702,
        0.29876927,
        0.28899708,
        0.26605812,
        0.24639288,
        0.21538174,
        0.17508729,
        0.13752459
    ],
    "y": [
        -0.06426048,
        -0.053549767,
        -0.03788328,
        -0.014880657,
        -0.020256996,
        -0.037196636,
        -0.027628422,
        0.0034327507,
        -0.029662132,
        -0.03855753,
        -0.047310352,
        -0.041726112,
        -0.05529642,
        -0.04752493,
        -0.051851273,
        -0.08719778,
        -0.07495546,
        -0.09142351,
        -0.11986971,
        -0.14363527,
        -0.17460203,
        -0.16281796,
        -0.18455315,
        -0.17533445,
        -0.1709528,
        -0.18554354,
        -0.20698452,
        -0.24932861,
        -0.26969433,
        -0.265913,
        -0.29527092,
        -0.3100176,
        -0.3292575,
        -0.3978963,
        -0.4393201,
        -0.4748087,
        -0.4804001,
        -0.42530346,
        -0.2789564,
        -0.058743954,
        0.16809559,
        0.35885143,
        0.5018487,
        0.6063638,
        0.7353072,
        0.8521266,
        1.0109963,
        1.105566,
        1.0460439,
        0.91285515,
        0.86568356,
        0.95724297,
        0.85138893,
        0.7195568,
        0.5847206,
        0.5051646,
        0.42875862,
        0.291543,
        0.14428902,
        -0.05777073,
        -0.2946267,
        -0.5363884,
        -0.731658,
        -0.9057603,
        -1.0601916,
        -1.1921091,
        -1.3419795,
        -1.4573011,
        -1.560051,
        -1.6700773,
        -1.8122864,
        -1.9971309,
        -2.2447972,
        -2.570589,
        -2.9751787,
        -3.3611667,
        -3.6812882,
        -3.9530778,
        -4.1707163,
        -4.3740764,
        -4.615006,
        -4.8425946,
        -5.0107965,
        -5.145199,
        -5.1640644,
        -5.11025,
        -5.0049906,
        -4.8831744,
        -4.8602557,
        -4.902455,
        -5.0539765,
        -5.2366357,
        -5.417308,
        -5.5960865,
        -5.729756,
        -5.8065186,
        -5.8482513,
        -5.888803,
        -5.926181,
        -5.9656706,
        -5.9649734,
        -5.8295417,
        -5.6828423,
        -5.399743,
        -5.0921106,
        -4.7499223,
        -4.365709,
        -3.951419,
        -3.459456,
        -2.9572916,
        -2.488624,
        -2.034912,
        -1.6230893,
        -1.2223468,
        -0.8523803,
        -0.466115,
        -0.11969614,
        0.2142458,
        0.60355854,
        0.9083724,
        1.1901398,
        1.4482393,
        1.7084985,
        1.8916268,
        1.8972249,
        1.8403721,
        1.7380733,
        1.6741939,
        1.6490049,
        1.6340823,
        1.5821204,
        1.5056148,
        1.4147587,
        1.2837377,
        1.1488714,
        1.0560198,
        0.9455981,
        0.84180784,
        0.76395273,
        0.6812072,
        0.5529461,
        0.46537352,
        0.36336184,
        0.26595736,
        0.22319794,
        0.13918304,
        0.090203285,
        0.030482292,
        -0.0019598007
    ],