{
    "class": "xpos",
    "duration_ms": 700,
    "x": [
        -0.4895102,
        -0.39875394,
        -0.30919993,
        -0.26102757,
        -0.2727166,
        -0.28446063,
        -0.32492143,
        -0.3773663,
        -0.44447798,
        -0.51228863,
        -0.5810637,
        -0.6439015,
        -0.6534376,
        -0.65527,
        -0.66622293,
        -0.6435708,
        -0.6208109,
        -0.5933093,
        -0.55426025,
        -0.52283716,
        -0.46811014,
        -0.29955566,
        -0.062514424,
        0.2623763,
        0.6972078,
        1.195454,
        1.6420753,
        2.0201488,
        2.2767158,
        2.47119,
        2.553873,
        2.5005898,
        2.4111729,
        2.3445544,
        2.340537,
        2.5016344,
        2.736902,
        3.0995874,
        3.5908341,
        4.1285505,
        4.728752,
        5.4670362,
        6.4383597,
        7.5321193,
        8.682909,
        9.906204,
        11.117288,
        12.114406,
        12.403248,
        13.078131,
        13.499099,
        13.400457,
        12.740879,
        11.655302,
        10.288764,
        8.775499,
        7.417977,
        6.298033,
        5.2434406,
        4.1860886,
        3.1452618,
        2.1456246,
        1.1977922,
        0.25508285,
        -0.64313364,
        -1.4579694,
        -2.2228818,
        -2.9964836,
        -3.7521636,
        -4.5600414,
        -5.433736,
        -6.4089575,
        -7.408994,
        -8.447979,
        -9.520789,
        -10.669771,
        -11.790773,
        -12.723842,
        -13.356526,
        -13.738484,
        -13.849591,
        -13.741083,
        -13.500156,
        -13.091814,
        -12.588997,
        -11.928421,
        -11.224269,
        -10.452125,
        -9.619243,
        -8.785707,
        -7.930278,
        -7.089093,
        -6.300995,
        -5.561945,
        -4.86808,
        -4.217965,
        -3.6386123,
        -3.0755053,
        -2.4764013,
        -1.8462813,
        -1.1946301,
        -0.5307392,
        0.12971628,
        0.8171296,
        1.4112972,
        2.0047426,
        2.5460477,
        3.0482178,
        3.490805,
        3.9108787,
        4.335985,
        4.7504086,
        5.0951624,
        5.4641647,
        5.778921,
        6.0351834,
        6.23093,
        6.2631736,
        6.219711,
        6.1041055,
        5.9318132,
        5.679992,
        5.378359,
        5.030397,
        4.685013,
        4.3747206,
        4.0726366,
        3.774063,
        3.484181,
        3.1866035,
        2.9270408,
        2.6792765,
        2.4772384,
        2.2734494,
        2.0827217,
        1.9386516,
        1.8198776,
        1.6933053,
        1.5974748,
        1.4920163,
        1.4153743,
        1.3100169,
        1.2213038,
        1.165552,
        1.096875,
        1.0460372,
        1.0200056,
        0.9706591
    ],
    "y": [
        -0.08179474,
        -0.10333204,
        -0.09732342,
        -0.08793211,
        -0.05398655,
        -0.048274994,
        -0.058968544,
        -0.059998035,
        -0.06585455,
        -0.08606291,
        -0.1062808,
        -0.11234999,
        -0.12351513,
        -0.08524084,
        -0.043107986,
        -0.0042877197,
        0.016975403,
        0.018548965,
        0.079051495,
        0.058108807,
        0.0896492,
        0.10461855,
        0.12001467,
        0.09820318,
        0.049235344,
        0.0019464493,
        -0.017650604,
        0.004339218,
        0.008145332,
        0.07036257,
        0.14778042,
        0.23577785,
        0.356184,
        0.50198793,
        0.625504,
        0.72683907,
        0.8059516,
        0.8842368,
        0.93265533,
        1.0201459,
        1.1175265,
        1.2148385,
        1.2973666,
        1.3955846,
        1.420146,
        1.2985706,
        1.1711869,
        1.0514011,
        1.0342317,
        0.9496846,
        0.7315903,
        0.4003458,
        0.038799763,
        -0.389822,
        -0.77871513,
        -1.035996,
        -1.283181,
        -1.6040223,
        -1.9678447,
        -2.3584044,
        -2.7259102,
        -3.0156367,
        -3.3235698,
        -3.6906288,
        -4.1526957,
        -4.680941,
        -5.2560635,
        -5.8682084,
        -6.483581,
        -7.121174,
        -7.6902685,
        -8.155815,
        -8.5047035,
        -8.714627,
        -8.698729,
        -8.468245,
        -8.046324,
        -7.5371275,
        -7.1182632,
        -6.7876024,
        -6.542663,
        -6.3496084,
        -6.193536,
        -6.0141573,
        -5.839419,
        -5.7160716,
        -5.62368,
        -5.539371,
        -5.457158,
        -5.3877826,
        -5.2512493,
        -5.0994644,
        -4.91744,
        -4.7670546,
        -4.5882535,
        -4.385787,
        -4.181212,
        -3.9555078,
        -3.7302244,
        -3.5482478,
        -3.3854308,
        -3.2392821,
        -3.099985,
        -2.9766765,
        -2.8401618,
        -2.6253037,
        -2.4059525,
        -2.1625543,
        -1.8973155,
        -1.6554861,
        -1.4441404,
        -1.2297592,
        -1.034195,
        -0.8673935,
        -0.7132282,
        -0.5222807,
        -0.30259895,
        -0.059758186,
        0.17910957,
        0.43967962,
        0.6829815,
        0.92759275,
        1.1251464,
        1.2440486,
        1.346014,
        1.3540335,
        1.3015342,
        1.2458386,
        1.1774726,
        1.0751686,
        1.0110183,
        0.9376974,
        0.8963909,
        0.85886526,
        0.8232446,
        0.7973223,
        0.7456932,
        0.7166538,
        0.6914854,
        0.63216496,
        0.6034632,
        0.5551052,
        0.49889565,
        0.43225336,
        0.35262918,
        0.28372717,
        0.22770071,
        0.17474318
    ],