{
    "class": "xpos",
    "duration_ms": 700,
    "x": [
        0.2675072,
        0.4352427,
        0.5444062,
        0.57428795,
        0.6300361,
        0.6307253,
        0.5978385,
        0.5166216,
        0.39389378,
        0.25056672,
        0.20728254,
        0.33233547,
        0.62293637,
        0.90347695,
        1.0682724,
        1.1805613,
        1.3069626,
        1.3707552,
        1.4168545,
        1.4113982,
        1.4733148,
        1.6202606,
        1.9335438,
        2.354381,
        3.004127,
        3.921149,
        5.10379,
        6.347899,
        7.315675,
        8.389791,
        9.242342,
        9.745397,
        9.582238,
        9.121848,
        9.258228,
        9.362765,
        9.484025,
        9.573297,
        9.634953,
        8.875437,
        7.7290483,
        6.823002,
        6.0566974,
        5.3026867,
        4.497639,
        3.649878,
        2.799127,
        1.9397678,
        1.0708966,
        0.20091105,
        -0.6423154,
        -1.461789,
        -2.2436647,
        -2.9668336,
        -3.7081623,
        -4.3937173,
        -5.05711,
        -5.7012405,
        -6.271467,
        -6.840023,
        -7.251645,
        -7.4037437,
        -7.8563795,
        -8.453285,
        -8.893043,
        -9.310907,
        -9.918026,
        -10.818911,
        -11.633903,
        -12.191612,
        -12.6831045,
        -12.907634,
        -12.746445,
        -12.221242,
        -11.542299,
        -10.833423,
        -10.127077,
        -9.504002,
        -8.935311,
        -8.287259,
        -7.5384684,
        -6.724598,
        -5.8573575,
        -4.9409842,
        -4.050988,
        -3.1355782,
        -2.1716256,
        -1.1792256,
        -0.14949709,
        0.8595736,
        1.8503504,
        2.801478,
        3.6393273,
        4.3163404,
        4.9782424,
        5.662502,
        6.377682,
        7.0559173,
        7.6122723,
        8.013096,
        8.204948,
        8.135745,
        7.802178,
        7.2047405,
        6.4224825,
        5.5992823,
        4.8322244,
        4.2316036,
        3.6361659,
        3.0936487,
        2.6140547,
        2.2480655,
        1.9034653,
        1.5819635,
        1.3784989,
        1.2132782,
        1.1163268,
        1.0549922,
        1.0585247,
        1.0961097,
        1.1653007,
        1.244195,
        1.341886,
        1.4170289,
        1.5194238,
        1.6533072,
        1.7226306,
        1.7917726,
        1.8199583,
        1.8262943,
        1.7940326,
        1.7280418,
        1.6093037,
        1.4810371,
        1.3241597,
        1.1605632,
        0.9254911,
        0.71692336,
        0.51564676,
        0.36697632,
        0.24223775,
        0.15592605,
        0.10331258,
        0.08460498,
        0.07360518,
        0.118267804,
        0.14185902,
        0.16789812,
        0.19839567
    ],
    "y": [
        -0.06491232,
        0.006005287,
        0.08878183,
        0.12383413,
        0.14216375,
        0.14598703,
        0.13523817,
        0.16218996,
        0.21697807,
        0.22564602,
        0.24100637,
        0.20628071,
        0.16501331,
        0.12939072,
        0.1255145,
        0.15068007,
        0.22833776,
        0.39841557,
        0.5959873,
        0.78277445,
        0.9608965,
        1.067359,
        1.1263938,
        1.2341757,
        1.3026028,
        1.394155,
        1.5041509,
        1.598773,
        1.598485,
        1.512155,
        1.4517341,
        1.3450131,
        1.5790329,
        2.1485639,
        2.049508,
        1.5963087,
        0.95423365,
        0.20451689,
        -0.55949354,
        -0.8834543,
        -0.85147476,
        -0.7722006,
        -0.82477045,
        -0.9249425,
        -1.0867338,
        -1.3218436,
        -1.5608277,
        -1.8637104,
        -2.132753,
        -2.401939,
        -2.7099833,
        -3.0309026,
        -3.362762,
        -3.7181525,
        -4.033267,
        -4.3687105,
        -4.6748238,
        -4.980715,
        -5.2577276,
        -5.55343,
        -5.881719,
        -6.2704873,
        -6.578207,
        -6.6493425,
        -6.6036115,
        -6.414607,
        -6.0609164,
        -5.696229,
        -5.2302175,
        -4.8378077,
        -4.602696,
        -4.548265,
        -4.539776,
        -4.7098894,
        -4.8445,
        -4.8494773,
        -4.7434487,
        -4.5546365,
        -4.285066,
        -4.0609875,
        -3.9606311,
        -3.9449656,
        -3.9390893,
        -3.918574,
        -3.8901668,
        -3.8608088,
        -3.835074,
        -3.7913194,
        -3.7892551,
        -3.7356584,
        -3.6737156,
        -3.5509605,
        -3.40122,
        -3.0933661,
        -2.8648264,
        -2.5821447,
        -2.2005215,
        -1.8281622,
        -1.4705911,
        -1.114481,
        -0.76802254,
        -0.3771329,
        0.14558887,
        0.7177501,
        1.2977886,
        1.7821617,
        1.9817748,
        1.9710279,
        1.869751,
        1.7140555,
        1.5473075,
        1.4199095,
        1.3631816,
        1.2841187,
        1.2214599,
        1.1278648,
        1.0063524,
        0.8504386,
        0.7707114,
        0.67669296,
        0.6237755,
        0.5714903,
        0.507884,
        0.50469446,
        0.46123362,
        0.4179883,
        0.37250042,
        0.30571413,
        0.24874735,
        0.19433689,
        0.12573957,
        0.06925249,
        0.041537285,
        -0.029161453,
        -0.05426359,
        -0.079063416,
        -0.09861708,
        -0.06273651,
        -0.004969597,
        0.045982838,
        0.10209656,
        0.115609646,
        0.1533947,
        0.13172293,
        0.10089493,
        0.09923172,
        0.12909985,
        0.14982319,
        0.16857529
    ],