{
    "class": "xpos",
    "duration_ms": 700,
    "x": [
        -1.1791224,
        -1.2016579,
        -1.1857374,
        -1.1331105,
        -1.0788503,
        -0.9936751,
        -0.7608447,
        -0.45631778,
        -0.11479992,
        0.2294128,
        0.50181,
        0.7607386,
        1.1064236,
        1.6694068,
        2.2729805,
        2.8849525,
        3.384117,
        3.8299055,
        4.3067245,
        4.8666534,
        5.5780845,
        6.4856095,
        7.577197,
        8.703256,
        9.732294,
        10.648577,
        11.253476,
        11.755833,
        11.977142,
        11.784223,
        11.41857,
        11.014315,
        10.375609,
        9.609288,
        8.752941,
        7.7920456,
        6.724139,
        5.652095,
        4.595441,
        3.5505838,
        2.5766232,
        1.7061589,
        0.86627316,
        0.114690065,
        -0.52651095,
        -1.1081922,
        -1.6505165,
        -2.196001,
        -2.8766317,
        -3.7185256,
        -4.8517046,
        -6.2956886,
        -7.978942,
        -9.822676,
        -11.632202,
        -13.354134,
        -14.786311,
        -15.9076805,
        -16.689663,
        -17.191114,
        -17.397886,
        -17.30463,
        -16.869614,
        -16.00495,
        -15.2931385,
        -14.509746,
        -13.696429,
        -12.934101,
        -11.6156645,
        -10.153184,
        -8.796891,
        -7.4180355,
        -6.0318537,
        -4.6754875,
        -3.33598,
        -2.016693,
        -0.6755646,
        0.63670015,
        1.8866363,
        3.0820236,
        4.1541424,
        5.0793743,
        5.9508376,
        6.767421,
        7.503798,
        8.15824,
        8.670776,
        8.956298,
        9.014426,
        8.810487,
        8.424355,
        7.9219,
        7.3623147,
        6.817783,
        6.2966394,
        5.8872123,
        5.5661,
        5.2865405,
        5.028038,
        4.7630286,
        4.4852057,
        4.1710954,
        3.8542628,
        3.5297484,
        3.209592,
        2.8937638,
        2.6539352,
        2.4468331,
        2.2961717,
        2.1680522,
        2.083386,
        2.0465965,
        2.0622985,
        2.049146,
        2.0335996,
        1.9894624,
        1.9358017,
        1.8389393,
        1.7466121,
        1.6228545,
        1.5492628,
        1.512099,
        1.4280818,
        1.3071795,
        1.1757922,
        1.009913,
        0.8380436,
        0.67179704,
        0.50597185,
        0.36641577,
        0.22162583,
        0.11436862,
        0.020441651,
        -0.065049976,
        -0.15410365,
        -0.18452287,
        -0.22827238,
        -0.26626423,
        -0.29833558,
        -0.2838,
        -0.29449624,
        -0.28026488,
        -0.23143043,
        -0.13327928,
        -0.02120927,
        0.033460736,
        0.050439388,
        0.07785192
    ],
    "y": [
        -0.31092262,
        -0.3207736,
        -0.36255455,
        -0.3979473,
        -0.44585466,
        -0.51548815,
        -0.56608534,
        -0.57841444,
        -0.5405469,
        -0.4289117,
        -0.24614859,
        -0.035372734,
        0.16313124,
        0.35233784,
        0.49596786,
        0.66129017,
        0.8268037,
        1.0378132,
        1.3610864,
        1.8129497,
        2.306684,
        2.717115,
        3.0027552,
        3.1748905,
        3.1686687,
        3.094503,
        2.9769945,
        2.8575745,
        2.7655349,
        2.66776,
        2.5281844,
        2.3510528,
        2.0923815,
        1.8203092,
        1.5597777,
        1.2831464,
        1.0942359,
        0.8984585,
        0.71145296,
        0.4892106,
        0.1972065,
        -0.17750502,
        -0.7388563,
        -1.4377561,
        -2.203989,
        -3.1324148,
        -4.145176,
        -5.2782645,
        -6.4423056,
        -7.4703746,
        -8.295615,
        -8.927754,
        -9.303064,
        -9.481032,
        -9.478815,
        -9.426136,
        -9.380511,
        -9.394141,
        -9.43499,
        -9.389406,
        -9.220037,
        -8.934917,
        -8.62818,
        -8.661428,
        -8.762043,
        -8.641326,
        -8.348358,
        -7.9345646,
        -7.682932,
        -7.6061387,
        -7.564733,
        -7.415195,
        -7.2299004,
        -6.9904027,
        -6.6448474,
        -6.213171,
        -5.73226,
        -5.17465,
        -4.589614,
        -3.9377944,
        -3.237147,
        -2.512704,
        -1.8347001,
        -1.1654773,
        -0.5510926,
        -0.00632143,
        0.4705925,
        0.8548851,
        1.1482978,
        1.4530625,
        1.7902985,
        2.1117191,
        2.400456,
        2.5918427,
        2.628457,
        2.467382,
        2.2164488,
        1.8829432,
        1.5914726,
        1.3520002,
        1.1963286,
        1.1108127,
        1.0937781,
        1.119524,
        1.157393,
        1.2388368,
        1.2636232,
        1.2726274,
        1.2013235,
        1.095046,
        0.95840836,
        0.8652415,
        0.7290368,
        0.6262269,
        0.4802246,
        0.33897352,
        0.24552536,
        0.1807766,
        0.1353674,
        0.1238184,
        0.14627504,
        0.15496159,
        0.12851,
        0.055075645,
        -0.017556667,
        -0.0775013,
        -0.08662605,
        -0.047574997,
        -0.010787487,
        0.006767273,
        -0.004548073,
        -0.030491829,
        -0.05895996,
        -0.08019447,
        -0.09178829,
        -0.10074091,
        -0.121210575,
        -0.08593702,
        -0.07849407,
        -0.053290367,
        -0.012766361,
        -0.004807949,
        0.0017080307,
        0.0068383217,
        0.027359486,
        0.022537231,
        0.009049892,
        0.027265072
    ],