{
    "class": "xpos",
    "duration_ms": 700,
    "x": [
        -0.09352347,
        -0.06244728,
        -0.07084447,
        -0.05404386,
        -0.05734116,
        -0.044942796,
        -0.016899943,
        0.005164176,
        0.070895165,
        0.09887591,
        0.12234041,
        0.1385968,
        0.15235594,
        0.15395316,
        0.14310017,
        0.1078057,
        0.06944844,
        0.056455135,
        0.02118659,
        0.030421823,
        0.029403538,
        0.0802739,
        0.114062935,
        0.21682796,
        0.28384036,
        0.38909948,
        0.5490451,
        0.67048806,
        0.75792736,
        0.9274015,
        1.194697,
        1.5662622,
        1.9469353,
        2.3757064,
        2.7749987,
        3.1343977,
        3.4295087,
        3.7155204,
        3.9305856,
        4.0680585,
        4.106666,
        4.0751724,
        3.9707925,
        3.8333702,
        3.6287334,
        3.3779447,
        3.1210608,
        2.8093467,
        2.5089655,
        2.1619897,
        1.7678,
        1.3881437,
        0.979546,
        0.5775201,
        0.1553697,
        -0.33523917,
        -0.8300084,
        -1.370203,
        -1.9683685,
        -2.6207154,
        -3.330964,
        -4.0404763,
        -4.7311096,
        -5.3751135,
        -5.903601,
        -6.29269,
        -6.5799065,
        -6.630211,
        -6.3759503,
        -5.7830515,
        -4.838803,
        -3.5450177,
        -1.9747692,
        -0.12194434,
        1.9938388,
        4.453637,
        7.052294,
        9.425823,
        11.2465515,
        12.467459,
        13.649226,
        13.672119,
        13.23173,
        13.566011,
        13.84602,
        13.915549,
        12.488231,
        10.512325,
        9.168414,
        8.156747,
        7.0428433,
        5.807047,
        4.5336637,
        3.247336,
        2.027511,
        0.84804475,
        -0.28448033,
        -1.5210009,
        -2.8346586,
        -4.234188,
        -5.7667317,
        -7.352545,
        -8.928273,
        -10.366655,
        -11.565721,
        -12.638414,
        -13.585124,
        -14.440394,
        -15.248642,
        -15.954757,
        -16.491714,
        -16.742994,
        -16.709702,
        -16.185198,
        -15.3959255,
        -14.569441,
        -13.498919,
        -12.243597,
        -10.84911,
        -9.514652,
        -8.244904,
        -7.001171,
        -5.6824694,
        -4.381338,
        -3.0201051,
        -1.669158,
        -0.34837914,
        0.9130979,
        2.100329,
        3.1365743,
        4.0697746,
        4.9697294,
        5.760233,
        6.496603,
        7.2812557,
        8.075455,
        8.794822,
        9.347754,
        9.701623,
        9.817698,
        9.664059,
        9.325041,
        8.745647,
        7.999774,
        7.1085954,
        6.2393923,
        5.399169,
        4.61623,
        3.8208976
    ],
    "y": [
        -0.0056905746,
        0.033331394,
        0.057011127,
        0.048717976,
        0.03946781,
        0.040935993,
        0.04805088,
        0.060514927,
        0.061323643,
        0.057326794,
        0.038655758,
        0.035908222,
        0.022516727,
        0.0031776428,
        0.011090279,
        -0.0109529495,
        -0.00085544586,
        -0.013279438,
        -0.014593601,
        0.00011539459,
        0.01442194,
        0.030866623,
        0.04730749,
        0.07346058,
        0.09053707,
        0.13919687,
        0.17654371,
        0.27387,
        0.46860504,
        0.65056133,
        0.82914495,
        0.9945078,
        1.1036787,
        1.1970549,
        1.2980933,
        1.3801737,
        1.4415798,
        1.4387717,
        1.4295111,
        1.3708186,
        1.3180399,
        1.2736416,
        1.2020159,
        1.175189,
        1.0688434,
        0.95494604,
        0.8024626,
        0.6116357,
        0.44254017,
        0.24253511,
        0.10033512,
        -0.05089426,
        -0.2753029,
        -0.59649706,
        -0.9019275,
        -1.2346611,
        -1.5639443,
        -1.8663301,
        -2.14706,
        -2.3899422,
        -2.5812044,
        -2.6806006,
        -2.6931355,
        -2.5901177,
        -2.407043,
        -2.1123009,
        -1.6884456,
        -1.1995649,
        -0.54203176,
        0.11266422,
        0.7867379,
        1.4426999,
        2.093049,
        2.623146,
        3.0208879,
        3.2764196,
        3.3915586,
        3.2648659,
        2.9502473,
        2.6214423,
        2.3593087,
        2.247357,
        2.7069259,
        2.3331256,
        1.2577567,
        0.7982254,
        0.7656069,
        1.0105505,
        0.91923904,
        0.4381008,
        -0.2923627,
        -0.9817152,
        -1.6082582,
        -2.203092,
        -2.8258963,
        -3.4933348,
        -4.2126126,
        -4.9241457,
        -5.542594,
        -6.119243,
        -6.6404967,
        -7.179173,
        -7.6458654,
        -8.12388,
        -8.727404,
        -9.39377,
        -10.0935335,
        -10.806282,
        -11.370641,
        -11.706179,
        -11.768553,
        -11.584362,
        -11.198475,
        -10.784133,
        -10.404143,
        -10.013647,
        -9.66333,
        -9.329422,
        -8.940128,
        -8.531502,
        -7.989482,
        -7.4012375,
        -6.8159766,
        -6.297344,
        -5.78947,
        -5.279716,
        -4.7507153,
        -4.1613164,
        -3.5326824,
        -2.84786,
        -2.157054,
        -1.5200496,
        -0.97517204,
        -0.54641104,
        -0.18593168,
        0.14877224,
        0.43540478,
        0.7400694,
        1.08289,
        1.3623052,
        1.6633372,
        1.9231029,
        2.1408157,
        2.337298,
        2.4426026,
        2.5015035,
        2.41291,
        2.336659,
        2.286605
    ],