{
    "class": "xpos",
    "duration_ms": 700,
    "x": [
        -1.0052497,
        -0.87553746,
        -0.7214606,
        -0.55204356,
        -0.4475112,
        -0.33772317,
        -0.18887055,
        -0.06272322,
        0.06721407,
        0.2059142,
        0.45784724,
        0.84135866,
        1.3274521,
        1.9640884,
        2.79433,
        3.917256,
        5.276284,
        7.0000486,
        9.0665245,
        11.284426,
        13.265991,
        14.699631,
        15.645222,
        16.290241,
        16.345215,
        15.961843,
        15.023207,
        13.754531,
        12.466312,
        11.188855,
        9.851189,
        8.444351,
        6.942394,
        5.4154263,
        3.9260716,
        2.428682,
        0.9002859,
        -0.76963544,
        -2.5365222,
        -4.358817,
        -6.077555,
        -7.518769,
        -8.705809,
        -9.6465845,
        -10.422524,
        -11.164144,
        -11.833551,
        -12.442352,
        -13.00941,
        -13.501378,
        -13.723168,
        -13.968041,
        -14.013263,
        -14.004858,
        -13.82774,
        -13.385693,
        -12.742744,
        -11.905867,
        -10.966117,
        -9.82603,
        -8.632211,
        -7.3683653,
        -6.1020746,
        -4.812271,
        -3.5684633,
        -2.2719984,
        -0.9336122,
        0.4486462,
        1.7503768,
        2.9192824,
        3.883893,
        4.641934,
        5.1305575,
        5.4012194,
        5.5331736,
        5.6269727,
        5.6851354,
        5.707454,
        5.6551404,
        5.5178843,
        5.323475,
        5.0041156,
        4.712014,
        4.3862123,
        4.06129,
        3.6907377,
        3.3455873,
        3.0157533,
        2.7199223,
        2.4503639,
        2.2066345,
        1.9931939,
        1.8169806,
        1.6754876,
        1.61401,
        1.5922288,
        1.574807,
        1.54073,
        1.4834172,
        1.4079835,
        1.3314574,
        1.2851285,
        1.2068746,
        1.1061803,
        1.0211977,
        0.992359,
        0.9378489,
        0.8978059,
        0.864559,
        0.801737,
        0.7185966,
        0.581455,
        0.46672016,
        0.3358066,
        0.22471257,
        0.14805879,
        0.07523929,
        -0.0002693832,
        -0.01077354,
        0.03722991,
        0.09156884,
        0.19113903,
        0.22599001,
        0.25595665,
        0.26421314,
        0.24084853,
        0.18041615,
        0.17575665,
        0.14981948,
        0.13808312,
        0.10905945,
        0.07692726,
        0.081922665,
        0.080598325,
        0.09192209,
        0.10889904,
        0.11768037,
        0.092327446,
        0.0764543,
        0.029943481,
        0.017975658,
        0.004812196,
        0.019137964,
        0.017851561,
        0.027113095,
        0.029903531,
        -0.0026704222,
        -0.0039313436
    ],
    "y": [
        -0.33367538,
        -0.3780365,
        -0.35900497,
        -0.37426424,
        -0.3853221,
        -0.3637452,
        -0.37871695,
        -0.3803301,
        -0.37389326,
        -0.32662392,
        -0.28198195,
        -0.18553019,
        0.0024938583,
        0.27162313,
        0.5784335,
        0.99860764,
        1.5230193,
        2.1060476,
        2.7185564,
        3.2282872,
        3.4023376,
        3.2904005,
        3.038299,
        2.7201939,
        2.501524,
        2.3899446,
        2.4148088,
        2.4955077,
        2.453597,
        2.2208223,
        1.841568,
        1.3863549,
        0.8560028,
        0.26067638,
        -0.39219236,
        -1.1191483,
        -1.8698981,
        -2.6208599,
        -3.2991443,
        -3.8493147,
        -4.429456,
        -5.097233,
        -5.8836207,
        -6.7256575,
        -7.440233,
        -7.972846,
        -8.297255,
        -8.463238,
        -8.541575,
        -8.6957855,
        -8.804594,
        -8.835468,
        -8.86632,
        -8.52573,
        -8.222477,
        -7.986845,
        -7.776857,
        -7.5600624,
        -7.2970104,
        -6.998736,
        -6.6550713,
        -6.253953,
        -5.795654,
        -5.292552,
        -4.802226,
        -4.336739,
        -3.9152308,
        -3.5064037,
        -3.05996,
        -2.5617752,
        -2.0649042,
        -1.531292,
        -1.0997634,
        -0.6913171,
        -0.29869986,
        0.03990984,
        0.41537714,
        0.8202472,
        1.2036467,
        1.5625186,
        1.9274292,
        2.2215314,
        2.4017053,
        2.5373855,
        2.5734954,
        2.528955,
        2.4393764,
        2.3259478,
        2.1954355,
        2.0499668,
        1.8940358,
        1.739326,
        1.5689025,
        1.4161329,
        1.2474608,
        1.110846,
        0.95633554,
        0.8704648,
        0.7315521,
        0.64046,
        0.53763723,
        0.4231844,
        0.285295,
        0.14335346,
        -0.036064625,
        -0.17639446,
        -0.26094437,
        -0.3235073,
        -0.35716343,
        -0.3886385,
        -0.4087162,
        -0.4082632,
        -0.3780241,
        -0.3541155,
        -0.3247671,
        -0.32351208,
        -0.35498905,
        -0.38308668,
        -0.3862219,
        -0.37868118,
        -0.3626876,
        -0.32388783,
        -0.32425117,
        -0.27751303,
        -0.22180605,
        -0.14010525,
        -0.06317568,
        0.061735153,
        0.14872217,
        0.21238947,
        0.2599883,
        0.32733393,
        0.40465212,
        0.4485159,
        0.48023033,
        0.45163584,
        0.43890095,
        0.3796053,
        0.34286928,
        0.3046155,
        0.29117346,
        0.23101377,
        0.22246504,
        0.19150448,
        0.19364643,
        0.18583345,
        0.18500185,
        0.20065928
    ],