{
    "class": "xpos",
    "duration_ms": 700,
    "x": [
        0.030886292,
        0.027571917,
        0.03717959,
        0.026394904,
        -0.00018453598,
        -0.02377659,
        -0.004383266,
        -0.025597632,
        -0.006688595,
        0.023672342,
        0.05348867,
        0.11372495,
        0.13058478,
        0.1469971,
        0.1441952,
        0.14847898,
        0.13859433,
        0.107693195,
        0.09636527,
        0.0735324,
        0.036817014,
        0.022075891,
        0.02436167,
        0.029330611,
        0.05124277,
        0.07336748,
        0.076597095,
        0.0658105,
        0.0671649,
        0.073275626,
        0.069672465,
        0.065951884,
        0.05486858,
        0.045999408,
        0.032165587,
        0.018165052,
        0.001850307,
        0.009380698,
        0.024024367,
        0.019775748,
        0.022934854,
        0.007373154,
        0.0016586185,
        0.024702668,
        0.045479536,
        0.08313793,
        0.08276528,
        0.09925091,
        0.101380706,
        0.08438927,
        0.036405206,
        0.0026126504,
        -0.007774532,
        -0.00680393,
        -0.01834941,
        -0.025437593,
        -0.035095096,
        -0.02567327,
        -0.037561655,
        -0.03727311,
        -0.050897717,
        -0.06404042,
        -0.0458287,
        -0.048671424,
        -0.024913073,
        -0.022493362,
        -0.0033472776,
        -0.0009976029,
        -0.015478134,
        -0.039572597,
        -0.03765744,
        -0.057599783,
        -0.06831038,
        -0.07702935,
        -0.050420165,
        -0.057466805,
        -0.07172644,
        -0.09530735,
        -0.13763672,
        -0.16300803,
        -0.20247167,
        -0.24411649,
        -0.2951055,
        -0.35561335,
        -0.4232855,
        -0.48169577,
        -0.53579664,
        -0.5952307,
        -0.67683876,
        -0.76401424,
        -0.84263396,
        -0.948558,
        -1.0269072,
        -0.9756895,
        -0.81897736,
        -0.5373153,
        -0.1773932,
        0.264579,
        0.71427613,
        1.1480589,
        1.7007645,
        2.5245228,
        3.6375368,
        5.0132437,
        6.5711365,
        8.051084,
        9.395453,
        9.927528,
        10.504327,
        11.478997,
        11.978105,
        12.113664,
        11.969979,
        11.430835,
        10.479659,
        10.237936,
        9.863906,
        9.147678,
        8.033959,
        6.8287344,
        5.6456094,
        4.4254208,
        3.0892339,
        1.6867695,
        0.22681046,
        -1.2631404,
        -2.8014681,
        -4.4233093,
        -6.056444,
        -7.61716,
        -9.086302,
        -10.410507,
        -11.48582,
        -12.240826,
        -12.732403,
        -12.913929,
        -12.913379,
        -12.870386,
        -12.719155,
        -12.391803,
        -11.930692,
        -11.310858,
        -10.428111,
        -9.407571,
        -8.354993,
        -7.2949276,
        -6.2861366,
        -5.3757925,
        -4.51591
    ],
    "y": [
        -0.030216694,
        0.018877506,
        -0.005936146,
        0.014552116,
        0.03232813,
        0.0022001266,
        0.0028090477,
        -0.0065550804,
        -0.016281128,
        -0.021630287,
        -0.05590439,
        -0.035775185,
        -0.011493206,
        -0.016349792,
        -0.016766548,
        -0.012649536,
        0.0031938553,
        0.014200687,
        0.025166512,
        0.029129982,
        0.038067818,
        0.023469925,
        0.018840313,
        0.026468754,
        0.012988567,
        0.018928051,
        0.025083065,
        0.014765263,
        0.018924236,
        0.02793026,
        0.03689289,
        0.0077581406,
        0.00022411346,
        0.014108658,
        0.030179024,
        0.02464056,
        0.038066387,
        0.032357216,
        0.01725626,
        0.0049033165,
        0.019021034,
        0.011996269,
        -0.004096985,
        0.0111579895,
        -0.03278923,
        -0.028639793,
        -0.050367832,
        -0.024296284,
        -0.031647682,
        -0.0462327,
        -0.01349926,
        -0.007583618,
        -0.011746883,
        -0.0069561005,
        -0.01695919,
        -0.046368122,
        -0.035404205,
        -0.060378075,
        -0.054339886,
        -0.057796,
        -0.016022205,
        -0.036070347,
        -0.03191948,
        -0.0061678886,
        -0.023143768,
        -0.032698154,
        -0.049188614,
        -0.055912495,
        -0.029295921,
        -0.012396336,
        -0.017028332,
        0.0044317245,
        0.042160988,
        0.043752193,
        0.0023441315,
        -0.024712086,
        -0.04944992,
        -0.043303013,
        -0.056270123,
        -0.026526928,
        -0.018473148,
        -0.01772213,
        -0.0359478,
        -0.056396008,
        -0.07183218,
        -0.084674835,
        -0.09507227,
        -0.09362173,
        -0.09698534,
        -0.11693382,
        -0.12717247,
        -0.1443038,
        -0.14904737,
        -0.19581413,
        -0.23639107,
        -0.24196291,
        -0.17452478,
        -0.027371883,
        0.2134366,
        0.4621086,
        0.7926731,
        1.1503353,
        1.5967445,
        2.0837836,
        2.4700532,
        2.6854792,
        2.7318454,
        2.845561,
        2.896677,
        2.7079706,
        2.4869876,
        2.2471757,
        2.0170689,
        1.8767171,
        2.059627,
        1.7231617,
        1.2393064,
        0.6081991,
        0.030516148,
        -0.6110616,
        -1.290122,
        -1.9943748,
        -2.706906,
        -3.2844357,
        -3.7279334,
        -4.031739,
        -4.235779,
        -4.4206076,
        -4.5710635,
        -4.7652874,
        -4.966456,
        -5.177736,
        -5.4017262,
        -5.58788,
        -5.706794,
        -5.7337766,
        -5.6488585,
        -5.544551,
        -5.3918357,
        -5.21692,
        -5.113113,
        -5.0777917,
        -5.1249228,
        -5.227515,
        -5.3250065,
        -5.299513,
        -5.1599565,
        -4.960648,
        -4.7058372
    ],