{
    "class": "xpos",
    "duration_ms": 700,
    "x": [
        -0.039416023,
        -0.04360774,
        -0.016444448,
        0.044256788,
        0.022026971,
        0.022100395,
        0.022881852,
        0.052530017,
        0.04186469,
        0.059788775,
        0.029904189,
        0.018811375,
        0.00480514,
        -0.038387023,
        -0.07266664,
        -0.09560098,
        -0.13339025,
        -0.17628378,
        -0.20264101,
        -0.24575695,
        -0.2769449,
        -0.3317122,
        -0.39085826,
        -0.45671958,
        -0.4911522,
        -0.52324504,
        -0.5600535,
        -0.54928917,
        -0.56266135,
        -0.52143985,
        -0.4733078,
        -0.4918101,
        -0.47447982,
        -0.47619686,
        -0.46138713,
        -0.43253508,
        -0.36333838,
        -0.26084682,
        -0.12963721,
        -0.043171715,
        0.053710625,
        0.111142606,
        0.1744728,
        0.22256646,
        0.2866191,
        0.40736347,
        0.522978,
        0.6621542,
        0.7702067,
        0.9637423,
        1.2709806,
        1.6632788,
        2.0435233,
        2.448214,
        2.9179673,
        3.4361145,
        4.1868544,
        5.332737,
        6.636264,
        8.042516,
        9.525006,
        10.927638,
        11.846327,
        11.981694,
        12.553798,
        12.385265,
        12.377507,
        11.661748,
        10.042929,
        8.121524,
        6.687627,
        5.454251,
        4.2596183,
        3.0075655,
        1.7768941,
        0.50342107,
        -0.73364854,
        -1.9100823,
        -2.9946845,
        -4.0132437,
        -4.967615,
        -5.8640203,
        -6.73516,
        -7.609514,
        -8.455852,
        -9.256996,
        -9.959562,
        -10.505117,
        -10.916817,
        -11.138952,
        -11.219,
        -11.135529,
        -10.876568,
        -10.470811,
        -9.999464,
        -9.469596,
        -8.967735,
        -8.520433,
        -8.125715,
        -7.790968,
        -7.494957,
        -7.2377567,
        -6.9809837,
        -6.659626,
        -6.218167,
        -5.742711,
        -5.211529,
        -4.6796,
        -4.151295,
        -3.6071596,
        -3.0489836,
        -2.493357,
        -1.9090369,
        -1.3127692,
        -0.74295783,
        -0.1758492,
        0.4032588,
        1.0219145,
        1.6552234,
        2.3500645,
        3.0717854,
        3.7738,
        4.387867,
        4.8501925,
        5.118228,
        5.228075,
        5.12921,
        4.864255,
        4.5615144,
        4.2681336,
        4.079745,
        4.0708685,
        4.153588,
        4.252284,
        4.2865076,
        4.2873483,
        4.1994424,
        4.022088,
        3.77836,
        3.491348,
        3.1864247,
        2.8771102,
        2.555335,
        2.2679086,
        1.9826486,
        1.7228378,
        1.4926652,
        1.294251
    ],
    "y": [
        -0.060101032,
        -0.044333458,
        -0.030094624,
        0.0014595985,
        0.028702736,
        0.01580429,
        0.03169346,
        0.033046722,
        0.033952236,
        0.00801754,
        -0.018605232,
        -0.026988983,
        -0.06956482,
        -0.09616947,
        -0.09255123,
        -0.10621071,
        -0.11072636,
        -0.08934355,
        -0.09187937,
        -0.0893383,
        -0.08853531,
        -0.089245796,
        -0.09361935,
        -0.0634532,
        -0.07498407,
        -0.08722305,
        -0.09785795,
        -0.09966183,
        -0.12834072,
        -0.16008997,
        -0.15938663,
        -0.1647172,
        -0.18315268,
        -0.1981492,
        -0.18136024,
        -0.19237709,
        -0.18801975,
        -0.1635518,
        -0.16406298,
        -0.16078472,
        -0.16073179,
        -0.15689373,
        -0.1301384,
        -0.09491968,
        -0.05360365,
        -0.018011093,
        0.028698444,
        0.060187817,
        0.107481,
        0.17766142,
        0.24688292,
        0.31291628,
        0.41389418,
        0.4925499,
        0.6015353,
        0.7048683,
        0.8439684,
        1.0017219,
        1.1637063,
        1.2606592,
        1.2836246,
        1.2811728,
        1.189332,
        0.8533716,
        0.41031504,
        -0.03127241,
        -0.35940313,
        -0.9319699,
        -1.6036057,
        -1.8093216,
        -1.7474208,
        -1.5679249,
        -1.4202045,
        -1.3962357,
        -1.3898759,
        -1.4198656,
        -1.5622344,
        -1.7256399,
        -2.014668,
        -2.3878825,
        -2.8325222,
        -3.2923656,
        -3.7323527,
        -4.1025076,
        -4.3908305,
        -4.589428,
        -4.7068453,
        -4.729672,
        -4.720603,
        -4.6921644,
        -4.626133,
        -4.60968,
        -4.6109705,
        -4.6438136,
        -4.7198772,
        -4.8293104,
        -4.9121647,
        -4.937548,
        -4.9675956,
        -4.909006,
        -4.8237495,
        -4.6590376,
        -4.4674964,
        -4.3015127,
        -4.1580925,
        -4.0055366,
        -3.8626661,
        -3.7101324,
        -3.5932312,
        -3.4638197,
        -3.312277,
        -3.2081256,
        -3.093839,
        -3.038792,
        -2.954462,
        -2.89855,
        -2.7849889,
        -2.7165256,
        -2.6326952,
        -2.5234785,
        -2.3596277,
        -2.1599307,
        -1.9194758,
        -1.6501985,
        -1.3617437,
        -1.0615237,
        -0.72812295,
        -0.41664028,
        -0.12943268,
        0.15053844,
        0.36376572,
        0.52463436,
        0.59737444,
        0.58415556,
        0.6088562,
        0.6351781,
        0.70107746,
        0.787271,
        0.8889289,
        0.946157,
        0.9636307,
        0.9652071,
        0.94363165,
        0.9107866,
        0.9144831,
        0.90199184,
        0.9042344,
        0.870996
    ],