{
    "class": "xpos",
    "duration_ms": 700,
    "x": [
        -0.44122458,
        -0.45017916,
        -0.44076267,
        -0.43910277,
        -0.45468,
        -0.47555262,
        -0.52797824,
        -0.5880486,
        -0.653393,
        -0.74540776,
        -0.8260643,
        -0.9550298,
        -1.0537843,
        -1.1513551,
        -1.2790837,
        -1.3966309,
        -1.5281682,
        -1.6383493,
        -1.7561619,
        -1.8318301,
        -1.8823141,
        -1.9264193,
        -1.9422774,
        -1.9365406,
        -1.9253521,
        -1.9010087,
        -1.8058231,
        -1.6249914,
        -1.2884222,
        -0.82565224,
        -0.21301734,
        0.4830382,
        1.2539085,
        1.9908332,
        2.760976,
        3.6200233,
        4.5895576,
        5.678849,
        6.8632507,
        8.134738,
        9.461644,
        10.652667,
        11.437067,
        11.566005,
        12.326663,
        13.047707,
        13.384265,
        13.310637,
        13.490848,
        13.703887,
        13.207191,
        13.1625395,
        12.102892,
        10.335787,
        8.570962,
        7.0016274,
        5.4847193,
        3.928887,
        2.3287737,
        0.77985954,
        -0.6818185,
        -2.0979016,
        -3.4464145,
        -4.793359,
        -6.1131525,
        -7.4755006,
        -8.894541,
        -10.472879,
        -12.100475,
        -13.577198,
        -14.830494,
        -15.795502,
        -16.479723,
        -16.848387,
        -16.912264,
        -16.604956,
        -15.969834,
        -15.004798,
        -13.791603,
        -12.486116,
        -11.117344,
        -9.711639,
        -8.268537,
        -6.878187,
        -5.458725,
        -4.0863857,
        -2.743847,
        -1.413246,
        -0.14094698,
        1.0508792,
        2.1042771,
        3.0569417,
        3.8703358,
        4.630446,
        5.2628684,
        5.7645297,
        6.1413865,
        6.415435,
        6.639247,
        6.7933784,
        6.8843784,
        6.897199,
        6.823896,
        6.606341,
        6.286519,
        5.853677,
        5.320833,
        4.725016,
        4.153677,
        3.6609259,
        3.2101154,
        2.795689,
        2.4480731,
        2.1405005,
        1.9109862,
        1.7234539,
        1.5825233,
        1.4666628,
        1.376028,
        1.2749939,
        1.1756305,
        1.0852405,
        0.9895799,
        0.9054851,
        0.8186658,
        0.7268672,
        0.67561954,
        0.61488605,
        0.5639971,
        0.49654353,
        0.47220707,
        0.46449125,
        0.4301715,
        0.42415148,
        0.43908107,
        0.45348543,
        0.4505248,
        0.45885056,
        0.46876416,
        0.45172742,
        0.47722644,
        0.4975347,
        0.5177873,
        0.4639455,
        0.4388869,
        0.4018326,
        0.36968377,
        0.36643398,
        0.32757425
    ],
    "y": [
        -0.015262604,
        0.008805752,
        0.03341341,
        -0.01047039,
        -0.015573502,
        -0.05122757,
        -0.05781555,
        -0.09024382,
        -0.096114635,
        -0.13265753,
        -0.15694141,
        -0.17857218,
        -0.20239067,
        -0.24508142,
        -0.2685833,
        -0.3228383,
        -0.35772228,
        -0.36138964,
        -0.36945343,
        -0.37933826,
        -0.40730572,
        -0.45994902,
        -0.5081911,
        -0.5564861,
        -0.5878639,
        -0.61663866,
        -0.67339754,
        -0.724504,
        -0.7341156,
        -0.76420736,
        -0.7028241,
        -0.5718212,
        -0.38329744,
        -0.16832495,
        0.095060825,
        0.41737986,
        0.62349415,
        0.86572695,
        1.0953116,
        1.3616858,
        1.6521683,
        1.8561773,
        1.942018,
        1.9548635,
        1.8898106,
        1.9042058,
        2.0018682,
        2.1414313,
        1.694726,
        0.80976534,
        0.2826805,
        -0.9515207,
        -1.7264776,
        -1.9400172,
        -1.9517131,
        -2.001382,
        -2.161526,
        -2.3760684,
        -2.5802264,
        -2.8173149,
        -3.0974667,
        -3.4113572,
        -3.8323598,
        -4.377963,
        -4.9763446,
        -5.531051,
        -5.9145145,
        -6.0567164,
        -6.0814953,
        -6.0314903,
        -5.918451,
        -5.835548,
        -5.758534,
        -5.6608505,
        -5.5733137,
        -5.4832983,
        -5.468571,
        -5.536765,
        -5.6161447,
        -5.7498293,
        -5.883007,
        -5.9781585,
        -5.9550223,
        -5.882004,
        -5.7468395,
        -5.5422564,
        -5.311615,
        -5.0074105,
        -4.6731315,
        -4.230253,
        -3.707941,
        -3.1067717,
        -2.5063238,
        -1.9238379,
        -1.4243076,
        -1.0007696,
        -0.62963057,
        -0.35897875,
        -0.11504173,
        0.1805563,
        0.48420858,
        0.80261755,
        1.0683665,
        1.285912,
        1.4407196,
        1.5544128,
        1.6964936,
        1.7883568,
        1.837564,
        1.8802013,
        1.8876786,
        1.8815846,
        1.8715467,
        1.8526931,
        1.8202262,
        1.7500615,
        1.6517406,
        1.5110908,
        1.3760109,
        1.2346549,
        1.1206245,
        0.96934986,
        0.83828497,
        0.73929167,
        0.63161135,
        0.493618,
        0.38979435,
        0.29381847,
        0.20331478,
        0.1445322,
        0.088620186,
        0.052172184,
        -0.017605305,
        -0.10182619,
        -0.15522957,
        -0.23782253,
        -0.30179453,
        -0.36634588,
        -0.37186623,
        -0.3806448,
        -0.3926568,
        -0.39108896,
        -0.3519287,
        -0.32055902,
        -0.2921419,
        -0.23317528,
        -0.18195534,
        -0.14320803,
        -0.12418699
    ],