{
    "class": "xpos",
    "duration_ms": 700,
    "x": [
        0.20449817,
        0.20479327,
        0.19911677,
        0.18006617,
        0.16403484,
        0.112555385,
        0.072916985,
        0.0019190907,
        -0.038630307,
        -0.077626675,
        -0.09351441,
        -0.08859503,
        -0.06988531,
        -0.077715755,
        -0.08555165,
        -0.11465469,
        -0.14356446,
        -0.16053903,
        -0.20377582,
        -0.2637518,
        -0.3214216,
        -0.39852223,
        -0.49285904,
        -0.58090174,
        -0.69614583,
        -0.85299647,
        -0.96355975,
        -1.1781361,
        -1.4131734,
        -1.6426866,
        -1.9121832,
        -2.169356,
        -2.421754,
        -2.662342,
        -2.8220365,
        -2.9201293,
        -2.7544088,
        -2.261142,
        -1.473557,
        -0.542866,
        0.4765914,
        1.5758955,
        2.7916613,
        4.0892363,
        5.48506,
        7.0494103,
        8.6674595,
        10.3571205,
        12.290886,
        14.354867,
        16.205929,
        17.727928,
        18.930658,
        19.516893,
        19.609352,
        19.106363,
        18.099163,
        17.431105,
        16.797895,
        15.54868,
        13.942429,
        12.393359,
        10.814541,
        8.973252,
        6.806731,
        4.3506846,
        1.680382,
        -1.1102853,
        -3.9276104,
        -6.571333,
        -8.758253,
        -10.626377,
        -12.25225,
        -13.736032,
        -15.067499,
        -16.279911,
        -17.225758,
        -17.835564,
        -18.012108,
        -18.176872,
        -18.085386,
        -17.6249,
        -16.881996,
        -15.985568,
        -14.844881,
        -13.483435,
        -12.060616,
        -10.671483,
        -9.35117,
        -8.078126,
        -6.828969,
        -5.647562,
        -4.567987,
        -3.6218667,
        -2.7734,
        -2.036694,
        -1.303184,
        -0.65487766,
        0.022732854,
        0.72238547,
        1.4582527,
        2.2016082,
        2.9645925,
        3.6705995,
        4.357451,
        5.028827,
        5.578188,
        6.059029,
        6.4619274,
        6.7427964,
        6.887714,
        6.8683243,
        6.6395473,
        6.249711,
        5.721105,
        5.1146827,
        4.529821,
        4.0227866,
        3.645659,
        3.3268218,
        3.048072,
        2.8608675,
        2.6799924,
        2.486893,
        2.315318,
        2.1934297,
        2.0681906,
        2.0443692,
        2.0545003,
        2.088789,
        2.1901746,
        2.382704,
        2.5518384,
        2.6645305,
        2.6994736,
        2.706836,
        2.60034,
        2.4467344,
        2.2313445,
        2.011442,
        1.7844896,
        1.5407501,
        1.2826086,
        1.026502,
        0.76971996,
        0.57897156,
        0.48541397,
        0.472529
    ],
    "y": [
        0.04479313,
        0.039809227,
        0.0799675,
        0.06740236,
        0.054712296,
        0.05849886,
        0.06903362,
        0.09571695,
        0.08854532,
        0.07631779,
        0.07339525,
        0.077471256,
        0.05768919,
        0.052403927,
        0.06405306,
        0.052257538,
        0.06489992,
        0.06619215,
        0.08472061,
        0.07748604,
        0.044609547,
        0.01954937,
        -0.0049676895,
        -0.021855831,
        -0.03131485,
        -0.07140064,
        -0.07775831,
        -0.12652159,
        -0.14840555,
        -0.19586611,
        -0.23297739,
        -0.283473,
        -0.34230852,
        -0.36172724,
        -0.42241907,
        -0.44759512,
        -0.5556402,
        -0.7050228,
        -0.8308668,
        -0.91180515,
        -0.8175111,
        -0.46945047,
        0.06871891,
        0.79006386,
        1.5829587,
        2.3214154,
        3.0274696,
        3.605495,
        3.966548,
        4.1503663,
        4.090873,
        3.8317032,
        3.5427055,
        3.3168726,
        3.1261888,
        3.075048,
        3.2540731,
        3.149138,
        2.6339493,
        1.9477477,
        1.2004948,
        0.17300272,
        -1.214196,
        -2.8227954,
        -4.467633,
        -5.9626474,
        -7.147624,
        -8.143481,
        -8.956251,
        -9.696354,
        -10.44101,
        -11.20727,
        -11.859716,
        -12.13847,
        -12.0404415,
        -11.663786,
        -11.2510195,
        -10.930347,
        -10.641584,
        -10.653215,
        -10.705563,
        -10.558577,
        -10.3405075,
        -10.0570755,
        -9.607973,
        -9.057655,
        -8.472852,
        -7.915306,
        -7.3820915,
        -6.8989983,
        -6.4299335,
        -5.9460325,
        -5.509546,
        -5.029689,
        -4.471001,
        -3.927024,
        -3.3907342,
        -2.9505224,
        -2.5890558,
        -2.3270903,
        -2.1158712,
        -1.954503,
        -1.7800231,
        -1.4913712,
        -1.0881567,
        -0.6753483,
        -0.21192169,
        0.22103691,
        0.60893536,
        0.9438777,
        1.2488751,
        1.4462471,
        1.570879,
        1.6698251,
        1.7735262,
        1.8529611,
        1.9055471,
        1.9383197,
        1.912713,
        1.8643746,
        1.7883663,
        1.6775627,
        1.5968385,
        1.5009794,
        1.4143615,
        1.3326788,
        1.2324228,
        1.149826,
        1.0564837,
        0.9549947,
        0.8476362,
        0.71043015,
        0.5791745,
        0.4299364,
        0.34872532,
        0.32108116,
        0.3158226,
        0.31136703,
        0.3363185,
        0.32588005,
        0.27745676,
        0.23878431,
        0.18107653,
        0.16154289,
        0.124866486,
        0.13533211,
        0.12800503,
        0.066824436
    ],