{
    "class": "xpos",
    "duration_ms": 700,
    "x": [
        -0.57688844,
        -0.5274016,
        -0.45206863,
        -0.2983547,
        -0.14449811,
        -0.020819783,
        0.071091175,
        0.11043131,
        0.114540815,
        0.06944001,
        -0.017487168,
        -0.10342193,
        -0.21004093,
        -0.31376934,
        -0.44596946,
        -0.59279597,
        -0.7521767,
        -0.88876784,
        -0.97444355,
        -0.9835214,
        -0.89498895,
        -0.7114721,
        -0.49493325,
        -0.28071177,
        -0.14195883,
        -0.054036498,
        -0.06645489,
        -0.15715075,
        -0.28543627,
        -0.4608252,
        -0.6452811,
        -0.86763257,
        -1.0661566,
        -1.3293352,
        -1.5384344,
        -1.7680032,
        -1.9614806,
        -2.1672122,
        -2.3688796,
        -2.581291,
        -2.7832108,
        -2.960627,
        -3.106594,
        -3.2141714,
        -3.2410555,
        -3.2083545,
        -3.1186433,
        -2.9351373,
        -2.563353,
        -1.9872667,
        -1.1711828,
        -0.14845896,
        0.8300307,
        1.7959454,
        2.8166063,
        3.8657258,
        4.9838533,
        6.26365,
        7.5329776,
        9.07378,
        11.049245,
        13.1512,
        14.830651,
        15.638199,
        16.162125,
        16.931768,
        17.511826,
        18.003162,
        18.321196,
        18.361364,
        17.755314,
        16.578957,
        15.326724,
        14.113281,
        12.817179,
        11.391293,
        9.820047,
        8.240815,
        6.6781535,
        5.2227097,
        4.0026283,
        2.8536415,
        0.9834153,
        -1.397708,
        -3.9157605,
        -6.230804,
        -8.160963,
        -9.665016,
        -10.879067,
        -11.90774,
        -12.681033,
        -13.728264,
        -15.06518,
        -16.517202,
        -17.92828,
        -19.126978,
        -19.818954,
        -19.91274,
        -19.71157,
        -19.10003,
        -17.990463,
        -16.533434,
        -14.1520815,
        -11.671534,
        -9.510727,
        -7.543051,
        -5.7800913,
        -4.2318745,
        -2.759955,
        -1.2635294,
        0.29662454,
        1.9172478,
        3.4186425,
        4.523485,
        5.542889,
        6.4832497,
        7.116755,
        7.4526715,
        7.6410856,
        7.64754,
        7.4322276,
        6.954321,
        6.449826,
        5.979784,
        5.5524263,
        5.1543903,
        4.7390676,
        4.3340864,
        3.9243443,
        3.5687995,
        3.281326,
        2.975455,
        2.6438363,
        2.3147445,
        1.9568757,
        1.6318204,
        1.2958076,
        1.0031965,
        0.75115305,
        0.5223153,
        0.42629215,
        0.3599491,
        0.36382318,
        0.40186846,
        0.4333738,
        0.530285,
        0.60201263,
        0.6394499,
        0.70267665
    ],
    "y": [
        0.28193426,
        0.29239798,
        0.26272297,
        0.22871351,
        0.19498348,
        0.15668201,
        0.11607218,
        0.09924126,
        0.1059432,
        0.093328476,
        0.10909557,
        0.1008234,
        0.1020689,
        0.0818882,
        0.06188917,
        0.0018672943,
        -0.014601707,
        -0.087421894,
        -0.09725666,
        -0.12751484,
        -0.14705801,
        -0.16305065,
        -0.17805147,
        -0.1947813,
        -0.22300291,
        -0.26764917,
        -0.29545355,
        -0.36593056,
        -0.39797354,
        -0.40835142,
        -0.4184718,
        -0.39730406,
        -0.39236927,
        -0.39620924,
        -0.43468475,
        -0.45279455,
        -0.51959276,
        -0.59184885,
        -0.66466665,
        -0.8091335,
        -0.93429136,
        -1.0470996,
        -1.1498957,
        -1.2331023,
        -1.3038411,
        -1.3621745,
        -1.3910995,
        -1.3834114,
        -1.4277167,
        -1.4022107,
        -1.290555,
        -1.1028786,
        -0.7703695,
        -0.47078514,
        -0.21691465,
        -0.033254147,
        0.16803694,
        0.36206055,
        0.6431575,
        0.99759436,
        1.380403,
        1.8488927,
        2.271679,
        2.9977794,
        3.5576243,
        3.661665,
        3.2591076,
        2.329897,
        1.1431832,
        -0.18990088,
        -1.177547,
        -1.5764089,
        -1.6738391,
        -1.6830091,
        -1.7982364,
        -2.1012678,
        -2.640614,
        -3.4294806,
        -4.178117,
        -4.9539595,
        -5.72186,
        -6.5379415,
        -6.7777586,
        -6.7921023,
        -6.6602545,
        -6.691224,
        -6.884329,
        -7.3350754,
        -7.9695873,
        -8.636335,
        -9.156805,
        -9.340581,
        -9.210394,
        -8.784655,
        -8.161013,
        -7.458543,
        -6.809983,
        -6.1656427,
        -5.953703,
        -5.9583154,
        -5.9088726,
        -6.0135317,
        -6.2577763,
        -6.331599,
        -6.18506,
        -5.960284,
        -5.765864,
        -5.609906,
        -5.5148783,
        -5.4530067,
        -5.2218046,
        -4.836404,
        -4.252269,
        -3.4061594,
        -2.5936322,
        -2.0252724,
        -1.5382543,
        -1.2116351,
        -0.9572096,
        -0.7086196,
        -0.34692526,
        0.14617157,
        0.7364936,
        1.187304,
        1.480073,
        1.6514482,
        1.766571,
        1.825984,
        1.8971643,
        1.9567418,
        2.0483685,
        2.107955,
        2.1000857,
        2.0970078,
        2.015287,
        1.8885827,
        1.7981853,
        1.7366719,
        1.6629748,
        1.5958424,
        1.5155773,
        1.4144311,
        1.3325624,
        1.2121735,
        1.0959387,
        0.9644022,
        0.80066156,
        0.6812134,
        0.54384613
    ],