{
    "class": "xpos",
    "duration_ms": 700,
    "x": [
        -1.9643915,
        -1.868948,
        -1.6971562,
        -1.5126388,
        -1.4025383,
        -1.2705266,
        -1.1705813,
        -1.0782863,
        -1.0408736,
        -1.0912894,
        -1.1293838,
        -1.1556942,
        -1.1396234,
        -1.1171856,
        -1.0618552,
        -0.79739267,
        -0.40271842,
        0.053623796,
        0.5479841,
        1.1339445,
        1.7270119,
        2.2331958,
        2.6752644,
        3.1683955,
        3.7721405,
        4.581535,
        5.7032704,
        7.150702,
        8.858952,
        10.704142,
        12.589292,
        14.359532,
        15.702096,
        16.514233,
        16.926014,
        17.032495,
        17.01387,
        17.042519,
        17.076027,
        16.922806,
        16.605503,
        16.038273,
        15.170014,
        13.923725,
        12.468854,
        10.930659,
        9.332446,
        7.7368298,
        6.2177124,
        4.791398,
        3.5248256,
        2.5064373,
        1.4326441,
        0.2722348,
        -0.9344981,
        -2.2316082,
        -3.6458905,
        -5.2141867,
        -6.9066787,
        -8.74554,
        -10.713543,
        -12.696667,
        -14.5550165,
        -16.208593,
        -17.51018,
        -18.491732,
        -19.063494,
        -19.247557,
        -19.089312,
        -18.54507,
        -17.712223,
        -16.573803,
        -15.347975,
        -14.0495825,
        -12.714952,
        -11.412026,
        -10.072182,
        -8.76805,
        -7.4884043,
        -6.2072306,
        -4.938717,
        -3.7731102,
        -2.6230974,
        -1.5110805,
        -0.40934718,
        0.57080746,
        1.4639952,
        2.328851,
        3.0975838,
        3.743072,
        4.3316083,
        4.9075413,
        5.4338837,
        5.9862103,
        6.4793987,
        6.9017897,
        7.2124033,
        7.437236,
        7.448876,
        7.2916,
        6.9923754,
        6.646998,
        6.1601715,
        5.690736,
        5.184993,
        4.7259502,
        4.3080597,
        3.9210873,
        3.5669713,
        3.2794874,
        3.0448458,
        2.8353045,
        2.6588695,
        2.5159397,
        2.438041,
        2.4135737,
        2.4407458,
        2.4459095,
        2.4602008,
        2.4451096,
        2.3643086,
        2.2625802,
        2.137215,
        1.9976571,
        1.8485845,
        1.7089273,
        1.5497167,
        1.3875185,
        1.2411423,
        1.0984643,
        0.9520048,
        0.8373375,
        0.69226557,
        0.61030483,
        0.5462989,
        0.4744103,
        0.4478087,
        0.4311462,
        0.42983326,
        0.4156689,
        0.4129955,
        0.3763631,
        0.33923185,
        0.27975178,
        0.22615194,
        0.15153465,
        0.093634784,
        0.013564616
    ],
    "y": [
        -0.45208406,
        -0.50533247,
        -0.5866065,
        -0.6457553,
        -0.70907116,
        -0.7480421,
        -0.76774025,
        -0.7589431,
        -0.7479687,
        -0.7277956,
        -0.7153859,
        -0.7395034,
        -0.75511074,
        -0.7838993,
        -0.8068857,
        -0.8809116,
        -0.92446685,
        -0.949425,
        -0.8957336,
        -0.83788466,
        -0.68488836,
        -0.48207474,
        -0.2410798,
        0.03614235,
        0.33331585,
        0.6604109,
        1.0342007,
        1.44239,
        1.8673248,
        2.2885923,
        2.5662148,
        2.6703656,
        2.6148472,
        2.5453644,
        2.528693,
        2.4785187,
        2.4564266,
        2.3848479,
        2.2551808,
        2.0014293,
        1.5583625,
        1.0196335,
        0.54644895,
        0.07814813,
        -0.35757637,
        -0.7834928,
        -1.2684137,
        -1.8006196,
        -2.3666177,
        -2.9679554,
        -3.7017226,
        -4.6310244,
        -5.848819,
        -7.2486095,
        -8.544369,
        -9.725399,
        -10.677973,
        -11.506181,
        -12.070437,
        -12.423241,
        -12.515209,
        -12.4027605,
        -12.124025,
        -11.856252,
        -11.616181,
        -11.47968,
        -11.368673,
        -11.132614,
        -10.875801,
        -10.57699,
        -10.298131,
        -10.012505,
        -9.67202,
        -9.284016,
        -8.844435,
        -8.385554,
        -7.9136124,
        -7.4472475,
        -6.9861507,
        -6.5854583,
        -6.2047167,
        -5.789172,
        -5.4110513,
        -4.994219,
        -4.5795794,
        -4.107648,
        -3.657649,
        -3.1651213,
        -2.718732,
        -2.2348473,
        -1.8021007,
        -1.3893008,
        -0.984478,
        -0.60191584,
        -0.201128,
        0.15998745,
        0.52630854,
        0.8851838,
        1.2311769,
        1.5372477,
        1.7834759,
        1.9884362,
        2.158773,
        2.2581258,
        2.303012,
        2.2909594,
        2.2387338,
        2.1798272,
        2.1165528,
        2.0560365,
        1.9552307,
        1.8788724,
        1.7529907,
        1.6664195,
        1.5454397,
        1.4670658,
        1.3359485,
        1.224164,
        1.0769401,
        0.9470773,
        0.82513475,
        0.72556543,
        0.59350777,
        0.4864545,
        0.39247656,
        0.30425262,
        0.2168374,
        0.14422703,
        0.1147933,
        0.07552624,
        0.040483475,
        0.014258862,
        -0.015174389,
        -0.038160324,
        -0.044930935,
        -0.08064699,
        -0.10435963,
        -0.103877544,
        -0.13139486,
        -0.14354038,
        -0.13776588,
        -0.14276028,
        -0.18263626,
        -0.19302702,
        -0.22440338,
        -0.2292552,
        -0.19583368,
        -0.1650567
    ],