{
    "class": "xpos",
    "duration_ms": 700,
    "x": [
        0.009755611,
        -0.035089344,
        -0.030508459,
        -0.024037927,
        -0.04408163,
        -0.04047522,
        -0.022874773,
        -0.062548876,
        -0.09692904,
        -0.17292173,
        -0.2612682,
        -0.32379174,
        -0.41818723,
        -0.45019454,
        -0.41286397,
        -0.49372238,
        -0.51248497,
        -0.554226,
        -0.6770305,
        -0.8331791,
        -1.0314825,
        -1.203671,
        -1.6103811,
        -1.7307838,
        -1.7577171,
        -1.7572861,
        -1.7521497,
        -2.057408,
        -2.4514542,
        -2.719102,
        -2.8202636,
        -2.7213852,
        -2.6571136,
        -2.648208,
        -2.5688648,
        -2.5951314,
        -2.4910464,
        -2.3902707,
        -2.374462,
        -2.4025493,
        -2.5743685,
        -2.5101275,
        -2.5048153,
        -2.2541575,
        -1.8787136,
        -1.5010517,
        -1.1551586,
        -0.66722506,
        -0.0703702,
        0.6401391,
        1.4297355,
        2.2087169,
        3.2032933,
        4.9061656,
        6.9337816,
        9.423386,
        11.581861,
        13.725887,
        15.831227,
        17.562025,
        18.63018,
        18.78054,
        18.374096,
        17.77044,
        16.852985,
        15.704138,
        14.472275,
        13.248994,
        12.131484,
        11.154033,
        10.244797,
        9.318733,
        8.399959,
        7.496461,
        6.6142597,
        5.671107,
        4.6599555,
        3.5797625,
        2.4223073,
        1.2673563,
        0.15567029,
        -0.9204937,
        -2.0127478,
        -3.183582,
        -4.4224763,
        -5.710366,
        -7.0167074,
        -8.280287,
        -9.071262,
        -10.08993,
        -11.2177515,
        -11.984621,
        -12.514875,
        -12.857513,
        -12.9394455,
        -12.842394,
        -12.6283455,
        -12.43321,
        -12.053528,
        -11.487765,
        -10.721146,
        -9.847555,
        -8.946887,
        -8.00064,
        -7.067072,
        -6.19747,
        -5.3503647,
        -4.4750977,
        -3.6447792,
        -2.7907515,
        -1.9682271,
        -1.1094632,
        -0.30666542,
        0.50156355,
        1.2046537,
        1.7661145,
        2.1681116,
        2.428472,
        2.6103563,
        2.731101,
        2.8463683,
        2.9375305,
        3.0122054,
        3.0681233,
        3.1245468,
        3.1382205,
        3.0872355,
        3.0068188,
        2.9129448,
        2.7735364,
        2.620961,
        2.4566572,
        2.3128881,
        2.1410787,
        2.005118,
        1.8569726,
        1.7446043,
        1.6922436,
        1.7625887,
        1.8558129,
        2.021072,
        2.1810796,
        2.282287,
        2.347029,
        2.415958,
        2.4506416,
        2.4578016,
        2.3867307,
        2.2628884
    ],
    "y": [
        0.016934872,
        0.03870392,
        0.029685497,
        0.065957546,
        0.06869459,
        0.12603998,
        0.15194368,
        0.16086388,
        0.1577425,
        0.104935646,
        0.11951208,
        0.14653778,
        0.20256329,
        0.24677324,
        0.28110456,
        0.24539518,
        0.13951683,
        0.077635765,
        0.094703674,
        0.099925995,
        0.0775671,
        -0.04183674,
        -0.43104267,
        -0.3054595,
        -0.036993504,
        0.18784857,
        0.07755089,
        0.25251675,
        0.38796234,
        0.3888259,
        0.18376589,
        -0.16275835,
        -0.40822363,
        -0.6132159,
        -0.8447604,
        -0.9510951,
        -1.0403214,
        -1.2263427,
        -1.5028486,
        -1.8734932,
        -2.5705042,
        -2.9940195,
        -3.3243387,
        -3.374885,
        -3.2404814,
        -3.0151682,
        -2.646844,
        -2.2076995,
        -1.857851,
        -1.5754371,
        -1.315119,
        -1.0555472,
        -0.7444086,
        -0.1817398,
        0.64964485,
        1.5756977,
        2.1793287,
        2.4389942,
        2.3294642,
        2.0344253,
        1.7854452,
        1.7893384,
        1.9846258,
        2.175789,
        2.298332,
        2.2417715,
        2.2087402,
        2.2125015,
        2.2615154,
        2.3070664,
        2.2907135,
        2.0539618,
        1.6750593,
        1.1150193,
        0.37311983,
        -0.55612063,
        -1.5871304,
        -2.6030722,
        -3.5300791,
        -4.4467425,
        -5.339975,
        -6.2291555,
        -7.011148,
        -7.7139444,
        -8.234237,
        -8.56023,
        -8.712042,
        -8.896923,
        -8.966627,
        -8.821848,
        -8.538771,
        -8.279815,
        -8.116286,
        -8.109821,
        -8.120612,
        -8.106476,
        -7.996011,
        -7.752943,
        -7.366812,
        -7.015607,
        -6.687969,
        -6.3516445,
        -5.9966435,
        -5.6614056,
        -5.2986546,
        -4.8971434,
        -4.505231,
        -4.106567,
        -3.749348,
        -3.3979905,
        -3.0621035,
        -2.7561092,
        -2.467838,
        -2.2090688,
        -1.9697008,
        -1.7180159,
        -1.4630306,
        -1.1947663,
        -0.91510534,
        -0.6046448,
        -0.28927946,
        0.012309551,
        0.27668858,
        0.49951172,
        0.7167764,
        0.9691739,
        1.153749,
        1.3443413,
        1.4662704,
        1.5738435,
        1.6351614,
        1.6540494,
        1.6488037,
        1.611629,
        1.5349293,
        1.4783196,
        1.3890939,
        1.2411404,
        1.0897565,
        0.94226694,
        0.8084488,
        0.6838207,
        0.62389517,
        0.5596905,
        0.4821205,
        0.40093088,
        0.37107134,
        0.33256197,
        0.2969575
    ],