{
    "class": "xpos",
    "duration_ms": 700,
    "x": [
        2.7126024,
        3.471229,
        4.316461,
        5.3440337,
        6.7061715,
        8.263085,
        9.953032,
        11.699399,
        13.285818,
        14.488626,
        14.976447,
        14.739231,
        14.450535,
        13.731576,
        12.531011,
        11.130116,
        9.660633,
        8.268937,
        6.88389,
        5.587934,
        4.2913246,
        3.0193138,
        1.7869697,
        0.6063168,
        -0.5156741,
        -1.6087718,
        -2.553096,
        -3.422644,
        -4.205448,
        -4.918396,
        -5.673791,
        -6.441583,
        -7.2810755,
        -8.278555,
        -9.356455,
        -10.472549,
        -11.465391,
        -12.27229,
        -12.870117,
        -13.256178,
        -13.488237,
        -13.662397,
        -13.726342,
        -13.694628,
        -13.454855,
        -13.009846,
        -12.34333,
        -11.451017,
        -10.43397,
        -9.41234,
        -8.3940735,
        -7.3802614,
        -6.424692,
        -5.564525,
        -4.7391005,
        -3.947346,
        -3.1345105,
        -2.3071666,
        -1.5142905,
        -0.68959975,
        0.09468949,
        0.80480987,
        1.4263393,
        1.9591241,
        2.4220266,
        2.8402984,
        3.2194772,
        3.6434982,
        4.081416,
        4.473623,
        4.8490267,
        5.162399,
        5.377971,
        5.4885807,
        5.541902,
        5.520867,
        5.4440722,
        5.265047,
        5.03292,
        4.7250395,
        4.395435,
        4.0718966,
        3.7943933,
        3.595935,
        3.4167395,
        3.2452385,
        3.091329,
        2.94128,
        2.7835908,
        2.6279707,
        2.4551513,
        2.3079886,
        2.1431139,
        2.0032113,
        1.9407868,
        1.9222395,
        1.8997477,
        1.8494407,
        1.7736758,
        1.7058245,
        1.662336,
        1.5376612,
        1.4223412,
        1.3018298,
        1.1710081,
        1.0676917,
        1.0250052,
        1.0333326,
        1.0806695,
        1.1315749,
        1.1508977,
        1.1251324,
        1.1026293,
        1.0721967,
        0.99592143,
        0.9173207,
        0.805478,
        0.67238545,
        0.53456235,
        0.36769652,
        0.20701298,
        0.044547655,
        -0.084765546,
        -0.20312053,
        -0.33262834,
        -0.39733532,
        -0.433343,
        -0.40481868,
        -0.37135112,
        -0.32055843,
        -0.20391193,
        -0.08771199,
        0.019128598,
        0.090767264,
        0.14178616,
        0.1913788,
        0.1869837,
        0.17181805,
        0.13866454,
        0.07343544,
        0.04770826,
        -0.020061918,
        -0.04430571,
        -0.11633514,
        -0.1863707,
        -0.2452712,
        -0.31262794,
        -0.33380714,
        -0.34484908,
        -0.33138305
    ],
    "y": [
        1.0737066,
        1.3234925,
        1.5702281,
        1.817091,
        2.0309072,
        2.2491512,
        2.291397,
        2.1925669,
        1.9994698,
        1.7782764,
        1.6122074,
        1.5206656,
        1.3591161,
        1.2942438,
        1.2481337,
        1.0970366,
        0.92251825,
        0.69112086,
        0.47939634,
        0.24155831,
        0.03184676,
        -0.18897724,
        -0.51533985,
        -0.8455858,
        -1.3363819,
        -1.8597492,
        -2.5365014,
        -3.348489,
        -4.2773323,
        -5.261532,
        -6.258335,
        -7.2294683,
        -8.029396,
        -8.584432,
        -8.897406,
        -9.018986,
        -9.023546,
        -9.030097,
        -9.087536,
        -9.08632,
        -9.136894,
        -9.019843,
        -8.827127,
        -8.519226,
        -8.195534,
        -7.88636,
        -7.6628485,
        -7.5127316,
        -7.3761797,
        -7.1891956,
        -6.9359922,
        -6.6294837,
        -6.291997,
        -5.8929067,
        -5.487784,
        -5.076891,
        -4.667501,
        -4.2955256,
        -3.9488366,
        -3.595917,
        -3.2602534,
        -2.8526886,
        -2.4588318,
        -2.0300348,
        -1.6183572,
        -1.2422419,
        -0.9058466,
        -0.6253495,
        -0.4671631,
        -0.30424738,
        -0.16550541,
        -0.034570694,
        0.10730076,
        0.29789448,
        0.54143906,
        0.8111162,
        1.0155873,
        1.1713047,
        1.2826052,
        1.3538213,
        1.401258,
        1.4030371,
        1.3804317,
        1.342895,
        1.2759585,
        1.2130456,
        1.1469889,
        1.0922446,
        1.0083323,
        0.9386835,
        0.8717098,
        0.76704407,
        0.7133961,
        0.6581445,
        0.598752,
        0.539886,
        0.4957714,
        0.4447465,
        0.43446875,
        0.3762946,
        0.33723497,
        0.33149385,
        0.32797194,
        0.36021805,
        0.34457302,
        0.31938267,
        0.30134964,
        0.24496126,
        0.2029419,
        0.117881775,
        0.07356405,
        0.074810505,
        0.05958748,
        0.099960804,
        0.11485529,
        0.114108086,
        0.112261295,
        0.111736774,
        0.114786625,
        0.14037323,
        0.18340254,
        0.2149005,
        0.23234749,
        0.24754667,
        0.22685528,
        0.20845127,
        0.19938135,
        0.16371584,
        0.14213371,
        0.10838652,
        0.07215023,
        0.06938791,
        0.06913948,
        0.06925106,
        0.045978546,
        0.040144444,
        0.03738308,
        0.06638527,
        0.04096222,
        0.035211563,
        0.029861927,
        0.01271677,
        -0.02369833,
        -0.050982475,
        -0.05741167,
        -0.08612585,
        -0.07739544,
        -0.06703615,
        -0.057273865,
        -0.057550907
    ],