{
    "class": "xpos",
    "duration_ms": 700,
    "x": [
        0.08431232,
        0.16954559,
        0.22137964,
        0.29976785,
        0.30724865,
        0.2824182,
        0.25153953,
        0.19084066,
        0.114613414,
        0.03686905,
        -0.073525906,
        -0.15483409,
        -0.23840392,
        -0.305466,
        -0.36565325,
        -0.4213161,
        -0.44874927,
        -0.44810626,
        -0.45995915,
        -0.44611442,
        -0.45897555,
        -0.43159997,
        -0.3760303,
        -0.3447519,
        -0.2972006,
        -0.29036888,
        -0.2742387,
        -0.301216,
        -0.3140757,
        -0.29154357,
        -0.23845163,
        -0.17359564,
        -0.084953636,
        0.013177395,
        0.16855156,
        0.2955882,
        0.40667844,
        0.4902612,
        0.55605704,
        0.5492978,
        0.61511093,
        0.6579171,
        0.806298,
        0.9669808,
        1.085464,
        1.2047457,
        1.3081138,
        1.3954182,
        1.4401742,
        1.4278274,
        1.5339916,
        1.7360888,
        2.0572453,
        2.4450529,
        2.968618,
        3.641791,
        4.5235324,
        5.5035295,
        6.493529,
        7.359823,
        8.063715,
        8.498442,
        8.898988,
        8.836696,
        8.74858,
        8.838573,
        8.764142,
        8.602328,
        8.282666,
        7.838664,
        7.4745927,
        7.0553365,
        6.636935,
        6.180327,
        5.700059,
        5.251673,
        4.782612,
        4.2519274,
        3.663766,
        3.010258,
        2.2979217,
        1.6434301,
        0.9504068,
        0.32320452,
        -0.28713417,
        -0.8670707,
        -1.3740301,
        -1.8443692,
        -2.3045514,
        -2.7686903,
        -3.270021,
        -3.8486729,
        -4.506623,
        -5.2244854,
        -5.9546967,
        -6.726369,
        -7.51566,
        -8.279544,
        -8.991536,
        -9.66843,
        -10.192993,
        -10.560569,
        -10.773663,
        -10.861172,
        -10.88335,
        -10.809553,
        -10.673651,
        -10.464043,
        -10.181169,
        -9.875465,
        -9.537577,
        -9.184355,
        -8.813586,
        -8.444431,
        -8.074563,
        -7.706438,
        -7.30896,
        -6.9230366,
        -6.496242,
        -6.031042,
        -5.4987006,
        -4.9654074,
        -4.308071,
        -3.6089327,
        -2.923945,
        -2.2298899,
        -1.5871532,
        -0.9749315,
        -0.36553502,
        0.25667298,
        0.91478896,
        1.5816852,
        2.290145,
        3.027689,
        3.643038,
        4.187985,
        4.610498,
        4.896023,
        5.0530324,
        5.141998,
        5.17807,
        5.1958966,
        5.184953,
        5.120477,
        5.0206943,
        4.9587107,
        4.9218216,
        4.92388
    ],
    "y": [
        -0.008394241,
        0.00141716,
        0.028101921,
        0.0072464943,
        0.031651974,
        0.050949574,
        0.024627686,
        0.012372494,
        0.021098614,
        -0.004000187,
        -0.012811661,
        -0.007817268,
        -0.015178204,
        -0.03234911,
        -0.023586273,
        -0.0268507,
        -0.07514858,
        -0.051506996,
        -0.034576893,
        0.004272938,
        0.0008635521,
        -0.0086865425,
        -0.03145075,
        -0.03632021,
        -0.037817,
        -0.062191963,
        -0.05932665,
        -0.0746932,
        -0.046371937,
        -0.041036606,
        -0.05600977,
        -0.062598705,
        -0.056105614,
        -0.05306244,
        -0.051092625,
        -0.047911644,
        0.0062298775,
        0.051352978,
        0.122742176,
        0.15840769,
        0.22974062,
        0.26983595,
        0.2813096,
        0.28561258,
        0.27083206,
        0.27499008,
        0.28594017,
        0.38428593,
        0.48856688,
        0.6082287,
        0.7359886,
        0.81484604,
        0.8855057,
        0.98603153,
        1.1018729,
        1.2630968,
        1.399416,
        1.5177088,
        1.5624933,
        1.5476947,
        1.5041761,
        1.441669,
        1.2815361,
        0.6747408,
        0.89956903,
        1.6968584,
        2.2518635,
        2.2995553,
        1.9473233,
        1.4434671,
        0.9098096,
        0.59760904,
        0.42084312,
        0.3005848,
        0.13175297,
        -0.090156555,
        -0.36239624,
        -0.6535635,
        -0.8775048,
        -1.1180911,
        -1.385057,
        -1.685771,
        -2.0634546,
        -2.4204676,
        -2.8197503,
        -3.2550669,
        -3.7226279,
        -4.2210894,
        -4.782459,
        -5.2902975,
        -5.8075113,
        -6.2628727,
        -6.642646,
        -6.9138985,
        -7.122263,
        -7.2031794,
        -7.190192,
        -7.1404634,
        -7.0417457,
        -6.958097,
        -6.905818,
        -6.870036,
        -6.85261,
        -6.864949,
        -6.8252974,
        -6.769213,
        -6.691502,
        -6.5584154,
        -6.405432,
        -6.260753,
        -6.1215196,
        -5.9513564,
        -5.8169384,
        -5.603286,
        -5.425124,
        -5.2608085,
        -5.146079,
        -5.0138874,
        -4.895222,
        -4.782679,
        -4.668918,
        -4.5295672,
        -4.4454527,
        -4.35135,
        -4.2420416,
        -4.133729,
        -3.9899802,
        -3.8414373,
        -3.6779141,
        -3.4869962,
        -3.2824793,
        -3.039989,
        -2.7975636,
        -2.4952836,
        -2.2194176,
        -1.9678106,
        -1.7170272,
        -1.4891872,
        -1.2202063,
        -0.9274421,
        -0.55902815,
        -0.21125507,
        0.0866003,
        0.2694192,
        0.39412737,
        0.42897844,
        0.4545436,
        0.4509015
    ],