{
    "class": "xpos",
    "duration_ms": 700,
    "x": [
        -1.8074206,
        -1.8881303,
        -1.9400666,
        -1.9297662,
        -1.8264921,
        -1.5496932,
        -1.0878845,
        -0.53139603,
        0.06851566,
        0.6544963,
        1.2240589,
        1.9497817,
        3.019494,
        4.339723,
        5.79261,
        7.2218823,
        8.4485655,
        9.540577,
        10.44259,
        11.109197,
        11.437871,
        11.7992115,
        12.072177,
        12.37322,
        12.803145,
        13.294527,
        13.719581,
        13.8749895,
        13.669804,
        13.047926,
        11.877903,
        10.493771,
        9.130728,
        7.712574,
        6.2009506,
        4.7249117,
        3.3322096,
        2.035461,
        0.8408197,
        -0.30910397,
        -1.4112551,
        -2.4984183,
        -3.6010144,
        -4.8554697,
        -6.329381,
        -8.011308,
        -9.841782,
        -11.723045,
        -13.507034,
        -15.084167,
        -16.34249,
        -16.792156,
        -17.491138,
        -17.497917,
        -17.247427,
        -16.95745,
        -16.265772,
        -15.301216,
        -14.12253,
        -12.980108,
        -11.782116,
        -10.431496,
        -8.921684,
        -7.370386,
        -5.7801824,
        -4.244567,
        -2.7782712,
        -1.4558125,
        -0.33702445,
        0.58878684,
        1.2639247,
        1.8081865,
        2.413057,
        3.1763027,
        3.9753733,
        4.7660675,
        5.3988295,
        5.8768215,
        6.1566944,
        6.230427,
        6.111164,
        5.826664,
        5.404741,
        4.9211593,
        4.4352007,
        4.039467,
        3.7121978,
        3.43859,
        3.2757351,
        3.2116997,
        3.2038844,
        3.2863967,
        3.4648185,
        3.5965009,
        3.6802979,
        3.630906,
        3.4870095,
        3.2219741,
        2.9260561,
        2.5812535,
        2.2461803,
        1.9100456,
        1.6050463,
        1.3155572,
        1.0455182,
        0.84940445,
        0.6911124,
        0.58031815,
        0.5249642,
        0.50682884,
        0.5219942,
        0.583623,
        0.6808897,
        0.788462,
        0.8639722,
        0.8882823,
        0.8632093,
        0.81420004,
        0.72565424,
        0.6489886,
        0.6003633,
        0.526856,
        0.4736272,
        0.45017904,
        0.38270652,
        0.32149947,
        0.30964327,
        0.2827375,
        0.25528297,
        0.2180103,
        0.14006457,
        0.05040258,
        -0.03873071,
        -0.10074681,
        -0.16659102,
        -0.20518434,
        -0.2309019,
        -0.2629966,
        -0.25867498,
        -0.2494787,
        -0.22625214,
        -0.20643249,
        -0.1615893,
        -0.098968565,
        -0.01343748,
        0.04716006,
        0.04253283,
        -0.0076814294
    ],
    "y": [
        -0.21572018,
        -0.18145847,
        -0.18312597,
        -0.21593952,
        -0.23707438,
        -0.21836662,
        -0.24341583,
        -0.24558353,
        -0.16121912,
        -0.007888794,
        0.20648623,
        0.35337257,
        0.51788425,
        0.757308,
        1.1098862,
        1.4626956,
        1.736165,
        1.951448,
        2.117962,
        2.324068,
        2.5123835,
        2.575292,
        2.5656075,
        2.4521852,
        2.2897506,
        1.9795218,
        1.4850521,
        0.87573814,
        0.30504227,
        -0.15454006,
        -0.32974815,
        -0.41838837,
        -0.66824436,
        -1.044915,
        -1.4473133,
        -1.815723,
        -2.1273007,
        -2.4913206,
        -2.9835615,
        -3.6006224,
        -4.314813,
        -5.067051,
        -5.8193135,
        -6.5498223,
        -7.226977,
        -7.766919,
        -8.243784,
        -8.586084,
        -8.880385,
        -9.113035,
        -9.250893,
        -9.250536,
        -9.214779,
        -9.000116,
        -8.754713,
        -8.525557,
        -8.34251,
        -8.191965,
        -8.0721,
        -7.88802,
        -7.62932,
        -7.2744765,
        -6.8622203,
        -6.4552016,
        -6.0106406,
        -5.512006,
        -4.9758644,
        -4.2992673,
        -3.4941442,
        -2.5844343,
        -1.6178069,
        -0.7973776,
        -0.22065449,
        0.120358944,
        0.2551732,
        0.28730726,
        0.32934046,
        0.44785738,
        0.6901741,
        1.0170965,
        1.3583937,
        1.7491951,
        2.0790133,
        2.3285017,
        2.4522057,
        2.4527664,
        2.342328,
        2.2142854,
        2.0900846,
        1.9888287,
        1.8794217,
        1.7811685,
        1.6823273,
        1.6308937,
        1.6125197,
        1.6131005,
        1.5728202,
        1.5729866,
        1.5844674,
        1.5972023,
        1.5842295,
        1.5065565,
        1.4614973,
        1.4173613,
        1.3759446,
        1.3798413,
        1.3117046,
        1.2361302,
        1.1673417,
        1.0838256,
        1.0000558,
        0.92340803,
        0.8494892,
        0.7693515,
        0.73382473,
        0.7314849,
        0.7533331,
        0.7925515,
        0.8567457,
        0.8887844,
        0.8889041,
        0.81886053,
        0.7385936,
        0.6336708,
        0.5538764,
        0.4845128,
        0.40607452,
        0.35151434,
        0.29650116,
        0.26948547,
        0.23439217,
        0.236413,
        0.2537942,
        0.24092293,
        0.27428913,
        0.27255297,
        0.23553562,
        0.2780037,
        0.23723936,
        0.22827291,
        0.23438263,
        0.20814991,
        0.19287872,
        0.15557575,
        0.07040787,
        0.02906084,
        -0.011125088,
        0.005256653
    ],