{
    "class": "xpos",
    "duration_ms": 700,
    "x": [
        -0.75529814,
        -0.77458155,
        -0.7805513,
        -0.74430585,
        -0.7277595,
        -0.71874183,
        -0.71951365,
        -0.71314955,
        -0.7352681,
        -0.76219976,
        -0.827396,
        -0.9049678,
        -0.98112345,
        -1.0469054,
        -1.1121752,
        -1.1510917,
        -1.1806927,
        -1.1441063,
        -1.0698586,
        -0.9149256,
        -0.7482352,
        -0.57127845,
        -0.43546844,
        -0.31588286,
        -0.24757224,
        -0.21103668,
        -0.1440801,
        -0.03961432,
        0.07410121,
        0.23098707,
        0.3887651,
        0.53127325,
        0.66348386,
        0.838084,
        1.0433952,
        1.261059,
        1.5127462,
        1.7924212,
        2.0559447,
        2.2651138,
        2.4583116,
        2.6304514,
        2.7736468,
        2.9490647,
        3.2221894,
        3.7286603,
        4.4208827,
        5.304789,
        6.3557534,
        7.578,
        8.837334,
        9.90629,
        10.778895,
        11.469403,
        11.853019,
        12.531414,
        12.902995,
        12.980316,
        12.834883,
        12.4731,
        11.853887,
        10.976546,
        10.012396,
        9.007023,
        7.9521933,
        6.9240856,
        5.8979416,
        4.9037013,
        3.8684368,
        2.8297577,
        1.8570805,
        0.846046,
        -0.09417844,
        -0.9257462,
        -1.7088785,
        -2.3827598,
        -3.033095,
        -3.6835938,
        -4.3626633,
        -5.101372,
        -5.945219,
        -6.8919973,
        -7.942073,
        -9.016708,
        -10.063492,
        -11.010778,
        -11.87068,
        -12.521907,
        -13.058176,
        -13.426639,
        -13.576551,
        -13.356583,
        -12.875975,
        -12.195978,
        -11.394555,
        -10.537931,
        -9.69739,
        -8.870453,
        -8.088469,
        -7.3592253,
        -6.697845,
        -6.1003895,
        -5.550596,
        -5.0704393,
        -4.5451374,
        -4.056074,
        -3.5146728,
        -2.9304476,
        -2.339017,
        -1.7493906,
        -1.1850173,
        -0.6526754,
        -0.13044548,
        0.33182597,
        0.7536243,
        1.1763856,
        1.5940892,
        2.0080616,
        2.4604812,
        2.9431798,
        3.4003043,
        3.8429158,
        4.276822,
        4.6813655,
        4.980568,
        5.198614,
        5.3137236,
        5.365716,
        5.3033247,
        5.1804466,
        4.9861784,
        4.733455,
        4.4348235,
        4.1700287,
        3.8947978,
        3.6321867,
        3.3600879,
        3.1286387,
        2.926281,
        2.734754,
        2.5576804,
        2.3959396,
        2.1929066,
        2.030375,
        1.8561754,
        1.7232813,
        1.5671887,
        1.4428716,
        1.3380804
    ],
    "y": [
        -0.06999731,
        -0.08725262,
        -0.12028217,
        -0.08094978,
        -0.07655859,
        -0.059453487,
        -0.08181906,
        -0.053454876,
        -0.08902502,
        -0.07884884,
        -0.11147022,
        -0.12736034,
        -0.15523386,
        -0.19030142,
        -0.25146818,
        -0.2815261,
        -0.3138194,
        -0.33158064,
        -0.36559677,
        -0.36097383,
        -0.39148188,
        -0.39496756,
        -0.39041138,
        -0.36585474,
        -0.3235135,
        -0.28000116,
        -0.2541523,
        -0.23606873,
        -0.22087002,
        -0.22961712,
        -0.2405181,
        -0.21320057,
        -0.18342257,
        -0.17276001,
        -0.17412043,
        -0.13549948,
        -0.06935835,
        -0.0050992966,
        0.052624702,
        0.103229046,
        0.14630318,
        0.22719955,
        0.34328127,
        0.4824171,
        0.67327404,
        0.79109097,
        0.96686554,
        1.073142,
        1.1353722,
        1.1382427,
        1.0594249,
        0.92222357,
        0.8265281,
        0.86535835,
        1.0865088,
        1.1962476,
        1.1385345,
        0.83634186,
        0.35189533,
        -0.16644049,
        -0.6447673,
        -1.071888,
        -1.4798834,
        -1.8558342,
        -2.1369147,
        -2.2990086,
        -2.4760733,
        -2.6181276,
        -2.692231,
        -2.7468023,
        -2.8352723,
        -2.901219,
        -3.0246856,
        -3.2950354,
        -3.6413476,
        -4.090869,
        -4.6253023,
        -5.235927,
        -5.8855286,
        -6.468112,
        -6.925805,
        -7.232189,
        -7.387432,
        -7.3581953,
        -7.244792,
        -7.094382,
        -6.879323,
        -6.6261663,
        -6.4037313,
        -6.1319222,
        -5.907238,
        -5.6918335,
        -5.562434,
        -5.4663925,
        -5.4516573,
        -5.463586,
        -5.443035,
        -5.371927,
        -5.223002,
        -5.0266805,
        -4.742014,
        -4.4645624,
        -4.1846666,
        -3.8590813,
        -3.5477207,
        -3.2313046,
        -3.0006106,
        -2.8123112,
        -2.716279,
        -2.6165757,
        -2.5009387,
        -2.4003367,
        -2.2930155,
        -2.22426,
        -2.105076,
        -1.9734964,
        -1.814913,
        -1.6623135,
        -1.4702783,
        -1.2938371,
        -1.1405168,
        -0.9846153,
        -0.8315115,
        -0.68927,
        -0.5728135,
        -0.4781623,
        -0.35575056,
        -0.21094513,
        -0.015627384,
        0.19344664,
        0.42059278,
        0.6078558,
        0.75016165,
        0.8472729,
        0.87742853,
        0.8883438,
        0.8586383,
        0.8147464,
        0.7832446,
        0.75723743,
        0.70837307,
        0.6851678,
        0.6546526,
        0.6174021,
        0.6288252,
        0.63427925,
        0.60050535,
        0.5443506,
        0.4707055
    ],