{
    "class": "xpos",
    "duration_ms": 700,
    "x": [
        -0.16240455,
        -0.15434808,
        -0.1438821,
        -0.121133775,
        -0.10035345,
        -0.100574836,
        -0.1145125,
        -0.13270031,
        -0.1577312,
        -0.16383632,
        -0.17261603,
        -0.16779353,
        -0.19953114,
        -0.19877118,
        -0.21329752,
        -0.23581254,
        -0.27352652,
        -0.340769,
        -0.41145924,
        -0.4762728,
        -0.5831359,
        -0.739261,
        -0.89730346,
        -1.0669681,
        -1.2365164,
        -1.3847814,
        -1.4955494,
        -1.6118603,
        -1.7052974,
        -1.7877283,
        -1.8305745,
        -1.845982,
        -1.8981943,
        -1.9297135,
        -1.940486,
        -1.9229144,
        -1.838166,
        -1.6023881,
        -1.1962936,
        -0.7171473,
        -0.14926457,
        0.5185889,
        1.2284498,
        1.8650429,
        2.5193415,
        3.2394123,
        4.134248,
        5.2602854,
        6.528837,
        7.967474,
        9.435203,
        10.695504,
        11.503496,
        12.69286,
        13.90311,
        14.709394,
        15.058096,
        15.1010275,
        14.811929,
        14.245424,
        13.365165,
        12.341191,
        11.179568,
        9.856567,
        8.36463,
        6.7048707,
        4.9429207,
        3.1435094,
        1.4114687,
        -0.23699808,
        -1.5513325,
        -2.9248915,
        -4.509513,
        -5.931582,
        -7.0217333,
        -8.259829,
        -9.449747,
        -10.672265,
        -12.004089,
        -13.424552,
        -14.839128,
        -16.037743,
        -17.25633,
        -18.16355,
        -18.683813,
        -18.784063,
        -18.30044,
        -17.276432,
        -15.602045,
        -13.896046,
        -12.221975,
        -10.55,
        -8.862661,
        -7.2615147,
        -5.828466,
        -4.5003767,
        -3.3532457,
        -2.2932565,
        -1.284286,
        -0.2949164,
        0.68036056,
        1.6477892,
        2.6044173,
        3.4927044,
        4.30315,
        4.9806266,
        5.4983516,
        5.812598,
        6.041881,
        6.1583004,
        6.4302564,
        6.8052864,
        7.2569485,
        7.6175056,
        7.8221607,
        7.88963,
        7.7518353,
        7.4122176,
        6.953101,
        6.3107834,
        5.603433,
        4.8864703,
        4.182117,
        3.5537918,
        2.9772034,
        2.5075428,
        2.1283457,
        1.8184085,
        1.6189998,
        1.4491636,
        1.3527399,
        1.2607635,
        1.2453206,
        1.227884,
        1.2373533,
        1.2594877,
        1.3038069,
        1.3075564,
        1.2939689,
        1.2815893,
        1.2697116,
        1.2146918,
        1.1544319,
        1.0694977,
        1.0025122,
        0.924421,
        0.8253578,
        0.7243116,
        0.66671586
    ],
    "y": [
        -0.05349064,
        -0.069173336,
        -0.057896614,
        -0.029446602,
        -0.0005159378,
        0.00040102005,
        0.004193306,
        0.008418083,
        0.005856514,
        -0.010651588,
        -0.0008120537,
        -0.0029244423,
        -0.031155586,
        -0.02858591,
        -0.02644968,
        -0.039127827,
        -0.040497303,
        -0.04729414,
        -0.038126945,
        -0.060539246,
        -0.090614796,
        -0.14969683,
        -0.17336321,
        -0.2091918,
        -0.22834349,
        -0.2116189,
        -0.21135902,
        -0.22981548,
        -0.2834134,
        -0.32209826,
        -0.38635445,
        -0.4546852,
        -0.562788,
        -0.63894844,
        -0.72586584,
        -0.7305312,
        -0.71269226,
        -0.6695504,
        -0.6033807,
        -0.5380573,
        -0.45194387,
        -0.36876583,
        -0.2315073,
        -0.038243294,
        0.11360693,
        0.27378654,
        0.42289305,
        0.56071377,
        0.6799402,
        0.87078476,
        1.1557665,
        1.4185481,
        1.6246595,
        1.8551111,
        1.8832574,
        1.5813651,
        0.98936415,
        0.2428093,
        -0.49424314,
        -1.1534977,
        -1.7241588,
        -2.1735363,
        -2.4572542,
        -2.6319318,
        -2.912761,
        -3.2688012,
        -3.6578681,
        -3.9215498,
        -4.019273,
        -4.0040693,
        -3.887833,
        -4.0339837,
        -4.341515,
        -4.663886,
        -5.1122494,
        -5.5221105,
        -5.7909226,
        -5.928302,
        -5.900793,
        -5.730529,
        -5.349196,
        -4.890006,
        -4.8255205,
        -4.6056676,
        -4.6630816,
        -4.740485,
        -4.7661977,
        -4.851927,
        -4.8792176,
        -4.943098,
        -5.074517,
        -5.2522645,
        -5.4886646,
        -5.685792,
        -5.846728,
        -5.8459277,
        -5.7430706,
        -5.5790286,
        -5.3565555,
        -5.135843,
        -4.9051666,
        -4.6219826,
        -4.2486577,
        -3.8317516,
        -3.3630307,
        -2.9564264,
        -2.5724497,
        -2.2124503,
        -1.8966141,
        -1.566277,
        -1.2055807,
        -0.7434449,
        -0.2473073,
        0.26786757,
        0.62430954,
        0.8141465,
        0.89435244,
        0.8672924,
        0.87406445,
        0.9028244,
        0.96347475,
        1.0397048,
        1.1201663,
        1.1983371,
        1.2629051,
        1.2956028,
        1.32587,
        1.2970061,
        1.2382746,
        1.1812463,
        1.1165991,
        1.0470209,
        0.99177647,
        0.91986656,
        0.86724377,
        0.8074622,
        0.75234747,
        0.663568,
        0.61254215,
        0.5510044,
        0.47155333,
        0.4145527,
        0.36777735,
        0.30223036,
        0.29896355,
        0.26441765,
        0.2222228,
        0.15054274,
        0.09463596
    ],