{
    "class": "xpos",
    "duration_ms": 700,
    "x": [
        0.42688608,
        0.64974135,
        0.8793279,
        1.0781128,
        1.3395162,
        1.5143597,
        1.6422207,
        1.7263339,
        1.7888539,
        1.8014619,
        1.725926,
        1.6141912,
        1.4795864,
        1.3450466,
        1.2662239,
        1.1491187,
        1.0552711,
        0.9293096,
        0.80692893,
        0.7120617,
        0.57800305,
        0.43838465,
        0.31242162,
        0.20291114,
        0.107952714,
        0.035016,
        -0.039884865,
        -0.10248512,
        -0.14110142,
        -0.23224354,
        -0.25153798,
        -0.30675024,
        -0.37145406,
        -0.41954556,
        -0.46316454,
        -0.5216788,
        -0.59768826,
        -0.6819231,
        -0.748688,
        -0.8435348,
        -0.91610456,
        -0.9831843,
        -1.0543627,
        -1.1417723,
        -1.2503865,
        -1.3465812,
        -1.4495713,
        -1.5135773,
        -1.5355575,
        -1.5100212,
        -1.4743402,
        -1.3798928,
        -1.269383,
        -1.1499736,
        -0.9523295,
        -0.6951823,
        -0.36598727,
        -0.03322363,
        0.41426623,
        1.0567377,
        1.9505926,
        3.2762234,
        4.900492,
        6.611818,
        8.243677,
        9.805841,
        11.252228,
        12.395281,
        13.266733,
        13.7635,
        13.658109,
        13.098356,
        12.595675,
        11.887085,
        11.012873,
        10.182716,
        9.283516,
        8.333302,
        7.3159056,
        6.2463818,
        5.123484,
        4.01068,
        2.8265939,
        1.5233605,
        0.0729934,
        -1.5096915,
        -3.164137,
        -4.838691,
        -6.470934,
        -7.948913,
        -9.327542,
        -10.775414,
        -12.242678,
        -13.643329,
        -14.965416,
        -16.082298,
        -16.953686,
        -17.499022,
        -17.726038,
        -17.515224,
        -17.000896,
        -16.128565,
        -14.959862,
        -13.559871,
        -12.044542,
        -10.451612,
        -8.849722,
        -7.2924943,
        -5.8214498,
        -4.3589745,
        -2.891789,
        -1.3967903,
        0.10411999,
        1.4726061,
        2.75531,
        3.8252199,
        4.67762,
        5.3412023,
        5.8587027,
        6.3156486,
        6.7185264,
        7.0285606,
        7.2423654,
        7.3892126,
        7.3897433,
        7.2473574,
        6.893143,
        6.38973,
        5.804169,
        5.1890936,
        4.6521206,
        4.225432,
        3.8963342,
        3.6789825,
        3.4704828,
        3.280717,
        3.115146,
        2.9362445,
        2.730259,
        2.4496706,
        2.17158,
        1.951209,
        1.7265172,
        1.5910382,
        1.5069238,
        1.4219205,
        1.2715014,
        1.1512016
    ],
    "y": [
        -0.29042482,
        -0.2221365,
        -0.114589214,
        0.036659718,
        0.1431725,
        0.21467352,
        0.28683233,
        0.3449359,
        0.43124247,
        0.48281693,
        0.49203396,
        0.47981906,
        0.39115334,
        0.28780007,
        0.2361536,
        0.17172384,
        0.15476608,
        0.164181,
        0.17659402,
        0.23087049,
        0.2676263,
        0.30175972,
        0.3455403,
        0.3490286,
        0.3672607,
        0.31887412,
        0.25661445,
        0.187706,
        0.117054224,
        0.06365132,
        0.046391726,
        -0.0257051,
        -0.03559327,
        -0.06940055,
        -0.12478948,
        -0.15633798,
        -0.17611313,
        -0.18176818,
        -0.20187712,
        -0.18379354,
        -0.1825118,
        -0.17390275,
        -0.19835544,
        -0.21968722,
        -0.29495478,
        -0.3379171,
        -0.3939731,
        -0.49186587,
        -0.540797,
        -0.59587216,
        -0.6165471,
        -0.6531162,
        -0.6674628,
        -0.68822527,
        -0.6914849,
        -0.65805984,
        -0.5616107,
        -0.4022143,
        -0.16796851,
        0.08602452,
        0.364527,
        0.67917585,
        1.012227,
        1.3267622,
        1.6930497,
        2.0597348,
        2.4192035,
        2.7114067,
        2.685194,
        2.3839319,
        2.0881321,
        1.939693,
        1.6506243,
        1.4306214,
        1.271188,
        1.1591408,
        1.0454192,
        0.8687997,
        0.6400025,
        0.3599496,
        -0.035077572,
        -0.5013499,
        -1.0625563,
        -1.7305871,
        -2.4415514,
        -3.0657191,
        -3.5845203,
        -4.145295,
        -4.780828,
        -5.5097885,
        -6.2496834,
        -6.9955015,
        -7.4756875,
        -7.750309,
        -7.88357,
        -7.991626,
        -8.14253,
        -8.336419,
        -8.491286,
        -8.555901,
        -8.500403,
        -8.454974,
        -8.334526,
        -8.1358185,
        -7.8776197,
        -7.5747223,
        -7.247697,
        -6.853384,
        -6.480819,
        -6.109319,
        -5.732731,
        -5.3733625,
        -5.0201263,
        -4.609419,
        -4.1139207,
        -3.5017383,
        -2.8505886,
        -2.1567936,
        -1.4857666,
        -0.91697717,
        -0.41001368,
        -0.0010535717,
        0.33090353,
        0.5494981,
        0.7137103,
        0.8224852,
        0.970479,
        1.1374807,
        1.279624,
        1.406287,
        1.4911458,
        1.507693,
        1.4486859,
        1.3717124,
        1.2580161,
        1.1652641,
        1.0794847,
        1.034627,
        1.0141704,
        1.0231094,
        1.0303476,
        0.9904313,
        0.9414859,
        0.900095,
        0.83243775,
        0.7528298,
        0.63027835,
        0.5726507
    ],