{
    "class": "xpos",
    "duration_ms": 700,
    "x": [
        -0.2877872,
        -0.38575727,
        -0.4587097,
        -0.5161329,
        -0.53198016,
        -0.5068263,
        -0.3720776,
        -0.23251216,
        -0.09386726,
        0.0859316,
        0.26765037,
        0.44537765,
        0.61024356,
        0.77562094,
        1.055912,
        1.0889301,
        0.8920851,
        0.7000619,
        0.5163381,
        0.32653183,
        0.18221697,
        -0.039720587,
        -0.16784456,
        -0.22323799,
        -0.24500212,
        -0.27168524,
        -0.26977056,
        -0.28652912,
        -0.26888722,
        -0.27886546,
        -0.29965115,
        -0.15620017,
        0.33373192,
        0.03169532,
        -0.49240878,
        -0.76721203,
        -0.90788746,
        -1.0828266,
        -1.2475417,
        -1.4173267,
        -1.3996109,
        -0.9494808,
        -0.8560593,
        -1.0166869,
        -1.2524092,
        -1.4859405,
        -1.6101081,
        -1.5831348,
        -1.6215478,
        -1.5920655,
        -1.6000209,
        -1.6738211,
        -1.896567,
        -2.21298,
        -2.3173914,
        -2.231915,
        -2.0950391,
        -1.8916631,
        -1.7431884,
        -1.6226459,
        -1.4602889,
        -1.1096709,
        -0.4745708,
        0.41972697,
        1.3169134,
        2.1239793,
        2.685758,
        3.0782313,
        3.2755718,
        3.3465407,
        3.4500108,
        3.6370106,
        3.9971035,
        4.5419273,
        5.222021,
        5.9580884,
        6.6690226,
        7.4766064,
        8.356454,
        9.15304,
        9.796934,
        10.248737,
        10.604427,
        10.796612,
        10.879974,
        10.88574,
        10.950558,
        11.136877,
        11.304152,
        11.338068,
        11.020835,
        10.354005,
        9.546285,
        8.62101,
        7.509437,
        6.2783813,
        4.9567842,
        3.589024,
        2.3589666,
        1.427062,
        0.861164,
        0.5843234,
        0.35778436,
        -0.0739187,
        -0.6981733,
        -1.402382,
        -2.1911607,
        -2.932909,
        -3.6563299,
        -4.3468966,
        -5.171838,
        -5.9320965,
        -6.712574,
        -7.2673726,
        -7.7877874,
        -8.295261,
        -8.8187475,
        -9.229617,
        -9.569122,
        -9.978926,
        -10.071834,
        -10.307396,
        -10.482025,
        -10.145704,
        -9.485119,
        -8.7917385,
        -8.193607,
        -7.6894064,
        -7.2733483,
        -6.8946867,
        -6.5772343,
        -6.323186,
        -6.156433,
        -6.0100737,
        -5.9489546,
        -5.8753977,
        -5.73971,
        -5.501771,
        -5.2312584,
        -4.813694,
        -4.232339,
        -3.572487,
        -2.887863,
        -2.1910315,
        -1.5378608,
        -0.9866049,
        -0.41427183,
        0.110440016,
        0.58955985
    ],
    "y": [
        -0.27364063,
        -0.3385105,
        -0.3609848,
        -0.3385849,
        -0.33525562,
        -0.28386545,
        -0.23452806,
        -0.1586361,
        -0.14424372,
        -0.16494608,
        -0.19428205,
        -0.20816374,
        -0.23711443,
        -0.27065325,
        -0.33601332,
        -0.4592862,
        -0.50828934,
        -0.5505905,
        -0.5855055,
        -0.53931713,
        -0.41897488,
        -0.2535324,
        -0.09636974,
        -0.029824257,
        -0.026261806,
        -0.04362583,
        -0.13748074,
        -0.27684164,
        -0.45450115,
        -0.55059814,
        -0.62961006,
        -0.9395852,
        -1.5153375,
        -1.3187041,
        -0.8194175,
        -0.43409872,
        -0.12681055,
        0.12428379,
        0.18315172,
        0.2320571,
        0.19014215,
        0.1678977,
        0.05357647,
        -0.030400753,
        -0.1314969,
        -0.10628843,
        0.037644386,
        0.13472557,
        0.2730217,
        0.2487526,
        0.09772682,
        -0.21811867,
        -0.59574795,
        -0.7100558,
        -0.7097173,
        -0.6949549,
        -0.71548986,
        -0.78290844,
        -0.88268137,
        -0.9430375,
        -1.0237584,
        -1.1197844,
        -1.1828971,
        -1.2035074,
        -1.0720463,
        -0.8418608,
        -0.5832195,
        -0.37811327,
        -0.14799595,
        0.054413795,
        0.25809574,
        0.49201775,
        0.6966953,
        0.8939953,
        1.0672026,
        1.2543507,
        1.455039,
        1.6065292,
        1.7871246,
        2.0007076,
        2.284608,
        2.4636068,
        2.5901709,
        2.561841,
        2.4200315,
        2.1921358,
        1.8532,
        1.5336552,
        1.1674004,
        0.8031368,
        0.44398403,
        0.15294552,
        -0.06889343,
        -0.27044106,
        -0.59633064,
        -1.052465,
        -1.4995222,
        -1.9210997,
        -2.3060312,
        -2.691309,
        -3.097118,
        -3.5102115,
        -3.87639,
        -4.174811,
        -4.393985,
        -4.5679293,
        -4.713895,
        -4.8418636,
        -4.9498906,
        -5.088801,
        -5.1613173,
        -5.199621,
        -5.386562,
        -5.7134285,
        -5.98979,
        -6.171154,
        -6.325092,
        -6.4972067,
        -6.622921,
        -6.5208974,
        -6.4809895,
        -6.1449194,
        -5.692768,
        -5.506606,
        -5.5798416,
        -5.6788306,
        -5.6303244,
        -5.4409294,
        -5.203432,
        -4.9961605,
        -4.820765,
        -4.700612,
        -4.5492315,
        -4.4001346,
        -4.265178,
        -4.1228375,
        -4.0473037,
        -3.9976435,
        -3.9521904,
        -3.9035645,
        -3.8945603,
        -3.8792067,
        -3.737472,
        -3.5382843,
        -3.2311902,
        -2.8998003,
        -2.5226164,
        -2.2526903,
        -2.0420976
    ],