{
    "class": "xpos",
    "duration_ms": 700,
    "x": [
        -0.33002892,
        -0.3608914,
        -0.36730576,
        -0.3491848,
        -0.30888498,
        -0.24156359,
        -0.14931546,
        -0.026801586,
        0.11956293,
        0.2859096,
        0.46842346,
        0.6605753,
        0.8557503,
        1.042514,
        1.2165887,
        1.3639722,
        1.474975,
        1.5607314,
        1.6368482,
        1.7406489,
        1.8977661,
        2.131833,
        2.424052,
        2.7749891,
        3.1420999,
        3.4995918,
        3.840357,
        4.1830606,
        4.5174336,
        4.8401337,
        5.1356487,
        5.3974943,
        5.6309366,
        5.8015437,
        5.9065027,
        5.9645567,
        5.9593396,
        5.908257,
        5.83838,
        5.75297,
        5.6647696,
        5.5624723,
        5.4465785,
        5.30995,
        5.154777,
        4.9734144,
        4.7649384,
        4.528204,
        4.2718654,
        3.9878383,
        3.6660728,
        3.2876055,
        2.8503828,
        2.3569026,
        1.8051705,
        1.1716897,
        0.44929647,
        -0.36664462,
        -1.2909253,
        -2.3465192,
        -3.5330384,
        -4.8186193,
        -6.115594,
        -7.4073257,
        -8.6073675,
        -9.624936,
        -10.490922,
        -11.226097,
        -11.830275,
        -12.27503,
        -12.526815,
        -12.5427685,
        -12.335571,
        -11.9816265,
        -11.506487,
        -10.935959,
        -10.315032,
        -9.669506,
        -9.020343,
        -8.366987,
        -7.7208576,
        -7.0695496,
        -6.412354,
        -5.743346,
        -5.0561166,
        -4.346612,
        -3.613073,
        -2.8680265,
        -2.119242,
        -1.3820037,
        -0.70034266,
        -0.032855775,
        0.6092586,
        1.216815,
        1.7778962,
        2.2851505,
        2.740433,
        3.1596754,
        3.5369682,
        3.8831663,
        4.178281,
        4.4047475,
        4.5426936,
        4.607835,
        4.6086326,
        4.5489874,
        4.4374475,
        4.287502,
        4.1152964,
        3.9277961,
        3.729773,
        3.5405018,
        3.3532941,
        3.1782262,
        3.0182266,
        2.871085,
        2.7345529,
        2.6064837,
        2.494358,
        2.3887284,
        2.2871947,
        2.1941762,
        2.1045842,
        2.0276647,
        1.956015,
        1.8919275,
        1.8353822,
        1.7864165,
        1.7475193,
        1.6973395,
        1.6431054,
        1.5776849,
        1.5035216,
        1.4204814,
        1.3260025,
        1.2343632,
        1.1405554,
        1.0493035,
        0.9677783,
        0.8816831,
        0.8004913,
        0.71684295,
        0.63066036,
        0.55146545,
        0.4768324,
        0.40436208,
        0.338755,
        0.2728541
    ],
    "y": [
        -0.24219036,
        -0.21003246,
        -0.17386532,
        -0.12662888,
        -0.07557583,
        -0.025452614,
        0.023785591,
        0.07452774,
        0.114824295,
        0.15180302,
        0.1806035,
        0.2058301,
        0.2272067,
        0.24200821,
        0.25462818,
        0.26243544,
        0.27017927,
        0.28257656,
        0.30437756,
        0.34504986,
        0.397182,
        0.45351744,
        0.5163102,
        0.58238935,
        0.6577358,
        0.74018574,
        0.83955383,
        0.95384836,
        1.0856919,
        1.2302847,
        1.3922358,
        1.5663438,
        1.7568889,
        1.9515209,
        2.1544642,
        2.3558683,
        2.548358,
        2.7150378,
        2.8582115,
        2.961142,
        3.021594,
        3.034882,
        2.993812,
        2.8934336,
        2.735806,
        2.510944,
        2.227644,
        1.8849831,
        1.5010643,
        1.0631704,
        0.5708089,
        0.03090477,
        -0.53966856,
        -1.1334805,
        -1.7334809,
        -2.3391385,
        -2.9596837,
        -3.568466,
        -4.143529,
        -4.6700306,
        -5.113961,
        -5.46052,
        -5.709164,
        -5.8761797,
        -6.0015917,
        -6.122871,
        -6.1704106,
        -6.1802454,
        -6.166322,
        -6.1300125,
        -6.1082654,
        -6.114065,
        -6.148323,
        -6.1816688,
        -6.197379,
        -6.188542,
        -6.1505346,
        -6.081079,
        -5.9706416,
        -5.835989,
        -5.6722727,
        -5.4771433,
        -5.2674236,
        -5.043398,
        -4.8101244,
        -4.558336,
        -4.295611,
        -4.027179,
        -3.753405,
        -3.4652157,
        -3.1487265,
        -2.8306098,
        -2.518323,
        -2.2121534,
        -1.9029655,
        -1.5767941,
        -1.2459855,
        -0.91333723,
        -0.59845495,
        -0.30920124,
        -0.050919533,
        0.18543339,
        0.41644716,
        0.6278677,
        0.8246732,
        0.9998126,
        1.1462116,
        1.2662492,
        1.3408108,
        1.3796034,
        1.3852992,
        1.3675866,
        1.343348,
        1.2983408,
        1.2446904,
        1.1802087,
        1.1146145,
        1.0409179,
        0.9665165,
        0.8916993,
        0.81916046,
        0.75408363,
        0.7039342,
        0.66410685,
        0.62748814,
        0.5917487,
        0.55206156,
        0.5060282,
        0.45361757,
        0.40437508,
        0.35351992,
        0.30574894,
        0.26573277,
        0.22856474,
        0.19184828,
        0.16030169,
        0.12674427,
        0.09339714,
        0.06722069,
        0.043203354,
        0.021226406,
        -0.0011897087,
        -0.021683693,
        -0.04020548,
        -0.0590024,
        -0.07081795,
        -0.08036566,
        -0.09230423
    ],