{
    "class": "xpos",
    "duration_ms": 700,
    "x": [
        -0.5786606,
        -0.4953028,
        -0.4003619,
        -0.3005131,
        -0.20248035,
        -0.12977132,
        -0.09633349,
        -0.10227507,
        -0.14534302,
        -0.17122552,
        -0.21360154,
        -0.13971877,
        -0.011953026,
        0.16018784,
        0.34604815,
        0.5463114,
        0.76370144,
        0.9554882,
        1.1743935,
        1.3350538,
        1.5429003,
        1.812037,
        2.2111602,
        2.813498,
        3.6398482,
        4.6420865,
        5.6601453,
        6.703906,
        7.4954123,
        8.383607,
        8.96796,
        9.139735,
        8.99757,
        8.491553,
        7.5217505,
        6.6541915,
        6.0953755,
        5.565068,
        4.956743,
        4.284911,
        3.5951557,
        2.8804722,
        2.1245573,
        1.3112729,
        0.49179268,
        -0.3215238,
        -1.0710596,
        -1.7591072,
        -2.3787274,
        -2.961784,
        -3.5860074,
        -4.2794876,
        -5.019924,
        -5.8898225,
        -6.8561783,
        -7.9282866,
        -9.163168,
        -10.424286,
        -11.637341,
        -12.656239,
        -13.365604,
        -13.800674,
        -13.908409,
        -13.7058935,
        -13.237048,
        -12.589206,
        -11.751488,
        -10.683837,
        -9.434262,
        -8.038455,
        -6.543626,
        -5.005813,
        -3.4610648,
        -1.9664615,
        -0.52646136,
        0.8613053,
        2.0798066,
        3.2202308,
        4.253802,
        5.1710587,
        5.933797,
        6.450799,
        6.713835,
        6.705916,
        6.5211463,
        6.166972,
        5.7419605,
        5.263145,
        4.7954216,
        4.332034,
        3.895049,
        3.4663706,
        3.0665925,
        2.714417,
        2.3906991,
        2.134256,
        1.9237789,
        1.742864,
        1.5389183,
        1.4362195,
        1.3652573,
        1.3617375,
        1.3897481,
        1.4350793,
        1.5122025,
        1.5757359,
        1.6161687,
        1.6931753,
        1.732615,
        1.7009941,
        1.6148756,
        1.5384676,
        1.4332976,
        1.3208057,
        1.1844418,
        1.0410087,
        0.9121908,
        0.8242709,
        0.7747433,
        0.7374078,
        0.6694086,
        0.59234864,
        0.52781683,
        0.44920683,
        0.38273633,
        0.2876653,
        0.20956999,
        0.13913453,
        0.09762937,
        0.015476227,
        -0.011878133,
        -0.023083508,
        -0.008794129,
        0.004385531,
        0.062118948,
        0.10000384,
        0.14468706,
        0.15087533,
        0.15462947,
        0.14643228,
        0.114387095,
        0.065509915,
        -0.0027434826,
        -0.047420472,
        -0.11171514,
        -0.13837203,
        -0.17757094,
        -0.1575804
    ],
    "y": [
        -0.170712,
        -0.16350603,
        -0.1485157,
        -0.18764687,
        -0.19976044,
        -0.2065177,
        -0.18666744,
        -0.140347,
        -0.089137554,
        -0.04964304,
        -0.024235725,
        -0.010372162,
        -0.007937908,
        0.011772633,
        0.02022314,
        0.06039667,
        0.14160156,
        0.22546339,
        0.31437826,
        0.38944006,
        0.44630146,
        0.50683403,
        0.5998473,
        0.7442999,
        0.90673065,
        1.1043873,
        1.2948208,
        1.4179244,
        1.3754454,
        1.2607479,
        1.1457787,
        1.1217451,
        1.1217132,
        1.1506248,
        1.2251997,
        1.280489,
        1.1987762,
        1.0226669,
        0.79449606,
        0.58286,
        0.41094732,
        0.21111107,
        0.054671288,
        -0.06607962,
        -0.19694042,
        -0.3431964,
        -0.5555587,
        -0.8366947,
        -1.2398744,
        -1.7201719,
        -2.2614558,
        -2.7714944,
        -3.229937,
        -3.6330814,
        -3.950698,
        -4.2552514,
        -4.4942236,
        -4.6246595,
        -4.6246147,
        -4.567341,
        -4.479931,
        -4.412986,
        -4.373828,
        -4.405905,
        -4.45712,
        -4.5211005,
        -4.6609206,
        -4.839219,
        -5.0785184,
        -5.301325,
        -5.4377885,
        -5.5116725,
        -5.5730376,
        -5.5452685,
        -5.440519,
        -5.190043,
        -4.8208604,
        -4.2860055,
        -3.6511347,
        -2.9435513,
        -2.254946,
        -1.6577744,
        -1.140317,
        -0.68838835,
        -0.2854123,
        0.08997488,
        0.47809124,
        0.83762836,
        1.1295433,
        1.3101802,
        1.472434,
        1.5467596,
        1.6478124,
        1.7420783,
        1.8225236,
        1.8367662,
        1.8092132,
        1.7354317,
        1.632379,
        1.5217037,
        1.4586,
        1.3354812,
        1.2360978,
        1.0959086,
        0.9820156,
        0.8489909,
        0.74720335,
        0.62408686,
        0.50606394,
        0.42900562,
        0.40239286,
        0.37342644,
        0.33720255,
        0.2817707,
        0.2286849,
        0.1923933,
        0.16099453,
        0.15130806,
        0.08446312,
        0.07526922,
        0.10930586,
        0.10044098,
        0.106287956,
        0.08869028,
        0.085962296,
        0.11013365,
        0.12053156,
        0.13869476,
        0.13836622,
        0.13859653,
        0.096196175,
        0.07093239,
        0.048251152,
        0.030472755,
        0.017488003,
        -0.0026755333,
        -0.02047968,
        -0.0048909187,
        0.008157253,
        0.01632166,
        0.017127514,
        0.013046265,
        -0.000828743,
        0.0040364265,
        -0.044215202,
        -0.028391361,
        -0.053842545,
        -0.08225918
    ],