{
    "class": "xpos",
    "duration_ms": 700,
    "x": [
        -0.09082918,
        -0.11217907,
        -0.13275136,
        -0.16440551,
        -0.1786333,
        -0.14478384,
        -0.0918553,
        -0.029587597,
        0.06321278,
        0.13654944,
        0.25007573,
        0.3084155,
        0.31444183,
        0.30888677,
        0.27967703,
        0.2671402,
        0.2045236,
        0.18698114,
        0.16661462,
        0.16266459,
        0.16569868,
        0.15216374,
        0.1534684,
        0.1601125,
        0.11996302,
        0.09760314,
        0.054983854,
        0.0014556646,
        -0.037066817,
        -0.091858625,
        -0.14411137,
        -0.1656082,
        -0.23051308,
        -0.2673716,
        -0.25976965,
        -0.23895335,
        -0.20020507,
        -0.18156403,
        -0.1900259,
        -0.21106212,
        -0.21357116,
        -0.25954324,
        -0.30343127,
        -0.36183617,
        -0.40603057,
        -0.4575214,
        -0.54241323,
        -0.61548233,
        -0.7102634,
        -0.7911654,
        -0.8919232,
        -1.0341803,
        -1.1586491,
        -1.2943151,
        -1.4747725,
        -1.6478803,
        -1.8379787,
        -2.021643,
        -2.235031,
        -2.4379523,
        -2.6402197,
        -2.758993,
        -2.8473818,
        -2.9245875,
        -2.9547832,
        -2.8871062,
        -2.6658933,
        -2.1940103,
        -1.4334056,
        -0.5442585,
        0.29961503,
        1.2088127,
        2.2390347,
        3.3479776,
        4.569635,
        5.960083,
        7.4697113,
        9.067278,
        10.816102,
        12.578163,
        14.104133,
        15.213102,
        15.705747,
        15.620078,
        15.357987,
        15.010083,
        14.646642,
        13.650023,
        12.280215,
        10.858029,
        9.410913,
        7.8567815,
        6.276126,
        4.6631355,
        3.080657,
        1.5017215,
        -0.09255648,
        -1.7624023,
        -3.3982246,
        -4.990356,
        -6.4761267,
        -7.8282847,
        -9.059349,
        -10.116443,
        -11.085143,
        -11.985783,
        -12.802785,
        -13.415464,
        -13.913878,
        -14.33071,
        -14.438238,
        -14.273813,
        -13.951223,
        -13.347625,
        -12.498445,
        -11.446455,
        -10.179581,
        -8.884516,
        -7.618784,
        -6.3775415,
        -5.1943913,
        -4.0774426,
        -2.9487293,
        -1.8353374,
        -0.67284906,
        0.49362957,
        1.5720098,
        2.5834618,
        3.5039582,
        4.383695,
        5.134269,
        5.7558856,
        6.18383,
        6.4702334,
        6.5637546,
        6.562939,
        6.4629593,
        6.304093,
        6.0903583,
        5.827989,
        5.5087595,
        5.1528816,
        4.80926,
        4.4360485,
        4.01797,
        3.6329663,
        3.2539165,
        2.882914
    ],
    "y": [
        -0.018361092,
        0.012760162,
        0.04698372,
        0.07233858,
        0.107708454,
        0.0982399,
        0.08927584,
        0.04742527,
        0.027424335,
        -0.006831169,
        0.006360054,
        4.2915344e-06,
        -0.00455904,
        0.018698692,
        0.048204422,
        0.045948982,
        0.03843069,
        0.032915115,
        -0.017858028,
        -0.008886814,
        -0.014126778,
        -0.047522545,
        0.0028362274,
        0.0059256554,
        0.031060219,
        0.06376982,
        0.07301092,
        0.054329395,
        0.05053711,
        0.02569437,
        0.027281284,
        0.012228489,
        0.0018415451,
        0.010258675,
        -0.0055265427,
        -0.014426231,
        -0.025932312,
        -0.06135273,
        -0.07047224,
        -0.09859371,
        -0.11222601,
        -0.11129999,
        -0.14802408,
        -0.14119959,
        -0.12195587,
        -0.13296509,
        -0.13365412,
        -0.109855175,
        -0.12362909,
        -0.12264919,
        -0.16398525,
        -0.17860174,
        -0.21413851,
        -0.2324605,
        -0.26701498,
        -0.31051302,
        -0.32956266,
        -0.3791089,
        -0.38277674,
        -0.4074359,
        -0.43378448,
        -0.48771572,
        -0.5237732,
        -0.5845599,
        -0.66482115,
        -0.75750256,
        -0.8333006,
        -0.95378256,
        -1.029923,
        -1.0064197,
        -0.8069372,
        -0.5013685,
        -0.10712147,
        0.35831165,
        0.88268995,
        1.3388724,
        1.7314196,
        1.9136262,
        1.9442906,
        1.8382273,
        1.6839776,
        1.550849,
        1.5544262,
        1.7824855,
        1.9172664,
        1.7757735,
        1.4050484,
        0.9070716,
        0.5032749,
        0.085199356,
        -0.30928564,
        -0.61389875,
        -0.89196205,
        -1.2309377,
        -1.6636708,
        -2.2829685,
        -3.002973,
        -3.6647463,
        -4.2394605,
        -4.7750764,
        -5.273908,
        -5.7974534,
        -6.310773,
        -6.747158,
        -7.0322957,
        -7.1752777,
        -7.2112174,
        -7.2208214,
        -7.047887,
        -6.833267,
        -6.5665975,
        -6.2590604,
        -5.833293,
        -5.5248632,
        -5.365693,
        -5.2798653,
        -5.2875595,
        -5.253999,
        -5.195814,
        -5.0031486,
        -4.7052693,
        -4.3482747,
        -3.9400287,
        -3.514498,
        -3.084105,
        -2.680336,
        -2.26756,
        -1.8532729,
        -1.480658,
        -1.1496449,
        -0.86729,
        -0.59042835,
        -0.35954618,
        -0.15776491,
        0.086648464,
        0.37337446,
        0.63025856,
        0.9333544,
        1.2175851,
        1.4920549,
        1.7207093,
        1.9057803,
        2.087963,
        2.178863,
        2.2098255,
        2.1908255,
        2.1148987,
        2.0516105
    ],