{
    "class": "xpos",
    "duration_ms": 700,
    "x": [
        -0.3204258,
        -0.3609876,
        -0.34600484,
        -0.35406804,
        -0.3539747,
        -0.366853,
        -0.32583654,
        -0.33324593,
        -0.34114152,
        -0.36153132,
        -0.37278926,
        -0.3964181,
        -0.44388473,
        -0.47697872,
        -0.52652764,
        -0.5830627,
        -0.653844,
        -0.7196177,
        -0.74000424,
        -0.7080151,
        -0.68802756,
        -0.6488526,
        -0.62393975,
        -0.56809163,
        -0.50770986,
        -0.45005202,
        -0.39754844,
        -0.35496306,
        -0.32226515,
        -0.270769,
        -0.2052778,
        -0.07563555,
        0.17528856,
        0.43331945,
        0.6968802,
        0.92596185,
        1.1380821,
        1.3719358,
        1.6065378,
        1.8922344,
        2.2987716,
        2.7559457,
        3.30362,
        4.0440793,
        4.774404,
        5.4130025,
        5.812412,
        6.0455427,
        6.1257257,
        6.213422,
        6.404458,
        6.7529755,
        7.240094,
        7.8741784,
        8.718922,
        9.444356,
        9.881741,
        9.886661,
        9.448668,
        8.554157,
        7.6379094,
        6.8207364,
        6.032574,
        5.2751937,
        4.4452744,
        3.5827823,
        2.7108715,
        1.8259215,
        0.92641836,
        0.05141318,
        -0.73130226,
        -1.4497759,
        -2.0962455,
        -2.6697137,
        -3.285992,
        -3.9284613,
        -4.584253,
        -5.308903,
        -6.152665,
        -7.0870514,
        -8.114932,
        -9.17298,
        -10.162569,
        -11.131729,
        -11.94939,
        -12.597437,
        -13.026791,
        -13.272101,
        -13.179131,
        -12.936865,
        -12.645262,
        -12.0348015,
        -11.113699,
        -10.116546,
        -9.105394,
        -8.058571,
        -6.9683533,
        -5.884119,
        -4.850494,
        -3.797225,
        -2.7733426,
        -1.801354,
        -0.87949586,
        0.0012117624,
        0.7827511,
        1.4623511,
        2.0708337,
        2.5428889,
        2.9250178,
        3.1963139,
        3.4501524,
        3.7224023,
        4.044128,
        4.4062505,
        4.7591662,
        5.072268,
        5.237821,
        5.2864337,
        5.221793,
        4.985098,
        4.608209,
        4.1370916,
        3.610215,
        3.0858593,
        2.6037014,
        2.2468388,
        1.9841189,
        1.7607541,
        1.610738,
        1.4698994,
        1.3480663,
        1.2766927,
        1.2034413,
        1.1405169,
        1.0737242,
        1.0267347,
        0.9658034,
        0.9051517,
        0.8424896,
        0.7800685,
        0.7798325,
        0.7937391,
        0.78802943,
        0.81767976,
        0.8730978,
        0.91815805,
        0.97903115,
        1.0223632,
        1.0721695
    ],
    "y": [
        -0.13631344,
        -0.13658285,
        -0.11772776,
        -0.11076546,
        -0.077676296,
        -0.061339855,
        -0.040244102,
        -0.050163746,
        -0.050423622,
        -0.0717864,
        -0.050072193,
        -0.052127838,
        -0.06579399,
        -0.052999496,
        -0.0993371,
        -0.10696459,
        -0.14496565,
        -0.16799736,
        -0.19978905,
        -0.21633673,
        -0.2485137,
        -0.24636412,
        -0.24817371,
        -0.23257732,
        -0.2306161,
        -0.22087431,
        -0.22006035,
        -0.19980621,
        -0.19827843,
        -0.19647503,
        -0.21346188,
        -0.22297764,
        -0.25825167,
        -0.2525363,
        -0.27751017,
        -0.21176052,
        -0.098865986,
        -0.0033025742,
        0.09425783,
        0.17991972,
        0.2328701,
        0.35832548,
        0.47394085,
        0.5968151,
        0.7413893,
        0.8597851,
        0.8968878,
        0.93409824,
        1.0503035,
        1.293335,
        1.653377,
        1.9289932,
        1.9211898,
        1.7420669,
        1.4985752,
        1.1615181,
        0.80469084,
        0.5237565,
        0.2880106,
        0.26083565,
        0.38068342,
        0.3851099,
        0.32958698,
        0.12569046,
        -0.11203194,
        -0.35519075,
        -0.5495515,
        -0.73655415,
        -0.88873625,
        -1.0553269,
        -1.3093987,
        -1.6331594,
        -2.0659325,
        -2.599129,
        -3.2075949,
        -3.7922816,
        -4.3809643,
        -4.9415684,
        -5.3889413,
        -5.7783737,
        -6.0422754,
        -6.179612,
        -6.2559137,
        -6.2023025,
        -6.0599766,
        -5.793522,
        -5.5110154,
        -5.1841125,
        -4.8445787,
        -4.550693,
        -4.435143,
        -4.353099,
        -4.3534656,
        -4.43277,
        -4.4851027,
        -4.4815655,
        -4.4200172,
        -4.322157,
        -4.2623463,
        -4.159297,
        -4.020476,
        -3.8341186,
        -3.5910952,
        -3.2538142,
        -2.880536,
        -2.5103679,
        -2.1681194,
        -1.883327,
        -1.6495337,
        -1.4624915,
        -1.2984519,
        -1.145534,
        -0.9534526,
        -0.75115204,
        -0.5629201,
        -0.38449097,
        -0.1901269,
        -0.009130478,
        0.1962843,
        0.43298292,
        0.7153058,
        0.9954896,
        1.2523074,
        1.4143991,
        1.4749541,
        1.4486294,
        1.3430047,
        1.2396297,
        1.1674051,
        1.0761847,
        0.9995322,
        0.93976116,
        0.8633342,
        0.7703557,
        0.6846738,
        0.6399007,
        0.6360483,
        0.63482857,
        0.6075635,
        0.5519581,
        0.4871974,
        0.43460846,
        0.35581636,
        0.2627635,
        0.20546865,
        0.14558268,
        0.11890793,
        0.056093693,
        0.038639545
    ],