{
    "class": "xpos",
    "duration_ms": 700,
    "x": [
        0.014576077,
        0.05174154,
        0.111034036,
        0.21171957,
        0.3825556,
        0.6213898,
        0.8382457,
        1.0627778,
        1.2481194,
        1.4493933,
        1.6544192,
        1.9153612,
        2.2604318,
        2.6654482,
        3.175123,
        3.8246965,
        4.644553,
        5.5418606,
        6.4919667,
        7.2451186,
        7.5227036,
        7.73514,
        8.003449,
        8.104501,
        8.067476,
        7.858168,
        7.364466,
        6.8379054,
        6.493042,
        6.163741,
        5.708025,
        5.168051,
        4.619339,
        4.089829,
        3.5026412,
        2.8523111,
        2.1448865,
        1.3861177,
        0.6131289,
        -0.20827794,
        -1.0357449,
        -1.7741983,
        -2.3425536,
        -2.8341396,
        -3.1885045,
        -3.4671721,
        -3.7003803,
        -3.8801177,
        -4.074732,
        -4.273885,
        -4.4484434,
        -4.6100893,
        -4.768084,
        -4.9317145,
        -5.0961013,
        -5.3208194,
        -5.5965376,
        -5.8807473,
        -6.161857,
        -6.4209657,
        -6.5744653,
        -6.679705,
        -6.6911964,
        -6.6591387,
        -6.583543,
        -6.498021,
        -6.4051714,
        -6.293234,
        -6.1598377,
        -6.026704,
        -5.881764,
        -5.712763,
        -5.5387354,
        -5.3474307,
        -5.1863766,
        -4.9836082,
        -4.7749577,
        -4.5244265,
        -4.2267523,
        -3.9409056,
        -3.6472046,
        -3.3575258,
        -3.1892354,
        -3.008874,
        -2.8313453,
        -2.6161237,
        -2.396565,
        -2.0576644,
        -1.7163384,
        -1.3501953,
        -1.0039067,
        -0.6264559,
        -0.24103725,
        0.17465019,
        0.5257684,
        0.8776362,
        1.2356411,
        1.5477576,
        1.8815928,
        2.100778,
        2.2865255,
        2.421821,
        2.5305092,
        2.6843452,
        2.7995622,
        2.950639,
        3.0925531,
        3.2736633,
        3.391185,
        3.507036,
        3.558521,
        3.5713854,
        3.5306332,
        3.435441,
        3.3037794,
        3.0939445,
        2.857551,
        2.5888996,
        2.366368,
        2.13945,
        1.979965,
        1.8621484,
        1.8011739,
        1.7263515,
        1.6864078,
        1.655535,
        1.5672554,
        1.4912126,
        1.4348001,
        1.4364948,
        1.3981634,
        1.3938844,
        1.3492405,
        1.3044953,
        1.2159235,
        1.1593392,
        1.0862906,
        1.0154772,
        0.92503744,
        0.8506032,
        0.79199433,
        0.70603645,
        0.61418635,
        0.5572022,
        0.44667578,
        0.38830227,
        0.3390227,
        0.28699464
    ],
    "y": [
        0.022298813,
        0.07241821,
        0.13871288,
        0.1882143,
        0.24023294,
        0.2426014,
        0.23367643,
        0.21331882,
        0.2193141,
        0.27503347,
        0.34426308,
        0.42451763,
        0.4919858,
        0.56578875,
        0.6624727,
        0.67022705,
        0.70146704,
        0.73459625,
        0.76695776,
        0.76713276,
        0.71348953,
        0.67798424,
        0.6804013,
        0.72400093,
        0.73998356,
        0.74037695,
        0.7536926,
        0.7486539,
        0.68451405,
        0.62805414,
        0.5809822,
        0.49930525,
        0.36064482,
        0.24306488,
        0.09069252,
        -0.039756298,
        -0.19932985,
        -0.34817123,
        -0.47522068,
        -0.57154703,
        -0.6282041,
        -0.69126916,
        -0.8495655,
        -1.1030433,
        -1.3818569,
        -1.7573173,
        -2.089995,
        -2.4296446,
        -2.706573,
        -2.9421403,
        -3.138753,
        -3.349183,
        -3.5615005,
        -3.7447405,
        -3.9134817,
        -4.0582514,
        -4.121569,
        -4.139417,
        -4.1356506,
        -4.1579313,
        -4.1772733,
        -4.233815,
        -4.2814813,
        -4.307522,
        -4.3328047,
        -4.313508,
        -4.2706327,
        -4.213233,
        -4.114617,
        -4.01755,
        -3.9144483,
        -3.8096652,
        -3.7268293,
        -3.6200752,
        -3.5249085,
        -3.3884304,
        -3.2296085,
        -3.0914924,
        -2.9859817,
        -2.9107172,
        -2.8394492,
        -2.7507322,
        -2.66164,
        -2.567595,
        -2.509478,
        -2.463564,
        -2.4634318,
        -2.46368,
        -2.495444,
        -2.5132477,
        -2.509969,
        -2.4833887,
        -2.4623475,
        -2.4136229,
        -2.3614,
        -2.3226047,
        -2.2495658,
        -2.1735811,
        -2.085331,
        -1.9659543,
        -1.832417,
        -1.6680589,
        -1.475318,
        -1.2396932,
        -1.0231566,
        -0.81110525,
        -0.62022734,
        -0.46974754,
        -0.33584833,
        -0.22851706,
        -0.13864946,
        -0.040394783,
        0.09204006,
        0.18657589,
        0.29084396,
        0.3664999,
        0.45185328,
        0.5470619,
        0.6330881,
        0.6789923,
        0.7018089,
        0.67781496,
        0.6312771,
        0.5769024,
        0.5318289,
        0.47248077,
        0.4445963,
        0.44587898,
        0.43826056,
        0.40036392,
        0.33699465,
        0.27929783,
        0.26065636,
        0.23062277,
        0.21318913,
        0.19627333,
        0.17984247,
        0.120812416,
        0.10285616,
        0.08041859,
        0.053480625,
        0.033895493,
        0.036012173,
        0.0071640015,
        0.0072693825,
        -0.025821686,
        -0.044048786,
        -0.054541588
    ],