{
    "class": "xpos",
    "duration_ms": 700,
    "x": [
        -0.38668802,
        -0.29928535,
        -0.19920881,
        -0.112310335,
        -0.059553497,
        -0.05710788,
        -0.10484059,
        -0.18358143,
        -0.2648552,
        -0.3560754,
        -0.4526384,
        -0.5571798,
        -0.7032795,
        -0.88612884,
        -1.0820452,
        -1.2743864,
        -1.4180208,
        -1.5036294,
        -1.4907306,
        -1.3127824,
        -1.0009406,
        -0.63812375,
        -0.24712957,
        0.08545883,
        0.3610197,
        0.62337065,
        0.8682835,
        1.1909852,
        1.5836178,
        2.0571752,
        2.6319678,
        3.438236,
        4.3495345,
        5.3398767,
        6.3431134,
        7.281269,
        8.021297,
        8.6400175,
        9.095903,
        9.375832,
        9.502346,
        9.553373,
        9.488009,
        9.304192,
        8.897165,
        8.302775,
        7.597289,
        6.854656,
        5.9885745,
        5.07992,
        4.113615,
        3.1051059,
        2.0384035,
        0.94313556,
        -0.122552276,
        -1.2967787,
        -2.5505824,
        -3.9770117,
        -5.5419703,
        -7.222272,
        -8.926735,
        -10.674188,
        -12.396568,
        -14.100424,
        -15.649641,
        -16.963934,
        -17.850891,
        -18.265963,
        -18.039255,
        -17.23649,
        -15.968696,
        -14.337112,
        -12.456954,
        -10.436811,
        -8.402741,
        -6.338013,
        -4.245223,
        -2.160231,
        -0.11394358,
        1.8372514,
        3.6283596,
        5.1480927,
        6.431263,
        7.51896,
        8.298908,
        8.847574,
        9.159457,
        9.285686,
        9.223916,
        8.952032,
        8.456654,
        7.7478485,
        6.9404297,
        6.1081476,
        5.384641,
        4.7676344,
        4.2844977,
        3.9225311,
        3.5356936,
        3.2624762,
        3.0452924,
        2.8987503,
        2.7947419,
        2.6860218,
        2.4965527,
        2.3007078,
        2.0957775,
        1.9247917,
        1.7423309,
        1.543911,
        1.3487673,
        1.1351686,
        0.92940736,
        0.67395425,
        0.4430104,
        0.22916853,
        0.0034285337,
        -0.18657291,
        -0.38634127,
        -0.56031585,
        -0.71845317,
        -0.8923508,
        -1.0372124,
        -1.1299163,
        -1.187721,
        -1.1584282,
        -1.0202305,
        -0.8300059,
        -0.6513815,
        -0.4284851,
        -0.20816356,
        -0.049069986,
        0.08555558,
        0.13400754,
        0.1490417,
        0.13772553,
        0.058991343,
        -0.042204797,
        -0.17884535,
        -0.30632237,
        -0.4278248,
        -0.55338895,
        -0.63065964,
        -0.6789233,
        -0.68620986,
        -0.64507157,
        -0.55750763,
        -0.4564389
    ],
    "y": [
        -0.09472036,
        -0.10401583,
        -0.11641407,
        -0.08919382,
        -0.06075287,
        -0.0028729439,
        0.019704819,
        -0.009935856,
        -0.084589005,
        -0.13778067,
        -0.21038342,
        -0.2573948,
        -0.32669115,
        -0.34923792,
        -0.3918562,
        -0.41865158,
        -0.47457075,
        -0.5232105,
        -0.61149836,
        -0.6719866,
        -0.7661977,
        -0.80815125,
        -0.83616066,
        -0.7480664,
        -0.5945773,
        -0.35237503,
        -0.097887516,
        0.13348484,
        0.37049723,
        0.6414857,
        0.9576602,
        1.2892337,
        1.6382947,
        2.0134754,
        2.3085303,
        2.5226827,
        2.672287,
        2.711739,
        2.7129693,
        2.6309047,
        2.578146,
        2.5189319,
        2.438815,
        2.3425956,
        2.2184334,
        2.04746,
        1.82306,
        1.5315185,
        1.2642293,
        0.91164875,
        0.49820566,
        -0.028265,
        -0.624599,
        -1.3223691,
        -2.0840619,
        -2.9299254,
        -3.8632128,
        -4.755761,
        -5.613396,
        -6.377522,
        -7.0539722,
        -7.622367,
        -8.031435,
        -8.182208,
        -8.133623,
        -7.8845243,
        -7.593191,
        -7.2397404,
        -6.987336,
        -6.7661314,
        -6.637553,
        -6.591091,
        -6.63058,
        -6.807661,
        -6.904242,
        -6.7799487,
        -6.446135,
        -5.924491,
        -5.244277,
        -4.40652,
        -3.3979297,
        -2.4061713,
        -1.5306315,
        -0.8204603,
        -0.35087538,
        0.009122372,
        0.30929708,
        0.6328106,
        1.0410142,
        1.5449934,
        2.1391616,
        2.741375,
        3.3080907,
        3.7435393,
        3.9689603,
        4.0204916,
        3.9319673,
        3.7874732,
        3.6302123,
        3.4245582,
        3.2067003,
        2.945859,
        2.6042724,
        2.2397141,
        1.8597641,
        1.5006399,
        1.1529956,
        0.8503194,
        0.5829992,
        0.32445526,
        0.112746716,
        -0.11943865,
        -0.26725864,
        -0.3930993,
        -0.5090594,
        -0.5744405,
        -0.63003016,
        -0.6447854,
        -0.6954365,
        -0.72237206,
        -0.78310966,
        -0.8491945,
        -0.8754697,
        -0.879076,
        -0.9224472,
        -1.0008326,
        -1.0447555,
        -1.089911,
        -1.119453,
        -1.0639524,
        -0.97355175,
        -0.8384905,
        -0.69204664,
        -0.5554571,
        -0.43090153,
        -0.30390644,
        -0.19820976,
        -0.15434742,
        -0.057295322,
        -0.0075979233,
        0.10454273,
        0.16160774,
        0.2351265,
        0.2914195,
        0.31850386,
        0.3260541,
        0.35948324,
        0.37574673
    ],