{
    "class": "xpos",
    "duration_ms": 700,
    "x": [
        3.5963566,
        4.622501,
        5.520055,
        6.276096,
        6.9261007,
        7.5189786,
        8.348373,
        9.430449,
        10.497074,
        11.422784,
        12.473141,
        12.535375,
        12.855162,
        13.512396,
        13.611025,
        12.300308,
        10.975943,
        9.993778,
        9.0683775,
        8.070247,
        6.9810443,
        5.8431664,
        4.7335596,
        3.7084746,
        2.66692,
        1.6577127,
        0.6775359,
        -0.18027282,
        -0.8939016,
        -1.4716039,
        -1.9640272,
        -2.4712543,
        -3.0162632,
        -3.659707,
        -4.3949704,
        -5.3139114,
        -6.3373747,
        -7.509201,
        -8.691397,
        -9.939848,
        -11.133987,
        -12.256459,
        -12.869642,
        -13.558932,
        -14.659941,
        -15.634619,
        -16.218678,
        -16.421295,
        -16.309433,
        -16.04306,
        -15.618946,
        -15.110721,
        -14.633368,
        -14.15403,
        -13.54724,
        -12.735697,
        -11.678033,
        -10.430662,
        -9.025473,
        -7.498525,
        -5.9017525,
        -4.209505,
        -2.405003,
        -0.58298117,
        1.1318429,
        2.725454,
        4.0901165,
        5.194436,
        6.1402864,
        6.96382,
        7.7145557,
        8.46999,
        9.213748,
        9.888313,
        10.502533,
        10.880062,
        10.994502,
        10.718418,
        10.13446,
        9.346456,
        8.460915,
        7.613957,
        6.916206,
        6.344994,
        5.861816,
        5.445419,
        5.0797753,
        4.7250905,
        4.358281,
        4.0016675,
        3.6653166,
        3.431301,
        3.2451353,
        3.1290064,
        3.0711641,
        3.0549188,
        3.072986,
        3.0532312,
        2.9785893,
        2.8751442,
        2.7640088,
        2.6399846,
        2.4693146,
        2.2829416,
        2.0997133,
        1.907084,
        1.6804736,
        1.4289123,
        1.2141287,
        1.0024409,
        0.8059436,
        0.6464223,
        0.48343962,
        0.32217824,
        0.15826666,
        0.011184394,
        -0.121279985,
        -0.2175076,
        -0.24693143,
        -0.2482022,
        -0.18569496,
        -0.1408703,
        -0.06353444,
        -0.01798454,
        0.058190346,
        0.069509774,
        0.12839708,
        0.16316053,
        0.21247137,
        0.22854993,
        0.21624005,
        0.18731102,
        0.14397192,
        0.062107176,
        -0.017808229,
        -0.100680634,
        -0.23224004,
        -0.30977002,
        -0.3812211,
        -0.42739192,
        -0.4458835,
        -0.4535694,
        -0.43603596,
        -0.40753996,
        -0.39899802,
        -0.33113563,
        -0.3017794,
        -0.291611,
        -0.28652227
    ],
    "y": [
        0.9145627,
        1.2224631,
        1.49158,
        1.7435913,
        1.99259,
        2.2575965,
        2.5863647,
        2.933185,
        3.204554,
        3.2662344,
        2.953329,
        2.7777958,
        2.4621673,
        1.66218,
        0.7767892,
        0.423275,
        0.6393037,
        0.95836353,
        1.1208754,
        1.0232253,
        0.8702812,
        0.63471556,
        0.37576056,
        0.04305744,
        -0.3993268,
        -0.8441446,
        -1.2206156,
        -1.5753942,
        -1.981262,
        -2.6226947,
        -3.4608126,
        -4.4133964,
        -5.3505273,
        -6.259577,
        -7.094779,
        -7.770049,
        -8.288122,
        -8.668463,
        -8.9590225,
        -9.262436,
        -9.480257,
        -9.674168,
        -10.027203,
        -10.485894,
        -10.151441,
        -9.570547,
        -9.041903,
        -8.693275,
        -8.563507,
        -8.548028,
        -8.628685,
        -8.680002,
        -8.717841,
        -8.66719,
        -8.505586,
        -8.284733,
        -8.118462,
        -8.103913,
        -8.146862,
        -8.184477,
        -8.1779175,
        -8.141034,
        -8.063711,
        -7.9358788,
        -7.6809225,
        -7.2943096,
        -6.7622924,
        -6.0928726,
        -5.217681,
        -4.267039,
        -3.3139677,
        -2.3693562,
        -1.4775028,
        -0.70638275,
        -0.042556763,
        0.5869627,
        1.1499767,
        1.6407967,
        2.1042309,
        2.5158615,
        2.8324485,
        3.008533,
        2.9055939,
        2.7031097,
        2.415379,
        2.0974116,
        1.7397814,
        1.4434361,
        1.2545409,
        1.1404395,
        1.1259208,
        1.1376281,
        1.1786017,
        1.1681633,
        1.1187115,
        1.0114098,
        0.9060502,
        0.80726004,
        0.6979785,
        0.6495924,
        0.5923319,
        0.54980135,
        0.48108864,
        0.37881947,
        0.2476306,
        0.13052845,
        0.06083393,
        0.01921463,
        -0.015964031,
        -0.01845026,
        -0.00971508,
        -0.0230999,
        -0.024712563,
        -0.033319473,
        -0.015079975,
        -0.0055627823,
        0.040878296,
        0.052583218,
        0.02722454,
        -0.0065517426,
        -0.058315277,
        -0.11860371,
        -0.15865135,
        -0.16887951,
        -0.15166712,
        -0.10472727,
        -0.06400776,
        -0.039228916,
        -0.0042586327,
        -0.021463871,
        -0.0312047,
        -0.04316902,
        -0.055130005,
        -0.04089594,
        -0.034009457,
        -0.02490902,
        -0.011158943,
        -0.014220238,
        0.009088993,
        0.04207802,
        0.10627699,
        0.14916134,
        0.18522072,
        0.20020914,
        0.20841265,
        0.21923876,
        0.20155382,
        0.19121838,
        0.15227985
    ],