{
    "class": "xpos",
    "duration_ms": 700,
    "x": [
        -0.5633619,
        0.392344,
        1.2601836,
        2.0825038,
        2.775995,
        3.4927464,
        4.2113547,
        5.0580373,
        6.0720367,
        7.253791,
        8.240688,
        9.37823,
        10.980267,
        12.569877,
        14.038088,
        15.401895,
        16.435797,
        16.94881,
        16.862358,
        16.15262,
        15.284946,
        14.340899,
        13.4482355,
        12.518389,
        11.43471,
        10.273644,
        9.019844,
        7.6603355,
        6.14524,
        4.56505,
        2.947565,
        1.4035223,
        -0.060287714,
        -1.3563495,
        -2.6499245,
        -4.04156,
        -5.6092563,
        -7.4959636,
        -9.805707,
        -12.543453,
        -15.468927,
        -18.07434,
        -20.00671,
        -21.150396,
        -21.404085,
        -21.525381,
        -21.369675,
        -20.70953,
        -19.765814,
        -18.859673,
        -17.580477,
        -15.824866,
        -13.795861,
        -11.939556,
        -10.068544,
        -8.222803,
        -6.51387,
        -4.9288206,
        -3.467187,
        -2.1291404,
        -0.8407017,
        0.3431933,
        1.392098,
        2.2956476,
        3.0650263,
        3.677772,
        4.3074617,
        4.9363794,
        5.530159,
        6.123893,
        6.692695,
        7.141884,
        7.496155,
        7.7459087,
        7.85018,
        7.7893496,
        7.6915765,
        7.5128336,
        7.2592206,
        6.8913894,
        6.4366875,
        5.87696,
        5.3113427,
        4.7312193,
        4.226338,
        3.8128824,
        3.4427063,
        3.1184394,
        2.8739765,
        2.664521,
        2.5146868,
        2.3437212,
        2.2045746,
        2.0565815,
        1.9857444,
        1.9872952,
        2.0398629,
        2.1390526,
        2.2159083,
        2.2009788,
        2.1684208,
        2.077686,
        1.9335101,
        1.8145739,
        1.6894873,
        1.5745685,
        1.4502361,
        1.3521615,
        1.2225988,
        1.0948006,
        0.91609985,
        0.7437818,
        0.5970401,
        0.468941,
        0.37416893,
        0.32983878,
        0.3293097,
        0.4045887,
        0.43885767,
        0.48035982,
        0.47656548,
        0.4871772,
        0.47562948,
        0.48410037,
        0.5018767,
        0.45853412,
        0.4226411,
        0.3839329,
        0.32766184,
        0.24852866,
        0.12731072,
        0.012266774,
        -0.048241656,
        -0.1252809,
        -0.18917827,
        -0.23671694,
        -0.26007593,
        -0.2706542,
        -0.23907787,
        -0.22963674,
        -0.19668904,
        -0.12602372,
        -0.055949394,
        0.0037899092,
        0.045765385,
        0.08377473,
        0.09328662,
        0.1118702
    ],
    "y": [
        -1.2246752,
        -1.1011057,
        -0.9269762,
        -0.68822384,
        -0.4184084,
        -0.13632393,
        0.16584206,
        0.43368912,
        0.7463641,
        1.1272268,
        1.7257047,
        2.3201861,
        2.7713532,
        2.8878717,
        2.8659034,
        2.8263493,
        2.8370395,
        2.848703,
        2.9296799,
        3.1249251,
        3.2717586,
        3.1957722,
        2.973448,
        2.6091151,
        2.2047486,
        1.7809081,
        1.3011034,
        0.746279,
        0.2145133,
        -0.33541918,
        -0.9744139,
        -1.7765048,
        -2.9741786,
        -4.5923033,
        -6.584088,
        -8.763475,
        -10.996132,
        -13.079703,
        -14.767112,
        -15.847801,
        -16.253138,
        -16.128805,
        -15.687052,
        -15.221315,
        -14.80056,
        -14.366024,
        -13.687982,
        -13.108841,
        -12.433478,
        -11.494917,
        -10.806208,
        -10.489224,
        -10.370579,
        -10.119794,
        -9.596825,
        -8.844021,
        -7.9590077,
        -6.9963636,
        -6.1226063,
        -5.2790794,
        -4.54555,
        -3.881856,
        -3.3311732,
        -2.8717828,
        -2.4340808,
        -1.943696,
        -1.4506292,
        -0.94023657,
        -0.41446638,
        0.0884943,
        0.5924158,
        1.020555,
        1.3942013,
        1.7679801,
        2.0630198,
        2.231604,
        2.2714477,
        2.2399154,
        2.1487327,
        2.0740023,
        2.0198188,
        2.0453453,
        2.1762724,
        2.297279,
        2.3700085,
        2.4420295,
        2.4222403,
        2.3916283,
        2.3162618,
        2.2221146,
        2.0898366,
        1.8812466,
        1.6444354,
        1.3987408,
        1.1302361,
        0.934844,
        0.73637056,
        0.5471425,
        0.38636017,
        0.2660079,
        0.16954851,
        0.10201216,
        0.05656433,
        -0.0048189163,
        -0.084460735,
        -0.11059904,
        -0.08355427,
        -0.056277275,
        -0.021759033,
        0.0055274963,
        0.027745724,
        0.051936626,
        0.05645752,
        0.022418022,
        0.031234741,
        0.028167248,
        0.027672768,
        0.0034451485,
        -0.008454323,
        -0.010385513,
        0.021478653,
        0.03678751,
        0.09048748,
        0.12971783,
        0.15200901,
        0.1785717,
        0.20433283,
        0.26982164,
        0.32713842,
        0.36677265,
        0.3960805,
        0.41023684,
        0.41398764,
        0.4096818,
        0.30904865,
        0.22970772,
        0.16945934,
        0.13789701,
        0.12324953,
        0.11827707,
        0.12785053,
        0.08990383,
        0.114560604,
        0.11100006,
        0.12251186,
        0.12292051,
        0.08596134,
        0.08829546
    ],