{
    "class": "xpos",
    "duration_ms": 700,
    "x": [
        -0.07446095,
        -0.10454854,
        -0.13353316,
        -0.1179378,
        -0.13150159,
        -0.15009323,
        -0.1641941,
        -0.24528122,
        -0.27944878,
        -0.30092883,
        -0.3053933,
        -0.28150493,
        -0.2799383,
        -0.26267043,
        -0.20152356,
        -0.14670005,
        -0.06485742,
        -0.0010325015,
        0.07614046,
        0.17419478,
        0.20780307,
        0.20847666,
        0.1930638,
        0.11419886,
        0.033906937,
        -0.057564676,
        -0.18900365,
        -0.32014757,
        -0.4514695,
        -0.5951485,
        -0.7467849,
        -0.8971089,
        -1.0773424,
        -1.2517824,
        -1.4399563,
        -1.6254797,
        -1.8087183,
        -1.9685979,
        -2.1552753,
        -2.3140554,
        -2.4453306,
        -2.5183194,
        -2.5761023,
        -2.5612707,
        -2.5000038,
        -2.4489481,
        -2.3885837,
        -2.3614738,
        -2.3719382,
        -2.4006891,
        -2.4310417,
        -2.4823027,
        -2.5043902,
        -2.4662197,
        -2.250253,
        -1.9204807,
        -1.4877061,
        -0.91700286,
        -0.20871449,
        0.5607233,
        1.415715,
        2.4164217,
        3.5113149,
        4.7375426,
        5.940257,
        7.112483,
        8.346717,
        9.610312,
        10.749934,
        11.62557,
        12.292664,
        12.831706,
        13.047294,
        12.7647505,
        13.089422,
        13.321387,
        13.411054,
        13.173878,
        12.59411,
        11.798577,
        10.81979,
        9.705092,
        8.530056,
        7.3913646,
        6.282383,
        5.0834,
        3.863183,
        2.6545088,
        1.5334992,
        0.48000407,
        -0.5952016,
        -1.5801454,
        -2.5301461,
        -3.5102448,
        -4.5133348,
        -5.5468097,
        -6.603607,
        -7.679239,
        -8.707006,
        -9.653276,
        -10.622993,
        -11.548632,
        -12.346195,
        -12.979511,
        -13.484211,
        -13.709169,
        -13.558458,
        -13.009769,
        -12.418111,
        -11.562229,
        -10.544386,
        -9.392971,
        -8.196663,
        -7.0011744,
        -5.8929663,
        -4.839361,
        -3.841384,
        -2.840396,
        -1.8948379,
        -0.93811953,
        -0.018013716,
        0.8255173,
        1.6128852,
        2.3938012,
        3.1201982,
        3.7681112,
        4.366024,
        4.866122,
        5.321186,
        5.704616,
        5.958127,
        6.032502,
        6.0232058,
        5.9146323,
        5.7242675,
        5.4812794,
        5.174038,
        4.8581414,
        4.572728,
        4.3548822,
        4.1895466,
        4.06943,
        3.9589481,
        3.806048,
        3.6257665,
        3.3635554,
        3.0794187,
        2.7755125,
        2.5044034
    ],
    "y": [
        0.12231636,
        0.16751242,
        0.15710688,
        0.14363766,
        0.1484313,
        0.118929386,
        0.093070984,
        0.098828316,
        0.07869196,
        0.070492744,
        0.038137436,
        0.012374401,
        -0.04031229,
        -0.081873894,
        -0.1408701,
        -0.19090796,
        -0.1939416,
        -0.20240259,
        -0.19940996,
        -0.19673872,
        -0.16803789,
        -0.14426327,
        -0.13717937,
        -0.08011913,
        -0.0327096,
        -0.006688118,
        0.026631355,
        0.031595707,
        0.027414799,
        -0.014463425,
        -0.06989145,
        -0.10784483,
        -0.14497185,
        -0.19076204,
        -0.2164154,
        -0.23872471,
        -0.27902603,
        -0.32286024,
        -0.36781502,
        -0.41866493,
        -0.48949146,
        -0.56822586,
        -0.6261573,
        -0.7440357,
        -0.85219336,
        -0.9574852,
        -1.0619836,
        -1.1858387,
        -1.3020258,
        -1.3651137,
        -1.4421911,
        -1.5047822,
        -1.5865483,
        -1.6398208,
        -1.7149534,
        -1.7949936,
        -1.8320761,
        -1.8407032,
        -1.7254219,
        -1.5223708,
        -1.2919235,
        -1.0273843,
        -0.69583654,
        -0.25678396,
        0.20817375,
        0.6150212,
        0.95860577,
        1.2645278,
        1.5151281,
        1.6805253,
        1.8717647,
        2.0468297,
        2.271802,
        2.6372175,
        2.7105408,
        2.5575686,
        2.2462635,
        1.8900714,
        1.6597223,
        1.5299573,
        1.408567,
        1.2870245,
        1.0444398,
        0.7463975,
        0.4700117,
        0.17727375,
        -0.14890099,
        -0.43521166,
        -0.8095107,
        -1.3061333,
        -1.9498909,
        -2.743957,
        -3.5886726,
        -4.481908,
        -5.3425245,
        -6.1489573,
        -6.843601,
        -7.356921,
        -7.717352,
        -7.9368906,
        -8.0108795,
        -7.905917,
        -7.643855,
        -7.280026,
        -6.881518,
        -6.421816,
        -6.067841,
        -5.799619,
        -5.422548,
        -5.1436825,
        -5.035575,
        -4.984372,
        -4.9316225,
        -4.7978578,
        -4.5352488,
        -4.158351,
        -3.6795666,
        -3.1257918,
        -2.523924,
        -1.936722,
        -1.3479104,
        -0.8679123,
        -0.5208578,
        -0.254138,
        -0.10591793,
        0.017267227,
        0.110863686,
        0.26822424,
        0.48694277,
        0.7669854,
        1.0342951,
        1.2720375,
        1.5568342,
        1.8193722,
        2.0835252,
        2.2893438,
        2.4052963,
        2.433445,
        2.375967,
        2.289999,
        2.132195,
        1.9742002,
        1.8039956,
        1.6526389,
        1.4867945,
        1.3403001,
        1.2038951,
        1.0850015,
        0.97894955
    ],