{
    "class": "xpos",
    "duration_ms": 700,
    "x": [
        -3.1860557,
        -2.6795788,
        -1.9429793,
        -0.8549546,
        0.053956866,
        0.72539496,
        1.4812087,
        2.0290418,
        2.2895968,
        2.0860677,
        1.8391255,
        1.5420512,
        1.5990951,
        1.5608927,
        1.0325468,
        0.4091288,
        0.06730199,
        0.21640968,
        0.74946725,
        1.4245217,
        2.3092809,
        3.333952,
        4.5082273,
        5.676113,
        7.034813,
        8.410491,
        9.685159,
        10.87747,
        11.892041,
        12.959885,
        14.349133,
        16.015284,
        17.75941,
        19.421177,
        20.873835,
        22.057392,
        22.66656,
        22.57389,
        21.873728,
        20.808384,
        19.589914,
        18.497503,
        17.562374,
        16.593618,
        15.508142,
        13.986094,
        12.224687,
        10.6631775,
        9.226297,
        7.680919,
        6.0589275,
        4.368647,
        2.3370497,
        -0.17506802,
        -3.2351599,
        -6.854394,
        -10.931838,
        -15.299512,
        -19.706148,
        -23.810074,
        -27.493937,
        -30.57138,
        -32.784973,
        -33.821663,
        -34.831,
        -35.008488,
        -33.71651,
        -31.372335,
        -28.635645,
        -25.839642,
        -22.864592,
        -19.768156,
        -16.709225,
        -13.701405,
        -10.724674,
        -7.9000816,
        -5.4395204,
        -3.1006002,
        -0.59260666,
        1.9916584,
        4.403574,
        6.5502605,
        8.459899,
        10.074478,
        11.28853,
        12.30757,
        13.00445,
        13.430304,
        13.741728,
        14.017168,
        14.244642,
        14.3140745,
        14.432917,
        14.735178,
        14.968117,
        14.94352,
        14.469768,
        13.595158,
        12.43676,
        11.10705,
        9.725987,
        8.490055,
        7.4694576,
        6.617334,
        6.0043316,
        5.598836,
        5.290914,
        5.0428166,
        4.8720512,
        4.7243786,
        4.5742188,
        4.4509573,
        4.422323,
        4.4195957,
        4.369231,
        4.1518316,
        3.7863784,
        3.2553751,
        2.62198,
        1.910464,
        1.205478,
        0.52542055,
        -0.027056217,
        -0.23142385,
        -0.34931922,
        -0.2513156,
        -0.035037756,
        0.23613977,
        0.5092871,
        0.74296916,
        1.0034918,
        1.2278045,
        1.3836904,
        1.4815087,
        1.4761362,
        1.384563,
        1.2403796,
        1.0504287,
        0.86436296,
        0.6458303,
        0.4371767,
        0.24205053,
        0.025605083,
        -0.21819651,
        -0.40899932,
        -0.56646204,
        -0.6621686,
        -0.68890834,
        -0.6199781
    ],
    "y": [
        -0.1028676,
        -0.22069502,
        -0.47384548,
        -0.9994812,
        -1.4449425,
        -1.5232882,
        -2.0978427,
        -1.7599657,
        -0.81152916,
        -0.05971384,
        -0.07308102,
        -0.1064167,
        -0.13909721,
        -0.48318577,
        -1.5636544,
        -1.7977996,
        -1.3659236,
        -0.8889079,
        -0.64625645,
        -0.4527073,
        0.032125473,
        0.9730692,
        1.823204,
        2.2263527,
        2.1081414,
        1.9509225,
        1.9513545,
        2.1837873,
        2.6680288,
        3.267223,
        3.968936,
        4.7384214,
        5.38556,
        5.768951,
        5.878872,
        5.829594,
        5.6420956,
        5.348003,
        5.043394,
        4.6806974,
        4.183607,
        3.4669886,
        2.4832597,
        1.5101271,
        0.5384126,
        -0.7323098,
        -2.265031,
        -3.8849146,
        -5.695753,
        -7.7369595,
        -10.009169,
        -12.632046,
        -15.662004,
        -18.754578,
        -21.647509,
        -24.146635,
        -25.833357,
        -26.611347,
        -26.718988,
        -26.353691,
        -25.693085,
        -24.827606,
        -24.09701,
        -23.63731,
        -22.757973,
        -21.476463,
        -20.907333,
        -20.992218,
        -21.1765,
        -20.994164,
        -20.488943,
        -19.93868,
        -19.303104,
        -18.570847,
        -17.778439,
        -16.945621,
        -16.089497,
        -15.062075,
        -13.992734,
        -12.931734,
        -11.740962,
        -10.240043,
        -8.560388,
        -6.908166,
        -5.2533665,
        -3.7317386,
        -2.3595395,
        -1.2390256,
        -0.30490828,
        0.45096636,
        1.0056071,
        1.4796724,
        1.9365621,
        2.363141,
        2.7340484,
        3.0905747,
        3.4478774,
        3.8100934,
        4.098356,
        4.3660493,
        4.4945235,
        4.601983,
        4.6937466,
        4.741439,
        4.7475533,
        4.6333714,
        4.4159665,
        4.129329,
        3.7980442,
        3.4156213,
        2.987462,
        2.6027608,
        2.2000442,
        1.8204908,
        1.4430571,
        1.0631924,
        0.7407193,
        0.48498774,
        0.34099674,
        0.22897625,
        0.1909523,
        0.4582653,
        0.36302185,
        0.18714666,
        0.006497383,
        -0.08376694,
        -0.12670135,
        -0.13636875,
        -0.11477375,
        -0.07810688,
        -0.052062035,
        -0.06940222,
        -0.09355211,
        -0.1597414,
        -0.2291112,
        -0.28229094,
        -0.3383546,
        -0.3353281,
        -0.32870483,
        -0.30233574,
        -0.27349854,
        -0.2761035,
        -0.26272154,
        -0.26710176,
        -0.20323038,
        -0.114271164,
        -0.0024843216,
        0.07720089,
        0.16322565
    ],