{
    "class": "xpos",
    "duration_ms": 700,
    "x": [
        0.24303703,
        0.38989145,
        0.5454913,
        0.7010108,
        0.8498125,
        0.9757323,
        1.0696847,
        1.15119,
        1.2300103,
        1.3514559,
        1.4629005,
        1.6001843,
        1.7869332,
        2.0043676,
        2.2435453,
        2.4144826,
        2.5434694,
        2.7157707,
        3.018971,
        3.510037,
        4.233304,
        5.150915,
        6.1424584,
        6.9872713,
        7.559564,
        7.8847294,
        7.9802227,
        7.8823433,
        7.5276556,
        7.079912,
        6.765105,
        6.742118,
        6.7876,
        6.7123694,
        6.50407,
        6.137887,
        5.6796284,
        5.1910133,
        4.6450944,
        3.9833963,
        3.2522304,
        2.4643767,
        1.551598,
        0.62095094,
        -0.23720407,
        -0.903656,
        -0.79577327,
        -1.5548108,
        -2.6078918,
        -4.2139606,
        -5.652457,
        -6.465497,
        -6.904317,
        -6.724388,
        -6.548915,
        -6.8653784,
        -7.3728733,
        -7.787317,
        -8.226719,
        -8.833189,
        -9.550392,
        -10.277111,
        -10.976418,
        -11.64228,
        -12.228025,
        -12.687643,
        -12.853962,
        -12.766528,
        -12.456132,
        -11.979369,
        -11.409295,
        -10.720167,
        -9.96983,
        -9.230022,
        -8.447836,
        -7.67799,
        -6.8983355,
        -6.0742025,
        -5.2475443,
        -4.434247,
        -3.6621614,
        -2.8609657,
        -2.0324028,
        -1.129546,
        -0.19907856,
        0.7100836,
        1.548826,
        2.3324344,
        3.0570695,
        3.764163,
        4.439921,
        5.118313,
        5.9458914,
        6.902464,
        7.899305,
        8.773568,
        9.409626,
        9.706971,
        9.585396,
        9.0707035,
        8.154149,
        7.104513,
        6.1938386,
        5.4391613,
        4.7886896,
        4.181803,
        3.6086087,
        3.081132,
        2.673919,
        2.3354087,
        2.0644717,
        1.8959694,
        1.8361036,
        1.8217751,
        1.8830962,
        1.9229755,
        1.9373603,
        1.9147329,
        1.9005089,
        1.8656207,
        1.8047329,
        1.6957321,
        1.5543349,
        1.3628998,
        1.1753603,
        1.010082,
        0.8492502,
        0.7040384,
        0.6167305,
        0.5651723,
        0.5132685,
        0.48983112,
        0.48540437,
        0.5026314,
        0.50122297,
        0.48634377,
        0.47039288,
        0.45379588,
        0.43931812,
        0.4414216,
        0.44347417,
        0.42650557,
        0.38818333,
        0.3620592,
        0.33165222,
        0.27791038,
        0.23910868,
        0.17719844,
        0.1113036,
        0.04855591
    ],
    "y": [
        -0.004776001,
        0.045244217,
        0.10711813,
        0.13353777,
        0.14650488,
        0.21028566,
        0.26495123,
        0.28905773,
        0.31847334,
        0.32695198,
        0.3834796,
        0.4472432,
        0.5107603,
        0.5643101,
        0.5767822,
        0.53163385,
        0.48653173,
        0.39916134,
        0.33927584,
        0.37127447,
        0.5030799,
        0.656096,
        0.79959965,
        0.8094988,
        0.64075184,
        0.35141706,
        -0.045739174,
        -0.203444,
        -0.1983962,
        -0.0717144,
        0.039870262,
        0.088424206,
        0.016945362,
        -0.16704702,
        -0.42753458,
        -0.6712127,
        -0.8956008,
        -1.0264955,
        -1.1024117,
        -1.1452074,
        -1.1337733,
        -1.1663961,
        -1.2096586,
        -1.2401989,
        -1.3086104,
        -1.4200883,
        -1.6871488,
        -2.0176494,
        -2.3057091,
        -2.1806557,
        -1.8580465,
        -1.9560573,
        -2.323203,
        -2.9868238,
        -3.7617054,
        -4.272946,
        -4.557767,
        -4.775363,
        -5.0391946,
        -5.3022394,
        -5.5776386,
        -5.847228,
        -6.110001,
        -6.2553134,
        -6.3734484,
        -6.4990635,
        -6.6250625,
        -6.76003,
        -6.8130293,
        -6.826996,
        -6.8803573,
        -6.903053,
        -6.980892,
        -7.0492287,
        -7.129705,
        -7.165489,
        -7.188575,
        -7.1328497,
        -7.021139,
        -6.886406,
        -6.745055,
        -6.5804577,
        -6.445604,
        -6.3289943,
        -6.1852756,
        -5.919348,
        -5.5773973,
        -5.1362686,
        -4.642436,
        -4.118312,
        -3.6126,
        -3.145186,
        -2.743065,
        -2.3522036,
        -1.9187703,
        -1.4799027,
        -1.0079575,
        -0.47975063,
        0.09471083,
        0.6867132,
        1.236443,
        1.6080317,
        1.7393866,
        1.6545839,
        1.4278755,
        1.1934557,
        1.0687094,
        1.0371423,
        1.0586348,
        1.0788302,
        1.1056919,
        1.1041632,
        1.0772252,
        1.0252938,
        1.0036197,
        0.9120898,
        0.8683348,
        0.8056326,
        0.74828005,
        0.7561879,
        0.7002039,
        0.6783719,
        0.6498151,
        0.6525459,
        0.62660265,
        0.5812335,
        0.53052473,
        0.44050312,
        0.31553125,
        0.20572281,
        0.120229244,
        0.034941673,
        0.009477615,
        -0.0064549446,
        -0.01052618,
        -0.026638985,
        -0.021399975,
        -0.006892681,
        0.033533573,
        0.054369926,
        0.067706585,
        0.0735054,
        0.11026573,
        0.13048315,
        0.15347624,
        0.13402557,
        0.12265539,
        0.12669754,
        0.12722015,
        0.11483145
    ],