{
    "class": "xpos",
    "duration_ms": 700,
    "x": [
        -1.4403512,
        -1.6299485,
        -1.8007591,
        -1.9616752,
        -2.1717088,
        -2.274871,
        -2.2284036,
        -2.0503864,
        -1.7972788,
        -1.53782,
        -1.2592697,
        -0.9179257,
        -0.47255176,
        -0.03992039,
        0.49022365,
        1.0680244,
        1.7349048,
        2.4794738,
        3.3315039,
        4.3875685,
        5.719758,
        7.106598,
        8.391456,
        9.764923,
        11.6759205,
        13.444334,
        13.263827,
        13.655622,
        13.723804,
        14.357584,
        14.817205,
        15.012017,
        14.897915,
        14.310346,
        13.217223,
        11.96658,
        10.763729,
        9.583432,
        8.370203,
        7.119321,
        5.837867,
        4.5255556,
        3.1624622,
        1.8806854,
        0.61255157,
        -0.56167734,
        -1.7265584,
        -2.8627553,
        -3.9736636,
        -5.072995,
        -6.2136984,
        -7.388514,
        -8.578798,
        -9.768282,
        -11.005147,
        -12.287913,
        -13.539524,
        -14.710067,
        -15.678619,
        -16.41227,
        -16.877485,
        -16.942522,
        -16.303993,
        -15.801939,
        -15.2929735,
        -14.5909605,
        -13.9042425,
        -13.059241,
        -11.736463,
        -9.906329,
        -8.515936,
        -7.3579793,
        -6.2611213,
        -5.1633124,
        -4.0846977,
        -2.8964953,
        -1.6077237,
        -0.22906339,
        1.1462629,
        2.4119139,
        3.5895844,
        4.6657615,
        5.5961123,
        6.3695946,
        7.108252,
        7.703837,
        8.174235,
        8.469806,
        8.534854,
        8.409047,
        8.17,
        7.8898134,
        7.5764875,
        7.1414204,
        6.6466336,
        6.1653557,
        5.6766443,
        5.1640706,
        4.6431255,
        4.1318083,
        3.6124732,
        3.156421,
        2.744449,
        2.3649259,
        1.9637696,
        1.5586101,
        1.1955379,
        0.89923704,
        0.62263024,
        0.41718072,
        0.29835996,
        0.24072492,
        0.22785723,
        0.2907396,
        0.3692787,
        0.48214832,
        0.5878146,
        0.6854699,
        0.78604555,
        0.83599854,
        0.8609636,
        0.8101531,
        0.7738179,
        0.6942555,
        0.54017794,
        0.39808235,
        0.2994531,
        0.13473043,
        -0.0068202987,
        -0.14633298,
        -0.24020962,
        -0.32373396,
        -0.420617,
        -0.46130294,
        -0.45775098,
        -0.44353202,
        -0.3854072,
        -0.29783785,
        -0.16910328,
        -0.023145966,
        0.12312014,
        0.2622651,
        0.3535752,
        0.4112811,
        0.427905,
        0.43890986,
        0.39139903,
        0.31375942,
        0.23423386
    ],
    "y": [
        -0.24323559,
        -0.19631147,
        -0.18471003,
        -0.16311502,
        -0.18843794,
        -0.28828526,
        -0.42988205,
        -0.5745745,
        -0.74857855,
        -0.89688087,
        -1.0006735,
        -1.0197155,
        -1.0428824,
        -1.0058069,
        -0.9396243,
        -0.7463944,
        -0.5173881,
        -0.2602074,
        0.048615456,
        0.43501282,
        0.95882225,
        1.5911593,
        2.0779233,
        1.9349923,
        1.2314863,
        1.4688754,
        3.0008569,
        4.280518,
        4.920076,
        4.4019814,
        3.5674343,
        2.4963303,
        1.5888543,
        1.1247659,
        1.1017594,
        1.2574358,
        1.3206453,
        1.1808093,
        0.872592,
        0.44167995,
        0.023936033,
        -0.38643456,
        -0.704808,
        -1.029263,
        -1.4461374,
        -1.9387193,
        -2.5496135,
        -3.263673,
        -4.0367594,
        -4.8194914,
        -5.60249,
        -6.3690195,
        -7.1024246,
        -7.7647305,
        -8.420608,
        -8.9624815,
        -9.359264,
        -9.606054,
        -9.769545,
        -9.892282,
        -9.968147,
        -10.023697,
        -10.031742,
        -9.936373,
        -9.502968,
        -8.99433,
        -8.4550705,
        -7.8511124,
        -7.2111826,
        -6.787384,
        -6.4048653,
        -5.9431663,
        -5.509919,
        -5.07877,
        -4.637207,
        -4.18888,
        -3.753335,
        -3.3330271,
        -2.8996558,
        -2.3392692,
        -1.657927,
        -0.9139137,
        -0.28943682,
        0.1488576,
        0.34651375,
        0.37571716,
        0.34873772,
        0.31748772,
        0.34303236,
        0.49817705,
        0.7193551,
        1.0142856,
        1.2611074,
        1.4839878,
        1.6216097,
        1.6565547,
        1.601254,
        1.4638572,
        1.2859178,
        1.1426101,
        1.0372615,
        0.97548246,
        0.9150524,
        0.8328228,
        0.7412057,
        0.65300417,
        0.62168264,
        0.628881,
        0.61090565,
        0.6021447,
        0.6367364,
        0.6146612,
        0.5839114,
        0.5875349,
        0.5224042,
        0.48397875,
        0.4649315,
        0.43376446,
        0.4116273,
        0.40041876,
        0.3756113,
        0.37492466,
        0.34288073,
        0.28860235,
        0.25719023,
        0.24347639,
        0.21642923,
        0.16899538,
        0.12521219,
        0.10906172,
        0.079912186,
        0.08557987,
        0.08565521,
        0.11140919,
        0.08652496,
        0.09025192,
        0.08943653,
        0.09621477,
        0.12044811,
        0.11932802,
        0.1480093,
        0.15176725,
        0.20712519,
        0.27831078,
        0.31985044,
        0.39842892,
        0.44890118,
        0.47567558,
        0.46636152
    ],