{
    "class": "xpos",
    "duration_ms": 700,
    "x": [
        -0.038925588,
        -0.028701127,
        0.0110839605,
        0.08535051,
        0.180004,
        0.22438532,
        0.26202816,
        0.25761735,
        0.22325552,
        0.18979412,
        0.14732575,
        0.11469394,
        0.051193416,
        0.013938487,
        0.0025299191,
        0.019046485,
        0.015733898,
        -0.026236713,
        -0.06610215,
        -0.11076367,
        -0.11026609,
        -0.12417954,
        -0.12373394,
        -0.118546665,
        -0.122700274,
        -0.12654144,
        -0.16807973,
        -0.24937564,
        -0.313339,
        -0.42222404,
        -0.51185536,
        -0.6064367,
        -0.6823464,
        -0.78516954,
        -0.8556483,
        -0.9466237,
        -0.9941033,
        -1.0078646,
        -0.9952079,
        -0.95820385,
        -0.8942164,
        -0.76488125,
        -0.5939616,
        -0.40252885,
        -0.13285238,
        0.1964845,
        0.5529887,
        0.9210158,
        1.3038468,
        1.6665736,
        2.0502753,
        2.5862558,
        3.3976722,
        4.3770995,
        5.422818,
        6.4694605,
        7.4750147,
        8.399504,
        8.740514,
        9.9924345,
        10.537218,
        10.648313,
        11.241628,
        11.603609,
        11.6401005,
        11.484434,
        11.129634,
        10.325373,
        9.552975,
        8.842958,
        8.0996,
        7.314261,
        6.4737816,
        5.5717525,
        4.6272116,
        3.6442678,
        2.660121,
        1.5918901,
        0.5382433,
        -0.5555239,
        -1.6072617,
        -2.649309,
        -3.6584923,
        -4.6669364,
        -5.671253,
        -6.594407,
        -7.375383,
        -8.656376,
        -9.796237,
        -10.430973,
        -11.174708,
        -11.825427,
        -11.93681,
        -11.982264,
        -11.965172,
        -11.779629,
        -11.379253,
        -10.884719,
        -10.312309,
        -9.659126,
        -9.022534,
        -8.344431,
        -7.665036,
        -6.981861,
        -6.323665,
        -5.7147346,
        -5.16023,
        -4.62474,
        -4.0967207,
        -3.5239947,
        -2.9425354,
        -2.3424015,
        -1.7874627,
        -1.1974468,
        -0.63315177,
        -0.061594248,
        0.4542637,
        0.9567987,
        1.4738884,
        1.9568105,
        2.368797,
        2.7278953,
        3.023044,
        3.2858407,
        3.4588513,
        3.5729384,
        3.6515949,
        3.7301226,
        3.7480817,
        3.6906533,
        3.5954254,
        3.5265386,
        3.4236686,
        3.2912319,
        3.1910038,
        3.0629358,
        2.9424767,
        2.8652525,
        2.8357909,
        2.8469002,
        2.8747034,
        2.840559,
        2.7709503,
        2.6108081,
        2.4056826,
        2.1194541,
        1.8377821,
        1.5838747
    ],
    "y": [
        0.05759096,
        0.04439926,
        0.02656889,
        0.0608716,
        0.06604004,
        0.084843636,
        0.105323315,
        0.087094784,
        0.05656767,
        0.03274584,
        0.017859459,
        0.006999016,
        -0.009438038,
        -0.0076799393,
        -0.037537575,
        -0.04869461,
        -0.06960392,
        -0.05966282,
        -0.023776054,
        -0.02150774,
        0.009243965,
        -0.005177021,
        -0.021618366,
        -0.058930874,
        -0.09564209,
        -0.10324192,
        -0.115225315,
        -0.0911932,
        -0.11461687,
        -0.12577248,
        -0.14149475,
        -0.14287853,
        -0.17532206,
        -0.2149167,
        -0.23304367,
        -0.27258635,
        -0.30479527,
        -0.33912086,
        -0.35169506,
        -0.36163425,
        -0.3640628,
        -0.36132908,
        -0.34860086,
        -0.30435753,
        -0.30706644,
        -0.27786064,
        -0.20733547,
        -0.11469221,
        0.030840397,
        0.23602295,
        0.4744048,
        0.7363205,
        1.0147123,
        1.309228,
        1.5763383,
        1.7988129,
        2.064385,
        2.3147364,
        3.0200806,
        3.0052996,
        2.7776198,
        2.6716576,
        2.6138792,
        2.5077534,
        2.4303703,
        2.2666025,
        2.1043925,
        2.1517324,
        2.1343203,
        1.8600988,
        1.4742904,
        1.0762687,
        0.6692343,
        0.22501183,
        -0.2943735,
        -0.8529682,
        -1.4557853,
        -2.0676317,
        -2.6944888,
        -3.3355336,
        -3.954248,
        -4.5666094,
        -5.178975,
        -5.72342,
        -6.19411,
        -6.546756,
        -6.7608175,
        -7.176895,
        -7.5372543,
        -7.684079,
        -7.9524384,
        -8.160559,
        -8.128517,
        -8.104513,
        -8.245596,
        -8.203621,
        -8.053675,
        -7.818209,
        -7.469659,
        -7.090625,
        -6.799744,
        -6.5173984,
        -6.224049,
        -5.9480286,
        -5.677393,
        -5.352477,
        -4.981063,
        -4.5946875,
        -4.203205,
        -3.8617237,
        -3.5223918,
        -3.2089725,
        -2.9139814,
        -2.6655602,
        -2.4105392,
        -2.1891074,
        -1.9577479,
        -1.7422514,
        -1.5185094,
        -1.3198457,
        -1.1197281,
        -0.84868145,
        -0.6571822,
        -0.44693184,
        -0.25154018,
        -0.06884527,
        0.107996464,
        0.2429161,
        0.40272474,
        0.5631981,
        0.7025871,
        0.82299805,
        0.9576149,
        1.0940833,
        1.1724167,
        1.2281351,
        1.2059593,
        1.1703296,
        1.1353669,
        1.031517,
        0.9996972,
        0.9535837,
        0.8404951,
        0.7655568,
        0.7047634,
        0.6939206,
        0.71136,
        0.697207
    ],