{
    "class": "xpos",
    "duration_ms": 700,
    "x": [
        -0.029430777,
        0.01910305,
        0.048428774,
        0.11370337,
        0.15065098,
        0.16662991,
        0.15231061,
        0.088763475,
        0.016589344,
        -0.049928695,
        -0.11334118,
        -0.1691618,
        -0.19638443,
        -0.223923,
        -0.22322682,
        -0.19692159,
        -0.18318427,
        -0.18203872,
        -0.17181537,
        -0.16913414,
        -0.15021485,
        -0.1651062,
        -0.20189086,
        -0.22952282,
        -0.27669516,
        -0.3029422,
        -0.36316106,
        -0.4048407,
        -0.4186653,
        -0.44040912,
        -0.46055725,
        -0.46241012,
        -0.47686017,
        -0.51097244,
        -0.5502714,
        -0.64238584,
        -0.7182321,
        -0.847047,
        -0.9765848,
        -1.1001654,
        -1.2611148,
        -1.4119679,
        -1.5674589,
        -1.6635869,
        -1.6650118,
        -1.4910815,
        -1.0828825,
        -0.6193726,
        -0.1660968,
        0.30193162,
        0.7100346,
        1.13586,
        1.6324248,
        2.2214537,
        2.951117,
        3.9619818,
        5.2618074,
        6.8394146,
        8.564127,
        10.092061,
        11.380018,
        12.682741,
        13.560212,
        14.133871,
        13.92849,
        13.53341,
        13.412389,
        13.351922,
        13.271012,
        13.067384,
        12.672082,
        12.021597,
        10.97403,
        9.729196,
        8.412307,
        7.188934,
        6.044317,
        4.767112,
        3.2749746,
        1.5763015,
        -0.40253782,
        -2.5531576,
        -4.7566767,
        -6.869288,
        -8.78019,
        -10.392286,
        -11.934725,
        -13.324926,
        -14.585815,
        -15.672765,
        -16.713,
        -17.558815,
        -18.089346,
        -18.456932,
        -18.670431,
        -18.578566,
        -18.111813,
        -17.193829,
        -15.908348,
        -14.324042,
        -12.5883465,
        -10.982275,
        -9.437141,
        -7.934317,
        -6.5927496,
        -5.361499,
        -4.1269784,
        -2.952206,
        -1.8529012,
        -0.8523905,
        -0.012198687,
        0.7860974,
        1.4526162,
        2.1172218,
        2.816514,
        3.6140673,
        4.315469,
        4.9010086,
        5.3001666,
        5.4971657,
        5.49019,
        5.310706,
        5.2359686,
        5.165679,
        5.4039216,
        5.8867016,
        6.423147,
        6.8416758,
        6.886867,
        7.1284385,
        6.9492984,
        7.0517526,
        7.107584,
        6.973483,
        6.4436884,
        5.7375298,
        4.989927,
        4.2615094,
        3.5960307,
        3.008756,
        2.4650018,
        1.9948587,
        1.564178,
        1.1723057,
        0.88284326,
        0.66403913,
        0.5177153,
        0.3979965,
        0.33332473,
        0.25390264
    ],
    "y": [
        -0.020173073,
        -0.016714096,
        -0.037269592,
        -0.048537254,
        -0.0529356,
        -0.050358772,
        -0.03602028,
        -0.0122766495,
        0.0044088364,
        0.026102066,
        0.012388229,
        0.030115128,
        0.036269188,
        0.03086567,
        0.0376482,
        0.032710075,
        0.023072243,
        0.01107502,
        -0.029543877,
        -0.062992096,
        -0.101231575,
        -0.10146046,
        -0.104346275,
        -0.09563732,
        -0.08965206,
        -0.09812927,
        -0.082941055,
        -0.08687782,
        -0.09786892,
        -0.10865784,
        -0.10254574,
        -0.100982666,
        -0.11811638,
        -0.13712215,
        -0.1390028,
        -0.17371464,
        -0.21245956,
        -0.22898102,
        -0.28531456,
        -0.27674866,
        -0.31548452,
        -0.37019634,
        -0.38124466,
        -0.44386578,
        -0.40555954,
        -0.31716537,
        -0.22205067,
        -0.15611649,
        -0.107608795,
        -0.062238693,
        -0.041401863,
        -0.018809319,
        0.053027153,
        0.11212635,
        0.3369236,
        0.68341064,
        1.1752434,
        1.6876831,
        2.1770859,
        2.5375242,
        2.8785849,
        2.7386637,
        2.271844,
        1.7305984,
        1.504036,
        1.0938206,
        0.9559288,
        0.6466532,
        0.40674305,
        0.15100288,
        -0.055062294,
        -0.31360912,
        -0.9106002,
        -1.873136,
        -2.7192755,
        -3.424695,
        -3.920137,
        -4.328194,
        -4.6404667,
        -4.8994274,
        -5.1100626,
        -5.1921797,
        -5.253151,
        -5.388872,
        -5.5919323,
        -5.7612133,
        -6.072668,
        -6.4860415,
        -6.7158494,
        -6.703115,
        -6.7789555,
        -6.7522335,
        -6.792048,
        -6.9184847,
        -7.0750804,
        -7.2504654,
        -7.370252,
        -7.495714,
        -7.5913734,
        -7.611976,
        -7.553326,
        -7.5220857,
        -7.4364552,
        -7.3307047,
        -7.2731233,
        -7.162835,
        -7.0043683,
        -6.7858067,
        -6.46686,
        -6.081662,
        -5.743516,
        -5.496236,
        -5.3119473,
        -5.093397,
        -4.812438,
        -4.4288006,
        -3.9955564,
        -3.5538263,
        -3.0657473,
        -2.6320996,
        -2.2290316,
        -1.868535,
        -1.6270862,
        -1.1794109,
        -0.64578915,
        -0.18483639,
        0.23617744,
        0.59015083,
        0.93867874,
        1.0326843,
        1.2332706,
        1.1792088,
        1.0070295,
        0.88900375,
        0.93745995,
        1.1522608,
        1.3900852,
        1.5438118,
        1.621171,
        1.6202192,
        1.5771112,
        1.5110798,
        1.4413891,
        1.3704786,
        1.2984447,
        1.2157984,
        1.148777,
        1.0566397,
        0.9822998,
        0.89200306
    ],