{
    "class": "xpos",
    "duration_ms": 700,
    "x": [
        0.8287175,
        0.90686923,
        0.97935593,
        1.0583435,
        1.1936599,
        1.3920228,
        1.6176131,
        1.8517185,
        2.0615249,
        2.3089812,
        2.6841543,
        3.2195373,
        3.9338958,
        4.7591047,
        5.5155454,
        6.1138644,
        6.4448047,
        6.472394,
        6.1597877,
        5.667476,
        5.0862527,
        4.5435157,
        4.0690064,
        3.6832178,
        3.4187188,
        3.157892,
        2.8528702,
        2.4558954,
        2.007866,
        1.5233865,
        0.9977085,
        0.44755495,
        -0.15593767,
        -0.72467756,
        -1.2882047,
        -1.8619165,
        -2.4637473,
        -2.9872887,
        -3.5007205,
        -3.992878,
        -4.46682,
        -4.8800373,
        -5.20409,
        -5.436625,
        -5.5964613,
        -5.7020836,
        -5.735839,
        -5.766084,
        -5.791935,
        -5.872786,
        -5.994215,
        -6.156694,
        -6.348699,
        -6.4844165,
        -6.5831656,
        -6.544492,
        -6.423075,
        -6.1394186,
        -5.7908363,
        -5.4003487,
        -5.0028925,
        -4.6166,
        -4.2266865,
        -3.8594723,
        -3.5248601,
        -3.2736034,
        -3.096693,
        -2.9493036,
        -2.8370464,
        -2.755949,
        -2.7067666,
        -2.6732225,
        -2.6173615,
        -2.5128071,
        -2.3685331,
        -2.2365131,
        -2.0538135,
        -1.8891275,
        -1.6937151,
        -1.5049593,
        -1.2859441,
        -1.1047621,
        -0.8740066,
        -0.6048722,
        -0.32281646,
        -0.031722963,
        0.28617612,
        0.5863484,
        0.8358682,
        1.0757236,
        1.2076697,
        1.2862482,
        1.3418958,
        1.4817817,
        1.7249545,
        2.009598,
        2.3335521,
        2.6182046,
        2.8801823,
        3.0304704,
        3.1112947,
        3.1478872,
        3.098444,
        3.0264611,
        2.997805,
        3.0214083,
        3.137785,
        3.3373208,
        3.5293894,
        3.6907287,
        3.7715793,
        3.7653131,
        3.6435752,
        3.492134,
        3.3419929,
        3.127091,
        2.9417233,
        2.7119193,
        2.4778697,
        2.241852,
        2.013414,
        1.7709419,
        1.5812126,
        1.3867352,
        1.2377905,
        1.1394001,
        1.0654117,
        1.0010154,
        0.9239131,
        0.8310791,
        0.7722384,
        0.71578515,
        0.6899862,
        0.6321471,
        0.5872382,
        0.47833943,
        0.4057814,
        0.3358097,
        0.30663264,
        0.28998637,
        0.28886747,
        0.32065594,
        0.3546325,
        0.34577954,
        0.32550013,
        0.29385316,
        0.27013588,
        0.23760033,
        0.15090728
    ],
    "y": [
        0.0871706,
        0.14089489,
        0.14955187,
        0.18250608,
        0.20861912,
        0.19452477,
        0.19493198,
        0.19054031,
        0.20490313,
        0.21641159,
        0.24646902,
        0.33529568,
        0.3707857,
        0.34127903,
        0.27271032,
        0.18186903,
        0.08574772,
        0.05178213,
        0.06392193,
        0.11603117,
        0.12295008,
        0.10218859,
        0.0037908554,
        -0.1528759,
        -0.33410025,
        -0.49447393,
        -0.66042376,
        -0.8057637,
        -0.9735851,
        -1.1113119,
        -1.2284408,
        -1.3654866,
        -1.5127811,
        -1.6464674,
        -1.7452087,
        -1.8260467,
        -1.8727489,
        -1.8740854,
        -1.8237336,
        -1.7033601,
        -1.5833278,
        -1.4646218,
        -1.3889048,
        -1.3711483,
        -1.371233,
        -1.401505,
        -1.4597876,
        -1.4888887,
        -1.5510969,
        -1.5914099,
        -1.6217854,
        -1.5991204,
        -1.5211856,
        -1.4574897,
        -1.4082015,
        -1.4044127,
        -1.4747403,
        -1.5686047,
        -1.6545672,
        -1.729819,
        -1.7724636,
        -1.7747252,
        -1.7669835,
        -1.774854,
        -1.7833474,
        -1.780046,
        -1.7623928,
        -1.7687027,
        -1.777498,
        -1.7913098,
        -1.8056688,
        -1.8423033,
        -1.8749957,
        -1.9325445,
        -1.9430611,
        -1.9733968,
        -1.9921119,
        -1.986975,
        -1.9481161,
        -1.8682125,
        -1.8066747,
        -1.7392073,
        -1.6728964,
        -1.6025691,
        -1.5400052,
        -1.480185,
        -1.4349887,
        -1.4093192,
        -1.4200177,
        -1.4146366,
        -1.3671,
        -1.3110964,
        -1.2204442,
        -1.0927868,
        -0.9830451,
        -0.87205553,
        -0.8029814,
        -0.7403383,
        -0.66324663,
        -0.5844612,
        -0.4210291,
        -0.25496578,
        -0.065265656,
        0.08322334,
        0.20466805,
        0.26095915,
        0.26424122,
        0.21942377,
        0.14583397,
        0.07975197,
        0.105297565,
        0.21565247,
        0.3944707,
        0.5582819,
        0.6712098,
        0.754807,
        0.75421476,
        0.73424864,
        0.7070441,
        0.6992197,
        0.7016249,
        0.7457218,
        0.7697716,
        0.754941,
        0.74461174,
        0.7125721,
        0.6493921,
        0.5574908,
        0.45861435,
        0.41013098,
        0.3759446,
        0.3845129,
        0.42108154,
        0.44927692,
        0.44225836,
        0.41152143,
        0.33276558,
        0.24648333,
        0.20266247,
        0.16284275,
        0.124527454,
        0.047101498,
        -0.014246464,
        -0.08811855,
        -0.1336832,
        -0.18655205,
        -0.18210268,
        -0.18482256,
        -0.18507385
    ],