{
    "class": "xpos",
    "duration_ms": 700,
    "x": [
        -0.005569473,
        -0.011659756,
        -0.031327724,
        -0.04515125,
        -0.08139287,
        -0.09488742,
        -0.14286584,
        -0.18951966,
        -0.22344683,
        -0.23793481,
        -0.29752934,
        -0.3548655,
        -0.40086788,
        -0.41940388,
        -0.44169992,
        -0.4986759,
        -0.5331732,
        -0.6333257,
        -0.71326905,
        -0.85399795,
        -0.97195745,
        -1.105403,
        -1.2327843,
        -1.3613236,
        -1.5028503,
        -1.5956906,
        -1.6946551,
        -1.7666364,
        -1.8642384,
        -1.9235188,
        -1.968727,
        -1.9642079,
        -1.8721917,
        -1.7545573,
        -1.5585363,
        -1.240999,
        -0.8113692,
        -0.30250365,
        0.19828093,
        0.704287,
        1.1810387,
        1.6797452,
        2.2144403,
        2.699853,
        3.175018,
        3.755201,
        4.533445,
        5.588485,
        6.846563,
        8.31563,
        9.948557,
        11.497892,
        12.811466,
        13.676161,
        13.921495,
        14.171154,
        14.024531,
        13.644269,
        13.031278,
        12.311461,
        11.262683,
        10.099999,
        8.966042,
        7.7825837,
        6.537952,
        5.176733,
        3.5896008,
        1.7879455,
        -0.22835255,
        -2.4411397,
        -4.7814965,
        -7.080602,
        -9.320898,
        -11.399634,
        -13.389826,
        -15.184743,
        -16.767899,
        -17.89733,
        -18.751825,
        -19.128029,
        -19.037117,
        -18.421041,
        -17.317951,
        -15.887868,
        -14.23807,
        -12.414097,
        -10.555332,
        -8.739031,
        -6.95173,
        -5.155973,
        -3.4186969,
        -1.7394705,
        -0.084172964,
        1.4929838,
        2.9621477,
        4.229684,
        5.2986736,
        6.1963177,
        6.901635,
        7.409893,
        7.7851872,
        8.0092945,
        8.054045,
        7.9649596,
        7.767423,
        7.512517,
        7.169726,
        6.768382,
        6.275675,
        5.721373,
        5.2093854,
        4.722115,
        4.2976284,
        3.8980005,
        3.5643494,
        3.2634919,
        3.0338147,
        2.810717,
        2.5795903,
        2.352202,
        2.1544838,
        1.9263251,
        1.7509944,
        1.5994796,
        1.4906603,
        1.4051578,
        1.3717461,
        1.3429277,
        1.3097326,
        1.2197121,
        1.113498,
        0.9720148,
        0.799837,
        0.62580514,
        0.4712727,
        0.3121296,
        0.19110574,
        0.0889272,
        0.019713622,
        0.062458176,
        0.07848429,
        0.1494894,
        0.21826491,
        0.28736168,
        0.37846592,
        0.41265157,
        0.40921527,
        0.38997024
    ],
    "y": [
        -0.07951546,
        -0.02714014,
        0.011434078,
        0.050521374,
        0.06158018,
        0.0613513,
        0.0736022,
        0.07197189,
        0.039684772,
        0.021643639,
        -0.011036396,
        -0.048941612,
        -0.094744205,
        -0.12935925,
        -0.18620968,
        -0.23168612,
        -0.2348547,
        -0.2527671,
        -0.26601982,
        -0.26957035,
        -0.2845788,
        -0.28940487,
        -0.30294847,
        -0.32495928,
        -0.35763073,
        -0.41726732,
        -0.43240404,
        -0.47465515,
        -0.5058999,
        -0.53341246,
        -0.5621867,
        -0.6230626,
        -0.6918812,
        -0.7377324,
        -0.796288,
        -0.8341532,
        -0.87743807,
        -0.8430381,
        -0.77920246,
        -0.6746249,
        -0.5322828,
        -0.33135843,
        -0.15179539,
        0.07089138,
        0.35598373,
        0.68704987,
        1.1480742,
        1.7080517,
        2.3617563,
        2.9958215,
        3.4344459,
        3.681274,
        3.709209,
        3.6114554,
        3.598763,
        3.5880017,
        3.644884,
        3.5695853,
        3.4681945,
        3.2049856,
        2.9814477,
        2.6374907,
        1.992177,
        1.0584254,
        -0.09569883,
        -1.4097996,
        -2.7493942,
        -4.019302,
        -5.0653744,
        -5.8947034,
        -6.4742146,
        -6.9405017,
        -7.4035645,
        -7.829379,
        -8.161875,
        -8.385274,
        -8.431011,
        -8.326193,
        -8.145227,
        -7.9452543,
        -7.8137045,
        -7.762874,
        -7.825707,
        -7.9486847,
        -8.073635,
        -8.1474,
        -8.06499,
        -7.829887,
        -7.4726634,
        -7.045986,
        -6.5643215,
        -6.0588183,
        -5.462954,
        -4.789259,
        -3.9905274,
        -3.1225724,
        -2.2796698,
        -1.5345407,
        -0.95475435,
        -0.5287156,
        -0.1992917,
        0.1385231,
        0.4795804,
        0.89999723,
        1.3777661,
        1.8884573,
        2.350327,
        2.7104535,
        2.9494433,
        3.1365685,
        3.1739707,
        3.1482692,
        3.0957236,
        3.0214624,
        2.9304504,
        2.806332,
        2.6950107,
        2.517859,
        2.2895355,
        2.0964117,
        1.8764653,
        1.6919508,
        1.4950109,
        1.2831607,
        1.1180921,
        0.9442735,
        0.78045607,
        0.6047859,
        0.47445488,
        0.34381533,
        0.22707558,
        0.15981007,
        0.07985735,
        -0.00097322464,
        -0.07782936,
        -0.14593554,
        -0.22666264,
        -0.28178644,
        -0.33757496,
        -0.37722206,
        -0.41275358,
        -0.4969864,
        -0.51269627,
        -0.5556369,
        -0.54208183,
        -0.5292573,
        -0.5218239,
        -0.46475554
    ],