{
    "class": "xpos",
    "duration_ms": 700,
    "x": [
        -0.7738129,
        -0.69132704,
        -0.65323126,
        -0.6614311,
        -0.7488384,
        -0.88437635,
        -1.0137938,
        -1.1427796,
        -1.1792504,
        -0.9718996,
        -0.63813865,
        -0.24421042,
        0.15148509,
        0.56929696,
        0.91501987,
        1.2325904,
        1.583932,
        2.0013957,
        2.4977717,
        3.0911727,
        3.728485,
        4.2947583,
        4.897292,
        5.5227866,
        6.171481,
        6.883462,
        7.782239,
        8.755356,
        9.661775,
        10.3429365,
        10.983409,
        11.580296,
        11.929984,
        12.332542,
        12.325581,
        11.88704,
        11.054916,
        10.135189,
        9.18058,
        8.077326,
        6.9829583,
        5.916852,
        4.839149,
        3.7722783,
        2.6979022,
        1.628619,
        0.59400773,
        -0.375816,
        -1.2527642,
        -2.0641956,
        -2.8526282,
        -3.6606588,
        -4.478636,
        -5.3121448,
        -6.186828,
        -7.033144,
        -7.9197826,
        -8.730246,
        -9.502273,
        -10.22683,
        -10.940374,
        -11.617489,
        -12.180613,
        -12.602769,
        -12.861818,
        -12.847182,
        -12.591786,
        -12.087875,
        -11.265704,
        -10.28282,
        -9.208537,
        -8.196085,
        -7.209892,
        -6.2960696,
        -5.393307,
        -4.4857645,
        -3.5432267,
        -2.5903833,
        -1.6490651,
        -0.70728076,
        0.17082798,
        0.9620983,
        1.6245573,
        2.2239432,
        2.7303717,
        3.1309335,
        3.4702017,
        3.8017774,
        4.028458,
        4.241674,
        4.422373,
        4.6252275,
        4.8163495,
        4.9787574,
        5.0641646,
        5.062668,
        4.9378996,
        4.739303,
        4.4227934,
        4.1235785,
        3.7547598,
        3.425907,
        3.1440723,
        2.907075,
        2.6745872,
        2.4470747,
        2.2608144,
        2.0730605,
        1.9416795,
        1.8239661,
        1.7130902,
        1.6331192,
        1.5503362,
        1.5146568,
        1.4943687,
        1.477296,
        1.4344411,
        1.4135996,
        1.330576,
        1.2708864,
        1.2072873,
        1.1175026,
        1.0249416,
        0.92458916,
        0.8595389,
        0.83734107,
        0.8537971,
        0.8761379,
        0.9005443,
        0.8873999,
        0.8710481,
        0.8760867,
        0.8452042,
        0.8142234,
        0.74703753,
        0.72260004,
        0.7047777,
        0.66723657,
        0.65496653,
        0.62903434,
        0.5579295,
        0.47036332,
        0.40921757,
        0.31909528,
        0.23062164,
        0.109760344,
        0.020718277
    ],
    "y": [
        -0.5188308,
        -0.50514364,
        -0.5161748,
        -0.47100544,
        -0.44120932,
        -0.4217248,
        -0.3932581,
        -0.38660765,
        -0.39911747,
        -0.47578335,
        -0.5497694,
        -0.5977411,
        -0.6489022,
        -0.60884786,
        -0.509583,
        -0.36606693,
        -0.20630312,
        -0.04682541,
        0.0814867,
        0.23156548,
        0.3725834,
        0.5239134,
        0.6809864,
        0.8250513,
        1.0594158,
        1.2766054,
        1.5150383,
        1.6811669,
        1.7912579,
        1.7777455,
        1.6761703,
        1.5867128,
        1.4991078,
        1.3601718,
        1.1287658,
        0.8119912,
        0.5989523,
        0.4731984,
        0.3106811,
        0.14994216,
        -0.04735422,
        -0.25036907,
        -0.44041443,
        -0.60373735,
        -0.8245566,
        -1.0866872,
        -1.4121722,
        -1.7632228,
        -2.2117286,
        -2.6783001,
        -3.2172148,
        -3.7939901,
        -4.3146315,
        -4.8193645,
        -5.288975,
        -5.649541,
        -5.940161,
        -6.169576,
        -6.3015804,
        -6.3360944,
        -6.315815,
        -6.2205954,
        -6.1249905,
        -6.021425,
        -5.935029,
        -5.8283863,
        -5.764406,
        -5.676566,
        -5.596386,
        -5.5290117,
        -5.5061717,
        -5.45471,
        -5.3092084,
        -5.0910215,
        -4.824085,
        -4.575658,
        -4.3745804,
        -4.1277266,
        -3.8951938,
        -3.5959253,
        -3.2326436,
        -2.8415194,
        -2.3749807,
        -1.8715818,
        -1.35304,
        -0.9006362,
        -0.52627707,
        -0.28462362,
        -0.12266779,
        0.0052514076,
        0.08018732,
        0.15493345,
        0.28691387,
        0.46653557,
        0.6698437,
        0.89681053,
        1.1331725,
        1.3694296,
        1.5697184,
        1.7172914,
        1.7283745,
        1.6842198,
        1.5655713,
        1.4153776,
        1.3172407,
        1.2447152,
        1.2167969,
        1.1785173,
        1.1418262,
        1.116272,
        1.0421047,
        0.9600816,
        0.8176036,
        0.7316594,
        0.61093426,
        0.5170164,
        0.40160227,
        0.29540682,
        0.17916393,
        0.105519295,
        0.07921934,
        0.054869175,
        0.066138744,
        0.07244778,
        0.10490656,
        0.15876818,
        0.15267897,
        0.13466215,
        0.0975852,
        0.07502699,
        0.038301945,
        0.054481506,
        0.092466354,
        0.12353659,
        0.13091087,
        0.1693883,
        0.2053318,
        0.20033598,
        0.20710993,
        0.1802373,
        0.18190527,
        0.20472908,
        0.22461796,
        0.24867153,
        0.23852158,
        0.21569824,
        0.18260336
    ],