{
    "class": "xpos",
    "duration_ms": 700,
    "x": [
        5.3542905,
        5.5792727,
        5.7461762,
        5.7898417,
        5.72792,
        5.536394,
        5.307272,
        5.1126556,
        4.7256656,
        4.1304345,
        3.3973975,
        2.55404,
        1.7094783,
        0.89441645,
        0.14018393,
        -0.48811388,
        -1.0616126,
        -1.5893915,
        -2.054536,
        -2.5266263,
        -3.0323822,
        -3.5629592,
        -4.1026697,
        -4.6025085,
        -5.013557,
        -5.291374,
        -5.4676065,
        -5.556468,
        -5.537969,
        -5.537652,
        -5.558838,
        -5.6793547,
        -5.8648014,
        -6.2007694,
        -6.626868,
        -7.143502,
        -7.667919,
        -8.153397,
        -8.586646,
        -8.849056,
        -9.013062,
        -9.043245,
        -8.995124,
        -8.777983,
        -8.489933,
        -8.082674,
        -7.5411563,
        -6.914801,
        -6.2600727,
        -5.60244,
        -4.993887,
        -4.3762703,
        -3.775707,
        -3.2161984,
        -2.7458944,
        -2.2264202,
        -1.7342517,
        -1.2283063,
        -0.71045935,
        -0.2303952,
        0.18596375,
        0.50778747,
        0.73777354,
        0.9335019,
        1.1143596,
        1.3886843,
        1.8032248,
        2.3140256,
        2.8677387,
        3.4227784,
        3.901494,
        4.2113495,
        4.304787,
        4.2340937,
        4.0078597,
        3.6606684,
        3.2461061,
        2.8702703,
        2.5750198,
        2.40226,
        2.3250332,
        2.3120298,
        2.301331,
        2.2359283,
        2.1593232,
        2.038427,
        1.9740388,
        1.8638567,
        1.765707,
        1.717965,
        1.6728462,
        1.7283685,
        1.8511156,
        1.9717762,
        2.1116922,
        2.215382,
        2.2463431,
        2.249463,
        2.267161,
        2.1984031,
        2.1624541,
        2.054086,
        1.9285877,
        1.7884892,
        1.6484532,
        1.4729161,
        1.3100152,
        1.1742457,
        1.0539542,
        0.9396958,
        0.8267181,
        0.71997416,
        0.6434123,
        0.57787335,
        0.5496149,
        0.5131877,
        0.48776296,
        0.48986465,
        0.4568473,
        0.44572607,
        0.42732015,
        0.34387842,
        0.3289565,
        0.28176633,
        0.25964087,
        0.2411311,
        0.24085757,
        0.24475503,
        0.22218344,
        0.1902596,
        0.18054488,
        0.17156053,
        0.16600952,
        0.14709023,
        0.1411342,
        0.1526931,
        0.15757886,
        0.15320593,
        0.13229543,
        0.1664072,
        0.12861663,
        0.09532541,
        0.020981938,
        -0.02970466,
        -0.054358184,
        -0.07209203,
        -0.09949696,
        -0.105344474
    ],
    "y": [
        1.1640892,
        0.8657222,
        0.5644069,
        0.2887888,
        0.10065365,
        0.013716698,
        -0.037013054,
        -0.11146736,
        -0.20025921,
        -0.31786585,
        -0.46456766,
        -0.609468,
        -0.7120681,
        -0.8512292,
        -0.940783,
        -1.0955501,
        -1.3011489,
        -1.4884808,
        -1.6674333,
        -1.9004543,
        -2.1398642,
        -2.3737385,
        -2.6189532,
        -2.830482,
        -3.042192,
        -3.26424,
        -3.501842,
        -3.786427,
        -4.036695,
        -4.2909994,
        -4.4703035,
        -4.6128874,
        -4.7234864,
        -4.7736135,
        -4.7612877,
        -4.667732,
        -4.486189,
        -4.3126197,
        -4.1925783,
        -4.0758452,
        -3.9982235,
        -3.9497724,
        -3.901141,
        -3.8756258,
        -3.8153157,
        -3.7910304,
        -3.7778444,
        -3.757927,
        -3.7183723,
        -3.6896746,
        -3.5709906,
        -3.488919,
        -3.3906665,
        -3.2834234,
        -3.1885424,
        -3.0677152,
        -2.9542956,
        -2.7740777,
        -2.5772266,
        -2.399652,
        -2.2486887,
        -2.105509,
        -2.0206194,
        -1.9439354,
        -1.8827243,
        -1.8175063,
        -1.7931662,
        -1.7567697,
        -1.6938148,
        -1.6069994,
        -1.4583249,
        -1.2935033,
        -1.0840025,
        -0.8131614,
        -0.52889824,
        -0.22169018,
        0.06535053,
        0.32951784,
        0.50831556,
        0.5678768,
        0.5771899,
        0.47618437,
        0.4345231,
        0.40654516,
        0.43772602,
        0.4875803,
        0.5635419,
        0.6013012,
        0.6320524,
        0.64143467,
        0.59843826,
        0.5773649,
        0.53736115,
        0.48799038,
        0.47446728,
        0.47734737,
        0.49645662,
        0.48628044,
        0.5162716,
        0.49562025,
        0.47470617,
        0.42972326,
        0.3799367,
        0.31349087,
        0.283257,
        0.26074266,
        0.23425102,
        0.23990345,
        0.26109886,
        0.30986595,
        0.35265207,
        0.3509674,
        0.38111925,
        0.3757739,
        0.36815262,
        0.31278467,
        0.29572105,
        0.25465345,
        0.23975658,
        0.24136543,
        0.2450881,
        0.20301199,
        0.19899273,
        0.17324972,
        0.13324833,
        0.1557002,
        0.16418314,
        0.1731267,
        0.16357088,
        0.19551039,
        0.1995883,
        0.21416473,
        0.2080307,
        0.18108463,
        0.16906452,
        0.14543629,
        0.13641024,
        0.11062002,
        0.08477926,
        0.05880165,
        0.068425655,
        0.092157364,
        0.101335526,
        0.15345621,
        0.17447567,
        0.1765213,
        0.15492201,
        0.12164402
    ],