{
    "class": "xpos",
    "duration_ms": 700,
    "x": [
        3.6908975,
        4.5727215,
        5.425954,
        6.0596485,
        6.5946474,
        6.8206773,
        6.7969956,
        6.5062566,
        5.902165,
        5.3127418,
        5.0543475,
        5.0162754,
        5.139575,
        5.3404336,
        5.4928575,
        5.4277687,
        5.0995417,
        4.528784,
        3.826797,
        2.8965425,
        1.8512144,
        0.7531438,
        -0.33043218,
        -1.3987188,
        -2.326158,
        -3.1445436,
        -3.7680984,
        -4.3186674,
        -4.7859097,
        -5.1569223,
        -5.506789,
        -5.8505774,
        -6.243712,
        -6.672595,
        -7.2072687,
        -7.846966,
        -8.555576,
        -9.197252,
        -9.816126,
        -10.288527,
        -10.696325,
        -10.943936,
        -11.048559,
        -11.003901,
        -10.801988,
        -10.4349785,
        -9.825124,
        -8.994242,
        -8.032471,
        -6.9622235,
        -5.9040403,
        -4.8994784,
        -3.947068,
        -3.0170875,
        -2.1039026,
        -1.1921866,
        -0.3051057,
        0.550931,
        1.3094803,
        1.9330221,
        2.4773393,
        2.8907542,
        3.1621187,
        3.2948284,
        3.272678,
        3.1223137,
        2.927217,
        2.734693,
        2.649565,
        2.655072,
        2.7348232,
        2.798647,
        2.7801552,
        2.6843503,
        2.5080683,
        2.2811565,
        1.9904346,
        1.7612605,
        1.5447397,
        1.371097,
        1.29471,
        1.2625902,
        1.3174543,
        1.4115895,
        1.531352,
        1.6130395,
        1.6359843,
        1.6626161,
        1.6475056,
        1.6146307,
        1.5759686,
        1.5841596,
        1.6152304,
        1.5852345,
        1.5679013,
        1.5122956,
        1.4225982,
        1.3077538,
        1.2320855,
        1.138208,
        1.0240467,
        0.9523857,
        0.8780976,
        0.775454,
        0.70214987,
        0.5867434,
        0.47493094,
        0.4101952,
        0.38067988,
        0.38172153,
        0.434985,
        0.49274758,
        0.55485237,
        0.6688868,
        0.7506764,
        0.7806558,
        0.7753328,
        0.7727343,
        0.7177416,
        0.6511632,
        0.5660176,
        0.47450632,
        0.40055594,
        0.32957786,
        0.23964632,
        0.15910193,
        0.06588751,
        -0.035653323,
        -0.0810692,
        -0.0752891,
        -0.07559818,
        -0.103470355,
        -0.08917016,
        -0.025064588,
        0.046325028,
        0.11596203,
        0.16288018,
        0.19721067,
        0.19301426,
        0.11916971,
        0.09491438,
        0.028940797,
        0.013913572,
        -0.024682462,
        -0.03700292,
        -0.056873977,
        -0.050711274,
        -0.04014778
    ],
    "y": [
        0.37566042,
        0.36639595,
        0.40405273,
        0.4902568,
        0.50700617,
        0.43497133,
        0.31982756,
        0.2649765,
        0.29000854,
        0.3521881,
        0.3586049,
        0.27812958,
        0.050642967,
        -0.20476675,
        -0.40054274,
        -0.5018225,
        -0.5524082,
        -0.6555309,
        -0.7801719,
        -0.7850113,
        -0.71075726,
        -0.61260223,
        -0.5196905,
        -0.48315477,
        -0.53765106,
        -0.7682843,
        -1.0999634,
        -1.603509,
        -2.1513019,
        -2.7185512,
        -3.2110841,
        -3.6708293,
        -4.058391,
        -4.3602777,
        -4.610266,
        -4.8171706,
        -4.9345536,
        -4.9489446,
        -4.933042,
        -4.8756423,
        -4.81622,
        -4.763239,
        -4.653401,
        -4.5695567,
        -4.448678,
        -4.371275,
        -4.2886443,
        -4.2547674,
        -4.2446814,
        -4.2550526,
        -4.2083616,
        -4.1682534,
        -4.1337924,
        -3.9966364,
        -3.8568244,
        -3.7188492,
        -3.5563562,
        -3.3431997,
        -3.1226616,
        -2.902132,
        -2.6362433,
        -2.406423,
        -2.1242695,
        -1.8451481,
        -1.6171227,
        -1.3520198,
        -1.0597849,
        -0.79811144,
        -0.5599303,
        -0.31662655,
        -0.118489265,
        -0.0015192032,
        0.12010956,
        0.24350882,
        0.37317038,
        0.5017538,
        0.6219454,
        0.73377323,
        0.7892003,
        0.857564,
        0.92935514,
        0.93041277,
        0.95167065,
        0.9546695,
        0.92966986,
        0.90768766,
        0.86721516,
        0.8203659,
        0.78642654,
        0.755991,
        0.69799805,
        0.65287924,
        0.586853,
        0.4899392,
        0.41444683,
        0.3408661,
        0.3405943,
        0.35108423,
        0.3985119,
        0.4518051,
        0.47523785,
        0.49066496,
        0.46984863,
        0.4227171,
        0.4332676,
        0.39403677,
        0.39835882,
        0.37696838,
        0.33696556,
        0.28798294,
        0.2252717,
        0.16807795,
        0.082971096,
        0.044112206,
        0.044188023,
        0.08546257,
        0.18928671,
        0.28616858,
        0.37376165,
        0.4042163,
        0.43984032,
        0.42799377,
        0.3759451,
        0.31474066,
        0.23940897,
        0.15212727,
        0.09569788,
        0.057960987,
        0.045701504,
        0.053966522,
        0.05857277,
        0.03321886,
        0.025735855,
        -0.002120018,
        -0.0046782494,
        -0.041600227,
        -0.07913542,
        -0.07163668,
        -0.04984379,
        -0.037466526,
        0.004076004,
        0.036515236,
        0.05980587,
        0.0736537,
        0.056372643,
        0.029361725,
        -0.021979332,
        -0.08561897
    ],