{
    "class": "zpos",
    "duration_ms": 700,
    "x": [
        0.0256145,
        0.0862751,
        0.14134327,
        0.17952043,
        0.19878808,
        0.21836962,
        0.2169899,
        0.23744586,
        0.21308741,
        0.20599139,
        0.17078564,
        0.15277314,
        0.12568754,
        0.12055475,
        0.101546615,
        0.07100798,
        0.024167173,
        -0.000852406,
        -0.056462795,
        -0.10443701,
        -0.14007905,
        -0.20158881,
        -0.23423027,
        -0.2573611,
        -0.30423287,
        -0.3152499,
        -0.3262806,
        -0.32550094,
        -0.32256377,
        -0.29859385,
        -0.3249987,
        -0.30887166,
        -0.31713063,
        -0.28550923,
        -0.25696456,
        -0.24811392,
        -0.20175867,
        -0.15154044,
        -0.1260056,
        -0.072523475,
        -0.036375817,
        0.025376163,
        0.077026516,
        0.08290249,
        0.0954811,
        0.071897745,
        0.13829769,
        0.22015154,
        0.24846779,
        0.1973455,
        0.11215216,
        -0.0027412437,
        -0.17351216,
        -0.39095104,
        -0.6689155,
        -0.96728307,
        -1.1691234,
        -1.2769456,
        -1.3259091,
        -1.3440452,
        -1.3376409,
        -1.3873773,
        -1.4639373,
        -1.5643907,
        -1.587439,
        -1.551339,
        -1.4936881,
        -1.4024664,
        -1.3066542,
        -1.1514993,
        -0.90678525,
        -0.5255138,
        -0.06803775,
        0.38823247,
        0.8403526,
        1.2429308,
        1.5983778,
        1.8826151,
        2.0911973,
        2.2015505,
        2.1336522,
        1.5318003,
        1.5464573,
        1.6776587,
        1.7471515,
        1.74493,
        1.6985366,
        1.6060694,
        1.4197066,
        1.2321637,
        0.9923639,
        0.7735977,
        0.58676076,
        0.41932404,
        0.3307184,
        0.27760875,
        0.27459145,
        0.25752616,
        0.30091286,
        0.34972376,
        0.38241792,
        0.40868086,
        0.39511877,
        -0.68661356,
        -0.681243,
        -0.019458532,
        0.08356583,
        -0.03410691,
        -0.035249174,
        0.005551815,
        -0.014354974,
        -0.10053894,
        -0.27568877,
        -0.466324,
        -0.65089554,
        -0.783841,
        -0.8436431,
        -0.79661036,
        -0.68785685,
        -0.5333902,
        -0.35630292,
        -0.21566641,
        -0.09409577,
        -0.03392309,
        0.030297041,
        0.07514161,
        0.103431165,
        0.103283346,
        0.08661455,
        0.031812012,
        -0.020707995,
        -0.071490765,
        -0.11862457,
        -0.19145232,
        -0.2427772,
        -0.25399148,
        -0.31389815,
        -0.34364337,
        -0.36244237,
        -0.35833263,
        -0.34556973,
        -0.3287713,
        -0.31976032,
        -0.29684022,
        -0.26945752,
        -0.2829855,
        -0.22019015,
        -0.19586919
    ],
    "y": [
        0.09470177,
        0.0673275,
        0.045096874,
        0.05875635,
        0.08193922,
        0.09557247,
        0.09253979,
        0.09415674,
        0.09544182,
        0.07500744,
        0.056703568,
        0.033391,
        0.047893047,
        0.035841465,
        0.047385693,
        0.044512272,
        0.017991066,
        0.0013303757,
        -0.00063323975,
        -0.002169609,
        -0.01975441,
        -0.0365386,
        -0.033459187,
        -0.060588837,
        -0.06549072,
        -0.074585915,
        -0.06652117,
        -0.060504436,
        -0.085057735,
        -0.056903362,
        -0.083487034,
        -0.08365488,
        -0.12192345,
        -0.13392067,
        -0.12948608,
        -0.16588116,
        -0.1833868,
        -0.16321898,
        -0.16024733,
        -0.15540934,
        -0.10126209,
        -0.041050434,
        0.0036878586,
        0.02120781,
        0.025932789,
        0.0438385,
        0.029120922,
        -0.021105766,
        -0.07399464,
        -0.102041245,
        -0.12124586,
        -0.1807456,
        -0.24375725,
        -0.36179066,
        -0.52923965,
        -0.7805586,
        -1.1021528,
        -1.4896679,
        -1.8902128,
        -2.235708,
        -2.4834836,
        -2.5759683,
        -2.555828,
        -2.4178402,
        -2.1788754,
        -1.9112272,
        -1.6253967,
        -1.3945193,
        -1.2105536,
        -1.094501,
        -1.0772972,
        -1.0153832,
        -1.011776,
        -0.95883465,
        -0.8374915,
        -0.7076359,
        -0.48074865,
        -0.22857809,
        0.07521105,
        0.3371625,
        0.55973196,
        0.99163723,
        0.8915472,
        0.61173344,
        0.26711845,
        0.001159668,
        -0.1838069,
        -0.30202103,
        -0.3292446,
        -0.27231026,
        -0.16930151,
        -0.051178932,
        0.08940697,
        0.10443735,
        0.09955454,
        0.022381783,
        -0.12434149,
        -0.31407642,
        -0.52994967,
        -0.7454257,
        -0.9293184,
        -1.0480275,
        -1.2047029,
        -0.7112775,
        -0.36122942,
        -0.71208,
        -0.9296789,
        -1.1978817,
        -1.4751844,
        -1.7500873,
        -1.8810201,
        -1.7878814,
        -1.5501642,
        -1.228056,
        -0.8816118,
        -0.6688962,
        -0.60134745,
        -0.6756935,
        -0.8451214,
        -1.0291195,
        -1.1874528,
        -1.2581844,
        -1.2609768,
        -1.194036,
        -1.0774112,
        -0.9314456,
        -0.7527685,
        -0.6124506,
        -0.48371887,
        -0.36881542,
        -0.24402618,
        -0.119381905,
        -0.040789127,
        0.04620886,
        0.1220088,
        0.16213512,
        0.18524122,
        0.21724224,
        0.20769739,
        0.21386003,
        0.23575497,
        0.25906658,
        0.28149128,
        0.32230616,
        0.3385229,
        0.30870295,
        0.28793907,
        0.22605848
    ],