{
    "class": "zpos",
    "duration_ms": 700,
    "x": [
        -0.018985298,
        0.05037769,
        0.114916235,
        0.16137038,
        0.15736502,
        0.15577273,
        0.123052664,
        0.08033875,
        0.055797044,
        0.01805593,
        -0.0023328345,
        -0.031942725,
        -0.025950577,
        -0.006374359,
        0.00054786727,
        0.028220076,
        0.03378682,
        0.040891945,
        0.044671595,
        0.06427224,
        0.021314379,
        -0.0027556457,
        0.004012484,
        -0.020202111,
        -0.044226628,
        -0.05633464,
        -0.080354795,
        -0.10198417,
        -0.08800571,
        -0.06471703,
        -0.017860122,
        0.011999335,
        0.039364867,
        0.06884543,
        0.16218041,
        0.2639978,
        0.37629575,
        0.51765877,
        0.7207996,
        0.8277717,
        0.82158196,
        0.7421111,
        0.6167685,
        0.34692317,
        0.021360204,
        -0.21320638,
        -0.40782347,
        -0.6601331,
        -0.8894007,
        -1.037798,
        -1.215446,
        -1.405324,
        -1.6163187,
        -1.834595,
        -2.0213144,
        -2.2053316,
        -2.315901,
        -2.3326886,
        -2.2207189,
        -1.9758899,
        -1.5715606,
        -1.0803924,
        -0.49788117,
        0.063244715,
        0.64616984,
        1.1292813,
        1.5828749,
        2.02274,
        2.294949,
        2.455646,
        2.4983103,
        2.411759,
        2.2448633,
        2.0848365,
        1.930573,
        1.6331449,
        1.3609612,
        1.1496327,
        0.6297906,
        0.39031345,
        0.65652895,
        0.82341534,
        0.59155893,
        0.58040565,
        0.68404895,
        0.74825996,
        0.69565934,
        0.6916981,
        0.73530114,
        0.79186785,
        0.8155339,
        0.80874443,
        0.8266786,
        0.8935064,
        0.94246554,
        1.0170695,
        1.1371603,
        1.2364833,
        1.322954,
        1.3465018,
        1.4002066,
        1.4286597,
        1.4412179,
        1.4417794,
        0.73246944,
        0.76595795,
        1.3017211,
        1.298939,
        1.0894082,
        0.9637737,
        0.86098003,
        0.7282227,
        0.5693359,
        0.3238142,
        -0.0071651936,
        -0.29584444,
        -0.5006392,
        -0.67027235,
        -0.79062736,
        -0.84237677,
        -0.84886444,
        -0.77588487,
        -0.67978036,
        -0.54966044,
        -0.4052251,
        -0.252078,
        -0.13439879,
        -0.044318527,
        -0.024264276,
        -0.018737853,
        -0.034979343,
        -0.06852582,
        -0.09643063,
        -0.16762683,
        -0.24719757,
        -0.32891858,
        -0.4063493,
        -0.47985357,
        -0.5354626,
        -0.56402886,
        -0.5487081,
        -0.5393837,
        -0.5211779,
        -0.5294937,
        -0.49458325,
        -0.4617496,
        -0.45484805,
        -0.44033045,
        -0.4541994
    ],
    "y": [
        -0.10441971,
        -0.055904865,
        0.00066947937,
        0.010655403,
        0.04326296,
        0.05089569,
        0.071721554,
        0.072292805,
        0.085688114,
        0.075838566,
        0.06385279,
        0.058815956,
        0.029353142,
        -0.0057678223,
        -0.037308693,
        -0.05595541,
        -0.078436375,
        -0.104519844,
        -0.13394737,
        -0.12600327,
        -0.12105703,
        -0.09748697,
        -0.052695274,
        -0.024541855,
        0.008859158,
        0.018996716,
        0.041851997,
        0.08681536,
        0.14420414,
        0.19741869,
        0.24174738,
        0.27503777,
        0.30925322,
        0.34693432,
        0.35738802,
        0.33154535,
        0.2841053,
        0.1723113,
        0.036536694,
        -0.071285725,
        -0.14234352,
        -0.18934298,
        -0.18248224,
        -0.2231226,
        -0.28434563,
        -0.43330073,
        -0.7133696,
        -1.1410444,
        -1.7661767,
        -2.4444327,
        -3.085954,
        -3.6284719,
        -3.9753475,
        -4.036475,
        -3.829123,
        -3.3154712,
        -2.7088962,
        -2.0815752,
        -1.5271807,
        -1.1755114,
        -0.979826,
        -0.9845753,
        -1.1005282,
        -1.1811819,
        -1.2498956,
        -1.1817975,
        -1.0793514,
        -0.99215984,
        -0.91717005,
        -0.8871298,
        -0.85356426,
        -0.8423319,
        -0.7836704,
        -0.65562487,
        -0.51534224,
        -0.33154535,
        -0.15677929,
        0.033085823,
        0.74009943,
        1.061863,
        0.8121791,
        0.39767742,
        0.1381936,
        0.023490906,
        0.04616499,
        0.16041803,
        0.14316607,
        0.030378342,
        -0.06756401,
        -0.12888956,
        -0.1869359,
        -0.22956324,
        -0.2709875,
        -0.3252859,
        -0.35872984,
        -0.42375755,
        -0.4675684,
        -0.49723625,
        -0.51030016,
        -0.49464846,
        -0.4908142,
        -0.52475166,
        -0.5624633,
        -0.65410423,
        -0.41977978,
        -0.47533846,
        -0.9758153,
        -1.3245001,
        -1.5804458,
        -1.7714143,
        -1.8318696,
        -1.7392316,
        -1.6283283,
        -1.4667864,
        -1.2867002,
        -1.1200132,
        -0.9794035,
        -0.8439183,
        -0.7140522,
        -0.66190434,
        -0.6324477,
        -0.6758585,
        -0.71539736,
        -0.76282024,
        -0.8178575,
        -0.8654692,
        -0.8855419,
        -0.84586763,
        -0.83148336,
        -0.7696004,
        -0.6737263,
        -0.5885477,
        -0.53018045,
        -0.4717822,
        -0.39643145,
        -0.32790756,
        -0.2567153,
        -0.17116356,
        -0.13141203,
        -0.10205269,
        -0.08572292,
        -0.10901356,
        -0.093202114,
        -0.08618832,
        -0.06397295,
        -0.064781666,
        -0.062182426,
        -0.032113552,
        -0.03891468
    ],