{
    "class": "zpos",
    "duration_ms": 700,
    "x": [
        -0.045377254,
        -0.032183677,
        0.032340735,
        0.15301114,
        0.25387388,
        0.3829166,
        0.46180296,
        0.50758994,
        0.5395953,
        0.5600696,
        0.571493,
        0.5619654,
        0.5195694,
        0.42531714,
        0.34357822,
        0.21008967,
        0.1628992,
        0.09448516,
        0.06675717,
        0.020100802,
        0.023603857,
        -0.006257415,
        0.0069085658,
        0.015180469,
        -0.019606322,
        -0.044860333,
        -0.067808,
        -0.07651842,
        -0.05212137,
        -0.06380737,
        -0.07076201,
        -0.05646026,
        -0.056558967,
        -0.023533136,
        0.018749088,
        0.032209426,
        0.055264622,
        0.045074195,
        0.030354172,
        -0.00082856417,
        -0.0033701062,
        0.0012281239,
        -0.01341781,
        0.002747506,
        0.013776928,
        0.07665032,
        0.1480901,
        0.18504791,
        0.20919204,
        0.20144042,
        0.2189335,
        0.2134051,
        0.077470064,
        -0.0841749,
        -0.22472781,
        -0.3403912,
        -0.4560413,
        -0.6213067,
        -0.9166789,
        -1.2264081,
        -1.4567655,
        -1.6410094,
        -1.692001,
        -1.6556133,
        -1.4961648,
        -1.2908852,
        -1.0167669,
        -0.8042078,
        -0.59983337,
        -0.47536474,
        -0.2950765,
        -0.13210233,
        0.057234872,
        0.26377824,
        0.4447452,
        0.66953087,
        0.7408218,
        0.72876143,
        0.8087225,
        0.95045924,
        1.0236487,
        1.085094,
        1.1686529,
        1.103233,
        1.0076759,
        0.864549,
        0.67825353,
        0.7951325,
        1.2482598,
        1.413472,
        1.0299902,
        0.6792903,
        0.5459771,
        0.49433896,
        0.4314297,
        0.31519035,
        0.20082766,
        0.17105779,
        0.13165507,
        0.07287583,
        -0.019646585,
        -0.060061395,
        -0.07338254,
        -0.046539813,
        -0.5808521,
        -1.0672863,
        -0.22159863,
        0.1307589,
        0.1001442,
        0.0027313903,
        -0.014982887,
        -0.019684292,
        0.012663312,
        0.04411708,
        0.07284896,
        0.03314066,
        -0.08589927,
        -0.18593709,
        -0.26008058,
        -0.25573003,
        -0.26326293,
        -0.24156146,
        -0.20221329,
        -0.15931424,
        -0.17942907,
        -0.24026668,
        -0.27905634,
        -0.312137,
        -0.370651,
        -0.40425253,
        -0.41300762,
        -0.40938637,
        -0.41073602,
        -0.4298166,
        -0.46747255,
        -0.5389513,
        -0.58995485,
        -0.6282055,
        -0.61584973,
        -0.5412244,
        -0.45946383,
        -0.37531513,
        -0.28868788,
        -0.22552632,
        -0.18056737,
        -0.16528207,
        -0.1816276
    ],
    "y": [
        -0.13167238,
        -0.13661814,
        -0.12019777,
        -0.04697895,
        -0.0005965233,
        0.038238525,
        0.062597275,
        0.08935976,
        0.054459095,
        0.050878525,
        0.049636364,
        0.03391123,
        0.04627037,
        0.010289192,
        0.030769825,
        0.055049896,
        0.06651831,
        0.07257414,
        0.07562733,
        0.0757575,
        0.08258486,
        0.06297064,
        0.05533266,
        0.08584499,
        0.08531141,
        0.09424257,
        0.117254734,
        0.1637497,
        0.17447186,
        0.18551254,
        0.19233322,
        0.18785095,
        0.21001196,
        0.20858002,
        0.20505476,
        0.20420456,
        0.21076441,
        0.17009401,
        0.1610856,
        0.18127489,
        0.18071413,
        0.17397547,
        0.20627117,
        0.2344141,
        0.24166298,
        0.26616,
        0.26968384,
        0.2785139,
        0.29251957,
        0.28045368,
        0.25364828,
        0.22555733,
        0.14249325,
        0.055239677,
        -0.06480932,
        -0.29841375,
        -0.59269285,
        -0.99977016,
        -1.3555713,
        -1.6198041,
        -1.8303971,
        -1.9815357,
        -2.107397,
        -2.1985896,
        -2.3601623,
        -2.5197804,
        -2.6530776,
        -2.7237957,
        -2.72246,
        -2.6113613,
        -2.4228559,
        -2.1326208,
        -1.841105,
        -1.5796127,
        -1.3127341,
        -1.1512241,
        -0.9952693,
        -0.7976203,
        -0.6494856,
        -0.52939224,
        -0.42530584,
        -0.28676987,
        -0.18021393,
        0.005297661,
        0.17731285,
        0.3032236,
        0.4386797,
        0.5482278,
        0.5295415,
        0.47356558,
        0.5798583,
        0.6164794,
        0.54431295,
        0.40744114,
        0.23976707,
        0.024693966,
        -0.24691343,
        -0.500432,
        -0.66378164,
        -0.7225518,
        -0.73664,
        -0.6440263,
        -0.5452285,
        -0.44756985,
        -0.2697053,
        0.07671404,
        -0.15742826,
        -0.36377048,
        -0.5696578,
        -0.8521838,
        -1.1347489,
        -1.383524,
        -1.528449,
        -1.6091661,
        -1.5930438,
        -1.554874,
        -1.4566078,
        -1.2859564,
        -1.1092105,
        -0.9782076,
        -0.89938116,
        -0.8645878,
        -0.8894372,
        -0.91986656,
        -0.9207988,
        -0.8692708,
        -0.7806783,
        -0.6514821,
        -0.5405588,
        -0.40902185,
        -0.27559662,
        -0.21187496,
        -0.16036654,
        -0.0973196,
        -0.06858921,
        -0.026790142,
        0.0035738945,
        0.0028367043,
        -0.029572964,
        -0.027152061,
        -0.08347273,
        -0.08630228,
        -0.057280064,
        -0.039487362,
        -0.003926754,
        0.05206299,
        0.06667805
    ],