{
    "class": "zpos",
    "duration_ms": 700,
    "x": [
        -0.09484284,
        -0.038443215,
        0.038778488,
        0.07786541,
        0.079573914,
        0.05886017,
        0.07067049,
        0.07190567,
        0.086197406,
        0.122642085,
        0.13330112,
        0.12041393,
        0.12672772,
        0.18271717,
        0.17836526,
        0.15895285,
        0.16003956,
        0.15048385,
        0.11353449,
        0.10399964,
        0.08849688,
        0.06493128,
        0.07157245,
        0.07502984,
        0.03032031,
        0.04501792,
        0.040588014,
        0.06259553,
        0.07500571,
        0.12476136,
        0.18494153,
        0.18122628,
        0.15117744,
        0.08911709,
        -0.04594129,
        -0.19962129,
        -0.37745202,
        -0.68968344,
        -1.0917438,
        -1.5316173,
        -2.0143492,
        -2.443966,
        -2.8010123,
        -3.0810711,
        -3.2207952,
        -3.17761,
        -2.9461842,
        -2.4972112,
        -1.9198726,
        -1.2624884,
        -0.64120454,
        -0.04554151,
        0.41780964,
        0.7140325,
        0.8894134,
        1.0864137,
        1.2519733,
        1.3532915,
        1.383899,
        1.3207376,
        1.2609134,
        1.2871279,
        2.3625767,
        2.212667,
        1.5822769,
        0.8868642,
        0.45062113,
        0.3016602,
        0.39097014,
        0.6959077,
        1.0319562,
        1.4380269,
        1.9055908,
        2.3997104,
        2.897393,
        3.330301,
        3.5963373,
        3.7271001,
        3.7418313,
        3.6284485,
        3.4200995,
        3.0709398,
        2.6996763,
        2.3601878,
        2.0268679,
        1.7530257,
        1.4281877,
        1.0803776,
        1.1215076,
        1.1375197,
        0.94327295,
        0.81724256,
        0.76442266,
        0.6607609,
        0.4731216,
        0.29971296,
        0.17369035,
        0.03947252,
        -0.1918417,
        -0.3942385,
        -0.5449836,
        -0.6306795,
        -0.7496981,
        -0.88270676,
        -1.015005,
        -1.1009737,
        -1.1810496,
        -1.3124775,
        -1.3900349,
        -1.4208126,
        -1.3975021,
        -1.3843018,
        -1.313721,
        -1.1708313,
        -1.0364606,
        -0.9174603,
        -0.77561927,
        -0.6493327,
        -0.5431987,
        -0.44278362,
        -0.38171357,
        -0.37222475,
        -0.37646568,
        -0.3831342,
        -0.39775506,
        -0.39227188,
        -0.39320162,
        -0.37650964,
        -0.33222353,
        -0.25768396,
        -0.1956802,
        -0.117150664,
        -0.033770192,
        0.026121758,
        0.084318414,
        0.1243092,
        0.16543576,
        0.18838684,
        0.16164905,
        0.1540203,
        0.09326008,
        0.08429358,
        0.052732136,
        0.03932286,
        0.032359414,
        0.051205337,
        0.13192669,
        0.20052114,
        0.278741
    ],
    "y": [
        0.12953615,
        0.11448002,
        0.104644775,
        0.09999037,
        0.06723213,
        0.07783079,
        0.07441902,
        0.028576374,
        0.040249348,
        0.028116226,
        0.035010338,
        0.05590248,
        0.03614521,
        0.02828455,
        0.034621716,
        0.064582825,
        0.08713055,
        0.12124634,
        0.16688013,
        0.1954217,
        0.23790073,
        0.2516117,
        0.27245712,
        0.29107714,
        0.3217597,
        0.34536266,
        0.34062433,
        0.303329,
        0.25541496,
        0.2424016,
        0.26647472,
        0.28427124,
        0.21651077,
        0.10020876,
        -0.07626438,
        -0.24424553,
        -0.574831,
        -1.026134,
        -1.5961759,
        -2.2083488,
        -2.819092,
        -3.4651365,
        -4.004937,
        -4.345892,
        -4.4754434,
        -4.3321276,
        -4.08393,
        -3.8751462,
        -3.7499683,
        -3.7173574,
        -3.7203343,
        -3.6837647,
        -3.5497603,
        -3.2271297,
        -2.7777214,
        -2.2348099,
        -1.7106352,
        -1.3390579,
        -1.1531911,
        -1.0951309,
        -1.0067592,
        -0.94782734,
        -1.3680329,
        -1.0098963,
        -0.5373244,
        -0.10310459,
        0.40088463,
        0.69249344,
        0.7214384,
        0.5807543,
        0.4784069,
        0.42604637,
        0.40910244,
        0.3460245,
        0.22952747,
        0.08823013,
        -0.123366356,
        -0.2664299,
        -0.32432556,
        -0.34730673,
        -0.36884546,
        -0.4032054,
        -0.50768566,
        -0.6103811,
        -0.79273224,
        -0.9357395,
        -1.1298299,
        -1.1996737,
        -1.4509821,
        -1.7395139,
        -1.8121328,
        -1.8106437,
        -1.9363856,
        -2.0105534,
        -2.0605025,
        -2.0632725,
        -2.110674,
        -2.1436214,
        -2.1581492,
        -2.09055,
        -1.9463654,
        -1.7955952,
        -1.6982145,
        -1.6231551,
        -1.5129576,
        -1.4060321,
        -1.3242121,
        -1.2798305,
        -1.1918488,
        -1.0961657,
        -0.98265743,
        -0.8506398,
        -0.7423177,
        -0.64961433,
        -0.57652855,
        -0.44347382,
        -0.31943655,
        -0.23261595,
        -0.17301655,
        -0.0733304,
        0.018754482,
        0.11035061,
        0.1917324,
        0.24594164,
        0.29908085,
        0.3343444,
        0.34931564,
        0.3941183,
        0.38973808,
        0.36969137,
        0.32921696,
        0.2588482,
        0.25673008,
        0.24895859,
        0.25982618,
        0.23229599,
        0.18587065,
        0.16396093,
        0.14283133,
        0.14163017,
        0.16518307,
        0.19681072,
        0.16957235,
        0.15046835,
        0.12024164,
        0.076422215,
        0.03808546,
        0.00046539307,
        -0.048348427
    ],