{
    "class": "zpos",
    "duration_ms": 700,
    "x": [
        -0.5633116,
        -0.5639776,
        -0.552495,
        -0.52345335,
        -0.45420757,
        -0.31498063,
        -0.20299023,
        -0.060415685,
        0.045997262,
        0.17577225,
        0.27536243,
        0.39854753,
        0.5367595,
        0.63827986,
        0.76684135,
        0.8837161,
        0.9480011,
        0.95974547,
        1.0030503,
        0.9852941,
        0.9762677,
        0.9213721,
        0.89732325,
        0.9014563,
        0.90244555,
        0.9172906,
        0.83392954,
        0.715091,
        0.5849568,
        0.43385094,
        0.27576756,
        0.122256696,
        -0.024384856,
        -0.14074165,
        -0.18195373,
        -0.1722784,
        -0.1138708,
        -0.05212134,
        -0.02294159,
        -0.026238859,
        -0.06215018,
        -0.09258363,
        -0.20148563,
        -0.28127846,
        -0.4228439,
        -0.5756222,
        -0.6937908,
        -0.76958597,
        -0.84072596,
        -0.89951557,
        -0.9408728,
        -0.91683906,
        -0.8560304,
        -0.76794225,
        -0.60951257,
        -0.4456198,
        -0.2811353,
        -0.12802804,
        -0.038887024,
        0.005423844,
        0.0073679686,
        0.017195165,
        -0.008055031,
        -0.015863657,
        -0.022974432,
        -0.036634684,
        -0.0568282,
        -0.045199275,
        -0.013864577,
        -0.008457601,
        0.044959724,
        0.117488205,
        0.17806011,
        0.23644942,
        0.26387614,
        0.2696435,
        0.2198407,
        0.21930885,
        0.18876517,
        0.18306679,
        0.20004624,
        0.19932103,
        0.2100392,
        0.21353585,
        0.23655897,
        0.25311732,
        0.2683856,
        0.30877042,
        0.3262546,
        0.34209567,
        0.32974452,
        0.279697,
        0.23479694,
        0.20200187,
        0.19321853,
        0.17027056,
        0.14042968,
        0.11565685,
        0.07683051,
        0.035691142,
        0.018114865,
        -0.019267559,
        -0.038600266,
        -0.05442089,
        -0.042782307,
        -0.013218522,
        0.034614086,
        0.060295284,
        0.06879783,
        0.05560118,
        0.056982934,
        0.039624512,
        -0.017893493,
        -0.036633432,
        -0.09548998,
        -0.14429939,
        -0.1615619,
        -0.21682298,
        -0.24786013,
        -0.25963873,
        -0.22837508,
        -0.19974566,
        -0.14750683,
        -0.1240716,
        -0.08406806,
        -0.070476234,
        -0.0831995,
        -0.09839225,
        -0.09428209,
        -0.07777542,
        -0.06777364,
        -0.045090556,
        -0.024095595,
        -0.033744693,
        -0.048003793,
        -0.064749956,
        -0.074682534,
        -0.082689345,
        -0.088796854,
        -0.09538269,
        -0.08790535,
        -0.10454303,
        -0.10686225,
        -0.11647344,
        -0.11885905,
        -0.14500731,
        -0.14464241,
        -0.11049467,
        -0.09044433
    ],
    "y": [
        -0.113515854,
        -0.2474494,
        -0.40107632,
        -0.5338979,
        -0.5356469,
        -0.52336645,
        -0.5541444,
        -0.63466215,
        -0.7497411,
        -0.7982435,
        -0.8249712,
        -0.78620815,
        -0.7123046,
        -0.5978184,
        -0.4781251,
        -0.4004202,
        -0.36160707,
        -0.30340147,
        -0.23949575,
        -0.2052517,
        -0.14756727,
        -0.075721264,
        -0.03737116,
        0.008329868,
        0.045024395,
        0.06140423,
        0.048395634,
        0.07563782,
        0.1528287,
        0.21062946,
        0.26806164,
        0.27699995,
        0.23232365,
        0.1503601,
        0.071299076,
        0.009278297,
        -0.040751934,
        -0.086340904,
        -0.16379642,
        -0.19472742,
        -0.2708292,
        -0.37620258,
        -0.45448542,
        -0.51657295,
        -0.56365395,
        -0.5540447,
        -0.5917039,
        -0.60083055,
        -0.6224055,
        -0.6491151,
        -0.58984375,
        -0.5328555,
        -0.45856857,
        -0.37375164,
        -0.3423462,
        -0.31832218,
        -0.27016973,
        -0.2646141,
        -0.26795053,
        -0.2536497,
        -0.18076849,
        -0.08968115,
        -0.044389248,
        0.044025898,
        0.07775402,
        0.14542103,
        0.19443846,
        0.2439003,
        0.29366016,
        0.32437658,
        0.3047862,
        0.27530813,
        0.23554039,
        0.16845131,
        0.12874842,
        0.08755636,
        0.07345629,
        0.07439518,
        0.042491913,
        0.04730034,
        0.005302906,
        0.0077142715,
        -0.016920567,
        0.0034389496,
        -0.009806633,
        -0.02522707,
        -0.04492092,
        -0.09024048,
        -0.122558594,
        -0.120230675,
        -0.10707283,
        -0.07098389,
        -0.011917114,
        0.0317688,
        0.06497431,
        0.05428219,
        0.07623148,
        0.09956169,
        0.088336945,
        0.09257841,
        0.12153673,
        0.119743824,
        0.11797142,
        0.120595455,
        0.06751633,
        0.068719864,
        0.021345615,
        0.002099514,
        -0.010389805,
        -0.020699024,
        -0.040547848,
        -0.014708042,
        -0.043534756,
        -0.04553175,
        -0.03277111,
        -0.02682352,
        -0.01572609,
        -0.009127617,
        -0.01416111,
        -0.02834177,
        -0.058810234,
        -0.076803684,
        -0.08239889,
        -0.121209145,
        -0.13100767,
        -0.14067364,
        -0.12872791,
        -0.13820028,
        -0.13082552,
        -0.116270065,
        -0.09703779,
        -0.092384815,
        -0.11200571,
        -0.103345394,
        -0.12167597,
        -0.11672926,
        -0.122076035,
        -0.1066103,
        -0.09893131,
        -0.1036129,
        -0.0798378,
        -0.08722448,
        -0.08494091,
        -0.07297373,
        -0.06566858,
        -0.07482624,
        -0.023948193,
        -0.025521278,
        -0.058086395
    ],