{
    "class": "zpos",
    "duration_ms": 700,
    "x": [
        -0.015914576,
        0.043557473,
        0.07249903,
        0.102595106,
        0.100832954,
        0.09129749,
        0.05228944,
        0.031017764,
        -0.0016331263,
        0.0061888983,
        0.003973693,
        -0.020256,
        0.009630529,
        0.033883043,
        0.085927874,
        0.1086466,
        0.16648762,
        0.20225936,
        0.20451638,
        0.1972142,
        0.1830075,
        0.15239875,
        0.09598699,
        0.08537286,
        0.032427136,
        0.032692738,
        0.021850271,
        0.038254045,
        0.08186646,
        0.14789273,
        0.21253568,
        0.22592738,
        0.24521214,
        0.21282208,
        0.19746721,
        0.12017301,
        0.059671886,
        0.018055625,
        -0.033643037,
        -0.12657757,
        -0.18491009,
        -0.19529259,
        -0.19398633,
        -0.17640983,
        -0.14980613,
        -0.07840589,
        -0.011871353,
        0.02403821,
        -0.0013076067,
        -0.0307699,
        -0.098008946,
        -0.17870773,
        -0.24084674,
        -0.2571174,
        -0.27971438,
        -0.3495575,
        -0.4241231,
        -0.4049704,
        -0.43686748,
        -0.5334504,
        -0.58923346,
        -0.6766059,
        -0.765232,
        -0.87715,
        -0.9168448,
        -0.8989267,
        -0.8404495,
        -0.74150634,
        -0.6256365,
        -0.5184927,
        -0.43392402,
        -0.31882387,
        -0.16796279,
        0.016650088,
        0.18474418,
        0.3217111,
        0.46077326,
        0.63243777,
        0.75922334,
        0.8831684,
        0.98409885,
        1.0467381,
        1.1085739,
        1.1450586,
        1.032208,
        0.7943544,
        0.9082792,
        0.99272054,
        0.98444283,
        0.8974394,
        0.8168128,
        0.7584799,
        0.7092286,
        0.70725757,
        0.8297967,
        0.76338047,
        0.6806828,
        0.6129253,
        0.5975235,
        0.5428763,
        0.41289628,
        0.2716338,
        0.15183797,
        0.05982645,
        -0.026597701,
        -0.15078872,
        -0.23173839,
        -0.34393877,
        -0.46606195,
        -0.5910649,
        -0.6853904,
        -0.7491552,
        -0.7728617,
        -0.7614568,
        -0.7362991,
        -0.6802796,
        -0.60770416,
        -0.75488484,
        -1.2149373,
        -0.37098598,
        0.100505486,
        0.10429086,
        0.024772927,
        0.08289234,
        0.12363137,
        0.1365458,
        0.09988964,
        -0.014871597,
        -0.0983192,
        -0.11570923,
        -0.08499496,
        -0.028444454,
        -0.018009871,
        0.0038566738,
        -0.0034026653,
        -0.032606483,
        -0.057506636,
        -0.09708984,
        -0.08170606,
        -0.061213434,
        -0.03242305,
        0.036397085,
        0.06220524,
        0.060165316,
        0.06920589,
        0.051795498,
        0.027654424,
        -0.007839911,
        -0.056968004
    ],
    "y": [
        -0.074216366,
        -0.061486244,
        -0.019567013,
        0.0132603645,
        -0.00091552734,
        0.021391869,
        0.04181719,
        0.03418684,
        0.020075321,
        0.008858681,
        0.0075101852,
        0.018245697,
        0.021897793,
        0.027970314,
        0.022174835,
        0.03784752,
        0.027300835,
        0.035838127,
        0.029986382,
        0.07169485,
        0.08231878,
        0.11447716,
        0.1349535,
        0.14172268,
        0.14457321,
        0.14608812,
        0.13953686,
        0.075531006,
        0.059368134,
        0.029098034,
        0.022881031,
        0.021476746,
        0.008155346,
        0.035309315,
        0.09291601,
        0.17805433,
        0.2686572,
        0.3262453,
        0.3174572,
        0.28507996,
        0.19773626,
        0.16386938,
        0.12953568,
        0.05518675,
        -0.02935028,
        -0.1369083,
        -0.25841188,
        -0.31066585,
        -0.37471247,
        -0.41160107,
        -0.38241673,
        -0.33242583,
        -0.2997861,
        -0.29614592,
        -0.38776302,
        -0.45898414,
        -0.51217294,
        -0.54784274,
        -0.60971856,
        -0.68643475,
        -0.7807183,
        -0.8855386,
        -0.98907995,
        -1.0868783,
        -1.1815746,
        -1.2732708,
        -1.4001322,
        -1.5594873,
        -1.7124348,
        -1.7481482,
        -1.763777,
        -1.7222271,
        -1.6151781,
        -1.4894524,
        -1.3849792,
        -1.2986741,
        -1.2062941,
        -1.1603823,
        -1.1248713,
        -1.1069331,
        -1.0992303,
        -1.0799799,
        -1.0655565,
        -1.0101299,
        -0.8798857,
        -0.6363239,
        -0.59452486,
        -0.533381,
        -0.5573244,
        -0.51495457,
        -0.42490435,
        -0.37767363,
        -0.30603504,
        -0.27438545,
        -0.33746052,
        -0.29526472,
        -0.07766819,
        -0.09169197,
        -0.19342136,
        -0.3276143,
        -0.4702568,
        -0.5711107,
        -0.61101675,
        -0.58275414,
        -0.56999683,
        -0.5965104,
        -0.6262331,
        -0.69717646,
        -0.69908047,
        -0.67727375,
        -0.69131374,
        -0.7434077,
        -0.77358675,
        -0.8367233,
        -0.8633523,
        -0.87969494,
        -0.8951602,
        -0.9230304,
        -0.5541353,
        -0.86961365,
        -1.223772,
        -1.4889383,
        -1.6666565,
        -1.7632055,
        -1.7632985,
        -1.6704364,
        -1.5789208,
        -1.4612584,
        -1.3806186,
        -1.3376555,
        -1.2944741,
        -1.2395477,
        -1.1708045,
        -1.1121955,
        -1.0180221,
        -0.9118185,
        -0.7931566,
        -0.6736541,
        -0.5909872,
        -0.5707593,
        -0.5787444,
        -0.60704947,
        -0.5830574,
        -0.5348463,
        -0.4568634,
        -0.3746872,
        -0.2710595,
        -0.16228962,
        -0.079080105
    ],