{
    "class": "zpos",
    "duration_ms": 700,
    "x": [
        0.0039643943,
        0.0835177,
        0.15035164,
        0.2354897,
        0.31738773,
        0.38652503,
        0.38601312,
        0.36136177,
        0.32914528,
        0.2751149,
        0.2236493,
        0.17041987,
        0.13011554,
        0.07897529,
        0.009761274,
        -0.07305035,
        -0.13644022,
        -0.18326508,
        -0.28039438,
        -0.4276139,
        -0.7201146,
        -1.0238291,
        -1.3477958,
        -1.6223061,
        -1.8162123,
        -1.9534729,
        -2.0863776,
        -2.1091757,
        -2.042686,
        -1.8792143,
        -1.6329503,
        -1.3369834,
        -1.0032992,
        -0.67749393,
        -0.335971,
        0.020409793,
        0.3669468,
        0.68617487,
        0.99216133,
        1.2422564,
        1.4827726,
        1.7027419,
        1.8526571,
        1.9670074,
        1.9771489,
        1.9626946,
        1.8305165,
        1.5970643,
        1.4773514,
        1.3562367,
        1.0636715,
        1.0077863,
        0.9096744,
        0.82588315,
        0.6889585,
        0.17107028,
        -0.25927848,
        -0.27507555,
        -0.21405019,
        -0.15732485,
        -0.13815008,
        -0.113232195,
        -0.1401037,
        -0.14536826,
        -0.13444449,
        -0.11217599,
        -0.059209485,
        0.029865319,
        0.1798629,
        0.36539978,
        0.57532007,
        0.39643896,
        0.7027745,
        1.018131,
        1.2101704,
        1.4046438,
        1.5225997,
        1.5676448,
        1.5604999,
        1.499753,
        1.454732,
        1.3289019,
        1.1752657,
        0.9723493,
        0.7633959,
        0.54224867,
        0.33927223,
        0.14464098,
        -0.02509877,
        -0.09356262,
        -0.16327605,
        -0.21891464,
        -0.2880023,
        -0.39552292,
        -0.50419825,
        -0.6558181,
        -0.78684866,
        -0.85074794,
        -0.8945055,
        -0.9224376,
        -0.87245256,
        -0.780819,
        -0.66251826,
        -0.5248305,
        -0.39420837,
        -0.2992883,
        -0.19722416,
        -0.15517238,
        -0.12820561,
        -0.12178425,
        -0.0625658,
        -0.061365016,
        -0.039690457,
        -0.059988685,
        -0.06734199,
        -0.038011022,
        -0.005519245,
        -0.0032165572,
        0.038423624,
        0.05516152,
        0.08815873,
        0.08750591,
        0.10388893,
        0.08495644,
        0.11001109,
        0.08830212,
        0.06287301,
        -0.0069548152,
        -0.03541733,
        -0.11362262,
        -0.18452838,
        -0.21258718,
        -0.20759177,
        -0.22248754,
        -0.23835745,
        -0.21683986,
        -0.18410191,
        -0.142219,
        -0.105209276,
        -0.07029703,
        -0.03966612,
        -0.0013192557,
        0.04224364,
        0.06680073,
        0.09145948,
        0.121066004,
        0.13886327,
        0.14023885,
        0.11797161,
        0.069465816
    ],
    "y": [
        0.09021902,
        0.09154606,
        0.1236577,
        0.11013842,
        0.060757637,
        0.049384117,
        -0.0050468445,
        -0.04994917,
        -0.09246826,
        -0.10872936,
        -0.091621876,
        -0.048229694,
        -0.049731255,
        -0.05288601,
        -0.036356926,
        -0.07652378,
        -0.07372904,
        -0.15477896,
        -0.21062851,
        -0.30898285,
        -0.47234964,
        -0.65708804,
        -0.90999985,
        -1.20257,
        -1.4980435,
        -1.7512319,
        -1.9045727,
        -1.9718533,
        -1.9259021,
        -1.7515059,
        -1.5268092,
        -1.3202169,
        -1.1190848,
        -0.9562011,
        -0.8381648,
        -0.76681376,
        -0.7319665,
        -0.75438595,
        -0.8332443,
        -0.9148259,
        -0.9191346,
        -0.9024849,
        -0.8636904,
        -0.77771044,
        -0.693799,
        -0.5608349,
        -0.4021387,
        -0.26999712,
        -0.14981794,
        0.032744408,
        0.15810156,
        0.24790716,
        0.33086252,
        0.3758607,
        0.44963074,
        0.72876453,
        0.8947725,
        0.7493057,
        0.49824905,
        0.2657051,
        0.010753632,
        -0.26439857,
        -0.33012772,
        -0.33952904,
        -0.32084513,
        -0.32626915,
        -0.2787814,
        -0.26891136,
        -0.33909988,
        -0.39782095,
        -0.51667356,
        -0.56239414,
        -0.676239,
        -0.8295078,
        -0.917552,
        -1.0537176,
        -1.2077622,
        -1.3449626,
        -1.430872,
        -1.4836721,
        -1.5117805,
        -1.4780779,
        -1.3669114,
        -1.212924,
        -1.0700316,
        -0.88437176,
        -0.6907799,
        -0.56924605,
        -0.4943347,
        -0.45207977,
        -0.49025226,
        -0.55075026,
        -0.7017977,
        -0.7769041,
        -0.80842257,
        -0.7072215,
        -0.5280974,
        -0.3669157,
        -0.18102813,
        -0.07143736,
        -0.079084635,
        -0.13489985,
        -0.24862051,
        -0.32471156,
        -0.3823936,
        -0.4168415,
        -0.41361403,
        -0.38453245,
        -0.3556652,
        -0.3027234,
        -0.263613,
        -0.23540711,
        -0.20817018,
        -0.17192173,
        -0.10001063,
        -0.03513503,
        -0.015129328,
        -0.044332504,
        -0.057606936,
        -0.066571474,
        -0.10663819,
        -0.11049509,
        -0.1520176,
        -0.14943624,
        -0.13359904,
        -0.12092018,
        -0.10874319,
        -0.06583166,
        -0.044675827,
        -0.014091969,
        0.02358818,
        0.05400133,
        0.058048725,
        0.062030315,
        0.05393362,
        0.031194687,
        -0.0014152527,
        -0.015377045,
        -0.02758503,
        -0.01896429,
        -0.013505459,
        -0.035244465,
        -0.03156948,
        -0.019221783,
        -0.0077733994,
        -0.009178638,
        0.00036001205,
        0.0064344406,
        0.020792961,
        0.028950214
    ],