{
    "class": "zpos",
    "duration_ms": 700,
    "x": [
        0.055345967,
        0.11952528,
        0.15965809,
        0.19022605,
        0.19492635,
        0.20478347,
        0.16972366,
        0.14677247,
        0.11647114,
        0.080944926,
        0.059093863,
        0.041225493,
        0.074561924,
        0.0732896,
        0.07811278,
        0.08210491,
        0.08547408,
        0.107374184,
        0.09797602,
        0.10039345,
        0.076450184,
        0.045294702,
        0.025832772,
        0.008431062,
        -0.061363764,
        -0.20027429,
        -0.3986512,
        -0.5636138,
        -0.7473409,
        -0.9175094,
        -1.0486717,
        -1.1734148,
        -1.2599701,
        -1.2649329,
        -1.2239908,
        -1.1611247,
        -1.0906372,
        -1.0224527,
        -0.92337435,
        -0.8033996,
        -0.6796838,
        -0.5407246,
        -0.33889797,
        -0.1412763,
        0.10954736,
        0.39392102,
        0.67978597,
        1.0838586,
        1.3547702,
        1.5427208,
        1.6431485,
        1.6424823,
        1.4148374,
        1.3311307,
        1.2686762,
        1.1084181,
        0.93207926,
        0.85191864,
        0.7197955,
        0.5813348,
        0.5510047,
        0.5687801,
        0.55818164,
        0.571942,
        0.5856497,
        0.60808825,
        0.6552566,
        0.6976809,
        0.7207656,
        0.7532687,
        0.76183534,
        0.7681784,
        0.7607126,
        0.72076094,
        0.64633644,
        0.5424838,
        0.3731358,
        0.19758555,
        0.046506785,
        -0.07035014,
        -0.18850312,
        -0.2764061,
        -0.3073529,
        -0.33097878,
        -0.3370625,
        -0.3513045,
        -0.4259054,
        -0.46740833,
        -0.51403344,
        -0.5202629,
        -0.51260686,
        -0.49391332,
        -0.46452263,
        -0.4320268,
        -0.38230693,
        -0.33253703,
        -0.26134926,
        -0.19743226,
        -0.12619482,
        -0.078467265,
        -0.03507968,
        -0.01737059,
        -0.010867115,
        0.010782719,
        -0.00497102,
        -0.029621378,
        -0.10417561,
        -0.173973,
        -0.23932254,
        -0.31010318,
        -0.357881,
        -0.39267266,
        -0.41000986,
        -0.42420498,
        -0.42812487,
        -0.43825284,
        -0.41588938,
        -0.3917476,
        -0.34862113,
        -0.32685357,
        -0.29037988,
        -0.23903248,
        -0.19430308,
        -0.1511974,
        -0.102510326,
        -0.077059425,
        -0.051124,
        -0.046568774,
        -0.004010752,
        0.018809013,
        0.064812645,
        0.08605905,
        0.10892854,
        0.15739739,
        0.19102684,
        0.20030138,
        0.20935783,
        0.18238811,
        0.13428836,
        0.11074822,
        0.06650546,
        0.04001286,
        0.0050872974,
        -0.021369131,
        -0.068073705,
        -0.104186684,
        -0.1634812,
        -0.2175146,
        -0.23559804
    ],
    "y": [
        0.11574483,
        0.1155076,
        0.12765837,
        0.13509059,
        0.15888238,
        0.18435216,
        0.1707983,
        0.1897142,
        0.18134093,
        0.17439604,
        0.1902647,
        0.18378496,
        0.18390703,
        0.21216154,
        0.19266891,
        0.22818708,
        0.25669217,
        0.2974527,
        0.3149171,
        0.29050374,
        0.2913916,
        0.2654071,
        0.252918,
        0.23645735,
        0.17455578,
        0.04249406,
        -0.06357479,
        -0.2506044,
        -0.4660499,
        -0.7294595,
        -1.070951,
        -1.4273643,
        -1.7750238,
        -2.079595,
        -2.2795043,
        -2.3509088,
        -2.2792454,
        -2.0881398,
        -1.8157876,
        -1.560533,
        -1.2941222,
        -1.1346946,
        -1.0213385,
        -0.97262335,
        -0.89251804,
        -0.8383839,
        -0.7144489,
        -0.6401601,
        -0.5075798,
        -0.37870312,
        -0.28154802,
        -0.0913043,
        0.14201975,
        0.32991982,
        0.32445335,
        0.3125224,
        0.2987852,
        0.33803988,
        0.42283535,
        0.5506506,
        0.63306713,
        0.6797571,
        0.7050514,
        0.71814966,
        0.6899648,
        0.6058459,
        0.5348573,
        0.50047493,
        0.44003916,
        0.39377975,
        0.35415125,
        0.3090043,
        0.25596952,
        0.19019032,
        0.12833595,
        0.096545696,
        0.11117315,
        0.11878109,
        0.13456821,
        0.12753773,
        0.047409058,
        -0.117627144,
        -0.34047246,
        -0.5719669,
        -0.7360177,
        -0.834965,
        -0.8467879,
        -0.7802136,
        -0.7010839,
        -0.67262006,
        -0.64073515,
        -0.6400368,
        -0.6501696,
        -0.65591,
        -0.6731894,
        -0.6703391,
        -0.6588228,
        -0.6504669,
        -0.6189337,
        -0.56916475,
        -0.5063958,
        -0.47650552,
        -0.43206382,
        -0.39259672,
        -0.38711905,
        -0.37518525,
        -0.3140118,
        -0.2637992,
        -0.2273426,
        -0.15235686,
        -0.115713835,
        -0.110310555,
        -0.07880616,
        -0.06664109,
        -0.011404991,
        0.027427673,
        0.0909121,
        0.14125443,
        0.18136,
        0.19024348,
        0.22802448,
        0.20888996,
        0.19538236,
        0.16614056,
        0.15232348,
        0.17529488,
        0.18699431,
        0.21349144,
        0.20906281,
        0.17347407,
        0.14955783,
        0.15139961,
        0.12853551,
        0.12634611,
        0.14005113,
        0.13865614,
        0.16073966,
        0.17543435,
        0.20454359,
        0.21718216,
        0.23750067,
        0.2010932,
        0.16797233,
        0.12876105,
        0.09292245,
        0.053196907,
        0.04762745,
        0.044813156,
        0.032629967
    ],