{
    "class": "zpos",
    "duration_ms": 700,
    "x": [
        0.23250225,
        0.33186927,
        0.36659488,
        0.41799846,
        0.41009924,
        0.35989836,
        0.30796096,
        0.23231514,
        0.15392868,
        0.09611384,
        0.05159077,
        0.015712086,
        0.01459451,
        -0.018359337,
        -0.061241716,
        -0.07793513,
        -0.14247163,
        -0.2553148,
        -0.39808425,
        -0.5827339,
        -0.6994638,
        -0.79846835,
        -0.88705736,
        -0.88665605,
        -0.8175963,
        -0.713395,
        -0.5847727,
        -0.46434224,
        -0.3591094,
        -0.30261248,
        -0.34732693,
        -0.42820963,
        -0.4805466,
        -0.5116565,
        -0.48101532,
        -0.33133668,
        -0.15531117,
        0.07117292,
        0.3813692,
        0.72939706,
        1.1007588,
        1.4305278,
        1.6966043,
        1.9002662,
        2.0071235,
        1.9856431,
        1.9100606,
        1.4671003,
        0.9454769,
        0.9073055,
        0.93434227,
        0.9885464,
        1.056471,
        1.0752906,
        0.972952,
        0.79868865,
        0.6366864,
        0.45820603,
        0.23692226,
        0.080242366,
        -0.07001948,
        -0.22202577,
        -0.3505801,
        -0.425992,
        -0.5315275,
        -0.69184357,
        -0.96603787,
        -1.1969974,
        -1.27416,
        -1.2916796,
        -0.6322667,
        -0.09466748,
        0.04708308,
        0.041619837,
        -0.045835912,
        -0.082124576,
        -0.050116032,
        -0.016600579,
        0.004302919,
        0.0032018125,
        0.087839454,
        0.13352352,
        0.18779072,
        0.19998604,
        0.21494529,
        0.19148147,
        0.1336331,
        0.04572636,
        -0.020260334,
        -0.10544039,
        -0.200617,
        -0.32768548,
        -0.46769306,
        -0.5991366,
        -0.67895484,
        -0.76934934,
        -0.8464942,
        -0.8720891,
        -0.8556297,
        -0.81380725,
        -0.75366455,
        -0.6966072,
        -0.62587184,
        -0.5507387,
        -0.49256864,
        -0.45866406,
        -0.36552656,
        -0.32112944,
        -0.2778712,
        -0.2836249,
        -0.27369604,
        -0.31035987,
        -0.2886644,
        -0.294803,
        -0.26872754,
        -0.23642375,
        -0.19519079,
        -0.14471012,
        -0.108574696,
        -0.08401509,
        -0.034871936,
        -0.0089104455,
        0.02496623,
        0.07393369,
        0.14280431,
        0.18593976,
        0.27735507,
        0.32348898,
        0.40079883,
        0.4541114,
        0.4616857,
        0.48338416,
        0.45236364,
        0.4524491,
        0.44780526,
        0.38582578,
        0.33114824,
        0.3149296,
        0.2964908,
        0.29023436,
        0.2509138,
        0.21689354,
        0.21921389,
        0.18600416,
        0.14829944,
        0.10830346,
        0.056231767,
        0.025274348,
        -0.0016087999
    ],
    "y": [
        0.0894742,
        0.06049061,
        0.06762171,
        0.05115986,
        0.051608562,
        0.052181244,
        0.050503254,
        0.10824299,
        0.12513924,
        0.13242197,
        0.115822315,
        0.10139179,
        0.06291962,
        0.0052227974,
        -0.076497555,
        -0.13492346,
        -0.21804643,
        -0.25704694,
        -0.29067278,
        -0.32215786,
        -0.3146143,
        -0.3287313,
        -0.4103458,
        -0.5126965,
        -0.6870117,
        -0.89940906,
        -1.1959164,
        -1.4544692,
        -1.6577377,
        -1.7855732,
        -1.7576244,
        -1.6274877,
        -1.4437404,
        -1.2381427,
        -1.030385,
        -0.847332,
        -0.68762064,
        -0.511601,
        -0.375762,
        -0.22437334,
        -0.052184105,
        0.14335632,
        0.3073697,
        0.480752,
        0.5989785,
        0.7266393,
        0.84673023,
        0.88978577,
        0.94896936,
        1.0745425,
        1.0798965,
        0.96994925,
        1.0007472,
        0.9213209,
        0.79676485,
        0.66829014,
        0.5558739,
        0.54648924,
        0.58103275,
        0.6601367,
        0.69354963,
        0.6579323,
        0.57030964,
        0.43054056,
        0.29321623,
        0.15243244,
        0.07070017,
        0.01845789,
        -0.21553183,
        -0.5138178,
        -1.1741605,
        -1.9590735,
        -2.513489,
        -2.731113,
        -2.7300937,
        -2.4843073,
        -2.2129612,
        -1.9431232,
        -1.7374513,
        -1.6538565,
        -1.6329944,
        -1.6157231,
        -1.6125708,
        -1.6006999,
        -1.5549626,
        -1.4767671,
        -1.3628409,
        -1.1505444,
        -0.92083406,
        -0.7284534,
        -0.537349,
        -0.3761537,
        -0.23776174,
        -0.098578215,
        -0.0020728111,
        0.09208298,
        0.14520168,
        0.18804073,
        0.15562248,
        0.18658686,
        0.17336035,
        0.18794537,
        0.18054867,
        0.19934082,
        0.2589817,
        0.26404238,
        0.2721901,
        0.27648497,
        0.23405218,
        0.20961428,
        0.1721158,
        0.19314575,
        0.17201662,
        0.18030119,
        0.16511917,
        0.17418957,
        0.18346453,
        0.1499052,
        0.1237793,
        0.10977888,
        0.11979151,
        0.09889698,
        0.102128506,
        0.07201576,
        0.087426186,
        0.06676388,
        0.057814598,
        0.0530982,
        0.054920673,
        0.056072712,
        0.025578022,
        0.013904095,
        0.016376019,
        0.021289349,
        0.06705618,
        0.08447075,
        0.109594345,
        0.13532448,
        0.12116861,
        0.11978102,
        0.13353729,
        0.14809799,
        0.15371323,
        0.150208,
        0.15417242,
        0.15106583,
        0.11929703,
        0.07556009,
        0.0654335
    ],