{
    "class": "zpos",
    "duration_ms": 700,
    "x": [
        0.022171035,
        0.100794494,
        0.18537773,
        0.26899514,
        0.29963785,
        0.3419606,
        0.3531794,
        0.35221374,
        0.35326037,
        0.32293105,
        0.23977295,
        0.21049348,
        0.1629274,
        0.13487159,
        0.049910467,
        -0.05108591,
        -0.1775747,
        -0.31531703,
        -0.41441897,
        -0.59879136,
        -0.8370967,
        -1.0677439,
        -1.3085525,
        -1.4469934,
        -1.5420445,
        -1.5662483,
        -1.5588824,
        -1.470896,
        -1.3252403,
        -1.1642842,
        -0.999165,
        -0.8887716,
        -0.75826895,
        -0.59803116,
        -0.40410018,
        -0.09837636,
        0.34932703,
        0.8809298,
        1.3901888,
        1.6915786,
        1.9250879,
        2.1138084,
        2.1470172,
        2.170324,
        1.8998636,
        1.6017854,
        1.4221756,
        1.3161275,
        1.9090719,
        2.224115,
        2.0978022,
        1.9712154,
        1.8829372,
        1.8259149,
        1.8052337,
        1.8303646,
        1.9641614,
        1.9827234,
        1.6838984,
        1.5106326,
        1.3826438,
        1.1855395,
        1.0043539,
        0.5914557,
        0.12910426,
        0.3097744,
        0.4553877,
        0.30401298,
        0.11607552,
        0.030751757,
        -0.018277638,
        -0.08018975,
        -0.18206084,
        -0.2598128,
        -0.33810818,
        -0.40608108,
        -0.48215765,
        -0.54675454,
        -0.66180766,
        -0.745673,
        -0.81723785,
        -0.83572376,
        -0.822407,
        -0.79145694,
        -0.7547344,
        -0.7052396,
        -0.6743518,
        -0.6505265,
        -0.64623773,
        -0.6428366,
        -0.6720702,
        -0.66040355,
        -0.6420317,
        -0.6270519,
        -0.60862386,
        -0.5870206,
        -0.54790324,
        -0.4625727,
        -0.39558578,
        -0.3204522,
        -0.25125015,
        -0.18300745,
        -0.1871755,
        -0.17022595,
        -0.18958035,
        -0.19964823,
        -0.23117486,
        -0.26221526,
        -0.27838808,
        -0.32034284,
        -0.3521558,
        -0.37159288,
        -0.3836851,
        -0.42699164,
        -0.41810024,
        -0.44833642,
        -0.41731536,
        -0.36817193,
        -0.31267488,
        -0.2529408,
        -0.17218125,
        -0.12288244,
        -0.07879132,
        -0.061323956,
        -0.044144526,
        -0.041582093,
        -0.008187145,
        -0.025377437,
        0.024211079,
        0.052177384,
        0.07780638,
        0.057841063,
        0.08318177,
        0.081939384,
        0.11400612,
        0.115073174,
        0.07811329,
        0.060634956,
        0.07957269,
        0.08950871,
        0.09774843,
        0.12805003,
        0.14215145,
        0.11834912,
        0.1234058,
        0.12837069,
        0.1091861,
        0.08235946,
        0.054861903
    ],
    "y": [
        0.018733501,
        0.0020656586,
        0.01576376,
        0.047636032,
        0.08805704,
        0.12767696,
        0.17374611,
        0.22144079,
        0.3038664,
        0.35646582,
        0.40292072,
        0.4098735,
        0.36079216,
        0.2843194,
        0.11892891,
        -0.013558865,
        -0.18466663,
        -0.26396894,
        -0.3508277,
        -0.43960667,
        -0.5841484,
        -0.7576165,
        -0.9711342,
        -1.1678715,
        -1.4055424,
        -1.6312346,
        -1.8562369,
        -2.062553,
        -2.2054627,
        -2.2567892,
        -2.1477408,
        -2.0056133,
        -1.7473173,
        -1.5174022,
        -1.3053598,
        -1.0602355,
        -0.9132886,
        -0.7900281,
        -0.6425762,
        -0.33940983,
        -0.08156061,
        0.2002716,
        0.4653697,
        0.6131878,
        0.8062997,
        0.93955183,
        0.92969275,
        0.8322501,
        0.31037235,
        -0.02333641,
        -0.018630981,
        0.12346983,
        0.3460126,
        0.499084,
        0.5858197,
        0.527894,
        0.48603296,
        0.20609999,
        -0.0043473244,
        -0.08962536,
        -0.07759237,
        -0.12609625,
        -0.22850513,
        -0.30484724,
        -0.09881449,
        -0.14746761,
        -0.40884972,
        -0.6118493,
        -0.79658175,
        -1.0055194,
        -1.1707525,
        -1.2695031,
        -1.3338099,
        -1.4046717,
        -1.4558439,
        -1.4535527,
        -1.392386,
        -1.3125176,
        -1.1916933,
        -1.0771637,
        -0.98977613,
        -0.9911542,
        -1.0449433,
        -1.09343,
        -1.1219144,
        -1.1228828,
        -1.1055241,
        -0.98826313,
        -0.86910343,
        -0.7216816,
        -0.5915694,
        -0.4837041,
        -0.41035986,
        -0.35500622,
        -0.30826044,
        -0.2632618,
        -0.22026205,
        -0.19132137,
        -0.17894554,
        -0.14479065,
        -0.12929678,
        -0.11297321,
        -0.030828,
        0.016872883,
        0.08062792,
        0.13189125,
        0.16355228,
        0.1731472,
        0.18451309,
        0.12584066,
        0.107182026,
        0.097399235,
        0.09655237,
        0.08796072,
        0.08846569,
        0.1053977,
        0.11026192,
        0.12254286,
        0.14489555,
        0.11055422,
        0.13448668,
        0.08267498,
        0.01257515,
        -0.044727802,
        -0.07029009,
        -0.10738754,
        -0.11076927,
        -0.10702324,
        -0.11303902,
        -0.11699486,
        -0.10695982,
        -0.11637926,
        -0.10938263,
        -0.1027503,
        -0.08928537,
        -0.049794197,
        -0.017617226,
        -0.0046286583,
        0.0012702942,
        -0.0070385933,
        -0.012723923,
        -0.04440832,
        -0.061335087,
        -0.034804344,
        0.0014834404,
        0.018702507,
        0.03598261,
        0.02704382,
        0.02061224
    ],