{
    "class": "zpos",
    "duration_ms": 700,
    "x": [
        0.27437663,
        0.32260293,
        0.37515002,
        0.4219045,
        0.47649395,
        0.5424818,
        0.5610433,
        0.53278184,
        0.47449237,
        0.40021068,
        0.34976447,
        0.30816972,
        0.26526254,
        0.2536865,
        0.25835687,
        0.25501406,
        0.27918923,
        0.29018527,
        0.27860534,
        0.29707807,
        0.26720482,
        0.24657345,
        0.21866155,
        0.18608004,
        0.16799313,
        0.15264261,
        0.14000547,
        0.13728583,
        0.14413905,
        0.18161434,
        0.22545367,
        0.25617456,
        0.3993445,
        0.53259414,
        0.68914586,
        0.80484074,
        0.88270605,
        0.91061103,
        0.85199636,
        0.70370424,
        0.6342453,
        0.6551389,
        0.7241243,
        0.8886041,
        1.0675467,
        1.1089914,
        0.97152895,
        0.857852,
        0.64738846,
        0.3794459,
        0.07343376,
        -0.27113438,
        -0.61862814,
        -0.856851,
        -1.040757,
        -1.1436521,
        -1.2085911,
        -1.2077394,
        -1.1278512,
        -0.97204614,
        -0.7814981,
        -0.49934405,
        -0.14505363,
        0.20459414,
        0.51383734,
        0.7518542,
        0.8232055,
        0.7611349,
        0.6582825,
        0.46180338,
        0.012262881,
        -1.0230285,
        -1.2387171,
        -1.2292663,
        -1.1758504,
        -1.15618,
        -1.18812,
        -1.2845987,
        -1.4514163,
        -1.5946727,
        -1.6600623,
        -1.6862085,
        -1.8232455,
        -1.8096869,
        -1.6905484,
        -1.5794077,
        -1.4579964,
        -1.3607126,
        -1.2504243,
        -1.180875,
        -1.1153053,
        -1.0453804,
        -0.97871894,
        -1.1828586,
        -0.6809963,
        0.13093269,
        0.39604294,
        0.39357674,
        0.47101593,
        0.63681376,
        0.74560773,
        0.809252,
        0.8725058,
        0.8818391,
        0.88141423,
        0.8818524,
        0.8915203,
        0.8760728,
        0.8854124,
        0.8764069,
        0.8659858,
        0.80231565,
        0.72497344,
        0.5972065,
        0.47759116,
        0.32408434,
        0.24971402,
        0.1572395,
        0.07336354,
        -0.0373891,
        -0.14377993,
        -0.2581857,
        -0.36209956,
        -0.44666255,
        -0.5152755,
        -0.5375494,
        -0.5095775,
        -0.44399002,
        -0.35098556,
        -0.26917517,
        -0.1770744,
        -0.098362625,
        -0.049645245,
        -0.04017967,
        -0.060094893,
        -0.087590516,
        -0.11997068,
        -0.14272904,
        -0.20353425,
        -0.24492764,
        -0.3006403,
        -0.36616796,
        -0.4178853,
        -0.49426246,
        -0.4852943,
        -0.46750373,
        -0.45989215,
        -0.4429634,
        -0.411542,
        -0.3821311
    ],
    "y": [
        -0.109716415,
        -0.035498142,
        0.04511261,
        0.09419584,
        0.107117176,
        0.08625078,
        0.06723499,
        -0.0024871826,
        0.010032177,
        -0.005525112,
        0.0027275085,
        0.03170681,
        0.07125664,
        0.07812691,
        0.04749632,
        0.05076599,
        0.009325504,
        -0.024119139,
        -0.044699907,
        -0.040340424,
        -0.00391531,
        0.038464546,
        0.061028957,
        0.1307683,
        0.13841963,
        0.16790724,
        0.1978898,
        0.2499404,
        0.30503654,
        0.32761383,
        0.39164305,
        0.42314148,
        0.4153962,
        0.41861963,
        0.39255714,
        0.38985157,
        0.417511,
        0.48495865,
        0.5233512,
        0.6228831,
        0.76241016,
        0.8984134,
        0.8991239,
        0.70699143,
        0.25425577,
        -0.4313059,
        -1.1684082,
        -1.8374329,
        -2.4653897,
        -2.9053457,
        -3.2146993,
        -3.3731518,
        -3.369152,
        -3.2007432,
        -2.8952198,
        -2.5044687,
        -2.1503487,
        -1.9070005,
        -1.8128915,
        -1.7922878,
        -1.8036723,
        -1.8822484,
        -1.90798,
        -1.8711829,
        -1.7574534,
        -1.5644021,
        -1.3564167,
        -1.0997062,
        -0.8707199,
        -0.64808464,
        -0.42009687,
        -0.0075268745,
        0.042178154,
        -0.043049335,
        -0.2441206,
        -0.42744923,
        -0.5385604,
        -0.55633926,
        -0.4928584,
        -0.34322023,
        -0.23380089,
        -0.18120813,
        -0.15224886,
        -0.21147394,
        -0.31348562,
        -0.36532354,
        -0.4131341,
        -0.46228933,
        -0.4608283,
        -0.45259094,
        -0.40487337,
        -0.4380765,
        -0.47016668,
        -0.6103296,
        -0.9016185,
        -1.285183,
        -1.5204928,
        -1.5038562,
        -1.3872652,
        -1.1882968,
        -0.9601433,
        -0.79636717,
        -0.6920519,
        -0.6373563,
        -0.6080699,
        -0.56821156,
        -0.53695893,
        -0.50713277,
        -0.55271626,
        -0.6063895,
        -0.66039395,
        -0.68513393,
        -0.6578984,
        -0.5941906,
        -0.49755383,
        -0.40982485,
        -0.32759333,
        -0.27631617,
        -0.24804115,
        -0.20159483,
        -0.13914776,
        -0.065383434,
        0.017334938,
        0.070616245,
        0.16353607,
        0.1783824,
        0.16502571,
        0.16603184,
        0.0996027,
        0.075428486,
        0.04531765,
        0.047333717,
        0.067028046,
        0.061467648,
        0.095366955,
        0.11621237,
        0.11700916,
        0.11943865,
        0.12358904,
        0.08665609,
        0.06865263,
        0.06968975,
        0.08250761,
        0.09028959,
        0.07397699,
        0.045588493,
        -0.03527832,
        -0.089365005,
        -0.11395502,
        -0.12083626
    ],