{
    "class": "zpos",
    "duration_ms": 700,
    "x": [
        -0.4644588,
        -0.6366095,
        -0.76330006,
        -0.844918,
        -0.9024794,
        -0.8169622,
        -0.7373819,
        -0.71208936,
        -0.7802228,
        -0.83789974,
        -0.88926876,
        -0.9453697,
        -0.990592,
        -0.99500084,
        -0.9701395,
        -0.9115691,
        -0.8609419,
        -0.8219051,
        -0.7360118,
        -0.61437,
        -0.41308522,
        -0.2101336,
        0.052788764,
        0.33836263,
        0.63846654,
        0.93569577,
        1.1817023,
        1.3045588,
        1.4359274,
        1.561598,
        1.6844853,
        1.7678664,
        1.850043,
        1.9210345,
        1.9559517,
        2.0492902,
        2.1490471,
        2.2438152,
        2.3249257,
        2.388209,
        2.3984616,
        2.3343601,
        2.267171,
        2.1961367,
        2.0485027,
        1.9092906,
        1.7485037,
        1.5265461,
        1.297229,
        1.0784513,
        0.8883651,
        0.7114598,
        0.52764547,
        0.34094277,
        0.23175046,
        0.13949028,
        0.100336075,
        0.024213657,
        -0.03722596,
        -0.058259983,
        -0.12580582,
        -0.23626271,
        -0.3866413,
        -0.5286639,
        -0.6976027,
        -0.8501377,
        -0.94318706,
        -0.974463,
        -0.996582,
        -0.95668703,
        -0.92646646,
        -0.889244,
        -0.873885,
        -0.8712452,
        -0.8292618,
        -0.7818454,
        -0.74605405,
        -0.6768141,
        -0.61251265,
        -0.51000977,
        -0.41467452,
        -0.31453884,
        -0.25770745,
        -0.20849955,
        -0.20302086,
        -0.2102628,
        -0.19924647,
        -0.16745359,
        -0.18651646,
        -0.19638568,
        -0.20642179,
        -0.23553029,
        -0.29781115,
        -0.30219388,
        -0.3086096,
        -0.29073912,
        -0.29649156,
        -0.311628,
        -0.29317743,
        -0.30352813,
        -0.31901395,
        -0.3161594,
        -0.33586863,
        -0.34004,
        -0.32380766,
        -0.29190606,
        -0.24415502,
        -0.19233775,
        -0.15773931,
        -0.106733695,
        -0.06788275,
        -0.02188931,
        0.01237287,
        0.12122452,
        0.19246468,
        0.24761525,
        0.31537747,
        0.32397264,
        0.33528537,
        0.32518658,
        0.2911839,
        0.27621892,
        0.2395148,
        0.2002009,
        0.15840603,
        0.111691564,
        0.07206557,
        0.037183292,
        -7.657334e-06,
        -0.020417238,
        -0.043067046,
        -0.03914313,
        -0.042154193,
        -0.037640594,
        -0.0015546251,
        0.008632874,
        0.004799325,
        0.013170335,
        -0.011973213,
        -0.030036185,
        -0.069944665,
        -0.07914652,
        -0.08889946,
        -0.09687653,
        -0.122051954,
        -0.13796107,
        -0.15879679,
        -0.16287461,
        -0.18588203
    ],
    "y": [
        -0.23789597,
        -0.25241184,
        -0.31939602,
        -0.40597534,
        -0.57418585,
        -0.7648001,
        -1.0027184,
        -1.2233648,
        -1.423831,
        -1.5144281,
        -1.5727148,
        -1.5398335,
        -1.4717064,
        -1.3859038,
        -1.3359146,
        -1.3230805,
        -1.2870927,
        -1.2349353,
        -1.152317,
        -0.99863195,
        -0.8530545,
        -0.6824684,
        -0.53513956,
        -0.38029957,
        -0.28271866,
        -0.18724489,
        -0.08396673,
        0.06102085,
        0.17678165,
        0.31215525,
        0.3938656,
        0.42507505,
        0.44719553,
        0.49427176,
        0.5189171,
        0.5477872,
        0.5452337,
        0.55694914,
        0.52574444,
        0.4735694,
        0.4749055,
        0.41757393,
        0.35204744,
        0.31191015,
        0.2516513,
        0.18547297,
        0.10353708,
        0.0435915,
        0.009788036,
        -0.0702672,
        -0.17800188,
        -0.30207348,
        -0.4120016,
        -0.48480844,
        -0.5145893,
        -0.61526155,
        -0.7670264,
        -0.89290667,
        -1.028254,
        -1.1816225,
        -1.3368783,
        -1.412859,
        -1.3903708,
        -1.2742338,
        -1.1195025,
        -1.0383863,
        -1.0708752,
        -1.1635222,
        -1.2988286,
        -1.4186316,
        -1.4506793,
        -1.4208145,
        -1.3310971,
        -1.2457509,
        -1.1236854,
        -0.9861226,
        -0.8257303,
        -0.728436,
        -0.59130764,
        -0.47188377,
        -0.37251997,
        -0.28358698,
        -0.18109465,
        -0.09365797,
        -0.009280205,
        0.10547161,
        0.15001392,
        0.16013288,
        0.219563,
        0.24230576,
        0.22379398,
        0.24566698,
        0.3008237,
        0.35352325,
        0.34889603,
        0.37077427,
        0.34975863,
        0.31933117,
        0.29133797,
        0.24896717,
        0.22319841,
        0.22830963,
        0.22588348,
        0.20387697,
        0.18388176,
        0.16831017,
        0.13585281,
        0.10097265,
        0.07809353,
        0.045823574,
        0.025741577,
        0.03698635,
        0.055655003,
        0.029253006,
        0.010440826,
        0.0016226768,
        -0.021172047,
        0.0017786026,
        0.013007641,
        0.017264366,
        0.007312298,
        -0.000116825104,
        -0.04569769,
        -0.045694828,
        -0.057599545,
        -0.055142403,
        -0.047905922,
        -0.076592445,
        -0.07657385,
        -0.074187756,
        -0.055067062,
        -0.059738636,
        -0.06897211,
        -0.046847343,
        -0.04835081,
        -0.037561893,
        -0.055049896,
        -0.045781612,
        0.009360313,
        0.052909374,
        0.061017513,
        0.07428217,
        0.071128845,
        0.05640936,
        0.027795315,
        0.011675835,
        0.0010290146,
        -0.0017838478,
        -0.01582861
    ],