{
    "class": "zpos",
    "duration_ms": 700,
    "x": [
        -0.1435641,
        -0.10463615,
        -0.05420825,
        -0.006322801,
        0.01787296,
        0.06386587,
        0.117367834,
        0.118961334,
        0.12607378,
        0.103021264,
        0.09037733,
        0.066669255,
        0.03428334,
        0.009729296,
        -0.023751706,
        -0.040198058,
        -0.056655273,
        -0.058903888,
        -0.051982135,
        -0.02616489,
        -0.024398535,
        -0.029885769,
        -0.08537294,
        -0.09063334,
        -0.12233847,
        -0.17315653,
        -0.17873284,
        -0.17001823,
        -0.14454001,
        -0.1405237,
        -0.11266608,
        -0.11105417,
        -0.071327806,
        -0.069846265,
        -0.094621904,
        -0.13607186,
        -0.21084246,
        -0.271408,
        -0.34911424,
        -0.41533864,
        -0.42266187,
        -0.3808162,
        -0.296849,
        -0.2203396,
        -0.1558654,
        -0.1176711,
        -0.09836835,
        -0.09578054,
        -0.14141892,
        -0.17562175,
        -0.1913082,
        -0.16702314,
        -0.1579571,
        -0.11889596,
        -0.074128985,
        -0.04543017,
        -0.078425705,
        -0.06545162,
        -0.056701943,
        0.024687678,
        0.07646766,
        0.1831317,
        0.32624775,
        0.5375464,
        0.70322126,
        0.8597187,
        0.94469535,
        1.0152378,
        1.0447781,
        0.9730425,
        0.8615562,
        0.7554648,
        0.68101835,
        0.59001493,
        0.56320894,
        0.64144003,
        0.7175816,
        0.784855,
        0.84164834,
        0.8987572,
        0.9122672,
        0.85230374,
        0.75548255,
        0.63631225,
        0.5424298,
        0.4616815,
        0.38374764,
        0.38157123,
        0.36764625,
        0.3909215,
        0.47860077,
        0.55507576,
        0.5645524,
        0.5591594,
        0.5555128,
        0.50079584,
        0.41431594,
        0.27002442,
        0.1587016,
        0.1039691,
        0.05818799,
        -0.0013448894,
        -0.12357202,
        -0.18565655,
        0.022085428,
        0.02700898,
        -0.26185274,
        -0.42858028,
        -0.5248903,
        -0.5858482,
        -0.5571342,
        -0.96725446,
        -0.99145657,
        -0.85109466,
        -0.68372136,
        -0.48335707,
        -0.19770688,
        -0.16071272,
        -0.18983,
        -0.20130783,
        -0.14901489,
        -0.14241439,
        -0.15283382,
        -0.23670286,
        -0.292598,
        -0.31769955,
        -0.34072512,
        -0.29965,
        -0.25902867,
        -0.20675904,
        -0.1426202,
        -0.0518775,
        -0.28891915,
        -0.22757578,
        0.34794903,
        0.6877819,
        0.79474163,
        0.82385576,
        0.8919958,
        0.9393975,
        0.9438485,
        0.90374273,
        0.89902055,
        0.9098418,
        0.94062185,
        0.9837885,
        1.0462096,
        1.1400412,
        1.2157207
    ],
    "y": [
        -0.028856277,
        -0.0016021729,
        0.016605377,
        0.018753529,
        0.00034618378,
        -0.0075645447,
        -0.040724277,
        -0.07520008,
        -0.1062789,
        -0.12701273,
        -0.15656042,
        -0.20211458,
        -0.22555256,
        -0.26737213,
        -0.2870946,
        -0.3371148,
        -0.36477423,
        -0.3819418,
        -0.38830566,
        -0.3836398,
        -0.4128728,
        -0.41611576,
        -0.44097805,
        -0.46362877,
        -0.45096684,
        -0.51265574,
        -0.54850197,
        -0.66796017,
        -0.76109505,
        -0.8540592,
        -0.91836834,
        -0.97550917,
        -0.9779334,
        -1.0114026,
        -0.975749,
        -0.90234995,
        -0.81754875,
        -0.68109846,
        -0.5575671,
        -0.46385098,
        -0.38116503,
        -0.37631226,
        -0.4187603,
        -0.48931217,
        -0.5235586,
        -0.4787321,
        -0.3527317,
        -0.20309734,
        -0.096934795,
        0.0038490295,
        0.084549904,
        0.101763725,
        0.14603281,
        0.15482473,
        0.15438557,
        0.17109346,
        0.21205425,
        0.27960968,
        0.36653948,
        0.4344015,
        0.49037504,
        0.53926134,
        0.55473995,
        0.59882164,
        0.7069311,
        0.80904007,
        0.8974266,
        0.9596734,
        1.0237374,
        1.0842018,
        1.1068163,
        1.0599174,
        0.93155336,
        0.7696767,
        0.6194267,
        0.45379066,
        0.18401337,
        -0.16112518,
        -0.4904232,
        -0.76553226,
        -0.96223116,
        -1.0587366,
        -1.0880456,
        -1.0495567,
        -1.0265036,
        -1.0446496,
        -1.1272535,
        -1.3021812,
        -1.5661578,
        -1.851475,
        -2.169261,
        -2.4327905,
        -2.6748168,
        -2.8608897,
        -2.9565392,
        -2.9632263,
        -2.8871784,
        -2.7539234,
        -2.5937657,
        -2.430018,
        -2.2907887,
        -2.1731334,
        -2.1052518,
        -2.0867605,
        -2.234746,
        -2.2481966,
        -1.9823351,
        -1.6605015,
        -1.4239988,
        -1.2488804,
        -1.1472907,
        -0.94982004,
        -0.8362179,
        -0.7659898,
        -0.8299966,
        -0.96107435,
        -1.1260071,
        -1.1298428,
        -1.1741414,
        -1.1820612,
        -1.1051722,
        -0.909667,
        -0.7651696,
        -0.6188712,
        -0.5542307,
        -0.50395584,
        -0.44862556,
        -0.43577242,
        -0.38611078,
        -0.33070898,
        -0.29329157,
        -0.2617798,
        -0.105502605,
        0.11520529,
        0.10156822,
        0.0855999,
        0.10256529,
        -0.013164043,
        -0.13762999,
        -0.25447035,
        -0.28495407,
        -0.19130802,
        -0.07002926,
        0.09686375,
        0.19569016,
        0.23981524,
        0.16139698,
        0.0889616,
        -0.006729603
    ],