{
    "class": "zpos",
    "duration_ms": 700,
    "x": [
        -0.097224265,
        -0.050340623,
        0.002435118,
        0.018794477,
        0.06135893,
        0.06835142,
        0.042636633,
        0.036744475,
        0.038732857,
        0.005688101,
        -0.043131083,
        -0.065243125,
        -0.08009398,
        -0.107011855,
        -0.08196357,
        -0.06948307,
        -0.0503743,
        -0.029504925,
        -0.009056747,
        0.030162513,
        0.040554732,
        0.06765309,
        0.0615516,
        0.043984354,
        0.03869778,
        0.019477516,
        0.019575834,
        0.021769077,
        0.0231542,
        0.026062518,
        0.0093384385,
        -0.00072827935,
        -0.04919395,
        -0.079425454,
        -0.11403048,
        -0.11373219,
        -0.07985178,
        -0.11845046,
        -0.22823077,
        -0.3767625,
        -0.55754197,
        -0.6894541,
        -0.748589,
        -0.6867831,
        -0.45529252,
        -0.3007264,
        -0.20136559,
        -0.2267564,
        -0.3045892,
        -0.35533082,
        -0.36387253,
        -0.39197624,
        -0.39577353,
        -0.3932678,
        -0.2853951,
        -0.09039295,
        0.15730762,
        0.39928257,
        0.66032165,
        1.0100651,
        1.286452,
        1.4479191,
        1.5820953,
        1.7143517,
        1.6890137,
        1.5728419,
        1.4230558,
        1.2351584,
        0.869126,
        0.77916217,
        0.76697034,
        0.82184994,
        0.84455717,
        0.78811467,
        0.6365809,
        0.37407607,
        0.16308087,
        -0.004975021,
        0.0013064146,
        -0.09432772,
        -0.32837182,
        -0.3661912,
        -0.31249896,
        -0.2849914,
        -0.2808693,
        -0.25405225,
        -0.18499422,
        -0.12374079,
        -0.06776768,
        -0.0529567,
        -0.0413796,
        -0.038493782,
        -0.07877311,
        -0.15867457,
        -0.832626,
        -0.68256843,
        0.09625664,
        0.27964336,
        0.03226435,
        -0.06501636,
        0.069247514,
        0.24597445,
        0.4273268,
        0.6148205,
        0.7882866,
        0.9577378,
        1.0609871,
        1.0834082,
        1.0368023,
        0.8993047,
        0.71358556,
        0.5338902,
        0.34766328,
        0.18594676,
        0.07536858,
        4.9471855e-06,
        -0.08461535,
        -0.12020177,
        -0.16100907,
        -0.1870206,
        -0.1906454,
        -0.20504451,
        -0.210931,
        -0.21320367,
        -0.22891146,
        -0.22770432,
        -0.25596914,
        -0.30023998,
        -0.35648686,
        -0.37049955,
        -0.41960594,
        -0.44210222,
        -0.45502347,
        -0.45365447,
        -0.4307284,
        -0.41702318,
        -0.4262176,
        -0.45075098,
        -0.4566638,
        -0.46043563,
        -0.46901006,
        -0.4703387,
        -0.46195135,
        -0.43666357,
        -0.38941997,
        -0.36783057,
        -0.3069718,
        -0.25212774
    ],
    "y": [
        -0.097834826,
        -0.05307293,
        -0.0035767555,
        -0.0016524792,
        0.017065763,
        0.021624327,
        0.016897917,
        -0.004184723,
        0.020215034,
        0.018341064,
        0.047311306,
        0.033226967,
        0.035910606,
        0.03145671,
        0.031902075,
        0.032341957,
        0.013883591,
        0.028917074,
        0.053365946,
        0.034972668,
        0.05249405,
        0.06777668,
        0.08809161,
        0.09685516,
        0.122733355,
        0.111059666,
        0.13825417,
        0.15903449,
        0.20945215,
        0.2585206,
        0.3087325,
        0.33149076,
        0.29845905,
        0.20042753,
        0.10901117,
        0.04771495,
        -0.012375593,
        -0.09056926,
        -0.11396241,
        -0.08938193,
        -0.045652866,
        -0.05237794,
        -0.15889907,
        -0.42904449,
        -0.92006373,
        -1.5729425,
        -2.3553607,
        -2.9444728,
        -3.4397056,
        -3.8812594,
        -4.2386456,
        -4.4377165,
        -4.5071793,
        -4.416561,
        -4.186021,
        -3.843565,
        -3.437165,
        -2.9508386,
        -2.471873,
        -1.9467988,
        -1.4471693,
        -0.95885515,
        -0.49415493,
        -0.18038082,
        0.05386591,
        0.23220062,
        0.26595497,
        0.2600522,
        0.364501,
        0.24151373,
        0.22581625,
        0.1807375,
        0.15166378,
        0.10995102,
        0.048687458,
        0.0017342567,
        0.012524605,
        0.04321909,
        0.03225851,
        0.048850536,
        -0.0105957985,
        -0.18838692,
        -0.3304057,
        -0.4241562,
        -0.4095931,
        -0.39692783,
        -0.35272026,
        -0.2794528,
        -0.26337337,
        -0.2854066,
        -0.31703234,
        -0.37528276,
        -0.45587254,
        -0.55983734,
        -0.57592154,
        -0.64540195,
        -0.9704771,
        -1.106102,
        -1.1674967,
        -1.2068911,
        -1.1900148,
        -1.173357,
        -1.167552,
        -1.2020946,
        -1.2392001,
        -1.267057,
        -1.266139,
        -1.2072492,
        -1.058433,
        -0.85455227,
        -0.6564617,
        -0.5103922,
        -0.40521908,
        -0.3300438,
        -0.25011778,
        -0.19794178,
        -0.15100574,
        -0.15144396,
        -0.14088917,
        -0.13298893,
        -0.10809755,
        -0.049144268,
        0.008085728,
        0.058785915,
        0.105050564,
        0.108198166,
        0.101258755,
        0.10039091,
        0.08342981,
        0.07356167,
        0.091430664,
        0.047691822,
        -0.01761961,
        -0.040462017,
        -0.12643147,
        -0.19436264,
        -0.24662209,
        -0.2519307,
        -0.24346304,
        -0.20166111,
        -0.18560028,
        -0.12744093,
        -0.05994177,
        -0.037494183,
        -0.002199173,
        0.06772852,
        0.076750755,
        0.08979702
    ],