{
    "class": "zpos",
    "duration_ms": 700,
    "x": [
        -0.041345358,
        -0.014379203,
        0.029203355,
        0.07769579,
        0.14091063,
        0.16642028,
        0.12113929,
        0.12161061,
        0.10545927,
        0.1129553,
        0.13182223,
        0.1426692,
        0.12857032,
        0.12979528,
        0.07918227,
        -0.0018875003,
        0.0029232502,
        0.03146562,
        0.062607974,
        0.08716303,
        0.09324971,
        0.056397438,
        -0.083557546,
        -0.2520115,
        -0.41838583,
        -0.57938933,
        -0.7279178,
        -0.9061987,
        -1.0755274,
        -1.2308888,
        -1.3675654,
        -1.4500341,
        -1.5511364,
        -1.567015,
        -1.4796838,
        -1.2781347,
        -0.9795253,
        -0.53415304,
        -0.00017464161,
        0.6122377,
        1.2525362,
        1.8650739,
        2.2673094,
        2.759841,
        3.1479633,
        3.0992746,
        1.6821111,
        0.8170576,
        0.92390954,
        0.944468,
        0.9175956,
        0.82730985,
        0.676136,
        0.45879313,
        0.2050794,
        -0.07777241,
        -0.24740252,
        -0.47303155,
        -0.53493124,
        -0.51512533,
        -0.5090687,
        -0.4795714,
        -0.4343471,
        -0.5029014,
        -0.5471686,
        -0.61853635,
        -1.0839083,
        -1.7841065,
        -0.49429795,
        0.5160502,
        0.6015253,
        0.48058447,
        0.79359084,
        1.033854,
        0.9187273,
        0.6913313,
        0.4409524,
        0.25638503,
        0.06404786,
        -0.091397166,
        -0.14837201,
        -0.2075598,
        -0.27571294,
        -0.29990813,
        -0.32252526,
        -0.3450329,
        -0.3948135,
        -0.4179974,
        -0.44464457,
        -0.46913558,
        -0.5148294,
        -0.52166384,
        -0.5161313,
        -0.46736366,
        -0.38046595,
        -0.40349776,
        -0.41242895,
        -0.37465453,
        -0.34598884,
        -0.32243901,
        -0.2686786,
        -0.20186141,
        -0.15544909,
        -0.067333534,
        -0.009144928,
        0.012187269,
        0.0375719,
        0.01943729,
        0.034474887,
        0.054317113,
        0.062457275,
        0.09019822,
        0.053828426,
        0.03700266,
        -0.010686174,
        -0.017621845,
        -0.050913043,
        -0.0842643,
        -0.08665869,
        -0.065347746,
        -0.063435465,
        -0.018703312,
        -0.014925189,
        0.024496213,
        0.051829204,
        0.057592086,
        0.05843675,
        0.049562037,
        0.009245992,
        -0.017142147,
        -0.03446631,
        -0.037879124,
        -0.051083237,
        -0.033344164,
        -0.046655297,
        -0.11709422,
        -0.14648113,
        -0.18994442,
        -0.21166742,
        -0.2501852,
        -0.25299865,
        -0.2586152,
        -0.26720238,
        -0.26452202,
        -0.26486072,
        -0.2539487,
        -0.23411164,
        -0.17171568
    ],
    "y": [
        0.015928268,
        -0.008109093,
        0.037097454,
        0.027589798,
        -0.01944971,
        -0.0062384605,
        0.009871483,
        0.06923723,
        0.16912317,
        0.19745064,
        0.19271374,
        0.15998697,
        0.080519676,
        0.07594347,
        0.114991665,
        0.12635708,
        0.1151824,
        0.024677753,
        -0.056619167,
        -0.18613529,
        -0.3046875,
        -0.46068764,
        -0.5768156,
        -0.58891416,
        -0.6399915,
        -0.7200055,
        -0.9259181,
        -1.1794453,
        -1.3971937,
        -1.5529516,
        -1.6155329,
        -1.5822523,
        -1.469209,
        -1.3017278,
        -1.1169977,
        -0.90189695,
        -0.7102976,
        -0.53867674,
        -0.3905959,
        -0.276855,
        -0.17223787,
        -0.025452614,
        0.16913652,
        0.35756588,
        0.43595934,
        0.5302124,
        0.61708355,
        0.8592205,
        0.897275,
        0.8342824,
        0.7066512,
        0.61777353,
        0.47744608,
        0.48741913,
        0.6960273,
        0.9909549,
        1.0756469,
        1.2679706,
        1.225441,
        0.90752935,
        0.49593687,
        0.13872242,
        -0.08334637,
        -0.17063284,
        -0.20480919,
        -0.19065046,
        -0.4187317,
        -0.21253061,
        -0.42260027,
        -0.85382557,
        -1.239419,
        -1.5231469,
        -1.6799531,
        -1.6155362,
        -1.486464,
        -1.3366361,
        -1.178772,
        -1.1069868,
        -1.0766046,
        -1.0908825,
        -1.1050754,
        -1.153136,
        -1.1634455,
        -1.1619253,
        -1.095175,
        -1.0099096,
        -0.8903675,
        -0.7828381,
        -0.63299346,
        -0.518188,
        -0.41559124,
        -0.2979045,
        -0.16918755,
        -0.100806236,
        -0.11629629,
        0.049777508,
        0.17953968,
        0.28020573,
        0.3085122,
        0.37197018,
        0.40556526,
        0.37064266,
        0.32905006,
        0.28517056,
        0.2458477,
        0.20120668,
        0.21097994,
        0.16981506,
        0.1591239,
        0.14056015,
        0.13806915,
        0.111059666,
        0.05969,
        0.012914658,
        -0.012254715,
        0.017782688,
        0.02664566,
        0.03595543,
        0.021900654,
        0.017984867,
        -0.033267975,
        -0.07685423,
        -0.105811596,
        -0.16090822,
        -0.21585798,
        -0.2205472,
        -0.21339893,
        -0.17524719,
        -0.1778884,
        -0.15429449,
        -0.14736319,
        -0.14259815,
        -0.14221239,
        -0.1316266,
        -0.13939476,
        -0.07928991,
        -0.06611872,
        -0.039996624,
        -0.024903774,
        0.007763386,
        -0.01148653,
        -0.018179893,
        -0.010071278,
        -0.020831108,
        -0.012229443,
        -0.0011816025,
        -0.006945133,
        0.0063176155
    ],