{
    "class": "zpos",
    "duration_ms": 700,
    "x": [
        0.23933867,
        0.21886042,
        0.19492596,
        0.17433885,
        0.19494984,
        0.22106257,
        0.2601993,
        0.31263414,
        0.34288943,
        0.35119537,
        0.35437372,
        0.31451726,
        0.3101138,
        0.34324473,
        0.43515462,
        0.5118966,
        0.5903401,
        0.58257496,
        0.55519897,
        0.84083974,
        0.6194233,
        0.37012076,
        0.16605371,
        -0.039780855,
        -0.2340563,
        -0.45771646,
        -0.8412647,
        -1.4385248,
        -2.0959518,
        -2.7992597,
        -2.7853813,
        -2.595165,
        -2.6458948,
        -2.569611,
        -2.3805559,
        -2.086958,
        -1.6607541,
        -1.1216471,
        -0.6556287,
        -0.8305836,
        -0.3639699,
        0.5840996,
        1.4140098,
        1.997228,
        2.3950863,
        2.674185,
        2.7697892,
        2.7096064,
        2.4279416,
        1.9940372,
        1.4324716,
        0.932094,
        0.79833287,
        0.63114405,
        0.32739204,
        0.06502032,
        -0.099416256,
        -0.20852566,
        -0.27833867,
        -0.30074352,
        -0.25651267,
        -0.15898529,
        -0.06944525,
        0.053231865,
        0.18998928,
        0.35766238,
        0.51847434,
        0.6789899,
        0.8232627,
        0.8526544,
        0.8236001,
        0.7882586,
        0.7233702,
        0.6866752,
        0.5917999,
        0.5238928,
        0.14265954,
        -1.1416565,
        0.417487,
        0.82894933,
        0.29962704,
        0.112926066,
        0.19839227,
        0.24862814,
        0.16194975,
        -0.03759414,
        -0.33866847,
        -0.5834756,
        -0.75288004,
        -0.8132933,
        -0.8070263,
        -0.79916996,
        -0.7993164,
        -0.83418995,
        -0.89987844,
        -1.0049584,
        -1.1152377,
        -1.2304784,
        -1.3482168,
        -1.4329367,
        -1.4756436,
        -1.469378,
        -1.3882687,
        -1.2779983,
        -1.1100311,
        -0.93718624,
        -0.766689,
        -0.6224534,
        -0.5212167,
        -0.46549493,
        -0.43373263,
        -0.4045608,
        -0.4116621,
        -0.3663873,
        -0.32850802,
        -0.33639067,
        -0.27515715,
        -0.28131324,
        -0.27846605,
        -0.2719314,
        -0.2331981,
        -0.20056546,
        -0.11175352,
        0.019129515,
        0.13033819,
        0.24408436,
        0.32727528,
        0.3993769,
        0.44628906,
        0.46816835,
        0.46752357,
        0.4347662,
        0.37463084,
        0.29639673,
        0.18319461,
        0.13039112,
        0.044449687,
        0.011361539,
        -0.014320672,
        -0.015867889,
        0.01619345,
        0.043668687,
        0.11679375,
        0.14223611,
        0.17987391,
        0.21753329,
        0.28132463,
        0.35204586,
        0.36063692
    ],
    "y": [
        -0.063548565,
        0.032390594,
        0.12637043,
        0.23002338,
        0.27404022,
        0.24206781,
        0.19627905,
        0.12702227,
        0.053206444,
        0.048434734,
        0.1051836,
        0.1731739,
        0.2716794,
        0.37918854,
        0.41509342,
        0.42757964,
        0.42650437,
        0.40029287,
        0.43453193,
        0.2384808,
        0.23540044,
        0.33954215,
        0.39284873,
        0.34041905,
        0.22238803,
        0.018461943,
        -0.25805688,
        -0.4255252,
        -0.5711076,
        -0.7127814,
        -0.928406,
        -1.5021126,
        -2.0170257,
        -2.348495,
        -2.6603544,
        -2.9575517,
        -3.1057749,
        -3.077796,
        -2.9039664,
        -2.2923858,
        -1.7572653,
        -1.761718,
        -1.8984656,
        -2.1373806,
        -2.2247021,
        -2.1390254,
        -1.9064908,
        -1.5986748,
        -1.2418718,
        -0.91041946,
        -0.5444832,
        -0.050785065,
        0.40050554,
        0.49076986,
        0.55193424,
        0.5098572,
        0.36975574,
        0.30168915,
        0.26954985,
        0.3086071,
        0.16712189,
        0.00033187866,
        -0.19623756,
        -0.38129187,
        -0.46587467,
        -0.4734521,
        -0.4749136,
        -0.45955753,
        -0.4572115,
        -0.41431236,
        -0.3734932,
        -0.3365283,
        -0.36744785,
        -0.47045517,
        -0.6069536,
        -0.7910576,
        -1.3063822,
        -1.1715889,
        -1.4496503,
        -1.7719882,
        -1.9744585,
        -2.229081,
        -2.2300127,
        -2.0811083,
        -1.8132105,
        -1.4210255,
        -0.99578905,
        -0.6357744,
        -0.42030048,
        -0.368721,
        -0.4662037,
        -0.6047294,
        -0.79559255,
        -0.9633913,
        -1.0469203,
        -1.0781014,
        -1.0071652,
        -0.9207709,
        -0.74555206,
        -0.583056,
        -0.40087557,
        -0.22698116,
        -0.0630002,
        0.019990921,
        0.07260418,
        0.09033632,
        0.1020751,
        0.15552044,
        0.2073946,
        0.2598586,
        0.3075323,
        0.3259182,
        0.3120556,
        0.28426647,
        0.22531271,
        0.163558,
        0.12008524,
        0.104081154,
        0.09392738,
        0.1421833,
        0.15802097,
        0.17493439,
        0.16454601,
        0.1776104,
        0.17139149,
        0.16771507,
        0.1573124,
        0.17650938,
        0.163414,
        0.18518305,
        0.19874668,
        0.23025656,
        0.2270627,
        0.2753029,
        0.32708406,
        0.36554623,
        0.35227346,
        0.34696436,
        0.33041525,
        0.28349972,
        0.2180829,
        0.16522455,
        0.13913631,
        0.11575556,
        0.123450756,
        0.14519215,
        0.14961004,
        0.19642115,
        0.19928789
    ],