{
    "class": "zpos",
    "duration_ms": 700,
    "x": [
        0.07090318,
        0.07711482,
        0.11184448,
        0.122831225,
        0.13876212,
        0.12864965,
        0.12602937,
        0.12394476,
        0.16741782,
        0.18942696,
        0.19003987,
        0.19064528,
        0.19840312,
        0.22021967,
        0.2273426,
        0.19388914,
        0.14619517,
        0.098249376,
        0.0755195,
        -0.026906252,
        -0.22036138,
        -0.47821692,
        -0.7672928,
        -1.0593764,
        -1.286286,
        -1.41607,
        -1.4244797,
        -1.3109527,
        -1.2044342,
        -1.0587752,
        -0.8684035,
        -0.63760245,
        -0.43816027,
        -0.26513237,
        -0.11631936,
        0.031840324,
        0.17567182,
        0.37825328,
        0.6214218,
        0.7964965,
        1.0005934,
        1.1730899,
        1.3348303,
        1.4446585,
        1.5072764,
        1.5252922,
        1.4936424,
        1.5556204,
        1.587326,
        1.5679932,
        1.4935299,
        1.3960214,
        1.3146436,
        1.2670672,
        1.1538078,
        0.7534251,
        0.6760216,
        0.5387857,
        0.42933625,
        0.3799503,
        0.27551356,
        0.15806732,
        0.010271639,
        -0.10237759,
        -0.24250177,
        -0.37119818,
        -0.5801294,
        -1.3824272,
        -1.1894317,
        -0.43869185,
        -0.20054983,
        -0.25282532,
        -0.06836955,
        0.29330483,
        0.47551087,
        0.47097397,
        0.36816227,
        0.26420075,
        0.15968503,
        0.09811659,
        0.106530875,
        0.15554298,
        0.22609153,
        0.3143536,
        0.33781415,
        0.33610386,
        0.28190187,
        0.23399967,
        0.12639722,
        0.0075487196,
        -0.13871184,
        -0.2597204,
        -0.3534457,
        -0.42266896,
        -0.47008976,
        -0.48401374,
        -0.5079294,
        -0.52080846,
        -0.5378193,
        -0.5430695,
        -0.539885,
        -0.4981075,
        -0.4612388,
        -0.41993687,
        -0.35743895,
        -0.32369024,
        -0.28242126,
        -0.2332722,
        -0.18521908,
        -0.1688482,
        -0.15498322,
        -0.16239513,
        -0.14520088,
        -0.15078871,
        -0.14999506,
        -0.13808408,
        -0.07473306,
        -0.041914262,
        -0.02323936,
        0.014455929,
        0.025229737,
        0.06871225,
        0.09187092,
        0.11857651,
        0.14389881,
        0.13928036,
        0.11439429,
        0.1005861,
        0.08593091,
        0.04925503,
        0.04821478,
        0.02108492,
        0.03259003,
        0.032359168,
        0.032387465,
        0.07081863,
        0.078161836,
        0.06428082,
        0.1178159,
        0.15025383,
        0.1594233,
        0.19072525,
        0.19159688,
        0.19781391,
        0.19725603,
        0.17535523,
        0.16523,
        0.18567856,
        0.1815739
    ],
    "y": [
        -0.01692462,
        0.057565212,
        0.13240576,
        0.15516257,
        0.15934372,
        0.1329329,
        0.08526635,
        0.072874546,
        0.050053596,
        0.061883926,
        0.110198736,
        0.08790398,
        0.112170935,
        0.111570835,
        0.11002588,
        0.08377409,
        0.087599516,
        0.13251495,
        0.117248535,
        0.07401919,
        0.05391431,
        -0.0042841434,
        -0.12699962,
        -0.35445833,
        -0.697978,
        -1.1417532,
        -1.5950761,
        -2.069518,
        -2.4419909,
        -2.7224405,
        -2.7961993,
        -2.725214,
        -2.4951854,
        -2.1734674,
        -1.8562145,
        -1.5083246,
        -1.2338536,
        -1.0102286,
        -0.9035096,
        -0.82955885,
        -0.78575325,
        -0.7334461,
        -0.67472076,
        -0.56859875,
        -0.4025612,
        -0.20005894,
        0.0033507347,
        0.1268487,
        0.22583103,
        0.2674079,
        0.31668282,
        0.35263538,
        0.3994689,
        0.45275688,
        0.4812894,
        0.61404705,
        0.56665754,
        0.44952965,
        0.2344594,
        0.041310787,
        -0.1392641,
        -0.24476242,
        -0.27238464,
        -0.27464104,
        -0.31831264,
        -0.33461046,
        -0.3703308,
        -0.18070602,
        -0.023350239,
        -0.21527529,
        -0.62904906,
        -1.1627607,
        -1.6847684,
        -2.0960195,
        -2.2704647,
        -2.2133088,
        -1.9728066,
        -1.6855679,
        -1.3848956,
        -1.1253629,
        -0.9878919,
        -0.9408443,
        -0.98357725,
        -1.1149848,
        -1.223429,
        -1.2664359,
        -1.2710547,
        -1.1640029,
        -0.99151134,
        -0.81453466,
        -0.6057832,
        -0.42201972,
        -0.2579007,
        -0.14634848,
        -0.089361906,
        -0.06543803,
        -0.017399073,
        0.0016796589,
        0.060438633,
        0.13406897,
        0.123719215,
        0.102820635,
        0.073115826,
        0.022244215,
        0.014653206,
        -0.0069069862,
        -0.015734911,
        0.0054955482,
        0.026266336,
        0.025740147,
        0.02603817,
        0.080200434,
        0.11922622,
        0.15300083,
        0.21761632,
        0.21268964,
        0.20979357,
        0.17737842,
        0.15316486,
        0.10787368,
        0.06970549,
        0.04049468,
        -0.0016708374,
        -0.03311062,
        -0.07063174,
        -0.07844496,
        -0.06615138,
        -0.07192421,
        -0.054790974,
        -0.040917158,
        -0.0010845661,
        -0.009366751,
        -0.005595207,
        0.00812459,
        -0.020745039,
        -0.025007486,
        -0.04268074,
        -0.016392231,
        0.015764713,
        0.018078327,
        0.03840232,
        0.055114746,
        0.06810832,
        0.07727504,
        0.11332369,
        0.14247322,
        0.15497589,
        0.15531015,
        0.1193881
    ],