{
    "class": "zpos",
    "duration_ms": 700,
    "x": [
        -0.2133516,
        -0.29092664,
        -0.32610145,
        -0.35666835,
        -0.3584588,
        -0.2746167,
        -0.2387687,
        -0.2721978,
        -0.36534846,
        -0.47090036,
        -0.5965678,
        -0.8398583,
        -1.1406883,
        -1.3832471,
        -1.5358332,
        -1.6126043,
        -1.650618,
        -1.6577789,
        -1.6663499,
        -1.6179245,
        -1.6244788,
        -1.6811543,
        -1.7400659,
        -1.7586048,
        -1.7493459,
        -1.6818339,
        -1.5181702,
        -1.2659997,
        -0.8368328,
        -0.2639917,
        0.3548692,
        0.94408137,
        1.4591044,
        1.8550271,
        2.167894,
        2.414629,
        2.580688,
        2.6633852,
        2.6844926,
        2.763773,
        2.66954,
        2.3716123,
        2.0110846,
        1.4156342,
        1.2864087,
        1.1478965,
        1.0143821,
        1.0177935,
        0.83165544,
        0.60744125,
        0.43067664,
        0.27620396,
        -0.08406101,
        -0.18396616,
        -0.20805505,
        -0.21161531,
        -0.13758908,
        -0.005316712,
        0.106828034,
        0.030600801,
        -0.026892602,
        0.22968793,
        0.442284,
        0.48622298,
        0.4577814,
        0.4241243,
        0.3628982,
        0.29131216,
        0.2200706,
        0.16396081,
        0.12012729,
        0.029880166,
        -0.08190286,
        -0.2755531,
        -0.50809956,
        -0.69385237,
        -0.8148358,
        -0.91057515,
        -0.93148494,
        -0.922849,
        -0.84573394,
        -0.7709441,
        -0.6664386,
        -0.5984917,
        -0.5665695,
        -0.51025933,
        -0.45050424,
        -0.36504227,
        -0.23391348,
        -0.13297099,
        -0.01354301,
        0.06981245,
        0.19649726,
        0.3141629,
        0.41578186,
        0.4963306,
        0.5723909,
        0.58863145,
        0.5876514,
        0.54746586,
        0.50344944,
        0.4336195,
        0.32580063,
        0.2681964,
        0.23181853,
        0.21426117,
        0.18200013,
        0.1901803,
        0.19091552,
        0.18905604,
        0.20852801,
        0.23013103,
        0.24183491,
        0.22206467,
        0.20654023,
        0.1953105,
        0.16912526,
        0.15670937,
        0.16757226,
        0.14651391,
        0.16540346,
        0.15505728,
        0.12027529,
        0.04927522,
        -0.007707894,
        -0.057849765,
        -0.1180045,
        -0.11903763,
        -0.065906644,
        0.015336394,
        0.118211895,
        0.25982764,
        0.35441065,
        0.41893375,
        0.44866672,
        0.48885053,
        0.4388637,
        0.38892367,
        -0.42440078,
        -1.1887522,
        -1.2406185,
        -1.0358342,
        -0.8559247,
        -0.5442028,
        -0.17146394,
        0.14924666,
        0.40271991,
        0.55353034,
        0.5934315
    ],
    "y": [
        0.39850235,
        0.44433355,
        0.47248602,
        0.492548,
        0.49236727,
        0.44072676,
        0.4039235,
        0.32192755,
        0.23470259,
        0.14383316,
        -0.043958664,
        -0.1860466,
        -0.35707378,
        -0.50921154,
        -0.71043205,
        -0.9572792,
        -1.2797976,
        -1.5952454,
        -1.8899205,
        -2.0994444,
        -2.1757505,
        -2.1323123,
        -2.0323658,
        -1.8598642,
        -1.618072,
        -1.3868389,
        -1.2007532,
        -1.0394835,
        -0.9667096,
        -0.9002099,
        -0.8369479,
        -0.76432323,
        -0.71043587,
        -0.6625881,
        -0.63925505,
        -0.5774989,
        -0.5939636,
        -0.5924363,
        -0.60384274,
        -0.8600111,
        -0.71512985,
        -0.48545074,
        -0.30253792,
        -0.15430021,
        -0.08834791,
        -0.11635733,
        -0.19763613,
        -0.5237727,
        -0.42784786,
        -0.23332977,
        -0.08811903,
        0.015718937,
        0.023941517,
        0.113949776,
        0.1662178,
        0.17117071,
        0.09555197,
        -0.06725788,
        -0.30698776,
        -0.62814,
        -0.8250427,
        -0.98110867,
        -1.0532064,
        -1.0347753,
        -0.998559,
        -1.0080876,
        -1.05124,
        -1.0594473,
        -1.1103535,
        -1.142386,
        -1.2462444,
        -1.2318931,
        -1.1361647,
        -0.9692826,
        -0.7316084,
        -0.47798347,
        -0.2724886,
        -0.11222601,
        -0.025609016,
        0.018541336,
        0.010761261,
        -0.0391407,
        -0.121260166,
        -0.18960762,
        -0.1982646,
        -0.17523146,
        -0.13384628,
        -0.12545061,
        -0.11270571,
        -0.09175682,
        -0.02801466,
        0.038590908,
        0.09191561,
        0.115653515,
        0.09329271,
        0.07287216,
        0.008891106,
        -0.034138203,
        -0.04920864,
        -0.06523085,
        -0.089541435,
        -0.048146725,
        -0.030046463,
        0.0027270317,
        0.011433125,
        0.012509346,
        -0.035014153,
        -0.085921764,
        -0.09973812,
        -0.13161516,
        -0.16006184,
        -0.15874434,
        -0.17065716,
        -0.15728283,
        -0.15201998,
        -0.118835926,
        -0.09816456,
        -0.068344116,
        -0.08886194,
        -0.118551254,
        -0.21198416,
        -0.23726273,
        -0.24207878,
        -0.22860718,
        -0.19907427,
        -0.12235212,
        -0.0773859,
        -0.032982826,
        0.01565504,
        0.06403589,
        0.088553905,
        0.13998127,
        0.16402149,
        0.1922121,
        0.22476244,
        0.22334242,
        0.24990082,
        0.25860214,
        0.47122812,
        0.918108,
        1.0473433,
        0.8864546,
        0.7377391,
        0.73495483,
        0.5857191,
        0.37349224,
        0.062450886,
        -0.26568937,
        -0.49054337
    ],