{
    "class": "zpos",
    "duration_ms": 700,
    "x": [
        -0.17777674,
        -0.41305488,
        -0.76518106,
        -1.1059146,
        -1.4283952,
        -1.6708138,
        -1.8368473,
        -1.8644013,
        -1.7690609,
        -1.657223,
        -1.5319074,
        -1.3525597,
        -1.1500949,
        -0.9410672,
        -0.71097857,
        -0.44985473,
        -0.20416933,
        0.050181583,
        0.36348644,
        0.57486695,
        0.7835266,
        0.99785966,
        1.1897877,
        1.2640858,
        1.1186758,
        1.0643849,
        0.9045425,
        0.8010687,
        0.78046393,
        0.6952793,
        0.5956728,
        0.4850353,
        0.45286986,
        0.47828022,
        0.49455988,
        0.4707509,
        0.47851217,
        0.5199706,
        0.571211,
        0.64222485,
        0.6617064,
        0.72808933,
        0.77424717,
        0.8238193,
        0.9265842,
        1.0009949,
        1.0398277,
        1.0722864,
        1.0799146,
        1.0445379,
        0.9958023,
        0.9198489,
        0.06241046,
        -0.029581495,
        0.62250525,
        0.7130633,
        0.6084754,
        0.6073545,
        0.6208694,
        0.6501833,
        0.7219261,
        0.71018374,
        0.61424184,
        0.48631597,
        0.39747974,
        0.29459825,
        0.16515529,
        0.02520603,
        -0.10204172,
        -0.240699,
        -0.34972346,
        -0.43087292,
        -0.48054963,
        -0.5360668,
        -0.529507,
        -0.4670059,
        -0.43109113,
        -0.40376553,
        -0.37448046,
        -0.38073435,
        -0.35516116,
        -0.3522319,
        -0.32860082,
        -0.33226615,
        -0.3279685,
        -0.35464486,
        -0.39378822,
        -0.3888155,
        -0.40020138,
        -0.43815917,
        -0.43371347,
        -0.41089126,
        -0.38426882,
        -0.37062782,
        -0.3413896,
        -0.29670608,
        -0.28682423,
        -0.25434136,
        -0.20868084,
        -0.1686877,
        -0.09799066,
        -0.082288116,
        -0.044458747,
        -0.02975142,
        -0.03799343,
        -0.01880899,
        -0.058231622,
        -0.10362086,
        -0.08596566,
        -0.08448705,
        -0.09471053,
        -0.10026586,
        -0.11352199,
        -0.1275835,
        -0.104376316,
        -0.096526176,
        -0.06542975,
        -0.0039073825,
        0.03567034,
        0.04629883,
        0.057097763,
        0.06326145,
        0.031150967,
        0.029813498,
        0.020777851,
        0.011367321,
        -0.0010857284,
        0.02141577,
        -0.002545476,
        -0.012660205,
        -0.03945905,
        -0.041875303,
        -0.039274424,
        0.006264955,
        -0.018131137,
        0.016300142,
        0.02573666,
        0.020176291,
        -0.021240473,
        -0.3631128,
        -0.62375474,
        -0.53201866,
        -0.44736755,
        -0.33515543,
        -0.25697324,
        -0.40660247,
        -0.50928783,
        -0.48756418
    ],
    "y": [
        -0.27053738,
        -0.6222868,
        -0.9135814,
        -1.1357343,
        -1.4520259,
        -1.8479323,
        -2.3200645,
        -2.8092358,
        -3.2435668,
        -3.548387,
        -3.6465352,
        -3.5662909,
        -3.28371,
        -2.9091992,
        -2.5104337,
        -2.1436706,
        -1.8155203,
        -1.5568504,
        -1.3508291,
        -1.2166486,
        -1.1354475,
        -1.1265912,
        -1.1232581,
        -1.086618,
        -1.0319839,
        -0.8586197,
        -0.75584126,
        -0.6818762,
        -0.558846,
        -0.36674356,
        -0.14352465,
        -0.0041074753,
        0.13261414,
        0.21384192,
        0.2848606,
        0.4051752,
        0.38562393,
        0.32186413,
        0.24020529,
        0.13585949,
        0.054388523,
        -0.03519535,
        -0.10639238,
        -0.192451,
        -0.25486755,
        -0.30537224,
        -0.35083103,
        -0.36703777,
        -0.39428997,
        -0.39391184,
        -0.4395814,
        -0.46640158,
        -0.29660797,
        -0.16768456,
        -0.5356536,
        -0.6882963,
        -0.8112817,
        -1.0154843,
        -1.2036886,
        -1.3292236,
        -1.4461579,
        -1.4748397,
        -1.462636,
        -1.3806276,
        -1.2953801,
        -1.2610054,
        -1.1779284,
        -1.0729203,
        -0.960485,
        -0.87867975,
        -0.77210903,
        -0.7335448,
        -0.7001519,
        -0.68082285,
        -0.662982,
        -0.6604972,
        -0.64885855,
        -0.60360813,
        -0.5910888,
        -0.58900976,
        -0.5681157,
        -0.53260326,
        -0.510622,
        -0.46336222,
        -0.45741844,
        -0.40389967,
        -0.35286713,
        -0.30171442,
        -0.21696424,
        -0.16560555,
        -0.100007534,
        -0.04903841,
        -0.00329113,
        0.005906105,
        0.014257431,
        0.009788036,
        0.0162673,
        0.0023846626,
        0.008626461,
        0.039671898,
        0.004467964,
        -0.013268948,
        -0.010956287,
        -0.0073800087,
        -0.0068740845,
        0.01717329,
        0.026838303,
        0.05833912,
        0.07348633,
        0.060503483,
        0.043468952,
        0.02239418,
        0.009140015,
        0.020299435,
        0.04126358,
        0.057465076,
        0.07343435,
        0.041280746,
        0.018460274,
        0.002603531,
        0.01764822,
        0.003742218,
        0.051621914,
        0.08228016,
        0.08392286,
        0.08552551,
        0.09439278,
        0.07712364,
        0.0696311,
        0.0146455765,
        -0.070868015,
        -0.11257172,
        -0.14405727,
        -0.12707853,
        -0.056960583,
        0.01337862,
        0.08859825,
        0.10432005,
        0.10158539,
        -0.4054973,
        -0.8362603,
        -0.6243768,
        -0.17753792,
        0.31465626,
        0.6745148,
        0.4858179,
        0.20842457,
        0.06715584
    ],