{
    "class": "zpos",
    "duration_ms": 700,
    "x": [
        0.017189682,
        -0.02553296,
        -0.04970695,
        -0.0015448034,
        0.03058207,
        0.026862592,
        0.07527852,
        0.11799511,
        0.21683419,
        0.26788855,
        0.33595234,
        0.33414486,
        0.26362106,
        0.16140683,
        0.12894514,
        0.1836349,
        0.23763764,
        0.3592853,
        0.51776665,
        0.6758299,
        0.8207252,
        0.922796,
        0.9927795,
        1.0894973,
        1.2783155,
        1.2876908,
        1.2060136,
        1.2402059,
        1.0158371,
        0.74198174,
        0.5246587,
        0.41545784,
        0.3255499,
        0.25777236,
        0.19593778,
        0.20963214,
        0.2103735,
        0.17653126,
        0.105545215,
        -0.00055654347,
        -0.16110493,
        -0.36399484,
        -0.6330626,
        -0.75778747,
        -0.61893994,
        -0.44115907,
        -0.33636627,
        -0.35170466,
        -0.37875015,
        -0.424353,
        -0.44059333,
        -0.4415781,
        -0.45593712,
        -0.46724546,
        -0.5268627,
        -0.7318908,
        -0.95899355,
        -1.144222,
        -1.2828195,
        -1.3265814,
        -1.2534554,
        -1.1007016,
        -0.9076053,
        -0.66328704,
        -0.44806647,
        -0.28272942,
        -0.12642948,
        -0.05836019,
        -0.057307992,
        -0.056753393,
        -0.10518085,
        -0.12910298,
        -0.13868062,
        -0.16542563,
        -0.16884911,
        -0.17058253,
        -0.18724005,
        -0.19474891,
        -0.2049841,
        -0.1987519,
        -0.19976203,
        -0.16739765,
        -0.13998526,
        -0.15102138,
        -0.14554796,
        -0.11885818,
        -0.11646788,
        -0.12657866,
        -0.1252537,
        -0.10545342,
        -0.086128406,
        -0.014444999,
        0.023563452,
        0.10926052,
        0.14246431,
        0.1616654,
        0.18605506,
        0.20139968,
        0.1863793,
        0.19364288,
        0.18711159,
        0.17606258,
        0.16761287,
        0.17617062,
        0.16096678,
        0.1649413,
        0.19033459,
        0.19898511,
        0.21730106,
        0.21185984,
        0.19227968,
        0.1729729,
        0.13953477,
        0.11587013,
        0.10170771,
        0.065848365,
        0.061029255,
        0.072847664,
        0.06538917,
        0.07693823,
        0.06922987,
        0.08279823,
        0.07696965,
        0.054197118,
        0.033648938,
        0.06072907,
        0.049377143,
        0.052374914,
        0.057835385,
        0.04668185,
        0.026074931,
        0.034289137,
        0.02828747,
        0.022415608,
        0.018992603,
        0.0107626915,
        0.012126774,
        -0.0010140687,
        -0.026324734,
        0.0030405521,
        0.020184726,
        0.027597487,
        0.056514263,
        0.080848664,
        0.07935518,
        0.116568506,
        0.12772027,
        0.13624662,
        0.110937804
    ],
    "y": [
        -0.14017487,
        -0.15080929,
        -0.2475295,
        -0.39915752,
        -0.55588055,
        -0.63971853,
        -0.63566685,
        -0.5902643,
        -0.60706615,
        -0.7147665,
        -0.8817787,
        -1.0592837,
        -1.1932831,
        -1.2776413,
        -1.2774878,
        -1.2414446,
        -1.0815787,
        -0.8963032,
        -0.71446943,
        -0.519536,
        -0.27143383,
        -0.011728764,
        0.22482824,
        0.37664557,
        0.37911224,
        0.34419107,
        0.25933647,
        -0.2677636,
        -0.106182575,
        0.19733095,
        0.52472115,
        0.69126797,
        0.6656294,
        0.46224165,
        0.26533175,
        0.09397125,
        -0.092494965,
        -0.29384947,
        -0.4739275,
        -0.5631676,
        -0.63540363,
        -0.6640587,
        -0.6371064,
        -0.61687326,
        -0.6823735,
        -0.8556256,
        -1.0896797,
        -1.3191237,
        -1.5577612,
        -1.7263374,
        -1.8629723,
        -1.9551597,
        -1.9828677,
        -1.9615488,
        -1.8822207,
        -1.7761059,
        -1.6192989,
        -1.3998642,
        -1.1966448,
        -1.0621734,
        -0.9844508,
        -0.97058487,
        -1.0442357,
        -1.1427221,
        -1.1721358,
        -1.1508417,
        -1.0109053,
        -0.8137741,
        -0.6019511,
        -0.41316986,
        -0.24219227,
        -0.12697124,
        -0.074418545,
        -0.03173399,
        0.029860497,
        0.100728035,
        0.18805504,
        0.2559781,
        0.31882,
        0.3382826,
        0.37665892,
        0.35982704,
        0.38117886,
        0.3665204,
        0.35432148,
        0.34706593,
        0.38305378,
        0.38820267,
        0.4295025,
        0.42319584,
        0.40516233,
        0.3681941,
        0.31946278,
        0.28277445,
        0.2484541,
        0.21164274,
        0.15780687,
        0.10853481,
        0.097224236,
        0.05931616,
        0.0593791,
        0.020754337,
        0.022420883,
        0.0022296906,
        -0.02298069,
        -0.04347086,
        -0.030385971,
        -0.0409894,
        -0.008134365,
        -0.02742529,
        -0.0125255585,
        0.00075006485,
        0.014772415,
        0.015217781,
        0.042681694,
        0.056338787,
        0.053598404,
        0.06544781,
        0.05834627,
        0.027390003,
        0.018016815,
        0.032633305,
        0.06865072,
        0.07814789,
        0.10173893,
        0.10829544,
        0.08122301,
        0.06601572,
        0.067418575,
        0.047153473,
        0.038795948,
        0.051947117,
        0.060180664,
        0.05638218,
        0.07411289,
        0.05608034,
        0.076453686,
        0.061180115,
        0.079527855,
        0.07167864,
        0.09021902,
        0.09209633,
        0.079696655,
        0.12462282,
        0.10238838,
        0.10852957,
        0.07830429,
        0.04991865,
        0.018634796
    ],