{
    "class": "zpos",
    "duration_ms": 700,
    "x": [
        0.08874559,
        0.09830594,
        0.11383035,
        0.08786031,
        0.032376766,
        0.01364366,
        -0.004820645,
        -0.021079667,
        -0.05708266,
        -0.07493691,
        -0.06302814,
        -0.043130092,
        -0.041374594,
        -0.0056454986,
        -0.00079979,
        0.041617066,
        0.06301376,
        0.103937134,
        0.17301188,
        0.22253025,
        0.30833158,
        0.37789366,
        0.44238067,
        0.5071308,
        0.4855227,
        0.49367166,
        0.57611805,
        0.5346691,
        0.49609554,
        0.43711865,
        0.34681988,
        0.17526698,
        -0.10954213,
        -0.4351967,
        -0.9168963,
        -1.4452841,
        -2.0214543,
        -2.580863,
        -2.9647572,
        -3.2027693,
        -3.38394,
        -3.3770046,
        -3.1750827,
        -2.9360597,
        -2.7238626,
        -2.4516554,
        -2.0472522,
        -1.4986272,
        -0.6028983,
        0.39255583,
        1.2934877,
        2.4693127,
        3.5711281,
        4.031359,
        4.329809,
        3.8284392,
        2.8373709,
        2.8082328,
        2.9661279,
        3.1285286,
        3.1575909,
        3.0357876,
        2.8086953,
        2.5389657,
        2.269606,
        1.9497044,
        1.690376,
        1.460567,
        1.254857,
        1.0528117,
        0.9414469,
        0.8379997,
        0.72955143,
        0.6297623,
        0.53815544,
        0.44502872,
        0.33774298,
        0.1840527,
        -0.005166948,
        -0.25830796,
        -0.62971616,
        -0.9218073,
        -1.7215204,
        -2.5894866,
        -1.2419817,
        -0.7868866,
        -1.1879852,
        -1.3011719,
        -1.3090055,
        -1.46719,
        -1.6020074,
        -1.6434478,
        -1.5750015,
        -1.4398941,
        -1.2667085,
        -1.1200392,
        -0.9424228,
        -0.7912138,
        -0.6538634,
        -0.5321038,
        -0.3964134,
        -0.30349135,
        -0.22851533,
        -0.20429884,
        -0.23262048,
        -0.24139184,
        -0.29273325,
        -0.35344112,
        -0.43355644,
        -0.49778995,
        -0.5253213,
        -0.54558975,
        -0.57577467,
        -0.60184765,
        -0.5859511,
        -0.60006213,
        -0.61322427,
        -0.5778219,
        -0.5657145,
        -0.5122508,
        -0.47204405,
        -0.37546933,
        -0.28912598,
        -0.15529506,
        -0.06940942,
        0.006978631,
        0.078681245,
        0.12188414,
        0.12711108,
        0.13255352,
        0.13575573,
        0.17265083,
        0.1571282,
        0.15146172,
        0.14359508,
        0.11217359,
        0.13862228,
        0.124987006,
        0.13835642,
        0.15004054,
        0.16225979,
        0.13424067,
        0.12548551,
        0.12382664,
        0.09558985,
        0.055050507,
        0.023652852,
        -0.0010598302
    ],
    "y": [
        0.08703709,
        0.06085348,
        0.039978027,
        0.021695614,
        0.022429466,
        0.027582169,
        0.034519672,
        0.045502663,
        0.06034994,
        0.06471014,
        0.07776213,
        0.09723234,
        0.11849308,
        0.13917875,
        0.12845802,
        0.13635111,
        0.112549305,
        0.090016365,
        0.06807661,
        0.031986237,
        -0.001335144,
        0.0519619,
        0.13540697,
        0.23600721,
        0.40260124,
        0.56003857,
        0.68349886,
        0.80727434,
        0.8643036,
        0.88697386,
        0.8461089,
        0.68138075,
        0.46603203,
        0.12691116,
        -0.25178814,
        -0.6251831,
        -0.94230604,
        -1.141305,
        -1.3139687,
        -1.5967908,
        -2.0859973,
        -2.710446,
        -3.2887764,
        -3.7428489,
        -3.9119163,
        -3.8789577,
        -3.6555142,
        -3.297623,
        -2.9628413,
        -2.5490909,
        -1.9121308,
        -1.2807016,
        -0.5650091,
        0.22907257,
        1.1026349,
        2.137414,
        2.5879936,
        2.4753342,
        2.1578212,
        1.761775,
        1.2367196,
        0.67601967,
        0.22839689,
        -0.012290478,
        -0.03345442,
        0.100841045,
        0.28589582,
        0.524673,
        0.65242386,
        0.67176247,
        0.5349393,
        0.28507614,
        -0.046689987,
        -0.3503089,
        -0.6042609,
        -0.8179226,
        -0.9192505,
        -0.96055603,
        -0.9849577,
        -1.1002192,
        -1.3400512,
        -1.6534095,
        -1.9528148,
        -1.6447022,
        -1.9340556,
        -2.171989,
        -2.3512046,
        -2.4001498,
        -2.2139418,
        -1.9337602,
        -1.6542444,
        -1.4214165,
        -1.292762,
        -1.335134,
        -1.4789426,
        -1.5997598,
        -1.700228,
        -1.7568111,
        -1.731741,
        -1.640187,
        -1.4831152,
        -1.2594161,
        -1.0041697,
        -0.7454665,
        -0.49744844,
        -0.28633595,
        -0.11218977,
        0.005607605,
        0.07387447,
        0.11371708,
        0.13182116,
        0.16584158,
        0.1958952,
        0.25726938,
        0.32319164,
        0.38373566,
        0.4529233,
        0.480402,
        0.4875679,
        0.5101342,
        0.47868538,
        0.42918253,
        0.38069534,
        0.3621192,
        0.30419636,
        0.26451063,
        0.2097125,
        0.17586231,
        0.12971401,
        0.14311695,
        0.09669781,
        0.06956434,
        0.033331394,
        -0.0022010803,
        0.013458729,
        0.022984505,
        0.024046898,
        0.016601086,
        0.017320156,
        -0.005016327,
        0.004536152,
        -0.025923252,
        -0.024814129,
        -0.042615414,
        -0.03155756,
        -0.018126965,
        0.0047211647,
        0.02980566
    ],