{
    "class": "zpos",
    "duration_ms": 700,
    "x": [
        -0.0011129268,
        0.15978001,
        0.33957538,
        0.55376273,
        0.68732697,
        0.6542514,
        0.6115041,
        0.4501961,
        0.31473938,
        0.19631037,
        0.16246453,
        0.15909436,
        0.14191094,
        0.16195548,
        0.11419648,
        0.0964317,
        0.084210455,
        0.06737223,
        0.05223921,
        0.030284286,
        0.028500289,
        0.0500094,
        0.095763475,
        0.14353369,
        0.21957943,
        0.32178766,
        0.4670828,
        0.50259197,
        0.5405649,
        0.8072072,
        0.6609299,
        0.36676627,
        0.20388368,
        0.1180208,
        0.038805306,
        -0.077001385,
        -0.11864341,
        0.04640253,
        0.14876448,
        0.13956317,
        -0.1693474,
        0.06558055,
        -0.099448904,
        -0.38014323,
        -0.5307747,
        -0.61626995,
        -0.7505281,
        -0.9479102,
        -1.0958304,
        -1.15389,
        -1.3386741,
        -1.6931794,
        -1.2499368,
        -0.74810356,
        -0.5396054,
        -0.40057832,
        -0.17697798,
        0.109495014,
        0.3694477,
        0.593724,
        0.7179024,
        0.7947402,
        0.79329395,
        0.7904644,
        0.78347826,
        0.7956369,
        0.79324174,
        0.7787654,
        0.7355629,
        0.67819893,
        0.6164192,
        0.52896583,
        0.39687744,
        0.28944778,
        0.21145785,
        0.13433543,
        0.079809606,
        0.04073471,
        -0.024082452,
        -0.103259385,
        -0.1372594,
        -0.16905078,
        -0.17472595,
        -0.17583784,
        -0.12705192,
        -0.105116874,
        -0.007132292,
        0.035499543,
        0.10928753,
        0.123536825,
        0.13601846,
        0.12051234,
        0.060317665,
        -0.0016481578,
        -0.09652814,
        -0.21025375,
        -0.3215705,
        -0.39246497,
        -0.45890236,
        -0.48258668,
        -0.48723412,
        -0.45129767,
        -0.41806602,
        -0.3756513,
        -0.3001298,
        -0.28224018,
        -0.24287644,
        -0.19157782,
        -0.15675315,
        -0.11444786,
        -0.050391614,
        0.02106464,
        0.06878424,
        0.11666465,
        0.13576382,
        0.13303113,
        0.09375906,
        0.048703432,
        0.009665191,
        -0.035171747,
        -0.04750085,
        -0.077521384,
        -0.11278579,
        -0.10003042,
        -0.115231484,
        -0.107828826,
        -0.118202984,
        -0.09128475,
        -0.08914709,
        -0.08818799,
        -0.09595603,
        -0.10791969,
        -0.09809667,
        -0.08103174,
        -0.04995209,
        -0.02197975,
        -0.021336317,
        -0.03142017,
        -0.04742211,
        -0.04751259,
        -0.055348814,
        -0.10413599,
        -0.12680411,
        -0.15184313,
        -0.12898272,
        -0.0748505,
        0.0010908842,
        0.046519935,
        0.09504229
    ],
    "y": [
        0.12555361,
        -0.05447054,
        -0.23494959,
        -0.35549235,
        -0.41818953,
        -0.4094844,
        -0.39988327,
        -0.43816876,
        -0.54395604,
        -0.7269728,
        -1.0250924,
        -1.310718,
        -1.6039972,
        -1.8337734,
        -2.0076175,
        -2.0971074,
        -2.0837114,
        -2.02791,
        -1.9067321,
        -1.7978427,
        -1.6355176,
        -1.5407033,
        -1.4768391,
        -1.3692555,
        -1.2391586,
        -1.126812,
        -1.0485258,
        -0.97050905,
        -0.96428347,
        -1.0632992,
        -1.0336075,
        -0.84219027,
        -0.6444726,
        -0.5545931,
        -0.49535465,
        -0.45206976,
        -0.39599752,
        -0.2914052,
        -0.26496458,
        -0.24452782,
        -0.14116096,
        -0.11906576,
        -0.22206306,
        -0.35971117,
        -0.566946,
        -0.67016983,
        -0.6735444,
        -0.5769782,
        -0.47154522,
        -0.38376093,
        -0.35756922,
        -0.13186026,
        -0.1908741,
        -0.4018488,
        -0.5993233,
        -0.87636805,
        -1.1036549,
        -1.3119707,
        -1.4572725,
        -1.5261359,
        -1.5167747,
        -1.4106045,
        -1.2418294,
        -1.0566132,
        -0.87460756,
        -0.78487206,
        -0.76613045,
        -0.7516651,
        -0.7820177,
        -0.7683809,
        -0.7173734,
        -0.6759944,
        -0.62634635,
        -0.5670941,
        -0.5256958,
        -0.41713572,
        -0.31938124,
        -0.22921085,
        -0.1531806,
        -0.067082405,
        0.017089844,
        0.11602259,
        0.15542603,
        0.120824814,
        0.08126545,
        0.04355049,
        -0.026194572,
        -0.082724094,
        -0.10714865,
        -0.1258173,
        -0.0788126,
        -0.016218662,
        0.031204224,
        0.06613588,
        0.103161335,
        0.13761759,
        0.17650175,
        0.20056438,
        0.16915703,
        0.15154457,
        0.11410236,
        0.10940266,
        0.07533169,
        0.05739498,
        0.07966089,
        0.08499384,
        0.11686325,
        0.13968134,
        0.15372133,
        0.16386938,
        0.16991854,
        0.14771748,
        0.13048124,
        0.07964611,
        0.02126789,
        0.000685215,
        -0.049327374,
        -0.07375145,
        -0.09653711,
        -0.10078478,
        -0.14363813,
        -0.12438059,
        -0.12417841,
        -0.11896229,
        -0.09181738,
        -0.06668186,
        -0.046082973,
        -0.05163765,
        -0.052309513,
        -0.08875704,
        -0.10346508,
        -0.12520838,
        -0.09890413,
        -0.101184845,
        -0.07954502,
        -0.0581398,
        -0.07055712,
        -0.0640769,
        -0.093430996,
        -0.0793705,
        -0.06467676,
        -0.025257587,
        0.010228634,
        0.012997627,
        0.004565716,
        -0.017545223,
        -0.08937645,
        -0.1106329,
        -0.15573311
    ],