{
    "class": "zpos",
    "duration_ms": 700,
    "x": [
        -0.06553119,
        -0.010746352,
        0.030133374,
        0.09072378,
        0.12831879,
        0.11227904,
        0.14967056,
        0.12805302,
        0.1138567,
        0.13267727,
        0.11989185,
        0.12790897,
        0.14700401,
        0.12251067,
        0.13319083,
        0.11233817,
        0.09346857,
        0.08855818,
        0.069160454,
        0.040400535,
        0.038208827,
        0.03376749,
        0.048628356,
        0.06830066,
        0.073746115,
        0.05319179,
        0.063610844,
        0.071422085,
        0.057541605,
        0.03159837,
        0.017556407,
        0.03413903,
        0.03359713,
        0.044637375,
        0.057597063,
        0.04618996,
        0.07228268,
        0.08778112,
        0.18481065,
        0.29766002,
        0.42052206,
        0.5596117,
        0.72100264,
        0.8519691,
        0.8244661,
        0.75685805,
        0.74171275,
        0.5798714,
        0.3630469,
        0.110422075,
        -0.12378681,
        -0.39591554,
        -0.66123927,
        -0.8710664,
        -1.0479536,
        -1.2408268,
        -1.3694345,
        -1.454828,
        -1.5371382,
        -1.5345783,
        -1.4681714,
        -1.356334,
        -1.2099475,
        -1.0085211,
        -0.8029141,
        -0.5382874,
        -0.2840038,
        -0.06375091,
        0.15621689,
        0.32392448,
        0.54822445,
        0.7115427,
        0.7729079,
        0.8055959,
        0.8107851,
        0.7027954,
        0.582055,
        0.45742965,
        0.37370497,
        0.29668283,
        0.24699534,
        0.24278519,
        0.27592552,
        0.32679212,
        0.42860466,
        0.5981773,
        0.81422645,
        0.9936841,
        1.1587856,
        1.2648889,
        1.3127363,
        1.2719606,
        1.0906402,
        0.9463164,
        0.8528141,
        0.72580314,
        0.57847947,
        0.45272437,
        0.3814528,
        0.3055714,
        0.23508301,
        0.18886736,
        0.15889136,
        0.093915574,
        0.017103076,
        -0.07244326,
        -0.09940672,
        -0.15339267,
        -0.12016636,
        -0.09270935,
        -0.017382935,
        0.052185513,
        0.15584242,
        0.20456047,
        0.2432901,
        0.25904036,
        0.2431088,
        0.22712812,
        0.18479347,
        0.08909978,
        0.0014272854,
        -0.0960494,
        -0.18275896,
        -0.27404612,
        -0.36115375,
        -0.42554656,
        -0.5011013,
        -0.5257608,
        -0.5402937,
        -0.5520104,
        -0.58946836,
        -0.5947352,
        -0.6487205,
        -0.6411367,
        -0.61960226,
        -0.6102321,
        -0.58919054,
        -0.56842506,
        -0.574346,
        -0.55432034,
        -0.52500165,
        -0.4719764,
        -0.4262978,
        -0.3424821,
        -0.27563754,
        -0.21629335,
        -0.18592745,
        -0.16772152
    ],
    "y": [
        -0.09714913,
        -0.10289216,
        -0.115148306,
        -0.08870196,
        -0.05481863,
        -0.030232668,
        0.018318653,
        0.05947852,
        0.06692791,
        0.08104181,
        0.10144615,
        0.082873106,
        0.02783537,
        0.005460024,
        -0.0153644085,
        -0.034518003,
        -0.04465437,
        -0.014799356,
        -0.023232937,
        0.0066559315,
        0.01316762,
        0.072708845,
        0.11374664,
        0.1199491,
        0.10353017,
        0.09076738,
        0.08397794,
        0.08535361,
        0.0684433,
        0.057034492,
        0.046147108,
        0.042740107,
        0.015780449,
        0.019937754,
        0.016912699,
        0.028052092,
        0.06983113,
        0.08258653,
        0.0428195,
        -0.015795946,
        -0.052768707,
        -0.13510776,
        -0.23248768,
        -0.28182125,
        -0.32776594,
        -0.3227725,
        -0.34512758,
        -0.5005586,
        -0.7582586,
        -1.0281279,
        -1.2999711,
        -1.4842811,
        -1.5249221,
        -1.5258923,
        -1.4645674,
        -1.3160267,
        -1.1390176,
        -0.963464,
        -0.75973177,
        -0.57517076,
        -0.4644785,
        -0.43932343,
        -0.4348178,
        -0.4770851,
        -0.49410295,
        -0.485641,
        -0.44669104,
        -0.3651042,
        -0.2787676,
        -0.16570854,
        -0.13536453,
        -0.06750488,
        -0.033183575,
        0.0020241737,
        0.045965195,
        0.116063595,
        0.1912942,
        0.23626518,
        0.3302431,
        0.4135089,
        0.5004363,
        0.5359359,
        0.5295391,
        0.5743046,
        0.54311275,
        0.51709175,
        0.44562197,
        0.4408946,
        0.3948865,
        0.36486673,
        0.31727743,
        0.32152224,
        0.3366413,
        0.35951948,
        0.36521196,
        0.28302145,
        0.2045393,
        0.05842352,
        -0.102348804,
        -0.23941469,
        -0.36651087,
        -0.50842714,
        -0.61976933,
        -0.67666006,
        -0.68125296,
        -0.6475644,
        -0.61567116,
        -0.5922165,
        -0.6195576,
        -0.6180892,
        -0.64711285,
        -0.6056483,
        -0.6223521,
        -0.5865803,
        -0.58375955,
        -0.55582213,
        -0.5406022,
        -0.50420475,
        -0.44176245,
        -0.39634395,
        -0.36808515,
        -0.3332932,
        -0.29938912,
        -0.23074841,
        -0.1778431,
        -0.1288886,
        -0.06505132,
        -0.01751542,
        0.008875608,
        0.043056965,
        0.039880276,
        0.078620195,
        0.123702765,
        0.14666629,
        0.15256166,
        0.108151436,
        0.09758663,
        0.0780015,
        0.0855937,
        0.09421301,
        0.1255107,
        0.14138508,
        0.120361805,
        0.074471,
        0.018117428,
        0.00399971,
        -0.023036957,
        -0.024769783
    ],