{
    "class": "zpos",
    "duration_ms": 700,
    "x": [
        -0.004923179,
        0.042605072,
        0.06816605,
        0.13395356,
        0.19502401,
        0.2208868,
        0.23326632,
        0.23449466,
        0.2221621,
        0.20544194,
        0.19131316,
        0.18661954,
        0.16262543,
        0.15026487,
        0.11621559,
        0.11064401,
        0.114371315,
        0.08956605,
        0.06757487,
        0.06735596,
        0.043787044,
        0.051526234,
        0.08778475,
        0.08587405,
        0.1482791,
        0.17976627,
        0.2352751,
        0.31231713,
        0.36565113,
        0.39792353,
        0.47583416,
        0.53027993,
        0.53928113,
        0.5023645,
        0.397272,
        0.27793306,
        0.21985194,
        0.25371212,
        0.27291837,
        0.20738697,
        0.05861911,
        -0.055883124,
        -0.18300352,
        -0.42377102,
        -0.6544015,
        -0.86720526,
        -0.9814062,
        -1.0345746,
        -1.0880365,
        -1.1140895,
        -1.0775081,
        -0.9744629,
        -0.842332,
        -0.72044486,
        -0.5352126,
        -0.37223595,
        -0.17593,
        0.11887713,
        0.36657795,
        0.6275537,
        0.9017651,
        1.1131917,
        1.1672614,
        1.1433405,
        1.1155726,
        1.0383124,
        0.9402615,
        0.8118185,
        0.6698764,
        0.5433787,
        0.45141834,
        0.40804282,
        0.36972782,
        0.31026483,
        0.13489291,
        0.22319534,
        0.16808286,
        -0.019552648,
        -0.16929956,
        -0.33874893,
        -0.39207098,
        -0.35102543,
        -0.3395724,
        -0.26679698,
        -0.1856342,
        -0.038792368,
        0.118612215,
        0.29378355,
        0.4435695,
        0.5700106,
        0.6790733,
        0.76765865,
        0.8113104,
        0.7879255,
        0.76877725,
        0.73631936,
        0.7362416,
        0.67144185,
        0.6002716,
        0.527774,
        0.44659218,
        0.31592846,
        0.16206789,
        0.016194671,
        -0.11217673,
        -0.21103868,
        -0.27783635,
        -0.30018318,
        -0.32066935,
        -0.32645735,
        -0.36231795,
        -0.36538914,
        -0.39986402,
        -0.39822605,
        -0.3986529,
        -0.42984018,
        -0.44195303,
        -0.44995716,
        -0.4546013,
        -0.45889413,
        -0.4680808,
        -0.4657513,
        -0.4688912,
        -0.45389947,
        -0.44019082,
        -0.41103405,
        -0.42585328,
        -0.44387665,
        -0.4505939,
        -0.4815482,
        -0.5077863,
        -0.5314542,
        -0.53815186,
        -0.49698058,
        -0.48684892,
        -0.44564694,
        -0.38520458,
        -0.3057027,
        -0.23346633,
        -0.18052003,
        -0.13008699,
        -0.0871791,
        -0.035049386,
        -0.012033589,
        0.041884925,
        0.08853657,
        0.16414326,
        0.23785484,
        0.2860077
    ],
    "y": [
        -0.04981041,
        -0.029330254,
        -0.025022984,
        -0.03425169,
        -0.07599783,
        -0.0646224,
        -0.045680046,
        -0.01231575,
        -0.012131691,
        -0.04007721,
        -0.06518078,
        -0.11843395,
        -0.09735823,
        -0.13565397,
        -0.11659527,
        -0.11430931,
        -0.10976648,
        -0.09124231,
        -0.018546581,
        -0.0013666153,
        0.06994486,
        0.10007286,
        0.12742376,
        0.16631794,
        0.17869759,
        0.20519352,
        0.23391962,
        0.21992874,
        0.23265457,
        0.26975822,
        0.2861061,
        0.32238483,
        0.37174082,
        0.42249775,
        0.52958393,
        0.6043296,
        0.6742096,
        0.61839676,
        0.42085314,
        0.1277461,
        -0.22961807,
        -0.61737394,
        -1.0840566,
        -1.518769,
        -1.8528304,
        -2.071675,
        -2.152981,
        -2.1167152,
        -2.085678,
        -2.0480437,
        -2.0036657,
        -1.9379778,
        -1.9031496,
        -1.8227215,
        -1.7043345,
        -1.5062828,
        -1.3115382,
        -1.1266909,
        -0.9821758,
        -0.9157896,
        -0.93648815,
        -0.94576263,
        -0.85753345,
        -0.74341345,
        -0.63183403,
        -0.5249486,
        -0.39358377,
        -0.26394272,
        -0.12372923,
        -0.0328269,
        0.075865746,
        0.13521862,
        0.16224098,
        0.21434832,
        0.4231553,
        0.34622335,
        0.20910406,
        0.06476402,
        -0.012760162,
        0.19153404,
        0.11803341,
        0.053904057,
        -0.015572071,
        -0.06204033,
        -0.13390064,
        -0.16697264,
        -0.18564034,
        -0.24309492,
        -0.3327527,
        -0.44335842,
        -0.60429335,
        -0.79019356,
        -0.8779745,
        -0.9460244,
        -0.9748225,
        -0.9881654,
        -0.9813676,
        -0.95698404,
        -0.9313121,
        -0.8815017,
        -0.86527634,
        -0.877687,
        -0.8583102,
        -0.8613982,
        -0.8548169,
        -0.83266735,
        -0.815351,
        -0.8040695,
        -0.75467825,
        -0.7068176,
        -0.6450739,
        -0.5946803,
        -0.52347517,
        -0.45687723,
        -0.36771965,
        -0.2985425,
        -0.23456955,
        -0.1591587,
        -0.11304617,
        -0.09390354,
        -0.07554245,
        -0.02702856,
        -0.018065453,
        -0.0035996437,
        0.0016384125,
        0.01885271,
        -0.004749775,
        -0.002371788,
        0.023334026,
        0.048346996,
        0.06793356,
        0.07726765,
        0.10500288,
        0.13687181,
        0.16086102,
        0.16261148,
        0.14942646,
        0.13330698,
        0.097545624,
        0.111561775,
        0.12508202,
        0.107201576,
        0.11776209,
        0.094863415,
        0.07685661,
        0.071135044,
        0.058555126,
        0.046248913,
        0.048738003
    ],