{
    "class": "zpos",
    "duration_ms": 700,
    "x": [
        -0.04145364,
        -0.093989596,
        -0.1562087,
        -0.24261464,
        -0.38009351,
        -0.50993645,
        -0.6698559,
        -0.8386791,
        -0.98099566,
        -1.0469338,
        -0.9891485,
        -0.76744497,
        -0.513499,
        -0.19669387,
        0.103096694,
        0.4402845,
        0.7114173,
        0.8867558,
        0.9646853,
        1.0200758,
        1.013674,
        0.9544085,
        0.93956745,
        0.7398042,
        0.47061107,
        0.2662496,
        0.14385796,
        0.02753079,
        -0.09597921,
        -0.15615761,
        -0.14740509,
        -0.14311665,
        -0.12348735,
        -0.11670476,
        -0.082184434,
        0.013208628,
        0.070827484,
        0.17157674,
        0.2766905,
        0.34041008,
        0.40529716,
        0.4610208,
        0.5422371,
        0.283564,
        0.4878255,
        0.81338656,
        0.8954271,
        0.87380934,
        0.99355656,
        1.1336124,
        1.230192,
        1.2548107,
        1.208587,
        1.0878975,
        0.95274353,
        0.821604,
        0.65807915,
        0.5049546,
        0.35763758,
        0.25459048,
        0.17694123,
        0.11560011,
        0.066173755,
        0.017238878,
        -0.04992064,
        -0.0633301,
        -0.09725021,
        -0.13260195,
        -0.1265704,
        -0.13972244,
        -0.1106791,
        -0.1599873,
        -0.20240735,
        -0.2555959,
        -0.30595315,
        -0.35649967,
        -0.35233095,
        -0.34849828,
        -0.32576424,
        -0.3057976,
        -0.30050132,
        -0.3094656,
        -0.3177234,
        -0.34630424,
        -0.38508105,
        -0.39755958,
        -0.37818655,
        -0.3238267,
        -0.25796148,
        -0.1778,
        -0.10452445,
        -0.059528932,
        -0.016817566,
        0.003775373,
        -0.008028291,
        -0.060109824,
        -0.095846266,
        -0.10158607,
        -0.11362653,
        -0.08194674,
        -0.028168824,
        0.059639554,
        0.15046918,
        0.22068834,
        0.27544996,
        0.298416,
        0.2801475,
        0.27321905,
        0.21560039,
        0.20554191,
        0.15944833,
        0.13464807,
        0.12151088,
        0.09382321,
        0.08780576,
        0.084575,
        0.10103443,
        0.099329144,
        0.13206214,
        0.11078563,
        0.10703069,
        0.10640353,
        0.09915596,
        0.07350838,
        0.11540815,
        0.10494372,
        0.14739972,
        0.16632116,
        0.15715918,
        0.11495933,
        0.058697462,
        0.007340431,
        -0.0152812,
        -0.09527969,
        -0.14649999,
        -0.21914889,
        -0.24143726,
        -0.2562586,
        -0.28974295,
        -0.2986969,
        -0.2902329,
        -0.26912963,
        -0.20194189,
        -0.1366831,
        -0.09721315,
        -0.071558416,
        -0.05511394,
        -0.024257481,
        -0.007920384,
        -0.003747642
    ],
    "y": [
        -0.79877234,
        -1.1568406,
        -1.5589609,
        -2.02108,
        -2.357299,
        -2.5413845,
        -2.5851688,
        -2.4333973,
        -2.1627405,
        -1.8571024,
        -1.574158,
        -1.3358054,
        -1.1978388,
        -1.1996303,
        -1.2684174,
        -1.3079505,
        -1.267662,
        -1.1665401,
        -1.0162182,
        -0.81147766,
        -0.61413527,
        -0.4240651,
        -0.3009658,
        -0.11081362,
        0.12717438,
        0.31031847,
        0.41736317,
        0.4532652,
        0.41338062,
        0.34544182,
        0.29720545,
        0.20413923,
        0.16418552,
        0.124613285,
        0.09498882,
        0.044314384,
        -0.017793655,
        -0.057837486,
        -0.10706186,
        -0.1082592,
        -0.13098812,
        -0.11563444,
        -0.13005638,
        -0.054154873,
        -0.13066816,
        -0.26237726,
        -0.35247374,
        -0.45967674,
        -0.5681944,
        -0.6908121,
        -0.7588687,
        -0.80643654,
        -0.78878784,
        -0.75714207,
        -0.71924925,
        -0.663362,
        -0.61113167,
        -0.55769634,
        -0.55066967,
        -0.5705905,
        -0.6000819,
        -0.64319324,
        -0.6393218,
        -0.59941673,
        -0.53220844,
        -0.4585123,
        -0.38979483,
        -0.33536625,
        -0.3212824,
        -0.31396484,
        -0.28239202,
        -0.23615313,
        -0.19695854,
        -0.12925816,
        -0.026368141,
        0.010809422,
        0.02735424,
        0.044505596,
        -6.723404e-05,
        -0.0156059265,
        -0.021159172,
        -0.013999939,
        0.003988266,
        0.026120186,
        0.09590769,
        0.12761593,
        0.18608046,
        0.2047739,
        0.22470188,
        0.21488333,
        0.18243265,
        0.13915873,
        0.101691246,
        0.09622717,
        0.06750727,
        0.072719574,
        0.080433846,
        0.11201525,
        0.10488224,
        0.15937996,
        0.18438864,
        0.18940496,
        0.18645525,
        0.18289852,
        0.14545822,
        0.12220287,
        0.08935404,
        0.102050304,
        0.08122206,
        0.060308933,
        0.079805374,
        0.07959747,
        0.08102465,
        0.052847862,
        0.033230305,
        -0.008972645,
        -0.047248363,
        -0.10546255,
        -0.14514732,
        -0.15894508,
        -0.1563263,
        -0.14664268,
        -0.14882183,
        -0.13641882,
        -0.106861115,
        -0.06464386,
        -0.024218082,
        0.0048184395,
        0.0007996559,
        0.011435509,
        0.00061130524,
        -0.008060932,
        -0.045887947,
        -0.057982445,
        -0.116176605,
        -0.1341958,
        -0.16702557,
        -0.1571002,
        -0.15216732,
        -0.11144066,
        -0.10422802,
        -0.08256626,
        -0.08936405,
        -0.0837698,
        -0.091983795,
        -0.090157986,
        -0.06156683,
        -0.03738737,
        -0.06556463,
        -0.040828705
    ],