{
    "class": "zpos",
    "duration_ms": 700,
    "x": [
        -0.05325909,
        -0.0421004,
        -0.024010032,
        0.008511454,
        -0.0038823187,
        0.057921708,
        0.05545956,
        0.07479975,
        0.05623895,
        0.06394169,
        0.054627657,
        0.07095906,
        0.08154392,
        0.11955327,
        0.14428344,
        0.15592232,
        0.16896465,
        0.20746696,
        0.27854282,
        0.26352435,
        0.19676155,
        0.09521383,
        -0.11695385,
        -0.36057663,
        -0.63904864,
        -0.9881413,
        -1.260978,
        -1.4547766,
        -1.5575442,
        -1.5289822,
        -1.4391685,
        -1.2366412,
        -0.98979044,
        -0.6953024,
        -0.37283552,
        -0.06787765,
        0.2455331,
        0.5171385,
        0.79521495,
        1.0516142,
        1.2244319,
        1.5148675,
        1.7198759,
        1.7347262,
        1.6483808,
        1.5325193,
        1.3531481,
        1.1554997,
        0.9561641,
        0.77169067,
        0.6160001,
        0.4884811,
        0.3669185,
        0.3344154,
        0.39043266,
        0.47502744,
        0.61910635,
        0.714713,
        0.5486267,
        0.67079234,
        0.7181876,
        0.66594493,
        0.56555724,
        0.45097452,
        0.35341933,
        0.23655283,
        0.11690089,
        -0.42395753,
        -0.64824903,
        -0.3967089,
        -0.34189898,
        -0.5269233,
        -0.661232,
        -0.68358946,
        -0.66272306,
        -0.56779724,
        -0.39181575,
        -0.21592191,
        -0.027919412,
        0.12156314,
        0.29114753,
        0.3698858,
        0.41250625,
        0.40244418,
        0.3713599,
        0.3174699,
        0.2750315,
        0.21854043,
        0.15591803,
        0.09230298,
        0.022971675,
        -0.07381652,
        -0.16456509,
        -0.23243265,
        -0.23930813,
        -0.20198983,
        -0.10861768,
        -0.0092408955,
        0.13447723,
        0.2506988,
        0.3371254,
        0.39119115,
        0.44576567,
        0.48577973,
        0.49168882,
        0.48000357,
        0.43618423,
        0.42735487,
        0.40357596,
        0.37964937,
        0.34884346,
        0.3115042,
        0.2729859,
        0.21470243,
        0.17500417,
        0.122699276,
        0.07903372,
        0.024366818,
        -0.03248383,
        -0.10185547,
        -0.13633344,
        -0.15056254,
        -0.13502543,
        -0.07291323,
        -0.0073671564,
        0.05938538,
        0.12046191,
        0.17380352,
        0.22672246,
        0.24814557,
        0.2524802,
        0.19424622,
        0.16436306,
        0.14379193,
        0.11837127,
        0.085723035,
        0.021864843,
        -0.039568767,
        -0.08887513,
        -0.09956729,
        -0.116940916,
        -0.08371604,
        -0.031274255,
        -0.043681115,
        -0.042182498,
        -0.026666403,
        0.0077671334,
        0.02299945,
        0.031129166
    ],
    "y": [
        0.06360412,
        0.09119964,
        0.09773779,
        0.10214162,
        0.07091904,
        0.05160141,
        0.07225633,
        0.063482285,
        0.08703256,
        0.10931802,
        0.14459658,
        0.17616558,
        0.187706,
        0.16071439,
        0.16012573,
        0.16475368,
        0.16051745,
        0.18280244,
        0.19261885,
        0.08971095,
        -0.0024626255,
        -0.10875201,
        -0.20723271,
        -0.28399944,
        -0.5032034,
        -0.826787,
        -1.209966,
        -1.6185226,
        -2.043793,
        -2.4545603,
        -2.737494,
        -2.9052258,
        -2.9264402,
        -2.7985916,
        -2.547449,
        -2.2035925,
        -1.8001761,
        -1.4235303,
        -1.0885811,
        -0.84627056,
        -0.7329807,
        -0.6302295,
        -0.6444926,
        -0.5839062,
        -0.46269417,
        -0.33079576,
        -0.17855978,
        0.0131697655,
        0.15586376,
        0.29474497,
        0.37466717,
        0.41481733,
        0.46990442,
        0.5447898,
        0.6513071,
        0.71736383,
        0.74519587,
        0.746613,
        0.92950535,
        0.6864872,
        0.36250877,
        0.09637642,
        -0.10475302,
        -0.20982647,
        -0.27148294,
        -0.27773428,
        -0.28158617,
        -0.25843716,
        -0.1315279,
        -0.12959146,
        -0.108457565,
        -0.29047108,
        -0.46067095,
        -0.6765485,
        -0.92549133,
        -1.1489949,
        -1.2690957,
        -1.413228,
        -1.5120411,
        -1.5746574,
        -1.5668056,
        -1.5189521,
        -1.3681979,
        -1.2142487,
        -1.0779114,
        -0.99682856,
        -0.9656062,
        -0.9957764,
        -0.97937346,
        -0.96156406,
        -0.9085431,
        -0.79371095,
        -0.6791327,
        -0.53832054,
        -0.3974228,
        -0.28494072,
        -0.21474981,
        -0.17241764,
        -0.15271378,
        -0.112323046,
        -0.058330774,
        0.0022370815,
        0.047989607,
        0.08359265,
        0.10900545,
        0.14116693,
        0.13933563,
        0.12735152,
        0.13391805,
        0.1352613,
        0.1578784,
        0.14938068,
        0.16020918,
        0.12349701,
        0.09212518,
        0.08290696,
        0.05761218,
        0.05696392,
        0.0595994,
        0.072850466,
        0.14215994,
        0.18855095,
        0.21438861,
        0.21972513,
        0.19730616,
        0.108692646,
        0.080453396,
        0.023717403,
        -0.033084393,
        -0.05438423,
        -0.052427292,
        -0.07052803,
        -0.04893899,
        -0.023712635,
        0.021883488,
        0.025844336,
        0.045881033,
        0.03447652,
        0.04215598,
        0.04050207,
        0.027489662,
        0.024926424,
        0.028179407,
        0.0156672,
        0.008846521,
        0.019312382,
        0.008379459,
        0.0021867752,
        -0.0017461777
    ],