{
    "class": "zpos",
    "duration_ms": 700,
    "x": [
        -0.55688095,
        -0.42189085,
        -0.3443529,
        -0.3001089,
        -0.27433673,
        -0.30058038,
        -0.3171159,
        -0.3033824,
        -0.29190052,
        -0.30391046,
        -0.3229602,
        -0.34206188,
        -0.34713805,
        -0.36037412,
        -0.35664546,
        -0.35161453,
        -0.34421104,
        -0.30218017,
        -0.2339134,
        -0.16660517,
        -0.07701343,
        0.034189105,
        0.15954974,
        0.26785395,
        0.36166656,
        0.4364575,
        0.48056388,
        0.4848596,
        0.52624047,
        0.58581734,
        0.5809511,
        0.569982,
        0.57966,
        0.5581019,
        0.5322331,
        0.5381316,
        0.5806538,
        0.44998732,
        0.30673814,
        0.60057974,
        0.7974885,
        0.9207137,
        0.85133636,
        0.6479169,
        0.77594316,
        1.005634,
        1.1917083,
        1.3357967,
        1.4666488,
        1.551022,
        1.4961612,
        1.5299524,
        1.5496453,
        1.5721006,
        1.6167619,
        1.6273699,
        1.6589694,
        1.7585762,
        1.8586526,
        1.9083936,
        1.9337118,
        1.91544,
        1.8992126,
        1.9092808,
        1.9197124,
        1.9381001,
        1.9747555,
        1.9587336,
        1.8740336,
        1.7376308,
        1.5900142,
        1.3803957,
        1.1252419,
        0.8052367,
        0.47055218,
        0.1403695,
        -0.1802333,
        -0.4482292,
        -0.67334676,
        -0.8583574,
        -0.9554491,
        -1.0720363,
        -1.1383321,
        -1.1946626,
        -1.2546657,
        -1.2890046,
        -1.3022468,
        -1.291935,
        -1.2989761,
        -1.2017585,
        -1.0915893,
        -1.0091023,
        -0.89456856,
        -0.800884,
        -0.71422297,
        -0.6374521,
        -0.5899514,
        -0.54062915,
        -0.5180129,
        -0.4765463,
        -0.48311907,
        -0.45378527,
        -0.42190385,
        -0.427916,
        -0.41421914,
        -0.4094195,
        -0.39195913,
        -0.3642266,
        -0.36923558,
        -0.3425983,
        -0.3347177,
        -0.29074642,
        -0.28969315,
        -0.2668944,
        -0.2321766,
        -0.22882399,
        -0.17804468,
        -0.15174386,
        -0.106841266,
        -0.069580734,
        -0.054148287,
        -0.046089947,
        -0.028753817,
        0.009637803,
        0.023816139,
        0.052348554,
        0.021181375,
        0.0020953417,
        -0.03392777,
        -0.077429295,
        -0.13799605,
        -0.19165218,
        -0.2383276,
        -0.2563886,
        -0.28660327,
        -0.30505404,
        -0.29746994,
        -0.28297073,
        -0.26623687,
        -0.220864,
        -0.122805655,
        -0.084279984,
        0.0050525665,
        0.02812478,
        0.06636685,
        0.0934767,
        0.08801444,
        0.06424186,
        0.045997918
    ],
    "y": [
        -0.48267007,
        -0.83301604,
        -1.1546162,
        -1.3875787,
        -1.5766312,
        -1.7273924,
        -1.8186289,
        -1.8720558,
        -1.9139056,
        -1.9060893,
        -1.8255136,
        -1.7812428,
        -1.7461953,
        -1.7603629,
        -1.8015809,
        -1.8499038,
        -1.8926778,
        -1.9674923,
        -1.9993699,
        -2.0089684,
        -1.9669626,
        -1.920609,
        -1.8813069,
        -1.8174558,
        -1.7405367,
        -1.6334171,
        -1.5364451,
        -1.4396558,
        -1.3067489,
        -1.1997728,
        -1.0706758,
        -0.9147358,
        -0.7963991,
        -0.6915641,
        -0.6287098,
        -0.5764737,
        -0.5658245,
        -0.45318317,
        -0.26993942,
        -0.26223278,
        -0.28100777,
        -0.1781125,
        0.06399107,
        0.50153303,
        0.4792285,
        0.36383533,
        0.16544247,
        -0.022404194,
        -0.17816067,
        -0.27618027,
        -0.12585497,
        -0.017115593,
        0.104697704,
        0.1795888,
        0.21949196,
        0.085896015,
        -0.06342411,
        -0.17875814,
        -0.31296158,
        -0.40901947,
        -0.434175,
        -0.451375,
        -0.5261779,
        -0.59003663,
        -0.70842886,
        -0.796067,
        -0.9638519,
        -1.1261764,
        -1.2789683,
        -1.3676515,
        -1.4117763,
        -1.3519965,
        -1.2703241,
        -1.2175026,
        -1.1131015,
        -1.0395708,
        -0.9812436,
        -0.9582031,
        -0.9926779,
        -1.0205065,
        -1.0942725,
        -1.1394377,
        -1.1625319,
        -1.1079417,
        -1.0156748,
        -0.8920046,
        -0.7957343,
        -0.6948346,
        -0.5861707,
        -0.52425253,
        -0.48472428,
        -0.50078654,
        -0.50283647,
        -0.51697946,
        -0.54765844,
        -0.5514028,
        -0.54714036,
        -0.48190475,
        -0.4080894,
        -0.37073946,
        -0.28820157,
        -0.23201132,
        -0.18992281,
        -0.12343407,
        -0.10175228,
        -0.050641775,
        -0.027530432,
        -0.0038409233,
        -0.0012681484,
        -0.01992917,
        -0.03130126,
        -0.07382393,
        -0.09740925,
        -0.12370324,
        -0.14086604,
        -0.16802764,
        -0.17870378,
        -0.1871767,
        -0.17414594,
        -0.1728549,
        -0.15436625,
        -0.123256445,
        -0.09135723,
        -0.0706532,
        -0.04197669,
        -0.05790639,
        -0.06834602,
        -0.08055997,
        -0.06346655,
        -0.062731504,
        -0.044919014,
        -0.0029940605,
        0.03186798,
        0.028589964,
        0.011241436,
        -0.0056750774,
        -0.022109032,
        -0.061810732,
        -0.10072851,
        -0.12190771,
        -0.15392089,
        -0.15354729,
        -0.17095518,
        -0.17022204,
        -0.18242168,
        -0.13588095,
        -0.08807993,
        -0.008097172,
        0.04864502
    ],