{
    "class": "zpos",
    "duration_ms": 700,
    "x": [
        -0.106938876,
        -0.038855106,
        0.04134187,
        0.09844571,
        0.13320777,
        0.11282125,
        0.082968175,
        0.074805826,
        0.059764132,
        0.0451155,
        0.045156345,
        0.054908037,
        0.06491193,
        0.068118826,
        0.05518143,
        0.059524372,
        0.057252973,
        0.038721442,
        0.008498386,
        -0.019356653,
        -0.042711042,
        -0.09511148,
        -0.13842194,
        -0.16566268,
        -0.13875943,
        -0.07678562,
        0.027404115,
        0.19283165,
        0.3363893,
        0.43987447,
        0.5091761,
        0.5397241,
        0.43830803,
        0.3637079,
        0.30355388,
        0.24170753,
        0.24740542,
        0.30775443,
        0.41440284,
        0.4521677,
        0.56809455,
        0.76150686,
        0.9247958,
        1.0270458,
        1.0854695,
        1.0767667,
        1.0643463,
        0.9401994,
        0.78127027,
        0.50908625,
        0.25967133,
        -0.07869854,
        -0.4083398,
        -0.72774523,
        -0.9523199,
        -1.0983725,
        -1.1756283,
        -1.1940156,
        -0.86847854,
        -0.7755861,
        -0.6499169,
        -0.4465506,
        -0.29749548,
        -0.13590805,
        -0.028584555,
        0.046641648,
        0.05490358,
        0.061545014,
        0.029135257,
        -0.035117477,
        -0.3666615,
        -0.33695903,
        -0.3764735,
        -0.3786701,
        -0.36915162,
        -0.32580593,
        -0.35599148,
        -0.43492925,
        -0.57266885,
        -0.71433175,
        -0.82915413,
        -0.93445677,
        -1.0165287,
        -1.1594684,
        -1.6270503,
        -1.3775246,
        -0.77274144,
        -0.37955898,
        -0.1692887,
        0.09458053,
        0.33573934,
        0.62390465,
        0.7971802,
        0.8999073,
        0.94229436,
        0.9029764,
        0.79845405,
        0.7000842,
        0.5428699,
        0.36013216,
        0.18757209,
        0.116083324,
        0.038056374,
        0.015540361,
        -0.027965367,
        -0.0562526,
        -0.114272654,
        -0.14160919,
        -0.18057123,
        -0.21853685,
        -0.2692042,
        -0.29153484,
        -0.31425962,
        -0.32794636,
        -0.3422902,
        -0.37211552,
        -0.37017152,
        -0.33218777,
        -0.3134923,
        -0.27118087,
        -0.19095662,
        -0.12053877,
        -0.06449741,
        -0.022528082,
        0.02958113,
        0.04677072,
        0.022139996,
        0.008688003,
        -0.060505867,
        -0.087457955,
        -0.17532745,
        -0.23836201,
        -0.27689213,
        -0.3367917,
        -0.3753955,
        -0.42908898,
        -0.43371457,
        -0.42077956,
        -0.3738084,
        -0.31926864,
        -0.24040258,
        -0.15614554,
        -0.089922845,
        -0.026991576,
        0.014207244,
        0.029393747,
        0.038203493,
        0.052998662,
        0.055094182
    ],
    "y": [
        -0.032396317,
        -0.066123486,
        -0.096853495,
        -0.09609938,
        -0.054293156,
        0.026006222,
        0.0899744,
        0.17323112,
        0.22077656,
        0.21856165,
        0.19306374,
        0.14431906,
        0.072206974,
        0.036197186,
        0.03591156,
        0.02575922,
        0.015346527,
        0.026017189,
        0.05284834,
        0.06982732,
        0.09845662,
        0.0887301,
        0.10984635,
        0.11398649,
        0.08477759,
        0.058213472,
        0.0060195923,
        -0.045320988,
        -0.0791502,
        -0.06472874,
        -0.014362335,
        0.055473566,
        0.13073611,
        0.27514362,
        0.38048053,
        0.4340825,
        0.38310814,
        0.17785954,
        -0.05310464,
        -0.2654817,
        -0.4750769,
        -0.6624038,
        -0.819237,
        -1.1255112,
        -1.4998741,
        -1.8703732,
        -2.245944,
        -2.507659,
        -2.7481475,
        -2.950995,
        -3.0912251,
        -3.136074,
        -3.1149912,
        -3.010183,
        -2.8136985,
        -2.5182283,
        -2.1956139,
        -1.9636374,
        -1.9835119,
        -1.5322165,
        -1.0761886,
        -0.70115614,
        -0.4184661,
        -0.2633028,
        -0.18501902,
        -0.12384558,
        -0.061041355,
        0.029452324,
        0.085361004,
        0.15937567,
        0.35946846,
        0.45511818,
        0.4903965,
        0.44519663,
        0.33141422,
        0.21665478,
        0.12561321,
        -0.008044243,
        -0.03807926,
        -0.03642416,
        -0.03438711,
        -0.022406101,
        -0.019472599,
        -0.0043940544,
        0.119301796,
        0.20260668,
        0.07541132,
        -0.09580898,
        -0.3265915,
        -0.6086588,
        -0.9267478,
        -1.1866755,
        -1.3878851,
        -1.4776504,
        -1.5538132,
        -1.5176563,
        -1.420919,
        -1.2837081,
        -1.1090043,
        -0.96171594,
        -0.8205168,
        -0.7429249,
        -0.68790627,
        -0.70039773,
        -0.7413986,
        -0.73827887,
        -0.73114514,
        -0.700192,
        -0.6228442,
        -0.56483626,
        -0.50824594,
        -0.45893002,
        -0.391675,
        -0.3245964,
        -0.26180267,
        -0.18834448,
        -0.11562157,
        -0.055246353,
        0.012062073,
        0.098157406,
        0.13362837,
        0.14240837,
        0.1384759,
        0.107172966,
        0.11520195,
        0.08332491,
        0.104687214,
        0.0999279,
        0.13571072,
        0.15199327,
        0.16316366,
        0.18595695,
        0.2010951,
        0.18935299,
        0.20578098,
        0.20022678,
        0.24442911,
        0.23555946,
        0.2478404,
        0.23824215,
        0.20685053,
        0.20646048,
        0.14648676,
        0.099122524,
        0.1053381,
        0.115082264,
        0.15467739,
        0.17641735,
        0.20423508
    ],