{
    "class": "zpos",
    "duration_ms": 700,
    "x": [
        -0.061700396,
        -0.06308887,
        -0.06626708,
        -0.03186781,
        0.012630075,
        0.045749214,
        -0.010966979,
        -0.14408639,
        -0.31294078,
        -0.44713473,
        -0.5996535,
        -0.7678447,
        -0.8824624,
        -1.0020499,
        -1.0465038,
        -1.062298,
        -1.0627985,
        -1.0421504,
        -0.9943875,
        -0.9109464,
        -0.7914878,
        -0.70133746,
        -0.5966772,
        -0.5128466,
        -0.38966706,
        -0.24820596,
        -0.015939355,
        0.17893732,
        0.37861174,
        0.55857736,
        0.7212193,
        0.8501233,
        0.9625911,
        1.0517437,
        1.2571926,
        1.0910974,
        0.91857326,
        0.83765584,
        0.73820794,
        0.5172723,
        0.04506451,
        -0.08780953,
        -0.13758475,
        -0.13376987,
        -0.067691624,
        0.022008091,
        0.051595658,
        0.0787667,
        0.15848738,
        0.25938544,
        0.37199092,
        0.34778917,
        0.5570798,
        0.9707471,
        1.253859,
        1.3110626,
        1.2620187,
        1.221109,
        1.2475039,
        1.1859834,
        1.1421571,
        1.1064988,
        1.081655,
        1.0320386,
        0.931687,
        0.7664338,
        0.6078751,
        0.47482595,
        0.28580767,
        0.16020074,
        0.009094149,
        -0.13677469,
        -0.27049068,
        -0.32510173,
        -0.34804508,
        -0.33637908,
        -0.2912494,
        -0.24980837,
        -0.21099326,
        -0.20728195,
        -0.22119522,
        -0.22849025,
        -0.29620445,
        -0.34109148,
        -0.438253,
        -0.493062,
        -0.5355732,
        -0.56434655,
        -0.532569,
        -0.50542724,
        -0.46661365,
        -0.38754657,
        -0.35173458,
        -0.325311,
        -0.29790157,
        -0.2639379,
        -0.23220223,
        -0.22129306,
        -0.2285548,
        -0.24886464,
        -0.26565176,
        -0.3079544,
        -0.32355568,
        -0.35572553,
        -0.36889157,
        -0.36333996,
        -0.3390548,
        -0.29841167,
        -0.26519927,
        -0.22298706,
        -0.20534079,
        -0.16668183,
        -0.14281201,
        -0.10979074,
        -0.06033981,
        -0.022977024,
        0.0071859956,
        0.040127903,
        0.081033975,
        0.11076525,
        0.10555661,
        0.0703527,
        0.05539307,
        0.0028339028,
        -0.035024256,
        -0.08233306,
        -0.12248464,
        -0.19395426,
        -0.20154211,
        -0.23396742,
        -0.19992858,
        -0.19726692,
        -0.16114601,
        -0.11762443,
        -0.08344081,
        -0.070384085,
        -0.06432009,
        -0.075057596,
        -0.08829765,
        -0.13774946,
        -0.14220294,
        -0.15678664,
        -0.1932835,
        -0.21346179,
        -0.26986194,
        -0.29800597,
        -0.31960046,
        -0.34222212,
        -0.32319874
    ],
    "y": [
        0.12791348,
        0.15522718,
        0.15556669,
        0.1257801,
        0.040732384,
        0.0412488,
        -0.020843029,
        -0.16316748,
        -0.39053392,
        -0.6097803,
        -0.9449029,
        -1.3607609,
        -1.8069332,
        -2.2746682,
        -2.718332,
        -3.0560064,
        -3.2817574,
        -3.3848193,
        -3.3256772,
        -3.141742,
        -2.8948808,
        -2.5471945,
        -2.2171502,
        -1.9161334,
        -1.6369228,
        -1.389235,
        -1.1971493,
        -0.9844856,
        -0.79958963,
        -0.66441154,
        -0.5291743,
        -0.4561081,
        -0.4332223,
        -0.47705746,
        -0.6473694,
        -0.55407476,
        -0.3312149,
        -0.1027236,
        0.09346008,
        0.20749426,
        0.19690657,
        0.37538624,
        0.49160767,
        0.5001917,
        0.43005514,
        0.29336548,
        0.12602949,
        -0.031488895,
        -0.11973429,
        -0.14859438,
        -0.18548965,
        -0.09758139,
        -0.045993805,
        -0.11961508,
        -0.24014187,
        -0.39196968,
        -0.5213752,
        -0.6203227,
        -0.7193041,
        -0.75610113,
        -0.8025675,
        -0.8969245,
        -0.97395945,
        -1.1067052,
        -1.2072172,
        -1.2492347,
        -1.2131777,
        -1.0959587,
        -0.96357155,
        -0.8461325,
        -0.76881766,
        -0.69211245,
        -0.60059404,
        -0.5487261,
        -0.5501995,
        -0.61163807,
        -0.6869483,
        -0.7754128,
        -0.8403957,
        -0.8334284,
        -0.7850599,
        -0.632807,
        -0.47709274,
        -0.27259636,
        -0.11284447,
        -0.026891232,
        0.008921146,
        0.015700817,
        0.0049152374,
        -0.019062042,
        -0.034968376,
        -0.057617664,
        -0.053694725,
        -0.03764057,
        -0.014261246,
        0.03340769,
        0.034026146,
        0.035687447,
        0.06277895,
        0.060491562,
        0.074742794,
        0.09834337,
        0.16026783,
        0.19832754,
        0.22482538,
        0.2541771,
        0.25550365,
        0.20984268,
        0.19856977,
        0.19317675,
        0.19357634,
        0.23535919,
        0.26828575,
        0.28970718,
        0.31366396,
        0.30890942,
        0.29936314,
        0.23218584,
        0.15999842,
        0.099518776,
        0.06263685,
        0.042177677,
        0.062169075,
        0.058321,
        0.08109999,
        0.096973896,
        0.09888935,
        0.115879536,
        0.090623856,
        0.085217,
        0.11621332,
        0.10450268,
        0.10250282,
        0.09082699,
        0.09569979,
        0.08826876,
        0.11156273,
        0.11303806,
        0.123912334,
        0.11327362,
        0.088377,
        0.082956314,
        0.073290825,
        0.033269882,
        -0.0035076141,
        -0.036906242,
        -0.069470406,
        -0.10616636,
        -0.1281476
    ],