{
    "class": "zpos",
    "duration_ms": 700,
    "x": [
        0.37288547,
        0.2627664,
        0.12878099,
        -0.041214526,
        -0.14620785,
        -0.23339233,
        -0.32384968,
        -0.41463,
        -0.47418615,
        -0.5101855,
        -0.57451344,
        -0.66050625,
        -0.7288538,
        -0.76673126,
        -0.7636847,
        -0.7139404,
        -0.63339424,
        -0.48962405,
        -0.32142428,
        -0.100159325,
        0.114156865,
        0.32399434,
        0.44986776,
        0.54614425,
        0.59816015,
        0.64211476,
        0.6003999,
        0.3839478,
        0.18303248,
        0.043875545,
        -0.05709721,
        -0.14072299,
        -0.15000163,
        0.114515066,
        -0.13437721,
        -0.28422868,
        -0.46788472,
        -0.60134447,
        -0.6833404,
        -0.7168164,
        -0.673356,
        -0.5848335,
        -0.47386575,
        -0.28761923,
        -0.106672704,
        0.06497818,
        0.23981827,
        0.39915216,
        0.5553957,
        0.4326226,
        -0.05447811,
        1.202651,
        2.27165,
        2.5360389,
        2.364914,
        2.0858965,
        2.0467384,
        2.1280022,
        2.1249266,
        2.0075307,
        1.8180015,
        1.6704038,
        1.5356398,
        1.4189279,
        1.2823102,
        1.1232035,
        0.8222131,
        0.4969848,
        0.13745445,
        -0.19092232,
        -0.47346777,
        -0.67358637,
        -0.8156877,
        -0.92310977,
        -0.96962404,
        -0.93545806,
        -0.82215613,
        -0.7475047,
        -0.7002789,
        -0.70486456,
        -0.70871246,
        -0.7310349,
        -0.74364746,
        -0.752213,
        -0.7406249,
        -0.73086643,
        -0.7040901,
        -0.6629152,
        -0.6077534,
        -0.56508815,
        -0.52564293,
        -0.46546623,
        -0.40592733,
        -0.38007447,
        -0.3754686,
        -0.34393218,
        -0.36909288,
        -0.40536815,
        -0.4361426,
        -0.4329023,
        -0.4677436,
        -0.51920104,
        -0.5205519,
        -0.4863563,
        -0.4358667,
        -0.4050246,
        -0.34840035,
        -0.27078196,
        -0.19351766,
        -0.1355721,
        -0.06313905,
        -0.021388143,
        -0.0054937303,
        0.027502447,
        0.024830371,
        0.0318833,
        0.065126866,
        0.035725653,
        0.032105684,
        0.015825659,
        -0.0012609661,
        -0.040697247,
        -0.052136242,
        -0.07851139,
        -0.083753675,
        -0.105722904,
        -0.14205363,
        -0.18573546,
        -0.21548623,
        -0.22646472,
        -0.22603866,
        -0.23116249,
        -0.21052545,
        -0.22622833,
        -0.22300228,
        -0.20574479,
        -0.17937487,
        -0.13700694,
        -0.05705987,
        0.039063662,
        0.09670419,
        0.17604227,
        0.17927869,
        0.242835,
        0.23281842,
        0.24257238,
        0.23160768,
        0.21193434,
        0.14527158
    ],
    "y": [
        -0.1710155,
        -0.41028643,
        -0.6033242,
        -0.78886175,
        -0.9930806,
        -1.2940598,
        -1.618125,
        -1.94287,
        -2.1757078,
        -2.2520633,
        -2.252853,
        -2.1679134,
        -2.0970998,
        -2.0308018,
        -1.9456656,
        -1.8956177,
        -1.8462579,
        -1.8519101,
        -1.8614874,
        -1.8669374,
        -1.9316299,
        -1.8963416,
        -1.8173301,
        -1.770045,
        -1.7678726,
        -1.9152734,
        -1.8242755,
        -1.6959453,
        -1.5063057,
        -1.3702006,
        -1.251606,
        -1.3059716,
        -1.2341905,
        -1.2940607,
        -1.2110896,
        -0.6485348,
        0.03668785,
        0.59246206,
        0.9980445,
        1.2165494,
        1.2468967,
        1.0705714,
        0.7067156,
        0.32722807,
        -0.02256918,
        -0.27536774,
        -0.38981056,
        -0.3722763,
        -0.27461147,
        -0.12690306,
        0.3816738,
        0.19926643,
        -0.13100243,
        -0.3813877,
        -0.6167631,
        -0.83217645,
        -0.9096348,
        -0.9531405,
        -0.93692255,
        -0.8879185,
        -0.8522234,
        -0.8521395,
        -0.8600888,
        -0.8441138,
        -0.8723955,
        -0.93097854,
        -0.9100435,
        -0.7694626,
        -0.6052103,
        -0.42901802,
        -0.31456947,
        -0.29925942,
        -0.35329318,
        -0.4095626,
        -0.42084742,
        -0.46865106,
        -0.5449915,
        -0.64145315,
        -0.69677854,
        -0.6761904,
        -0.6313741,
        -0.5231962,
        -0.42737412,
        -0.29552555,
        -0.15137124,
        -0.08099723,
        -0.022523403,
        -0.016937971,
        -0.066942215,
        -0.108287334,
        -0.15087342,
        -0.17596126,
        -0.18134832,
        -0.16945338,
        -0.13534927,
        -0.14337039,
        -0.12629604,
        -0.12683702,
        -0.08238506,
        -0.052470922,
        -0.03685856,
        -0.025688171,
        0.009809971,
        -0.0044367313,
        -0.029912233,
        -0.06907272,
        -0.09804034,
        -0.12404847,
        -0.14242506,
        -0.13170314,
        -0.14929748,
        -0.13552666,
        -0.11669898,
        -0.10477495,
        -0.07830191,
        -0.07786441,
        -0.060444355,
        -0.06429267,
        -0.041417122,
        -0.018270254,
        0.00750947,
        0.0072214603,
        0.016788006,
        0.050511837,
        0.036631346,
        0.044659138,
        0.069951534,
        0.11723685,
        0.16248941,
        0.16745067,
        0.20134091,
        0.20657039,
        0.21420765,
        0.18613172,
        0.15828419,
        0.09724426,
        0.07239461,
        0.045542955,
        0.04530382,
        0.04517746,
        0.06907797,
        0.035735607,
        0.026521921,
        -0.0014388561,
        -0.012260914,
        -0.010776043,
        -0.015993357,
        -0.030297041,
        -0.013113022
    ],