{
    "class": "zpos",
    "duration_ms": 700,
    "x": [
        -0.14739564,
        -0.06830625,
        -0.02225615,
        0.034201972,
        0.07520191,
        0.07730858,
        0.09780948,
        0.107901365,
        0.1359943,
        0.13411084,
        0.12087025,
        0.1243532,
        0.12038861,
        0.115967825,
        0.10610509,
        0.10964511,
        0.10246005,
        0.09885518,
        0.07993786,
        0.060265604,
        0.07334928,
        0.03625258,
        0.03998246,
        0.022640448,
        0.012936249,
        -0.0035123006,
        -0.045637585,
        -0.061051056,
        -0.07127145,
        -0.028861836,
        0.0065061674,
        0.027683116,
        0.058517065,
        0.07029542,
        0.077303916,
        0.07696235,
        0.07395513,
        0.096983455,
        0.112639114,
        0.13540038,
        0.131985,
        0.13822313,
        0.11104634,
        0.07915881,
        0.00919687,
        -0.0036154166,
        -0.04777237,
        -0.054155163,
        -0.058599588,
        -0.058666423,
        -0.03290667,
        -0.024242915,
        -0.018075936,
        0.016627036,
        0.036994636,
        0.06935322,
        0.07101341,
        0.11339164,
        0.12492424,
        0.12475069,
        0.11772673,
        0.12273107,
        0.11815158,
        0.10392352,
        0.10852288,
        0.13890855,
        0.13542111,
        0.15261246,
        0.16161215,
        0.15760195,
        0.1382348,
        0.13462836,
        0.087443724,
        -0.0056986623,
        -0.12818456,
        -0.3367213,
        -0.4856575,
        -0.5894978,
        -0.68651474,
        -0.73620266,
        -0.71890694,
        -0.67200834,
        -0.57034343,
        -0.49663702,
        -0.45527634,
        -0.4364712,
        -0.44754237,
        -0.47171506,
        -0.48059022,
        -0.46737558,
        -0.4182096,
        -0.27136832,
        -0.08010883,
        0.13558605,
        0.39638034,
        0.732583,
        1.0027918,
        1.208852,
        1.3909905,
        1.5009652,
        1.5797076,
        1.5514178,
        1.481714,
        1.4383755,
        1.3550881,
        1.2183046,
        1.0551497,
        0.91877997,
        0.77582717,
        0.63099694,
        0.4192904,
        0.15222137,
        -0.16832718,
        -0.43036237,
        -0.62751746,
        -0.72261447,
        -0.78883004,
        -0.7627677,
        -0.6718625,
        -0.5667092,
        -0.46825406,
        -0.32761973,
        -0.20868132,
        -0.113104165,
        -0.100381926,
        -0.12023124,
        -0.14645366,
        -0.15546663,
        -0.13309601,
        -0.09591566,
        -0.02438666,
        0.13216202,
        0.2547509,
        0.36067665,
        0.42687014,
        0.451711,
        0.4477987,
        0.42532557,
        0.3797388,
        0.28236654,
        0.20478065,
        0.12497784,
        0.02820845,
        -0.073999,
        -0.13179696,
        -0.16477543,
        -0.19472417,
        -0.2075037,
        -0.23453152
    ],
    "y": [
        0.0771184,
        0.050427675,
        0.023196936,
        0.019093275,
        0.018769741,
        0.031583548,
        0.04059148,
        0.052787304,
        0.072438,
        0.07067132,
        0.040302515,
        0.03812003,
        0.037426233,
        0.045194626,
        0.0327034,
        0.057179928,
        0.02809596,
        0.0030109882,
        -0.022696972,
        -0.022773504,
        -0.014026165,
        -0.0012230873,
        -0.03889537,
        -0.026854992,
        0.008502722,
        0.010138512,
        0.028297424,
        0.041663647,
        0.03840518,
        0.037653923,
        0.048967123,
        0.022469282,
        0.0273273,
        0.039674044,
        0.05477929,
        0.06555176,
        0.06959891,
        0.043154478,
        0.045556545,
        0.038362503,
        0.021383524,
        0.011184931,
        0.019418478,
        0.04592967,
        0.064395905,
        0.08440709,
        0.09183884,
        0.09634733,
        0.09814596,
        0.08304,
        0.07488537,
        0.07375836,
        0.08437753,
        0.08298564,
        0.08392668,
        0.087182045,
        0.111806154,
        0.09119916,
        0.13030815,
        0.13137555,
        0.182724,
        0.1961441,
        0.1887579,
        0.22017336,
        0.21878791,
        0.23233032,
        0.23909307,
        0.2222712,
        0.18656683,
        0.14611268,
        0.09566164,
        0.04644108,
        -0.023762703,
        -0.101341486,
        -0.1918521,
        -0.23198819,
        -0.282835,
        -0.37403464,
        -0.57220674,
        -0.80619264,
        -1.0792093,
        -1.367547,
        -1.6158278,
        -1.7942758,
        -1.8821719,
        -1.8656354,
        -1.7356551,
        -1.6195855,
        -1.4345305,
        -1.2414587,
        -1.0250151,
        -0.88736844,
        -0.7179494,
        -0.59783554,
        -0.46212053,
        -0.34394217,
        -0.18780279,
        -0.04091978,
        0.07117653,
        0.20451832,
        0.28595257,
        0.40482283,
        0.48995733,
        0.53468895,
        0.52746964,
        0.5332265,
        0.54244184,
        0.5502958,
        0.5400734,
        0.4975443,
        0.4705472,
        0.4712596,
        0.5330448,
        0.6172638,
        0.6993799,
        0.7139096,
        0.6644263,
        0.51139116,
        0.31527424,
        0.023792744,
        -0.23412657,
        -0.45856547,
        -0.72095823,
        -0.93916273,
        -1.0857112,
        -1.108902,
        -1.0407355,
        -0.9200196,
        -0.8068669,
        -0.7467036,
        -0.72731185,
        -0.76484036,
        -0.84646964,
        -0.96859694,
        -1.0438192,
        -1.113735,
        -1.1601334,
        -1.1434081,
        -1.0576103,
        -0.9881458,
        -0.85798836,
        -0.7218003,
        -0.60572577,
        -0.49541926,
        -0.3623135,
        -0.29273248,
        -0.21535254,
        -0.14721799,
        -0.103098154
    ],