{
    "class": "zpos",
    "duration_ms": 700,
    "x": [
        -0.039417434,
        0.0037456136,
        0.03505531,
        0.10274029,
        0.12846687,
        0.16287342,
        0.17497066,
        0.18161507,
        0.2085918,
        0.21743618,
        0.22213382,
        0.23903446,
        0.27014035,
        0.255641,
        0.28109106,
        0.26750952,
        0.23628792,
        0.20176026,
        0.14973962,
        0.11148226,
        0.08013612,
        0.05111517,
        0.0033097006,
        -0.03925373,
        -0.07876027,
        -0.09380391,
        -0.12716492,
        -0.1335753,
        -0.1346473,
        -0.12576158,
        -0.107024804,
        -0.09304016,
        -0.06976235,
        -0.03996996,
        -0.023077657,
        -0.021554776,
        0.031151595,
        0.04457851,
        0.07849993,
        0.078293584,
        0.113140285,
        0.14015,
        0.17349763,
        0.2108762,
        0.25470945,
        0.33113283,
        0.39475074,
        0.4503439,
        0.5264277,
        0.6505152,
        0.76600933,
        0.73783636,
        0.65825677,
        0.68386304,
        0.7703226,
        0.819131,
        0.7687739,
        0.6160281,
        0.43019366,
        0.2638142,
        0.06908023,
        -0.16740626,
        -0.37332428,
        -0.55356747,
        -0.7733439,
        -0.96426326,
        -1.1352428,
        -1.2861755,
        -1.3910627,
        -1.4460005,
        -1.4427024,
        -1.4612348,
        -1.443198,
        -1.3900307,
        -1.2889385,
        -1.1224617,
        -0.8635119,
        -0.55864406,
        -0.2105875,
        0.11371046,
        0.37368178,
        0.6990687,
        0.8754105,
        0.91979074,
        0.8828926,
        0.791215,
        0.5525061,
        -0.016000152,
        0.277344,
        0.37892884,
        0.30353236,
        0.19954431,
        0.06768149,
        -0.049124837,
        -0.29277444,
        -0.37957332,
        -0.43003336,
        -0.44010252,
        -0.43700108,
        -0.4576915,
        -0.45761216,
        -0.46133924,
        -0.469352,
        -0.44620335,
        -0.4501986,
        -0.43563342,
        -0.60885894,
        -0.98761505,
        -0.42657226,
        0.10033265,
        0.13683222,
        0.091605544,
        0.21716692,
        0.27300644,
        0.22079839,
        0.1322887,
        0.05760537,
        -0.010878481,
        -0.031013332,
        -0.028026633,
        -0.012927495,
        -0.0036301278,
        -0.005869191,
        -0.0395285,
        -0.040256068,
        -0.0077554844,
        0.027645662,
        0.08391468,
        0.13620122,
        0.1408609,
        0.09246014,
        0.042429835,
        -0.03461948,
        -0.06404734,
        -0.15107937,
        -0.23373944,
        -0.28632534,
        -0.36960417,
        -0.43201992,
        -0.46989983,
        -0.50328517,
        -0.50429404,
        -0.538315,
        -0.5293924,
        -0.49946076,
        -0.4559174,
        -0.41282833,
        -0.36727238,
        -0.2756115
    ],
    "y": [
        -0.016572952,
        0.02862811,
        0.07730842,
        0.10561705,
        0.10873413,
        0.08891916,
        0.08882952,
        0.08652949,
        0.093612194,
        0.06934261,
        0.09680748,
        0.06366634,
        0.055812597,
        0.049184322,
        0.039050102,
        0.025573015,
        0.037486076,
        0.02725625,
        0.040446997,
        0.05563116,
        0.0610559,
        0.05693817,
        0.069661856,
        0.065957546,
        0.036654234,
        0.017659426,
        0.018572807,
        0.0036165714,
        -0.022274733,
        -0.013956785,
        -0.021517754,
        -0.011695385,
        -0.022675753,
        -0.009337902,
        -0.026571035,
        -0.03160143,
        -0.043577194,
        -0.026883125,
        -0.029294252,
        0.020382404,
        0.043311357,
        0.0847702,
        0.106562376,
        0.09946108,
        0.104254484,
        0.07837582,
        0.11509967,
        0.09314036,
        0.07511258,
        0.051801205,
        0.01921463,
        0.10126734,
        0.2180171,
        0.33654642,
        0.3834145,
        0.33820605,
        0.23556948,
        0.13342333,
        0.039087057,
        -0.06301141,
        -0.20154715,
        -0.423872,
        -0.72612786,
        -1.0939064,
        -1.4425066,
        -1.7750416,
        -2.0388548,
        -2.238206,
        -2.3651125,
        -2.3996425,
        -2.3797038,
        -2.3243167,
        -2.1666896,
        -1.9338603,
        -1.720484,
        -1.511538,
        -1.2876906,
        -1.080277,
        -0.94700146,
        -0.82124376,
        -0.7488861,
        -0.6486082,
        -0.52048206,
        -0.357162,
        -0.23460293,
        -0.13530159,
        0.0417881,
        0.4188738,
        0.37464857,
        0.20691729,
        0.013943195,
        -0.025211811,
        0.046333313,
        0.19055319,
        0.4147272,
        0.49173737,
        0.49342585,
        0.44122982,
        0.32795048,
        0.16335297,
        0.02414608,
        -0.1063633,
        -0.19464445,
        -0.27188444,
        -0.33571005,
        -0.4438281,
        -0.54275846,
        -0.44032764,
        -0.4321413,
        -0.6004381,
        -0.9316528,
        -1.2469704,
        -1.4605391,
        -1.4909053,
        -1.4234312,
        -1.328341,
        -1.2035258,
        -1.1182334,
        -1.0860825,
        -1.0962899,
        -1.1281922,
        -1.1515515,
        -1.1501923,
        -1.1033211,
        -1.0071142,
        -0.94151855,
        -0.8860593,
        -0.8370812,
        -0.7861254,
        -0.70586157,
        -0.5930979,
        -0.4615426,
        -0.32985997,
        -0.21924233,
        -0.1511805,
        -0.073176384,
        -0.04553199,
        -0.03527665,
        -0.035974026,
        0.006543398,
        0.015080214,
        0.041735888,
        0.04795766,
        0.0693357,
        0.0985415,
        0.097144365,
        0.065102816,
        0.038567305,
        -0.01088953
    ],