{
    "class": "zpos",
    "duration_ms": 700,
    "x": [
        0.28780597,
        0.25358647,
        0.24454165,
        0.22969231,
        0.22575304,
        0.23738204,
        0.24074778,
        0.21192546,
        0.19365233,
        0.154515,
        0.12489998,
        0.0970808,
        0.025577217,
        -0.03729716,
        -0.0539352,
        -0.09610227,
        -0.082978696,
        -0.06955621,
        0.0013441145,
        0.018041253,
        0.019581646,
        0.063827544,
        0.11076523,
        0.092019066,
        0.10085021,
        0.07774681,
        0.04218331,
        0.022738755,
        -0.05201927,
        -0.19877055,
        -0.43211058,
        -0.6742856,
        -0.9359791,
        -1.1769476,
        -1.3523803,
        -1.4439666,
        -1.4102517,
        -1.2980334,
        -1.1258249,
        -0.9698783,
        -0.84216905,
        -0.75220793,
        -0.6594481,
        -0.6430515,
        -0.5930174,
        -0.5094967,
        -0.37841225,
        -0.1924867,
        0.0678032,
        0.30697808,
        0.53960794,
        0.8187778,
        1.1089559,
        1.3103571,
        1.3999245,
        1.3756349,
        1.3633107,
        1.3976865,
        1.3587111,
        1.2440159,
        1.2182384,
        1.1778916,
        1.1656517,
        1.2047169,
        1.1237495,
        1.1169353,
        1.1172707,
        1.0194901,
        0.8114374,
        0.8164208,
        0.8173201,
        0.78647643,
        0.7010407,
        0.5325857,
        0.21122386,
        0.008611426,
        -0.016914636,
        0.061508454,
        0.05904016,
        0.023370385,
        0.042868763,
        0.12916441,
        0.17671186,
        0.1999855,
        0.18978897,
        0.120244674,
        0.020655438,
        -0.101218686,
        -0.2233404,
        -0.32872295,
        -0.41473925,
        -0.41407368,
        -0.34564257,
        -0.2738122,
        -0.18408747,
        -0.12188217,
        -0.09708145,
        -0.13388765,
        -0.19690256,
        -0.25066385,
        -0.32420838,
        -0.36521566,
        -0.35229248,
        -0.38599145,
        -0.35139292,
        -0.36070207,
        -0.29631254,
        -0.282192,
        -0.28190902,
        -0.2804465,
        -0.25118276,
        -0.21291816,
        -0.1918371,
        -0.18796879,
        -0.1773045,
        -0.18409245,
        -0.20878446,
        -0.22312161,
        -0.2158139,
        -0.19934687,
        -0.19330749,
        -0.15023595,
        -0.096831426,
        -0.030812725,
        0.014376335,
        0.09856476,
        0.1622142,
        0.21271059,
        0.2553422,
        0.30023503,
        0.31431878,
        0.2957897,
        0.326173,
        0.27173156,
        0.23058262,
        0.17885679,
        0.109235086,
        0.050204787,
        -0.005696222,
        -0.018178128,
        -0.037773207,
        -0.052575514,
        -0.05074781,
        -0.049132288,
        -0.04789506,
        -0.078214034,
        -0.12341328,
        -0.17152563
    ],
    "y": [
        0.044346333,
        0.07136011,
        0.10417032,
        0.11897755,
        0.14671326,
        0.1632266,
        0.1826582,
        0.16197157,
        0.18419409,
        0.17732906,
        0.15539932,
        0.13475895,
        0.084177494,
        0.051178932,
        0.0070705414,
        0.0019245148,
        -1.8119812e-05,
        -0.0029006004,
        -0.032071114,
        -0.06043005,
        -0.0896554,
        -0.14549017,
        -0.14216328,
        -0.10645676,
        -0.081608295,
        -0.10592413,
        -0.14618778,
        -0.18610668,
        -0.22616148,
        -0.2526703,
        -0.27361917,
        -0.27851057,
        -0.28819942,
        -0.32159185,
        -0.4341426,
        -0.6666248,
        -0.9753351,
        -1.3731272,
        -1.7450671,
        -2.0637846,
        -2.2653854,
        -2.3093877,
        -2.2389665,
        -2.0781596,
        -1.8988953,
        -1.6917844,
        -1.4955635,
        -1.299005,
        -1.0959821,
        -0.91167116,
        -0.7762184,
        -0.65542364,
        -0.4724493,
        -0.291646,
        -0.10324812,
        0.1288166,
        0.28508186,
        0.37055254,
        0.3805642,
        0.47277546,
        0.50804424,
        0.55555916,
        0.5695691,
        0.571167,
        0.61001205,
        0.6809945,
        0.7122221,
        0.7134104,
        0.7779641,
        0.6647024,
        0.5128679,
        0.39695024,
        0.29563713,
        0.17319345,
        0.124987125,
        0.16480637,
        0.16299772,
        0.05428362,
        -0.073811054,
        -0.22728586,
        -0.40737772,
        -0.58872986,
        -0.74113655,
        -0.84384775,
        -0.91895056,
        -0.9307375,
        -0.84582233,
        -0.76469135,
        -0.6634326,
        -0.5805683,
        -0.52609444,
        -0.5245385,
        -0.5910878,
        -0.6548157,
        -0.7453017,
        -0.8369999,
        -0.8801713,
        -0.93011904,
        -0.92471266,
        -0.861289,
        -0.7967558,
        -0.71595097,
        -0.63719225,
        -0.6024771,
        -0.52935266,
        -0.4790311,
        -0.3789959,
        -0.31473398,
        -0.23553038,
        -0.1697421,
        -0.10063887,
        -0.059306145,
        -0.009991646,
        0.042286396,
        0.03263712,
        0.061313152,
        0.13274193,
        0.1583209,
        0.1928482,
        0.20255375,
        0.24478197,
        0.26441908,
        0.26617432,
        0.2954774,
        0.29007578,
        0.30501318,
        0.25901794,
        0.23349237,
        0.23566198,
        0.21774578,
        0.20859003,
        0.18200731,
        0.16460133,
        0.12082195,
        0.09653854,
        0.06089592,
        0.06197977,
        0.087762356,
        0.102344036,
        0.07930708,
        0.05927086,
        0.049254894,
        0.0036611557,
        -0.03704214,
        -0.027507305,
        -0.018163681,
        -0.02819109,
        -0.03370762
    ],