{
    "class": "zpos",
    "duration_ms": 700,
    "x": [
        0.15831774,
        0.095752895,
        0.014117658,
        -0.03633499,
        -0.086517036,
        -0.10278171,
        -0.11838448,
        -0.12850654,
        -0.12831116,
        -0.13834417,
        -0.13814688,
        -0.096866965,
        -0.050566733,
        0.007520139,
        0.015335739,
        0.068027794,
        0.053481877,
        0.031468183,
        0.021083951,
        0.007974625,
        0.05161324,
        0.11089718,
        0.17571577,
        0.19787115,
        0.18411115,
        0.116868794,
        -0.03355038,
        -0.20781046,
        -0.3793504,
        -0.37934726,
        -0.4427475,
        -0.57905483,
        -0.7449007,
        -0.8878373,
        -1.0083877,
        -1.0674013,
        -1.0771567,
        -1.0498598,
        -1.006082,
        -0.96196663,
        -0.92433643,
        -0.83999205,
        -0.7722774,
        -0.70042527,
        -0.67001545,
        -0.6280999,
        -0.61252546,
        -0.69752955,
        -0.74248606,
        -0.70930874,
        -0.5263049,
        -0.19336784,
        0.2772985,
        1.2600551,
        2.3229654,
        2.2569866,
        2.5640044,
        2.6170847,
        1.9798005,
        1.2806501,
        1.1740892,
        1.2606854,
        0.81601113,
        0.42505416,
        0.2994772,
        0.19366787,
        0.113004416,
        -0.009447768,
        0.08053221,
        -0.05872399,
        -0.2264558,
        -0.4272084,
        -0.60350037,
        -0.7487301,
        -0.8730919,
        -1.0654079,
        -1.31649,
        -1.5554825,
        -1.8338141,
        -2.1382449,
        -2.3834696,
        -2.5961838,
        -2.6279922,
        -2.48068,
        -2.16483,
        -1.7550809,
        -1.3258858,
        -0.9255774,
        -0.5837569,
        -0.30182013,
        -0.045654967,
        0.18049921,
        0.39564064,
        0.58445853,
        0.71202534,
        0.8056259,
        0.8809661,
        0.8004896,
        0.6581987,
        0.43371275,
        0.2317033,
        0.069165975,
        -0.036747873,
        -0.10209483,
        -0.09740813,
        -0.05993311,
        -0.053490654,
        0.0060231388,
        -0.0057722926,
        -0.038891166,
        -0.09355551,
        -0.17000537,
        -0.19220266,
        -0.18194985,
        -0.17298603,
        -0.12461659,
        -0.0775985,
        -0.03197427,
        0.041242376,
        0.11144943,
        0.1721229,
        0.19033727,
        0.25026757,
        0.27319565,
        0.28567111,
        0.2781361,
        0.26700503,
        0.2257027,
        0.16121124,
        0.1355385,
        0.100459106,
        0.07492216,
        0.09710394,
        0.1239032,
        0.18406473,
        0.21296221,
        0.22023183,
        0.22480309,
        0.19798738,
        0.17817429,
        0.14398465,
        0.1168959,
        0.084820464,
        0.05255525,
        0.03698361,
        0.035628125,
        -0.0042823404,
        -0.03508602
    ],
    "y": [
        -0.22075415,
        -0.21880198,
        -0.16869926,
        -0.13304758,
        -0.08092117,
        -0.057971,
        -0.033155918,
        -0.004189968,
        -0.0045838356,
        0.0037732124,
        0.034800053,
        0.097682,
        0.13036013,
        0.12838316,
        0.14655638,
        0.15854836,
        0.20699787,
        0.26068258,
        0.2553048,
        0.31011677,
        0.2726574,
        0.20545816,
        0.1373682,
        0.039910316,
        -0.105731964,
        -0.3066368,
        -0.5965338,
        -0.9043031,
        -1.2923493,
        -1.6054299,
        -2.04775,
        -2.5056214,
        -3.0136645,
        -3.3859513,
        -3.8441494,
        -4.172424,
        -4.249377,
        -4.2684746,
        -4.223568,
        -4.22284,
        -4.2427187,
        -4.252841,
        -4.2305155,
        -4.180069,
        -4.0754066,
        -3.9149156,
        -3.6350622,
        -3.2779064,
        -2.9812837,
        -2.7515526,
        -2.5856366,
        -2.4351554,
        -2.3141985,
        -2.4169226,
        -1.7401953,
        -2.026927,
        -2.1580892,
        -1.6902142,
        -1.6932149,
        -1.8819275,
        -1.9857593,
        -2.3111544,
        -2.4312034,
        -2.3976936,
        -2.1976476,
        -2.0108995,
        -2.045125,
        -2.1847777,
        -2.120913,
        -2.0162425,
        -1.8660135,
        -1.8281136,
        -1.8210506,
        -1.7730794,
        -1.7416558,
        -1.7267952,
        -1.7834239,
        -1.8395367,
        -1.8470497,
        -1.8487005,
        -1.8130054,
        -1.7205482,
        -1.6046085,
        -1.4363766,
        -1.3498135,
        -1.3305225,
        -1.4360404,
        -1.6091771,
        -1.7953072,
        -1.9710388,
        -2.0892186,
        -2.1699452,
        -2.2142992,
        -2.2140207,
        -2.2570353,
        -2.1801863,
        -1.9210291,
        -1.7087288,
        -1.5160842,
        -1.3062224,
        -1.0995584,
        -0.90883017,
        -0.76553535,
        -0.6264224,
        -0.5173578,
        -0.35619593,
        -0.23759031,
        -0.1315732,
        -0.07039833,
        -0.07686138,
        -0.090148926,
        -0.114308834,
        -0.06244421,
        -0.022486687,
        0.01802206,
        0.030787945,
        0.049723625,
        0.00809145,
        -0.046052933,
        -0.08149481,
        -0.12449026,
        -0.1916995,
        -0.2208767,
        -0.2575035,
        -0.27528906,
        -0.28142834,
        -0.26406956,
        -0.27343178,
        -0.24968481,
        -0.24775553,
        -0.23394871,
        -0.22253942,
        -0.19420052,
        -0.19192648,
        -0.19885969,
        -0.21987963,
        -0.23107529,
        -0.24689531,
        -0.25777054,
        -0.2756853,
        -0.27906942,
        -0.2917862,
        -0.25870514,
        -0.25379658,
        -0.25055218,
        -0.2655592,
        -0.26045418,
        -0.23524475
    ],