{
    "class": "zpos",
    "duration_ms": 700,
    "x": [
        0.31935033,
        0.32933784,
        0.35369605,
        0.3494468,
        0.35941732,
        0.40482152,
        0.43088,
        0.47570443,
        0.52010196,
        0.53807116,
        0.5580281,
        0.5796488,
        0.6333618,
        0.66824454,
        0.5668678,
        0.46195924,
        0.31452867,
        0.1552,
        -0.023917861,
        -0.22627126,
        -0.3121286,
        -0.29095343,
        -0.2499653,
        -0.34466967,
        -0.5762857,
        -0.953332,
        -1.3076916,
        -1.6278825,
        -1.9449761,
        -2.1378,
        -2.1858215,
        -2.1230106,
        -1.9924886,
        -1.7921131,
        -1.5350199,
        -1.1463635,
        -0.6753577,
        -0.09609681,
        0.52242595,
        1.0918078,
        1.5585976,
        1.7833177,
        2.0444634,
        2.2282414,
        2.3431575,
        2.326788,
        2.042585,
        1.7924111,
        1.4175291,
        1.0409417,
        0.6826276,
        0.33384943,
        0.2014674,
        0.035216093,
        -0.32091314,
        -0.52753586,
        -0.64472866,
        -0.7905584,
        -0.9273781,
        -1.0304103,
        -1.1206,
        -1.2137368,
        -1.3103987,
        -1.3285758,
        -1.2261488,
        -1.0037323,
        -0.7265343,
        -0.44276166,
        -0.19106445,
        -0.0030462146,
        0.09102112,
        -0.026117563,
        -0.34373847,
        -0.9976877,
        -1.4571782,
        0.039192855,
        0.4266144,
        0.0588381,
        -0.2573126,
        -0.60516983,
        -0.80505395,
        -0.8147601,
        -0.67734957,
        -0.43910518,
        -0.0063803196,
        0.45132557,
        0.8393779,
        1.1048205,
        1.1879135,
        1.1315069,
        0.9688318,
        0.74250275,
        0.5282381,
        0.3174804,
        0.101400614,
        -0.06258875,
        -0.22742191,
        -0.3269277,
        -0.39788988,
        -0.4868313,
        -0.516113,
        -0.55155003,
        -0.5344057,
        -0.54209876,
        -0.50616866,
        -0.4871935,
        -0.45934793,
        -0.42549983,
        -0.3833572,
        -0.3279512,
        -0.3281216,
        -0.29926318,
        -0.2956137,
        -0.32130703,
        -0.38773417,
        -0.4251526,
        -0.481202,
        -0.51977783,
        -0.5315055,
        -0.5692125,
        -0.56388813,
        -0.5062859,
        -0.43949303,
        -0.36128682,
        -0.25949275,
        -0.15049401,
        -0.10120791,
        -0.049100935,
        -0.017736018,
        -0.004478276,
        0.016905785,
        0.031876683,
        0.020970464,
        0.041422844,
        0.06405181,
        0.07138586,
        0.07689488,
        -0.05599302,
        -0.79505813,
        -0.6504252,
        -0.50386465,
        -0.3001807,
        -0.23201916,
        -0.20234379,
        -0.09000796,
        0.062312484,
        0.2523963,
        0.43256968
    ],
    "y": [
        0.086621284,
        0.13844156,
        0.17128587,
        0.2116363,
        0.21933055,
        0.24723625,
        0.2764523,
        0.31920147,
        0.36602783,
        0.4336965,
        0.47470593,
        0.52984285,
        0.5849004,
        0.6186657,
        0.65288997,
        0.7251673,
        0.83435035,
        0.95485806,
        0.99166274,
        0.93499064,
        0.772089,
        0.3572271,
        -0.26336193,
        -0.9728155,
        -1.6962901,
        -2.326971,
        -2.8934193,
        -3.3749013,
        -3.7037323,
        -3.8808217,
        -3.9162874,
        -3.8059607,
        -3.567679,
        -3.2245214,
        -2.9219377,
        -2.669499,
        -2.5277252,
        -2.4356918,
        -2.3567276,
        -2.2616336,
        -2.150041,
        -1.8759556,
        -1.6046572,
        -1.2932191,
        -0.98716927,
        -0.74646664,
        -0.5356283,
        -0.34337997,
        -0.10997534,
        0.033484936,
        0.13540077,
        0.16971254,
        0.11297512,
        0.05091381,
        0.018788815,
        -0.011539459,
        -0.0014567375,
        -0.017866611,
        -0.10846758,
        -0.21284914,
        -0.30399513,
        -0.39783907,
        -0.56780577,
        -0.61489296,
        -0.5508938,
        -0.4068303,
        -0.27331018,
        -0.2600031,
        -0.3949666,
        -0.59160805,
        -0.8523226,
        -1.079875,
        -1.2937012,
        -1.6448903,
        -1.6377761,
        -2.2993,
        -3.0074675,
        -3.161272,
        -2.770096,
        -2.1728542,
        -1.5273705,
        -1.0311599,
        -0.7881117,
        -0.8567004,
        -1.0754066,
        -1.3182392,
        -1.5471561,
        -1.6904528,
        -1.7193274,
        -1.6024394,
        -1.3923943,
        -1.096431,
        -0.803514,
        -0.5335169,
        -0.27574062,
        -0.053379536,
        0.114732265,
        0.24053478,
        0.30939913,
        0.349535,
        0.3435955,
        0.36496496,
        0.38180828,
        0.3693347,
        0.36510324,
        0.33952856,
        0.30139875,
        0.2572708,
        0.21393776,
        0.12337685,
        0.06204319,
        0.010914803,
        -0.00813818,
        -0.008934021,
        0.0018029213,
        0.024488926,
        0.0021715164,
        0.004594803,
        0.05110407,
        0.07471275,
        0.04922104,
        0.04168272,
        0.004295349,
        -0.06273985,
        -0.09722757,
        -0.14216661,
        -0.12828064,
        -0.1201911,
        -0.09156942,
        -0.08771515,
        -0.0629673,
        -0.02925396,
        -0.010349274,
        -0.0015091896,
        0.018558025,
        0.028030396,
        0.067092896,
        0.19252348,
        0.7717633,
        0.8438835,
        0.69065475,
        0.43490648,
        0.21072006,
        0.1828103,
        0.15696383,
        0.12589931,
        0.077617645,
        -0.014425755
    ],