{
    "class": "zpos",
    "duration_ms": 700,
    "x": [
        0.13069236,
        0.18391958,
        0.19923672,
        0.22206444,
        0.23803896,
        0.21390304,
        0.22828361,
        0.20706844,
        0.19783226,
        0.16950506,
        0.15295541,
        0.13390657,
        0.117183834,
        0.09563503,
        0.08841005,
        0.09309119,
        0.06697458,
        0.04830265,
        0.025196642,
        0.056996852,
        0.0458273,
        0.053771406,
        0.016683519,
        -0.022348762,
        -0.030005753,
        -0.058790267,
        -0.08711696,
        -0.093596935,
        -0.099737644,
        -0.0819971,
        -0.097483754,
        -0.05836141,
        -0.057873905,
        -0.0055404305,
        0.064973146,
        0.11333698,
        0.17790565,
        0.21131355,
        0.24277776,
        0.16827172,
        0.026487172,
        -0.18220598,
        -0.42194223,
        -0.6268872,
        -0.86501175,
        -1.0781126,
        -1.2294552,
        -1.2650801,
        -1.2483892,
        -1.2298944,
        -1.1896895,
        -1.1359129,
        -1.0072994,
        -0.8429867,
        -0.6463697,
        -0.4931303,
        -0.4161261,
        -0.3337484,
        -0.32003117,
        -0.2839399,
        -0.24005583,
        -0.17450151,
        -0.09718239,
        0.027725458,
        0.2531482,
        0.48133302,
        0.77233005,
        1.0327408,
        1.2335888,
        1.462779,
        1.6260839,
        1.7558832,
        1.8034155,
        1.8109598,
        1.7492435,
        1.6083398,
        1.4721487,
        1.295631,
        1.1200346,
        0.9888164,
        0.9091592,
        0.8813461,
        0.85560995,
        0.81088173,
        0.7045303,
        0.5706444,
        0.54500294,
        0.4145618,
        0.24915317,
        0.02325952,
        -0.23620564,
        -0.49078888,
        -0.68353087,
        -0.73638356,
        -0.7775635,
        -0.86383575,
        -0.9729812,
        -1.0655718,
        -1.1516247,
        -1.2690275,
        -1.3307312,
        -1.3259661,
        -1.2749497,
        -1.0950208,
        -0.9098252,
        -0.68525046,
        -0.46609426,
        -0.25879234,
        -0.08696252,
        0.11860311,
        0.28803548,
        0.4448446,
        0.6076288,
        0.6873585,
        0.6933006,
        0.6683965,
        0.605416,
        0.5116202,
        0.40847653,
        0.31753296,
        0.22453314,
        0.12729591,
        0.04751876,
        -0.06254768,
        -0.13829601,
        -0.20862788,
        -0.28566748,
        -0.32897174,
        -0.34831238,
        -0.35094297,
        -0.3416239,
        -0.32269466,
        -0.267951,
        -0.21574348,
        -0.19977456,
        -0.2105884,
        -0.2004931,
        -0.20569062,
        -0.20709693,
        -0.22627789,
        -0.22982961,
        -0.23463821,
        -0.24528295,
        -0.24249214,
        -0.25705934,
        -0.25283045,
        -0.2272706,
        -0.19931555,
        -0.14246899
    ],
    "y": [
        0.06685114,
        0.10633707,
        0.10056496,
        0.106871605,
        0.10139418,
        0.07478237,
        0.041436672,
        0.06548262,
        0.061122894,
        0.042790413,
        0.0794487,
        0.075777054,
        0.032104492,
        0.05804825,
        0.03437519,
        0.020854473,
        -0.015966892,
        0.009602547,
        0.042379856,
        0.0371418,
        0.05128908,
        0.051555634,
        0.07385254,
        0.08962965,
        0.12273502,
        0.1541543,
        0.16975737,
        0.16258049,
        0.1637497,
        0.14228296,
        0.110118866,
        0.093408585,
        0.07780647,
        0.032420874,
        -0.0018689632,
        -0.06542635,
        -0.124628544,
        -0.1413362,
        -0.22266102,
        -0.29222155,
        -0.34127688,
        -0.3880353,
        -0.4442699,
        -0.545943,
        -0.69326615,
        -0.9402592,
        -1.1861844,
        -1.4418819,
        -1.674082,
        -1.8704064,
        -1.9750845,
        -2.0420065,
        -2.048379,
        -2.0883272,
        -2.0834599,
        -2.0821352,
        -2.0512161,
        -1.8958757,
        -1.684243,
        -1.4415042,
        -1.1809921,
        -0.9305501,
        -0.74439955,
        -0.56932783,
        -0.44314003,
        -0.33687544,
        -0.2337327,
        -0.11934805,
        -0.06789923,
        -0.019524097,
        0.04246378,
        0.14419651,
        0.2807908,
        0.3855257,
        0.45888186,
        0.5661197,
        0.57868576,
        0.6120043,
        0.64029884,
        0.664124,
        0.66966486,
        0.7313833,
        0.8255153,
        0.91390467,
        0.9608617,
        0.8995271,
        0.77815485,
        0.6282506,
        0.47889185,
        0.35177612,
        0.25652647,
        0.1739521,
        0.12528753,
        0.033408165,
        -0.09300327,
        -0.2576332,
        -0.40974283,
        -0.57778025,
        -0.75695705,
        -0.9568033,
        -1.1315284,
        -1.316205,
        -1.4402926,
        -1.5020728,
        -1.4995823,
        -1.4593401,
        -1.3766758,
        -1.2968562,
        -1.2530718,
        -1.2664089,
        -1.314645,
        -1.3875461,
        -1.4652209,
        -1.5180502,
        -1.494844,
        -1.3901291,
        -1.2320702,
        -1.0465674,
        -0.8501601,
        -0.6953244,
        -0.57006645,
        -0.47917175,
        -0.4154644,
        -0.36967278,
        -0.32283926,
        -0.24651384,
        -0.16714,
        -0.10626745,
        -0.044674397,
        0.039283752,
        0.10979891,
        0.18370962,
        0.20378876,
        0.22284746,
        0.2171545,
        0.23484373,
        0.2474041,
        0.28617382,
        0.30586576,
        0.33539295,
        0.34150887,
        0.35555363,
        0.36814737,
        0.36989498,
        0.3680625,
        0.40332556,
        0.39907408,
        0.398427,
        0.3821144
    ],