{
    "class": "zpos",
    "duration_ms": 700,
    "x": [
        0.065117985,
        0.10144162,
        0.13968328,
        0.15139627,
        0.12708405,
        0.11872801,
        0.11611417,
        0.092473924,
        0.0640451,
        0.032895684,
        0.02948147,
        0.01068148,
        0.012408048,
        0.029884279,
        0.022838801,
        0.01303643,
        -0.018220812,
        -0.013615444,
        -0.03031151,
        -0.03953296,
        -0.043681547,
        -0.033278674,
        -0.015494555,
        -0.01658085,
        -0.038942054,
        -0.023352578,
        -0.036924466,
        0.008158892,
        0.011356443,
        0.0012630224,
        0.037276894,
        0.09282246,
        0.14858595,
        0.20210254,
        0.3194301,
        0.41364133,
        0.34607893,
        0.15040627,
        -0.04793039,
        -0.23818614,
        -0.45658222,
        -0.734215,
        -0.9159332,
        -1.0095538,
        -1.0481246,
        -1.1173146,
        -1.2026242,
        -1.244855,
        -1.32381,
        -1.4332534,
        -1.5488566,
        -1.6758126,
        -1.803034,
        -1.9337845,
        -1.9611579,
        -1.8599366,
        -1.5813245,
        -1.1197985,
        -0.4461741,
        0.43551064,
        1.4521692,
        2.4545588,
        3.2306378,
        3.243497,
        2.4294004,
        2.4986038,
        2.5552607,
        2.6544828,
        2.651627,
        2.4390059,
        1.9668161,
        1.7353938,
        1.5676324,
        1.3235257,
        1.0498613,
        0.8019874,
        0.5735282,
        0.40030646,
        0.28166842,
        0.24137843,
        0.24679124,
        0.26406372,
        0.28465557,
        0.25583965,
        0.16810024,
        0.07116157,
        -0.033716142,
        -0.31016478,
        -0.89233166,
        -1.7250443,
        -2.55271,
        -3.0410323,
        -3.2662563,
        -3.4012096,
        -1.9145212,
        -1.3809291,
        -1.2957985,
        -1.493125,
        -1.5814184,
        -1.5540318,
        -1.2834214,
        -0.9446917,
        -0.5415982,
        -0.12947342,
        0.26243505,
        0.5640755,
        0.745914,
        0.72312,
        0.6377803,
        0.4877801,
        0.25399724,
        0.017255753,
        -0.21602723,
        -0.41590542,
        -0.57134855,
        -0.6715001,
        -0.72176933,
        -0.7608633,
        -0.71975017,
        -0.691903,
        -0.65572727,
        -0.6113912,
        -0.5444878,
        -0.4164712,
        -0.34219018,
        -0.2257223,
        -0.12428968,
        -0.059312522,
        0.003040284,
        0.05343759,
        0.05621749,
        0.047300607,
        0.045912743,
        0.06621352,
        0.082019866,
        0.07660857,
        0.08572003,
        0.090119004,
        0.12055737,
        0.12662873,
        0.16331157,
        0.182771,
        0.22100115,
        0.22793579,
        0.23750988,
        0.25446218,
        0.24275613,
        0.23100871
    ],
    "y": [
        0.09247303,
        0.08536005,
        0.048580647,
        0.04616499,
        0.04904604,
        0.040245533,
        0.059878826,
        0.047888756,
        0.042279243,
        -0.0047564507,
        0.011412144,
        -0.018978596,
        -0.021989346,
        -0.038011074,
        -0.04780054,
        -0.01312685,
        0.008933544,
        0.025860786,
        0.03322363,
        0.04074812,
        0.046260834,
        0.021462917,
        0.02598238,
        0.050077915,
        0.05312538,
        0.07790947,
        0.11225128,
        0.14160013,
        0.17064333,
        0.1968813,
        0.18219852,
        0.17669201,
        0.16135502,
        0.12896872,
        0.09089899,
        0.046536922,
        -0.016548157,
        -0.034923077,
        0.013396263,
        0.08332157,
        0.013753891,
        -0.12551355,
        -0.33130264,
        -0.63597345,
        -1.0328565,
        -1.5023413,
        -1.9763598,
        -2.4127915,
        -2.7787175,
        -3.004793,
        -3.069313,
        -3.0056403,
        -2.8115048,
        -2.4754639,
        -2.0561733,
        -1.6028719,
        -1.1674066,
        -0.847219,
        -0.5413146,
        -0.3428836,
        -0.23755264,
        -0.08225727,
        0.14408636,
        0.45555687,
        0.7061486,
        1.1016555,
        1.3312378,
        1.3976789,
        1.3987827,
        1.1792259,
        0.8504615,
        0.52885437,
        0.3492794,
        0.16362238,
        0.043652058,
        0.015829086,
        -0.014967918,
        -0.07673359,
        -0.18809366,
        -0.3488264,
        -0.5877967,
        -0.8310466,
        -1.0642676,
        -1.3135743,
        -1.4854116,
        -1.5723834,
        -1.6292887,
        -1.7000794,
        -1.7200718,
        -1.6524787,
        -1.5120416,
        -1.3225346,
        -1.4747734,
        -1.9238205,
        -2.71888,
        -3.1028318,
        -3.0133948,
        -2.4793146,
        -1.7944944,
        -1.3158927,
        -1.1792006,
        -1.364738,
        -1.7191167,
        -2.0510147,
        -2.269481,
        -2.3411045,
        -2.244561,
        -1.9685099,
        -1.6023631,
        -1.1903164,
        -0.77470064,
        -0.4292717,
        -0.18273163,
        0.026721478,
        0.14596462,
        0.21989918,
        0.23602724,
        0.24179125,
        0.2511239,
        0.3044629,
        0.3750925,
        0.41501665,
        0.50295067,
        0.57412195,
        0.59971285,
        0.5869746,
        0.55746746,
        0.51613665,
        0.4942503,
        0.46804285,
        0.47116852,
        0.45594597,
        0.41293287,
        0.36612225,
        0.33476496,
        0.26848125,
        0.20315742,
        0.1649003,
        0.14399052,
        0.116371155,
        0.09395504,
        0.088757515,
        0.067233086,
        0.070072174,
        0.044562817,
        0.06250095,
        0.040145397,
        0.0037727356
    ],