{
    "class": "zpos",
    "duration_ms": 700,
    "x": [
        0.039651215,
        0.1007593,
        0.18751389,
        0.22185491,
        0.24243729,
        0.24224831,
        0.20718925,
        0.18966599,
        0.16080445,
        0.09678623,
        0.06662665,
        0.027034491,
        0.004274249,
        -0.008959711,
        -0.02702126,
        -0.016391903,
        0.0036394894,
        0.049806684,
        0.10762027,
        0.18419205,
        0.2176927,
        0.25120738,
        0.2753772,
        0.3018911,
        0.33047494,
        0.37962422,
        0.42472148,
        0.4718045,
        0.48665464,
        0.5421086,
        0.56582236,
        0.6356792,
        0.6340013,
        0.57762706,
        0.5525895,
        0.36739513,
        0.13524893,
        -0.13902013,
        -0.39544088,
        -0.6858399,
        -0.94175494,
        -1.1544237,
        -1.2815416,
        -1.302202,
        -1.2695848,
        -1.1587802,
        -1.0287662,
        -0.89075595,
        -0.7727008,
        -0.6264958,
        -0.43574768,
        -0.21318156,
        0.013660073,
        0.24619353,
        0.48102093,
        0.68844163,
        0.82397056,
        0.9719873,
        0.9624346,
        0.8736407,
        0.75959307,
        0.6071166,
        0.43690208,
        0.27684543,
        0.10295695,
        -0.0052529573,
        -0.09454429,
        -0.11877054,
        0.07829127,
        0.24954864,
        0.012142241,
        -0.28901148,
        -0.5088182,
        -0.6250727,
        -0.7409679,
        -0.8557193,
        -0.9099513,
        -0.8697118,
        -0.7272055,
        -0.5295814,
        -0.262408,
        0.078482404,
        0.43984377,
        0.7594008,
        0.9821471,
        1.1264611,
        1.1815057,
        1.1723635,
        1.1052917,
        1.0038761,
        0.8490495,
        0.7627547,
        0.6569603,
        0.5323045,
        0.39168286,
        0.26426244,
        0.15519029,
        0.059958883,
        -0.02390673,
        -0.07048498,
        -0.11383583,
        -0.17401275,
        -0.21339327,
        -0.27524483,
        -0.28511477,
        -0.25448424,
        -0.19481589,
        -0.1269866,
        -0.066857636,
        0.017732637,
        0.09930383,
        0.138344,
        0.19317895,
        0.20185845,
        0.1999029,
        0.20350516,
        0.15449448,
        0.06646063,
        0.010098074,
        -0.051436037,
        -0.09509772,
        -0.13122825,
        -0.17462829,
        -0.22296132,
        -0.23541057,
        -0.2735112,
        -0.30792975,
        -0.3070633,
        -0.34949383,
        -0.3415042,
        -0.34982568,
        -0.34788942,
        -0.31648806,
        -0.2772423,
        -0.266297,
        -0.27432692,
        -0.29914227,
        -0.33386025,
        -0.36427674,
        -0.3929866,
        -0.38162255,
        -0.38256532,
        -0.38611564,
        -0.3826502,
        -0.37216386,
        -0.33077604,
        -0.31608012,
        -0.23737732,
        -0.19025011
    ],
    "y": [
        -0.019466877,
        -0.023370981,
        -0.04493642,
        -0.041560173,
        -0.07057166,
        -0.067748785,
        -0.097495794,
        -0.08123076,
        -0.06926179,
        -0.08044064,
        -0.050336003,
        -0.033619285,
        -0.015597582,
        0.013551235,
        0.049405932,
        0.10400522,
        0.16317499,
        0.21299899,
        0.2655728,
        0.31163657,
        0.3323164,
        0.39905107,
        0.48053968,
        0.51733136,
        0.55021536,
        0.5745022,
        0.5499921,
        0.5765002,
        0.5816777,
        0.5929779,
        0.5521226,
        0.4320606,
        0.30509615,
        0.18736374,
        0.011433244,
        -0.2221247,
        -0.5394083,
        -0.91783243,
        -1.276499,
        -1.6175926,
        -1.9139683,
        -2.1453485,
        -2.3674388,
        -2.5991738,
        -2.7560582,
        -2.8660984,
        -2.9310148,
        -2.9120846,
        -2.8499048,
        -2.7015777,
        -2.5252614,
        -2.3293054,
        -2.1392221,
        -1.964247,
        -1.7972968,
        -1.6649337,
        -1.5411451,
        -1.445292,
        -1.3130395,
        -1.120893,
        -0.9622655,
        -0.8465452,
        -0.7232876,
        -0.6186919,
        -0.5230117,
        -0.42890978,
        -0.36482477,
        -0.27284956,
        -0.32418013,
        -0.52739906,
        -0.2972679,
        0.01088047,
        0.3061123,
        0.47935295,
        0.56779194,
        0.5939269,
        0.5411997,
        0.45956945,
        0.3531747,
        0.21914244,
        0.076197624,
        -0.08083916,
        -0.20232153,
        -0.36328363,
        -0.4523368,
        -0.578444,
        -0.7118232,
        -0.7706399,
        -0.81439996,
        -0.8501642,
        -0.8732023,
        -0.8787508,
        -0.923841,
        -0.98840547,
        -0.9919565,
        -0.9873409,
        -0.95262265,
        -0.858449,
        -0.7875581,
        -0.69800234,
        -0.6366658,
        -0.55704546,
        -0.47288013,
        -0.36459923,
        -0.28235912,
        -0.21627498,
        -0.23771214,
        -0.27183485,
        -0.31807637,
        -0.3757286,
        -0.40821218,
        -0.34540582,
        -0.27522326,
        -0.22574735,
        -0.17506218,
        -0.08957672,
        -0.03166604,
        0.019639015,
        0.089836836,
        0.1182816,
        0.08760953,
        0.057187796,
        0.014659882,
        -0.037743807,
        -0.014105797,
        -0.00772357,
        0.005586624,
        0.026179314,
        0.052106142,
        0.07661033,
        0.071537495,
        0.09006572,
        0.08969092,
        0.082788944,
        0.076823235,
        0.11252689,
        0.11814356,
        0.12954831,
        0.14417338,
        0.12839842,
        0.12740946,
        0.09077716,
        0.07092476,
        0.05084014,
        0.0399189,
        0.014295578,
        0.036129475,
        0.04809022,
        0.071823835
    ],