{
    "class": "zpos",
    "duration_ms": 700,
    "x": [
        0.17847842,
        0.19788101,
        0.23142266,
        0.24336995,
        0.23639134,
        0.19881566,
        0.15924436,
        0.12928152,
        0.07077803,
        0.017185032,
        -0.036329642,
        -0.03750217,
        -0.072207734,
        -0.06885433,
        -0.09651236,
        -0.08123681,
        -0.061453924,
        -0.011130616,
        0.029064298,
        0.08543818,
        0.10806305,
        0.099697724,
        0.09841053,
        0.101768315,
        0.097676374,
        0.07186747,
        0.06706582,
        0.08301464,
        0.08619078,
        0.062100917,
        -0.010787085,
        -0.0846788,
        -0.12878239,
        -0.1649715,
        -0.22682555,
        -0.4093749,
        -0.6427614,
        -0.85486674,
        -0.97387576,
        -1.1282077,
        -1.2887001,
        -1.450583,
        -1.6374826,
        -1.8203647,
        -2.0233552,
        -2.162852,
        -2.2823212,
        -2.2964282,
        -2.2562554,
        -2.1738558,
        -2.0274847,
        -1.8074758,
        -1.4350368,
        -0.9559233,
        -0.43242925,
        0.10917471,
        0.6113031,
        1.1286584,
        1.6484332,
        2.174395,
        2.5460138,
        2.8590364,
        3.3391867,
        3.6836932,
        3.8936687,
        3.8413448,
        3.0475914,
        2.993454,
        3.114691,
        3.133318,
        3.0387897,
        2.888651,
        2.6949108,
        2.2788887,
        1.9628673,
        1.6719916,
        1.4151192,
        1.179599,
        1.0149062,
        0.8440995,
        0.6980481,
        0.5955898,
        0.538387,
        0.50664574,
        0.48780352,
        0.40344074,
        0.218512,
        -0.21996753,
        -1.6397882,
        -1.9343108,
        -0.61036533,
        -0.1976946,
        -0.49833345,
        -0.8286246,
        -1.1038486,
        -1.2010542,
        -1.3690869,
        -1.5569679,
        -1.648162,
        -1.5257217,
        -1.307024,
        -0.9318588,
        -0.5595828,
        -0.18391207,
        0.1704618,
        0.3807393,
        0.5223353,
        0.56275475,
        0.5360848,
        0.40881544,
        0.26905385,
        0.10660383,
        -0.05065176,
        -0.21086825,
        -0.34156018,
        -0.45575482,
        -0.5708475,
        -0.6443502,
        -0.6932908,
        -0.722511,
        -0.7222748,
        -0.6611315,
        -0.5816817,
        -0.45498526,
        -0.36213562,
        -0.28859004,
        -0.27003068,
        -0.2083628,
        -0.19457309,
        -0.19991775,
        -0.19819395,
        -0.20393734,
        -0.1789542,
        -0.1781235,
        -0.117521316,
        -0.040255688,
        0.02505314,
        0.047277056,
        0.062318902,
        0.017390534,
        -0.049361505,
        -0.09993434,
        -0.17279005,
        -0.23697746,
        -0.2901148,
        -0.32498944,
        -0.37516963,
        -0.3975369,
        -0.40415552
    ],
    "y": [
        -0.07391977,
        -0.069758415,
        -0.063753605,
        -0.08213377,
        -0.07265997,
        -0.07827568,
        -0.113054276,
        -0.105508804,
        -0.089161396,
        -0.054543972,
        -0.03253126,
        0.031831264,
        0.060038567,
        0.088199615,
        0.11888313,
        0.11662722,
        0.1387825,
        0.14248705,
        0.13739395,
        0.12813425,
        0.15486097,
        0.1482544,
        0.13223648,
        0.161417,
        0.1475277,
        0.15498257,
        0.16703081,
        0.13147783,
        0.086778164,
        0.04029751,
        0.044328213,
        0.0152077675,
        -0.013938904,
        -0.0578928,
        -0.13145828,
        -0.18064022,
        -0.24461079,
        -0.3314786,
        -0.4135499,
        -0.5582366,
        -0.70660496,
        -0.95410395,
        -1.1667557,
        -1.3137417,
        -1.4308643,
        -1.472156,
        -1.4272203,
        -1.3475542,
        -1.2438989,
        -1.1196895,
        -1.0525999,
        -1.0367637,
        -1.0279083,
        -1.0178914,
        -0.9797621,
        -0.898891,
        -0.763278,
        -0.5609956,
        -0.45668364,
        -0.3112235,
        -0.14606571,
        0.067564964,
        0.10276127,
        0.20896721,
        0.34137344,
        0.58653116,
        1.2719173,
        1.3739467,
        1.2117643,
        0.9629264,
        0.7283759,
        0.5587983,
        0.5215306,
        0.60021544,
        0.6927028,
        0.6971688,
        0.6193814,
        0.4577589,
        0.2417531,
        0.03394699,
        -0.16790915,
        -0.28978252,
        -0.44661617,
        -0.61944675,
        -0.787014,
        -0.93991184,
        -1.0286441,
        -1.0005093,
        -0.5823388,
        0.14317179,
        -0.826478,
        -2.135958,
        -2.837945,
        -2.8524292,
        -2.5151703,
        -1.993243,
        -1.4818902,
        -1.1502194,
        -1.0551991,
        -1.1364865,
        -1.3717153,
        -1.5901661,
        -1.8027813,
        -1.8693659,
        -1.8502944,
        -1.7149298,
        -1.4805875,
        -1.2053332,
        -0.96195126,
        -0.7375221,
        -0.56496763,
        -0.4442606,
        -0.32797432,
        -0.25016117,
        -0.20662403,
        -0.15018511,
        -0.0958004,
        -0.0654068,
        -0.0065722466,
        0.027911186,
        0.088160515,
        0.09508419,
        0.11086559,
        0.10916138,
        0.08291721,
        0.068128586,
        0.074518204,
        0.061779022,
        0.061388493,
        0.0642066,
        0.08730888,
        0.10936737,
        0.1593461,
        0.14407635,
        0.13058949,
        0.0804801,
        0.06525707,
        0.012755394,
        -0.019910336,
        -0.033205032,
        -0.06341362,
        -0.053522587,
        -0.04220915,
        -0.03684759,
        -0.025601387,
        -0.0036725998,
        -0.047470093,
        -0.072954655,
        -0.077536106
    ],