{
    "class": "zpos",
    "duration_ms": 700,
    "x": [
        0.10379255,
        0.18950427,
        0.2366494,
        0.28404367,
        0.2915064,
        0.25718403,
        0.20489669,
        0.11075258,
        0.008077741,
        -0.072412014,
        -0.12619722,
        -0.15363693,
        -0.124148846,
        -0.0808239,
        -0.05687046,
        -0.025955558,
        0.0023440123,
        0.004263997,
        0.013200402,
        -0.032668233,
        -0.07122767,
        -0.1049341,
        -0.11483812,
        -0.14849138,
        -0.16037905,
        -0.14591587,
        -0.105082154,
        -0.06887412,
        -0.020802975,
        0.046070337,
        0.06971443,
        0.10263491,
        0.15166283,
        0.178514,
        0.20435643,
        0.21000612,
        0.23830855,
        0.2603991,
        0.26921225,
        0.2364347,
        0.15060258,
        0.11179459,
        0.019282222,
        -0.122575045,
        -0.29481852,
        -0.51155365,
        -0.7842448,
        -1.0667729,
        -1.3084728,
        -1.511917,
        -1.7233719,
        -1.8794043,
        -2.0014539,
        -2.0925286,
        -2.0366054,
        -1.8846276,
        -1.6088331,
        -1.193804,
        -0.6864159,
        -0.18075597,
        0.32741022,
        0.7914907,
        1.1884582,
        1.5557419,
        1.919824,
        2.1786294,
        2.2876625,
        2.3227034,
        2.2311358,
        2.099147,
        1.8279425,
        1.8905836,
        2.06216,
        2.169324,
        1.9284253,
        1.7293788,
        1.5610255,
        1.2633194,
        0.9947735,
        0.73234344,
        0.5418205,
        0.4031453,
        0.23187923,
        0.046792626,
        -0.07343173,
        -0.13595963,
        -0.12381494,
        -0.10151279,
        -0.0570606,
        -0.007247567,
        0.047899127,
        0.05322981,
        0.10676217,
        0.13429272,
        0.1527636,
        0.15280771,
        0.115535975,
        0.05786991,
        0.0112730265,
        0.023836732,
        0.009576082,
        -0.014606237,
        -0.07958627,
        -0.22335207,
        -0.3859949,
        -0.5485914,
        -0.68749833,
        -0.73585236,
        -0.7105816,
        -0.6690364,
        -0.62292296,
        -0.5266596,
        -0.48059976,
        -0.41283488,
        -0.38558125,
        -0.34371126,
        -0.32546628,
        -0.3115232,
        -0.30431938,
        -0.29921627,
        -0.27722037,
        -0.26226485,
        -0.24491942,
        -0.22052908,
        -0.20107818,
        -0.16029799,
        -0.17478979,
        -0.1464293,
        -0.11131811,
        -0.08608329,
        -0.09946561,
        -0.09881294,
        -0.08164382,
        -0.047793746,
        -0.023277283,
        0.013669014,
        0.034503818,
        0.0726248,
        0.10631549,
        0.12830234,
        0.17660308,
        0.2223705,
        0.28451943,
        0.31988955,
        0.32864738,
        0.3300017,
        0.30747616,
        0.3232875,
        0.32475984
    ],
    "y": [
        0.0867815,
        0.005801201,
        -0.05145359,
        -0.08287668,
        -0.060098648,
        -0.03798914,
        -0.049604893,
        -0.035144806,
        -0.009019852,
        0.02641201,
        0.021219254,
        0.035090923,
        0.03223753,
        0.0008893013,
        -0.0064959526,
        0.0074739456,
        -0.01196003,
        -0.012135029,
        -0.026377678,
        -0.02833414,
        -0.03457308,
        -0.021250725,
        -0.009790897,
        0.016594887,
        0.01984644,
        0.012134075,
        0.019770145,
        0.0022425652,
        -0.009345531,
        -0.0056300163,
        0.05107832,
        0.053419113,
        0.06830692,
        0.100271225,
        0.11117983,
        0.14616537,
        0.18840027,
        0.24256611,
        0.29431105,
        0.32211447,
        0.32810736,
        0.28126717,
        0.19592285,
        0.11217022,
        -0.0044879913,
        -0.18630934,
        -0.38472605,
        -0.64168835,
        -0.9491439,
        -1.3633094,
        -1.760252,
        -2.118208,
        -2.331096,
        -2.309621,
        -2.0721345,
        -1.7591124,
        -1.5014501,
        -1.3943582,
        -1.4492626,
        -1.593998,
        -1.758677,
        -1.8992591,
        -1.9595485,
        -1.9786458,
        -2.0193157,
        -1.9309392,
        -1.7206192,
        -1.3026252,
        -0.9245758,
        -0.48998976,
        -0.07498646,
        0.97766876,
        0.22535992,
        -0.63451624,
        -1.2838478,
        -1.2733259,
        -0.86432266,
        -0.40649128,
        -0.13222122,
        -0.04182625,
        -0.08789444,
        -0.18225384,
        -0.34674454,
        -0.5026989,
        -0.5810237,
        -0.60384274,
        -0.6557293,
        -0.7566347,
        -0.8881531,
        -1.0126896,
        -1.1045942,
        -1.1525187,
        -1.1856151,
        -1.2017212,
        -1.2058077,
        -1.1811266,
        -1.1850038,
        -1.1598392,
        -1.1557322,
        -1.1271162,
        -1.0977831,
        -1.1319933,
        -1.1122994,
        -1.0457368,
        -0.92731667,
        -0.828629,
        -0.70893383,
        -0.6258168,
        -0.6035037,
        -0.64239836,
        -0.6567545,
        -0.6421938,
        -0.6732998,
        -0.62605,
        -0.53910685,
        -0.45573902,
        -0.4000473,
        -0.33391476,
        -0.28611755,
        -0.2304368,
        -0.17176247,
        -0.11980772,
        -0.06998396,
        -0.03670931,
        -0.027290344,
        -0.0034470558,
        0.015746117,
        0.013656139,
        0.05742836,
        0.080194,
        0.11577606,
        0.14534664,
        0.17644262,
        0.16635847,
        0.17514992,
        0.16939974,
        0.15861702,
        0.1450162,
        0.12122011,
        0.05584812,
        0.027484894,
        -0.02158022,
        -0.0676384,
        -0.05825329,
        -0.04617548,
        -0.031273365,
        -0.03021288,
        -0.04277134,
        -0.061593533
    ],