{
    "class": "zpos",
    "duration_ms": 700,
    "x": [
        -0.5581373,
        -0.4558721,
        -0.21195339,
        0.27651495,
        0.4261546,
        0.5290799,
        0.5907781,
        0.69461113,
        0.75132257,
        0.6177279,
        0.50737125,
        0.58164155,
        0.6169367,
        0.17347935,
        0.1173203,
        0.22122517,
        0.32513362,
        0.42294526,
        0.447326,
        0.30159384,
        0.13429832,
        -0.00054848194,
        0.05815488,
        -0.048072875,
        -0.18163201,
        -0.3155098,
        -0.45135152,
        -0.5504828,
        -0.53707147,
        -0.4869848,
        -0.44868574,
        -0.46143842,
        -0.4266882,
        -0.25754282,
        0.76677936,
        0.79437304,
        0.35267222,
        0.022895217,
        -0.6251963,
        -1.6777387,
        -2.7080624,
        -3.0412648,
        -2.9077244,
        -2.9589756,
        -3.221527,
        -2.8668938,
        -2.8886244,
        -2.133625,
        -0.75592566,
        0.57273555,
        1.5153952,
        2.1183093,
        2.5867882,
        2.8216584,
        2.961934,
        3.0786903,
        3.3933902,
        3.6849055,
        3.8367333,
        3.9560795,
        3.82592,
        3.4237351,
        2.929966,
        2.3646157,
        1.7424495,
        1.0978563,
        0.5133251,
        0.03742963,
        -0.32113844,
        -0.5071937,
        -0.5198877,
        -0.38445026,
        -0.17376846,
        0.08438897,
        0.31672,
        0.43043005,
        0.45179844,
        0.35679376,
        0.22618347,
        0.09721947,
        7.498264e-05,
        -0.020344436,
        0.043376982,
        0.15610677,
        0.2973228,
        0.4798453,
        0.661423,
        0.8622947,
        1.0260493,
        1.1225374,
        0.7772504,
        -0.8460077,
        -0.17807215,
        0.29596943,
        -0.13847429,
        -0.7569665,
        -1.1301558,
        -1.1815127,
        -1.1857424,
        -1.2056292,
        -1.1619768,
        -1.0616659,
        -0.9468472,
        -0.8112929,
        -0.71335447,
        -0.61373335,
        -0.5618552,
        -0.5901859,
        -0.66674256,
        -0.74298424,
        -0.7991201,
        -0.7847504,
        -0.77183354,
        -0.76295775,
        -0.77315867,
        -0.71692884,
        -0.748436,
        -0.7991659,
        -0.77431715,
        -0.76312643,
        -0.7326725,
        -0.666398,
        -0.5904782,
        -0.48784688,
        -0.34137812,
        -0.19367728,
        -0.015562534,
        0.17665601,
        0.34501833,
        0.46087867,
        0.55999595,
        0.5414703,
        0.5128326,
        0.4380496,
        0.37951666,
        0.30403185,
        0.21673393,
        0.15148991,
        0.099039495,
        0.07151115,
        0.018690526,
        -0.035597503,
        -0.045752645,
        -0.03556025,
        0.037955105,
        0.045334816,
        0.02926284,
        0.05404395,
        0.09043747
    ],
    "y": [
        0.31367826,
        0.33258772,
        0.21869612,
        -0.3192191,
        -0.28886604,
        -0.15301466,
        0.0860548,
        0.3693471,
        0.55909634,
        0.3472004,
        0.021617413,
        -0.14651299,
        -0.17727804,
        -0.9646263,
        -0.9138713,
        -0.13422966,
        0.876987,
        1.4965963,
        1.6171951,
        1.5199661,
        1.3827162,
        1.231359,
        1.0315609,
        0.6321678,
        0.365129,
        0.2103715,
        0.25018263,
        0.33946037,
        0.2762165,
        0.08845997,
        -0.09336853,
        -0.36258316,
        -0.7505436,
        -1.3375816,
        -1.5408969,
        -2.843231,
        -3.4422615,
        -3.8241868,
        -4.21533,
        -4.387587,
        -5.5039105,
        -7.336711,
        -7.3620324,
        -5.160607,
        -3.1995015,
        -3.4837725,
        -3.530556,
        -3.8541427,
        -4.531125,
        -4.912058,
        -4.624218,
        -4.0816836,
        -3.63021,
        -3.4806814,
        -3.3825965,
        -3.3588138,
        -3.2844424,
        -2.9756188,
        -2.7659922,
        -2.3762212,
        -1.8568611,
        -1.4404659,
        -1.1559024,
        -0.96498585,
        -0.7746172,
        -0.6163864,
        -0.44761944,
        -0.26363277,
        -0.14339924,
        -0.029481888,
        0.003931999,
        -0.057478905,
        -0.24003887,
        -0.43622494,
        -0.6487055,
        -0.8488569,
        -0.950552,
        -1.0254974,
        -1.0160503,
        -0.94339275,
        -0.83340454,
        -0.7907944,
        -0.81967545,
        -0.9288473,
        -1.0863895,
        -1.3297439,
        -1.6149998,
        -1.9820657,
        -2.384787,
        -2.8153706,
        -3.33013,
        -2.4501376,
        -2.6917853,
        -3.4966059,
        -3.87817,
        -3.6217608,
        -3.3616905,
        -3.3529406,
        -3.3672109,
        -3.26796,
        -3.1005988,
        -2.9360328,
        -2.7604938,
        -2.592896,
        -2.4274988,
        -2.2582073,
        -2.009385,
        -1.7773952,
        -1.5867982,
        -1.4239135,
        -1.2584133,
        -1.2012634,
        -1.1294751,
        -0.98517275,
        -0.8542309,
        -0.7701516,
        -0.47251797,
        -0.21554232,
        -0.028475285,
        0.06440401,
        0.18959427,
        0.2415824,
        0.3254962,
        0.38145208,
        0.41663074,
        0.44531775,
        0.43880606,
        0.43073606,
        0.36625814,
        0.32920933,
        0.28861713,
        0.2971735,
        0.28562403,
        0.3213458,
        0.32110405,
        0.31664467,
        0.29900026,
        0.33342505,
        0.3892727,
        0.43097162,
        0.44213104,
        0.442019,
        0.42321968,
        0.3684535,
        0.3823595,
        0.41649246,
        0.41310883,
        0.31917238,
        0.2733097
    ],