{
    "class": "zpos",
    "duration_ms": 700,
    "x": [
        -0.07179852,
        0.0022608936,
        0.04196167,
        0.0670768,
        0.09009421,
        0.11144897,
        0.12410861,
        0.13521811,
        0.15415871,
        0.12614343,
        0.0871,
        0.07257822,
        0.0679197,
        0.020380467,
        -0.022522926,
        -0.08242729,
        -0.18078928,
        -0.22468923,
        -0.26198944,
        -0.27359468,
        -0.2642341,
        -0.23851836,
        -0.2223225,
        -0.19155648,
        -0.18175814,
        -0.17382167,
        -0.18196532,
        -0.12544025,
        -0.10700223,
        -0.078988105,
        -0.03462103,
        0.0066061616,
        0.058514267,
        0.11363578,
        0.15527228,
        0.22158426,
        0.25326928,
        0.3099161,
        0.3317404,
        0.2857956,
        0.24151117,
        0.17504218,
        0.10029861,
        0.0049020946,
        -0.10404205,
        -0.28665972,
        -0.45130086,
        -0.58869153,
        -0.62708956,
        -0.5779809,
        -0.41967118,
        -0.2748526,
        -0.15448016,
        -0.17111287,
        -0.3295692,
        -0.5869001,
        -0.83570623,
        -1.0374386,
        -1.1829212,
        -1.210902,
        -1.104078,
        -0.91112316,
        -0.6751126,
        -0.3768323,
        8.6545944e-05,
        0.34755445,
        0.5908792,
        0.7709261,
        0.8524164,
        0.8930724,
        0.8713028,
        0.8207818,
        0.7637072,
        0.7653655,
        0.76830584,
        0.7231476,
        0.6262834,
        0.5354348,
        0.51485443,
        0.463261,
        0.44001108,
        0.37777543,
        0.3696772,
        0.38922346,
        0.47447234,
        0.5271218,
        0.56628317,
        0.6204717,
        0.6702438,
        0.719839,
        0.77824306,
        0.87334025,
        0.98048174,
        1.0657471,
        1.1434983,
        1.2281505,
        1.2743062,
        1.2297754,
        1.1549194,
        1.0980054,
        0.99911207,
        0.88433474,
        0.7777651,
        0.64393115,
        0.54310536,
        0.38701394,
        0.2549518,
        0.14239383,
        0.020595163,
        -0.08207001,
        -0.18284324,
        -0.2604197,
        -0.32200095,
        -0.35542023,
        -0.3507471,
        -0.3244875,
        -0.31458256,
        -0.28948784,
        -0.2869827,
        -0.28516528,
        -0.27435854,
        -0.31674355,
        -0.30257934,
        -0.34936076,
        -0.39024907,
        -0.39001226,
        -0.44501373,
        -0.4794026,
        -0.51513493,
        -0.53585356,
        -0.54426134,
        -0.5477413,
        -0.58200514,
        -0.5630785,
        -0.55759025,
        -0.55330867,
        -0.5330347,
        -0.5084088,
        -0.4671567,
        -0.4328931,
        -0.34298468,
        -0.29292923,
        -0.24429904,
        -0.2090997,
        -0.15872198,
        -0.14120607,
        -0.101801485,
        -0.07907535,
        -0.054173455
    ],
    "y": [
        0.10019684,
        0.06277943,
        0.07607174,
        0.0042738914,
        -0.007291794,
        -0.039979458,
        -0.060480595,
        -0.07126999,
        -0.07482576,
        -0.05224085,
        -0.07508612,
        -0.07159996,
        -0.08009243,
        -0.086140156,
        -0.08034229,
        -0.06276798,
        -0.036096096,
        -0.019756794,
        -0.018696785,
        -0.0497756,
        -0.08906603,
        -0.1223104,
        -0.14937878,
        -0.17969275,
        -0.13232064,
        -0.11202788,
        -0.042354107,
        -0.0041675568,
        0.024339199,
        0.074160576,
        0.12625647,
        0.1616869,
        0.17604971,
        0.1577754,
        0.14287758,
        0.1622901,
        0.16612673,
        0.17361021,
        0.16827202,
        0.15261745,
        0.14314365,
        0.12503576,
        0.114262104,
        0.052611828,
        -0.0323596,
        -0.12111282,
        -0.2853899,
        -0.532177,
        -0.9377322,
        -1.477205,
        -2.179771,
        -2.979504,
        -3.68697,
        -4.1618114,
        -4.3081083,
        -4.1275916,
        -3.7528303,
        -3.3297777,
        -2.8439298,
        -2.3530078,
        -1.9463019,
        -1.6353993,
        -1.3851528,
        -1.2259326,
        -1.0665846,
        -0.90717363,
        -0.76210165,
        -0.6054759,
        -0.41146803,
        -0.2020669,
        -0.06605244,
        0.056132793,
        0.17598724,
        0.5965595,
        0.4084897,
        0.21242237,
        0.041589737,
        -0.023029804,
        0.10667133,
        0.2676587,
        0.45968723,
        0.54386425,
        0.5943618,
        0.6088309,
        0.5585561,
        0.49134684,
        0.38792467,
        0.29819107,
        0.21460104,
        0.16546583,
        0.12399769,
        0.09438944,
        0.02806902,
        -0.035075665,
        -0.112596035,
        -0.22438002,
        -0.3282194,
        -0.4347973,
        -0.47605133,
        -0.53723955,
        -0.56245327,
        -0.58649826,
        -0.648828,
        -0.66402197,
        -0.71857166,
        -0.7811794,
        -0.82735443,
        -0.86823845,
        -0.8980336,
        -0.88687134,
        -0.8670764,
        -0.8446684,
        -0.8402648,
        -0.8124747,
        -0.79174376,
        -0.7799511,
        -0.75279045,
        -0.7197261,
        -0.6545806,
        -0.6221981,
        -0.5630975,
        -0.51600885,
        -0.5290761,
        -0.48303366,
        -0.49775887,
        -0.47767735,
        -0.45414734,
        -0.40338945,
        -0.33286572,
        -0.29296637,
        -0.2263689,
        -0.18090916,
        -0.15880919,
        -0.123980045,
        -0.057110786,
        -0.041632175,
        -0.034268856,
        -0.010648727,
        -0.015832424,
        -0.008839607,
        -0.006005287,
        0.033539772,
        0.06439209,
        0.04593563,
        0.08822155,
        0.09311199,
        0.08690691,
        0.06710386,
        0.045380116
    ],