{
    "class": "zpos",
    "duration_ms": 700,
    "x": [
        0.004775226,
        -0.0042757094,
        -0.012576938,
        -0.03921318,
        -0.03425628,
        -0.062250614,
        -0.035172045,
        -0.001056701,
        0.03532356,
        0.050065994,
        0.045582175,
        0.057354927,
        0.042237848,
        0.03837982,
        0.00053596497,
        -0.06905779,
        -0.15658167,
        -0.16234946,
        -0.12453568,
        -0.19223616,
        -0.20996174,
        -0.17115834,
        -0.15023738,
        -0.14733893,
        -0.19909242,
        -0.1628522,
        -0.12879357,
        -0.11756441,
        -0.092595115,
        -0.013196871,
        0.0801012,
        0.14036031,
        0.19231942,
        0.23612735,
        0.26198205,
        0.26753387,
        0.2726557,
        0.33044687,
        0.4168199,
        0.49501172,
        0.5807977,
        0.6872523,
        0.80326176,
        0.8964541,
        1.0089011,
        1.0990188,
        1.2042925,
        1.2068592,
        1.2139564,
        1.1801713,
        1.0893381,
        0.9519726,
        0.8026599,
        0.62850153,
        0.4838243,
        0.31776446,
        0.16263193,
        0.011405259,
        -0.077089936,
        -0.22061229,
        -0.36472493,
        -0.496027,
        -0.49857968,
        -0.48570195,
        -0.44404548,
        -0.3912968,
        -0.28528982,
        -0.17166108,
        -0.1454458,
        -0.13603899,
        -0.12545398,
        -0.16534007,
        -0.1807707,
        -0.1980049,
        -0.14792073,
        -0.061959714,
        0.01395762,
        0.09391743,
        0.13948989,
        0.19897828,
        0.22986518,
        0.24962027,
        0.2659871,
        0.27439222,
        0.26301748,
        0.19838038,
        0.12102865,
        0.056836694,
        -0.016305864,
        -0.046630234,
        -0.025148183,
        0.0048747957,
        0.03172815,
        0.10068838,
        0.12549432,
        0.10362384,
        0.06369418,
        0.03709595,
        0.0319193,
        -0.020198464,
        -0.051568612,
        -0.06659539,
        -0.10841733,
        -0.16516589,
        -0.25629705,
        -0.34887117,
        -0.4458642,
        -0.53144014,
        -0.55359435,
        -0.5648623,
        -0.5360763,
        -0.52186584,
        -0.47199702,
        -0.4418158,
        -0.4099364,
        -0.38340485,
        -0.35964352,
        -0.3528788,
        -0.3198597,
        -0.313137,
        -0.27990845,
        -0.24390301,
        -0.17878307,
        -0.10590108,
        -0.07766703,
        -0.046055526,
        -0.027774692,
        0.0033349097,
        0.061381534,
        0.06457932,
        0.07235393,
        0.1034081,
        0.09769712,
        0.11263233,
        0.1458034,
        0.175852,
        0.19114593,
        0.19929966,
        0.21488938,
        0.20239893,
        0.18581806,
        0.16753745,
        0.13307142,
        0.11584717,
        0.07760176,
        0.042077772,
        0.020994544,
        -0.00024533272,
        -0.028988257
    ],
    "y": [
        -0.123728275,
        -0.09515691,
        -0.054318428,
        -0.041433573,
        -0.011162281,
        0.005430937,
        0.015419722,
        0.013893604,
        0.0055069923,
        -0.03344941,
        -0.036268234,
        -0.03894639,
        -0.025117159,
        0.016711473,
        0.062376022,
        0.075871706,
        0.13995576,
        0.17918038,
        0.15886045,
        0.11147547,
        -0.0013108253,
        -0.07700038,
        -0.15835476,
        -0.15723062,
        -0.21125364,
        -0.1856358,
        -0.23389792,
        -0.37039447,
        -0.5803697,
        -0.7819904,
        -0.9580548,
        -1.0604043,
        -1.028956,
        -0.9662399,
        -0.89589214,
        -0.7911968,
        -0.6517978,
        -0.54679036,
        -0.5260503,
        -0.5507283,
        -0.5629511,
        -0.61023045,
        -0.64195037,
        -0.68648005,
        -0.6931443,
        -0.69967866,
        -0.70077324,
        -0.6979754,
        -0.6974318,
        -0.67423224,
        -0.63451385,
        -0.5797825,
        -0.5308018,
        -0.45572138,
        -0.41383076,
        -0.3593688,
        -0.32815123,
        -0.30095005,
        -0.34702206,
        -0.38740873,
        -0.3553338,
        -0.3369155,
        -0.33217096,
        -0.30285597,
        -0.24921322,
        -0.2049532,
        -0.17978,
        -0.17358255,
        -0.12145138,
        -0.008820534,
        0.13103056,
        0.22879553,
        0.2725277,
        0.22130442,
        0.09872961,
        -0.060107708,
        -0.2516079,
        -0.4030323,
        -0.5399921,
        -0.637892,
        -0.7030082,
        -0.7389245,
        -0.7367091,
        -0.6942203,
        -0.64486694,
        -0.54034615,
        -0.4400909,
        -0.34593248,
        -0.28162432,
        -0.3069973,
        -0.36491418,
        -0.48932576,
        -0.6568079,
        -0.8056309,
        -0.9027554,
        -0.95792437,
        -0.94028056,
        -0.8835634,
        -0.802258,
        -0.71313596,
        -0.6661118,
        -0.61532986,
        -0.5699291,
        -0.5510721,
        -0.48663926,
        -0.43377542,
        -0.33728385,
        -0.23798954,
        -0.1266551,
        -0.0850538,
        -0.068213224,
        -0.06452215,
        -0.074224114,
        -0.09264457,
        -0.13651597,
        -0.12679398,
        -0.1301868,
        -0.13672197,
        -0.13634956,
        -0.090337634,
        -0.046025157,
        0.0019177198,
        0.010792255,
        0.06698656,
        0.031987906,
        0.056581736,
        0.06420684,
        0.069203615,
        0.07154477,
        0.0879457,
        0.082551,
        0.07446051,
        0.101852655,
        0.06662178,
        0.062100887,
        0.052303314,
        0.020469904,
        0.016871452,
        0.0056889057,
        -0.00822854,
        -0.0056939125,
        -0.0031831264,
        0.006448984,
        0.040044308,
        0.016331196,
        0.0169034,
        -0.005949974,
        -0.004265785,
        -0.016277313
    ],