{
    "class": "zpos",
    "duration_ms": 700,
    "x": [
        -0.12012613,
        -0.089051485,
        0.021255493,
        0.20349899,
        0.37734002,
        0.5227943,
        0.6578806,
        0.74540526,
        0.786404,
        0.731813,
        0.6394261,
        0.540004,
        0.3762442,
        0.23129421,
        0.11645666,
        0.03343439,
        -0.051415086,
        -0.10966247,
        -0.17276585,
        -0.1934163,
        -0.20283782,
        -0.18440497,
        -0.16450197,
        -0.13129759,
        -0.077741146,
        -0.029869735,
        0.01990068,
        0.03626597,
        0.07184076,
        0.119402915,
        0.12424669,
        0.14381891,
        0.1283383,
        0.16616276,
        0.17388737,
        0.1660766,
        0.16664848,
        0.13743067,
        0.1139825,
        0.046085417,
        0.0049564242,
        -0.01715517,
        -0.027654529,
        0.01137495,
        0.051895976,
        0.14349592,
        0.23543364,
        0.36040005,
        0.49384397,
        0.58523333,
        0.7030519,
        0.72689897,
        0.58979774,
        0.4452409,
        0.32130846,
        0.2181127,
        0.054846525,
        -0.2067818,
        -0.35280177,
        -0.44837323,
        -0.59739196,
        -0.7883301,
        -0.96260965,
        -1.1674519,
        -1.4606502,
        -1.8637482,
        -2.3522193,
        -2.9464495,
        -3.483675,
        -3.9010224,
        -4.0746613,
        -3.8828526,
        -3.2554774,
        -2.1279135,
        -0.74085325,
        0.58430487,
        1.6583436,
        2.5675392,
        3.3955534,
        4.1322765,
        4.631325,
        5.0980325,
        5.0672164,
        4.63784,
        4.468593,
        4.2311177,
        3.6943219,
        3.1432915,
        2.6573236,
        1.9609303,
        1.2348748,
        0.55501676,
        -0.013938516,
        -0.47321963,
        -0.81189924,
        -1.0263878,
        -1.1082137,
        -1.1133878,
        -1.0352999,
        -0.82867265,
        -0.5721091,
        -0.2573535,
        0.07141781,
        0.38694468,
        0.68597126,
        0.91728497,
        1.1061963,
        1.2491038,
        1.2898186,
        1.3156301,
        1.2935969,
        1.2337563,
        1.0837896,
        -1.0287867,
        -0.39634624,
        0.19321145,
        0.44361618,
        0.26844603,
        0.047003612,
        0.07035875,
        0.07580227,
        -0.09073025,
        -0.36022913,
        -0.5901068,
        -0.73364735,
        -0.7673236,
        -0.7407539,
        -0.61651754,
        -0.40269327,
        -0.15051496,
        0.076992184,
        0.2864713,
        0.4582396,
        0.567567,
        0.59624183,
        0.5877881,
        0.49418372,
        0.41314596,
        0.2673672,
        0.07235646,
        -0.1254229,
        -0.3298281,
        -0.5180181,
        -0.6241946,
        -0.63240737,
        -0.56470597,
        -0.44756654,
        -0.3407952
    ],
    "y": [
        0.01707697,
        0.04199028,
        0.06831503,
        0.12224865,
        0.13500643,
        0.14506769,
        0.117072105,
        0.06578255,
        0.03434038,
        0.013054848,
        -0.014854908,
        0.019309044,
        0.03886652,
        0.050895214,
        0.08145332,
        0.07109499,
        0.10811567,
        0.13047028,
        0.14543962,
        0.15770674,
        0.16949415,
        0.17124367,
        0.14402771,
        0.11420727,
        0.07717943,
        0.0642333,
        0.054101467,
        0.03996277,
        0.0410347,
        0.03842163,
        0.046565533,
        0.04418087,
        0.06219673,
        0.0625577,
        0.05027914,
        0.039765835,
        0.052324295,
        0.052162647,
        0.07022095,
        0.10638189,
        0.13199568,
        0.16613626,
        0.19940281,
        0.257905,
        0.3035078,
        0.35999155,
        0.4009838,
        0.4691844,
        0.51204586,
        0.5463886,
        0.59122324,
        0.6845398,
        0.7520833,
        0.79108953,
        0.84327936,
        0.7648463,
        0.66230583,
        0.5714321,
        0.44164085,
        0.059255123,
        -0.5128889,
        -1.3073192,
        -2.1739686,
        -3.0888486,
        -3.909292,
        -4.488975,
        -4.742373,
        -4.7329636,
        -4.463298,
        -4.1698523,
        -4.033547,
        -4.14919,
        -4.4665194,
        -4.81434,
        -5.006213,
        -4.9641094,
        -4.7059383,
        -4.2620344,
        -3.64883,
        -3.0360036,
        -2.392796,
        -1.9854584,
        -1.4252892,
        -0.5778904,
        -0.9988847,
        -1.5393281,
        -1.890635,
        -1.9738092,
        -1.9809322,
        -1.8297567,
        -1.5016499,
        -1.0826912,
        -0.77849483,
        -0.6441002,
        -0.6507187,
        -0.6954708,
        -0.7018652,
        -0.67958546,
        -0.6262493,
        -0.58243465,
        -0.5383854,
        -0.5369711,
        -0.656765,
        -0.7824588,
        -0.9279833,
        -1.1167912,
        -1.2958307,
        -1.474318,
        -1.651814,
        -1.7943583,
        -1.9469857,
        -2.1428685,
        -2.3590455,
        -1.463624,
        -1.2584205,
        -1.6015115,
        -1.9389739,
        -2.1512694,
        -2.2458282,
        -2.382648,
        -2.2443604,
        -1.8656654,
        -1.3774872,
        -0.9108434,
        -0.6298518,
        -0.5359402,
        -0.5897722,
        -0.72547436,
        -0.8099923,
        -0.8059845,
        -0.70483303,
        -0.57198095,
        -0.40107536,
        -0.26975155,
        -0.1459899,
        -0.0675354,
        -0.010189056,
        0.05220318,
        0.090545654,
        0.11398554,
        0.14347029,
        0.19491959,
        0.2077179,
        0.19058704,
        0.1593647,
        0.10856342,
        0.013902187,
        -0.05788374
    ],