{
    "class": "zpos",
    "duration_ms": 700,
    "x": [
        0.3806767,
        0.5643762,
        0.6997832,
        0.81491804,
        0.88454926,
        0.889982,
        0.83624333,
        0.7587286,
        0.63279706,
        0.5501294,
        0.39492804,
        0.15668112,
        -0.1280775,
        -0.4471333,
        -0.7448658,
        -0.89595324,
        -0.9658579,
        -0.99150604,
        -0.9976058,
        -1.0156088,
        -1.0076905,
        -0.98462397,
        -0.9412594,
        -0.894305,
        -0.89155495,
        -0.89411706,
        -0.8001497,
        -0.6348065,
        -0.43593448,
        -0.23032749,
        0.019378185,
        0.31164217,
        0.6488817,
        0.9950453,
        1.3096297,
        1.579147,
        1.7193116,
        1.7734864,
        1.7355609,
        1.6307895,
        1.5079983,
        1.3924052,
        1.2731211,
        1.1127229,
        0.9473382,
        0.76997906,
        0.5591539,
        0.37454063,
        0.20094186,
        0.044787824,
        -0.120890915,
        -0.33257133,
        -0.41579783,
        -0.45664868,
        -0.45971167,
        -0.40529054,
        -0.32597977,
        -0.18764314,
        -0.05920762,
        -0.016996324,
        0.015564024,
        -0.0073567033,
        -0.08178756,
        -0.16823226,
        -0.2677801,
        -0.36668676,
        -0.4608131,
        -0.531752,
        -0.6112032,
        -0.6876967,
        -0.72569704,
        -0.75408554,
        -0.75829065,
        -0.74277717,
        -0.72360206,
        -0.66879183,
        -0.6064637,
        -0.545429,
        -0.49928856,
        -0.4359714,
        -0.44087267,
        -0.3896069,
        -0.36136106,
        -0.32981038,
        -0.34248805,
        -0.37767127,
        -0.3971966,
        -0.4606112,
        -0.52241606,
        -0.5777768,
        -0.67958814,
        -0.7513367,
        -0.793531,
        -0.8067619,
        -0.77243364,
        -0.6981652,
        -0.5364578,
        -0.3519147,
        -0.17045099,
        -0.015894592,
        0.13568437,
        0.26755083,
        0.32948995,
        0.3622098,
        0.40878534,
        0.45968288,
        0.4699428,
        0.514341,
        0.5265144,
        0.52349514,
        0.48598987,
        0.3803292,
        0.294653,
        0.19014376,
        0.116349876,
        0.05133617,
        0.040085495,
        0.041619897,
        0.029720008,
        0.0692662,
        0.112749875,
        0.1848095,
        0.24786282,
        0.2928608,
        0.3272823,
        0.33436316,
        0.28496927,
        0.22174042,
        0.14398247,
        0.053690553,
        -0.025406063,
        -0.07413679,
        -0.102056384,
        -0.0922184,
        -0.0730598,
        -0.03463459,
        -0.010099947,
        0.01276201,
        0.03641945,
        0.058382332,
        0.052213132,
        0.032041073,
        0.047710896,
        0.036919475,
        0.011464179,
        0.0072047114,
        -0.016426742,
        -0.016056359,
        0.0012817979
    ],
    "y": [
        0.17698622,
        0.16754627,
        0.16004992,
        0.15184975,
        0.11175585,
        0.10142517,
        0.067997456,
        0.06069088,
        0.021162987,
        -0.06604147,
        -0.17581749,
        -0.32588768,
        -0.46922302,
        -0.59416723,
        -0.65268564,
        -0.6716523,
        -0.7754226,
        -0.915287,
        -1.0637426,
        -1.1739373,
        -1.2636552,
        -1.3384733,
        -1.3320594,
        -1.3239722,
        -1.274096,
        -1.1788111,
        -1.0226655,
        -0.8290019,
        -0.6622696,
        -0.5824871,
        -0.5947771,
        -0.61834955,
        -0.72578144,
        -0.7912178,
        -0.80836296,
        -0.78517437,
        -0.7289815,
        -0.59894943,
        -0.4710431,
        -0.337018,
        -0.26286507,
        -0.22837067,
        -0.18007135,
        -0.12910223,
        -0.06744146,
        -0.015865803,
        0.057359695,
        0.09522724,
        0.11733723,
        0.12883568,
        0.15863323,
        0.23313189,
        0.18970346,
        0.14576101,
        0.10144806,
        0.08069754,
        -0.0027589798,
        -0.11078739,
        -0.2556386,
        -0.40665245,
        -0.5833621,
        -0.7002635,
        -0.80368996,
        -0.84690475,
        -0.8911433,
        -0.9667287,
        -1.0466404,
        -1.103754,
        -1.194262,
        -1.2257304,
        -1.2370605,
        -1.1688433,
        -1.1146092,
        -1.0265298,
        -0.9714656,
        -0.9038973,
        -0.8714695,
        -0.84520245,
        -0.8822136,
        -0.9057555,
        -0.9393821,
        -0.9179349,
        -0.8813901,
        -0.79085636,
        -0.69372654,
        -0.5918455,
        -0.5182662,
        -0.42728424,
        -0.35710907,
        -0.30557156,
        -0.24420404,
        -0.2000122,
        -0.12341499,
        -0.039134502,
        0.0400815,
        0.06799984,
        0.07256603,
        0.034011364,
        -0.050536633,
        -0.13810492,
        -0.20946789,
        -0.25714493,
        -0.2878251,
        -0.26755333,
        -0.1933155,
        -0.12906694,
        -0.1266818,
        -0.12549734,
        -0.14173889,
        -0.13673449,
        -0.103074074,
        -0.06453943,
        0.002810955,
        0.087050915,
        0.14991951,
        0.19857407,
        0.21149063,
        0.22446966,
        0.20389462,
        0.17828465,
        0.16422415,
        0.14721823,
        0.117770195,
        0.08791685,
        0.057935715,
        0.028058052,
        0.055749893,
        0.105228424,
        0.13349295,
        0.15978622,
        0.19622755,
        0.19267464,
        0.19944525,
        0.21176004,
        0.17934704,
        0.1213994,
        0.11909294,
        0.06953192,
        0.03970194,
        0.022414207,
        -0.013308048,
        -0.01488781,
        -0.037254333,
        -0.027815819,
        -0.010621071,
        -0.016814709,
        -0.029700756,
        -0.025567532,
        -0.045193672
    ],