{
    "class": "zpos",
    "duration_ms": 700,
    "x": [
        0.015493602,
        0.09503853,
        0.1253374,
        0.15207149,
        0.14671598,
        0.14481503,
        0.13651766,
        0.11201091,
        0.08771829,
        0.07531619,
        0.072069004,
        0.07527816,
        0.06828037,
        0.0678345,
        0.06222762,
        0.065836355,
        0.06444816,
        0.06298691,
        0.042420685,
        0.01960653,
        0.0041735023,
        0.0030499399,
        0.049413264,
        0.03140545,
        0.03987944,
        0.039189845,
        0.053164303,
        0.071971565,
        0.06910971,
        0.080108434,
        0.076109216,
        0.106986865,
        0.10585168,
        0.08707026,
        0.09580454,
        0.10549535,
        0.05199662,
        -0.017065749,
        -0.102097675,
        -0.29148093,
        -0.53530735,
        -0.82834435,
        -0.96844304,
        -0.9259493,
        -0.91440386,
        -0.8560003,
        -0.8697839,
        -0.93104535,
        -1.0430984,
        -1.1662984,
        -1.2827892,
        -1.3254948,
        -1.2795284,
        -1.2232163,
        -1.10876,
        -0.9751861,
        -0.7591078,
        -0.5673454,
        -0.21971443,
        0.2491926,
        0.6207631,
        0.92043984,
        1.2237943,
        1.4271265,
        1.5781863,
        1.6756535,
        1.7011119,
        1.7198141,
        1.5770552,
        1.1681172,
        1.2586534,
        1.3923368,
        1.4488391,
        1.441857,
        1.4705954,
        1.4755664,
        1.4352953,
        1.3136573,
        1.1987932,
        1.0874169,
        0.97858036,
        0.89788496,
        0.79709494,
        0.75501746,
        0.7261039,
        0.73912853,
        0.7678802,
        0.75520515,
        0.4337411,
        0.37003493,
        0.5614976,
        0.6410223,
        0.6453255,
        0.52167666,
        0.4034308,
        0.31056297,
        0.2079939,
        0.094492346,
        -0.030511796,
        -0.18896934,
        -0.36496076,
        -0.5123437,
        -0.6278473,
        -0.7759301,
        -0.88951486,
        -0.98041666,
        -1.0459698,
        -1.0976547,
        -1.1153556,
        -1.0930992,
        -0.9937725,
        -0.8808296,
        -0.7411812,
        -0.6144713,
        -0.49749428,
        -0.39439443,
        -0.3429886,
        -0.27380052,
        -0.24690673,
        -0.22919051,
        -0.19254299,
        -0.18290235,
        -0.23925813,
        -0.24505015,
        -0.28462088,
        -0.31298357,
        -0.3304456,
        -0.35148302,
        -0.3353476,
        -0.34179956,
        -0.3491269,
        -0.35951516,
        -0.36307043,
        -0.3238433,
        -0.2942568,
        -0.25244793,
        -0.24626373,
        -0.21351635,
        -0.17113145,
        -0.15015015,
        -0.110189766,
        -0.051437803,
        -0.009986982,
        0.042877093,
        0.104903445,
        0.14020693,
        0.18492211,
        0.21520755,
        0.22415091
    ],
    "y": [
        0.047851086,
        0.07430649,
        0.11099672,
        0.15293503,
        0.13337708,
        0.12143803,
        0.083694935,
        0.06522703,
        0.06323147,
        0.034712315,
        0.04387045,
        0.011995316,
        0.010752201,
        -0.0099692345,
        0.007045746,
        0.0425148,
        0.09880686,
        0.11412001,
        0.11271143,
        0.11626005,
        0.1082778,
        0.11512756,
        0.09651947,
        0.0955224,
        0.10493851,
        0.09149122,
        0.09818077,
        0.08685303,
        0.07190275,
        0.0863986,
        0.07766533,
        0.07893324,
        0.08022165,
        0.09281254,
        0.099123,
        0.06990194,
        0.014097214,
        -0.0406003,
        -0.109913826,
        -0.18137407,
        -0.21228266,
        -0.2721491,
        -0.5113964,
        -0.98333836,
        -1.6365025,
        -2.317032,
        -2.9555976,
        -3.3692863,
        -3.5276015,
        -3.4333627,
        -3.1637678,
        -2.7747912,
        -2.3447676,
        -1.9480567,
        -1.5714068,
        -1.2692738,
        -1.0608721,
        -0.8962765,
        -0.75211763,
        -0.71748304,
        -0.6229806,
        -0.4691229,
        -0.32306767,
        -0.14426422,
        0.05492735,
        0.23346853,
        0.29566383,
        0.34462595,
        0.47828293,
        0.98081017,
        0.8307915,
        0.6125822,
        0.27609158,
        -0.011209488,
        -0.19908571,
        -0.31380224,
        -0.32882404,
        -0.3230772,
        -0.28203154,
        -0.21510124,
        -0.14604521,
        -0.12965775,
        -0.18964767,
        -0.26119184,
        -0.38715458,
        -0.5363021,
        -0.6630945,
        -0.78194094,
        -0.730865,
        -0.6776695,
        -0.7632508,
        -0.9037981,
        -1.023056,
        -1.1191931,
        -1.1978526,
        -1.2936826,
        -1.3606472,
        -1.3988428,
        -1.3946724,
        -1.3368931,
        -1.2855015,
        -1.2638001,
        -1.2250738,
        -1.1370635,
        -1.0410509,
        -0.96558475,
        -0.93387604,
        -0.9400573,
        -0.94717455,
        -1.0089192,
        -1.0256057,
        -1.1103587,
        -1.1560254,
        -1.1561794,
        -1.1164784,
        -1.0428171,
        -0.9176345,
        -0.78823805,
        -0.61614084,
        -0.5209327,
        -0.40692377,
        -0.32206059,
        -0.24988365,
        -0.13591146,
        -0.02383995,
        0.09034157,
        0.11747742,
        0.18155146,
        0.169693,
        0.16553736,
        0.17136908,
        0.22306728,
        0.25369787,
        0.28026962,
        0.3031087,
        0.3009658,
        0.32684326,
        0.30209208,
        0.29397297,
        0.29063082,
        0.25875378,
        0.22467804,
        0.19572401,
        0.20306444,
        0.16054773,
        0.14709425,
        0.109987736,
        0.09947014,
        0.077222824
    ],