{
    "class": "zpos",
    "duration_ms": 700,
    "x": [
        0.39110577,
        0.52558076,
        0.64889956,
        0.79707205,
        0.90972316,
        0.9806721,
        0.9409168,
        0.8332813,
        0.6569283,
        0.46088266,
        0.25559866,
        0.14705586,
        -0.0075080395,
        -0.11632335,
        -0.15181947,
        -0.11241913,
        -0.022287726,
        0.11156595,
        0.26081347,
        0.40226305,
        0.5557836,
        0.7248957,
        0.85607827,
        0.95785296,
        0.9595958,
        0.9075868,
        0.8379543,
        0.7169982,
        0.5368011,
        0.33934712,
        0.14486873,
        -0.07205331,
        -0.21954453,
        -0.34857988,
        -0.4166416,
        -0.0025769472,
        -0.115154386,
        -0.30784053,
        -0.5968301,
        -0.9556747,
        -1.215419,
        -1.3502808,
        -1.386075,
        -1.3917627,
        -1.3625426,
        -1.2745943,
        -1.1254694,
        -0.9935903,
        -0.84023786,
        -0.69852024,
        -0.64944625,
        -0.60204893,
        -0.5972318,
        -0.5874582,
        -0.6016635,
        -0.6091439,
        -0.63906044,
        -0.6273602,
        -0.5963596,
        -0.575616,
        -0.71353585,
        -0.80686724,
        -0.20363036,
        0.0724414,
        0.033403277,
        0.00048482418,
        0.088863015,
        0.14013779,
        0.17069519,
        0.20919251,
        0.29647934,
        0.41107804,
        0.50093615,
        0.52612734,
        0.5160125,
        0.49024457,
        0.4536838,
        0.41373837,
        0.397197,
        0.38793588,
        0.4175763,
        0.4121245,
        0.40486372,
        0.37149382,
        0.3160789,
        0.24243855,
        0.16634166,
        0.09668648,
        0.05205381,
        0.024967313,
        0.010319114,
        0.046355844,
        0.11671579,
        0.19824362,
        0.29674828,
        0.3818562,
        0.4661014,
        0.53069174,
        0.54695153,
        0.5410098,
        0.48148036,
        0.41357005,
        0.32741368,
        0.25627005,
        0.16157329,
        0.08608389,
        0.024808645,
        -0.027278543,
        -0.06554413,
        -0.11168617,
        -0.09652668,
        -0.08967304,
        -0.071994066,
        0.0020331144,
        0.09693694,
        0.21063113,
        0.2885846,
        0.35013533,
        0.4171058,
        0.43950427,
        0.410434,
        0.3538139,
        0.25754237,
        0.16188216,
        0.04749453,
        -0.05958414,
        -0.1596607,
        -0.2697236,
        -0.3565104,
        -0.41794682,
        -0.43236905,
        -0.41178352,
        -0.3344373,
        -0.20016831,
        -0.08033371,
        0.054203153,
        0.1632936,
        0.21602464,
        0.20038497,
        0.1566565,
        0.10839486,
        0.05279374,
        -0.020076513,
        -0.060220838,
        -0.08210719,
        -0.10966337,
        -0.113930225,
        -0.085220754,
        -0.054302335
    ],
    "y": [
        -0.75558996,
        -0.7081275,
        -0.6227784,
        -0.5456171,
        -0.5294671,
        -0.56697035,
        -0.66521883,
        -0.80506563,
        -0.8788886,
        -0.9419856,
        -1.0208826,
        -1.0821714,
        -1.2023954,
        -1.3405433,
        -1.4243317,
        -1.548708,
        -1.6361089,
        -1.7596316,
        -1.8466272,
        -1.925065,
        -1.9512119,
        -2.0296912,
        -2.0975251,
        -2.1778517,
        -2.2459702,
        -2.27706,
        -2.289384,
        -2.2201128,
        -2.0830984,
        -1.9329247,
        -1.7596655,
        -1.6277618,
        -1.5372009,
        -1.3950739,
        -1.223506,
        -1.16928,
        -1.2829785,
        -1.3970861,
        -1.499021,
        -1.4157314,
        -1.2065649,
        -1.0530252,
        -1.0028572,
        -1.0152912,
        -1.0042038,
        -0.981637,
        -0.95496845,
        -1.0058832,
        -1.0151577,
        -1.0333958,
        -0.996366,
        -0.9641199,
        -0.93445015,
        -0.8932457,
        -0.83842945,
        -0.80853367,
        -0.7751565,
        -0.74580956,
        -0.7040653,
        -0.66243076,
        -0.72067976,
        -0.4817133,
        -0.6980057,
        -1.0397229,
        -1.2007399,
        -1.1478024,
        -1.0077019,
        -0.76102877,
        -0.5726285,
        -0.4804845,
        -0.48440886,
        -0.47644138,
        -0.458704,
        -0.39753342,
        -0.31429195,
        -0.26618385,
        -0.19555473,
        -0.0974679,
        -0.021959782,
        0.045608997,
        0.11270666,
        0.15553904,
        0.20055771,
        0.22613335,
        0.26803827,
        0.32133532,
        0.33310604,
        0.3556018,
        0.37878036,
        0.37592888,
        0.3277316,
        0.3011074,
        0.24347544,
        0.17405128,
        0.15522051,
        0.12031317,
        0.064807415,
        0.024777412,
        -0.030623436,
        -0.053300858,
        -0.076411724,
        -0.08044672,
        -0.07471323,
        -0.05429697,
        -0.06450939,
        -0.06705141,
        -0.09545088,
        -0.12120342,
        -0.11105204,
        -0.11795235,
        -0.096729755,
        -0.109694004,
        -0.13529682,
        -0.14953995,
        -0.1499691,
        -0.16751575,
        -0.1804967,
        -0.16231298,
        -0.18930054,
        -0.15121841,
        -0.17722178,
        -0.1643343,
        -0.1485734,
        -0.10616636,
        -0.09943247,
        -0.07097483,
        -0.047173023,
        0.00068473816,
        0.00333786,
        0.04455471,
        0.03585148,
        0.022904396,
        -0.011050224,
        -0.030087948,
        -0.046152115,
        -0.07603264,
        -0.11011505,
        -0.11980295,
        -0.12192774,
        -0.12843895,
        -0.09886789,
        -0.07402277,
        -0.06368637,
        -0.03196335,
        -0.021955967,
        -0.000166893,
        -0.007268429,
        -0.04555559,
        -0.05042219
    ],