{
    "class": "zpos",
    "duration_ms": 700,
    "x": [
        0.1853525,
        0.24599785,
        0.24060768,
        0.22458142,
        0.20257843,
        0.14819896,
        0.061186016,
        -0.0039678216,
        -0.05723691,
        -0.07968682,
        -0.03369093,
        0.03286469,
        0.09620631,
        0.14706802,
        0.20946145,
        0.17184585,
        0.19415033,
        0.16665184,
        0.11579245,
        0.062904954,
        0.010200977,
        -0.040240526,
        -0.09081167,
        -0.15110803,
        -0.19477564,
        -0.20991325,
        -0.1751588,
        -0.12397474,
        -0.07057935,
        -0.019717395,
        -0.014130235,
        -0.01589042,
        -0.0039028525,
        0.014170766,
        -0.0071534514,
        -0.005967796,
        -0.0227198,
        -0.09332883,
        -0.2781384,
        -0.6136999,
        -1.0845019,
        -1.6107843,
        -2.0412998,
        -2.3163984,
        -2.4176116,
        -2.2160747,
        -1.9085957,
        -1.5048267,
        -1.0374956,
        -0.756104,
        -0.6024537,
        -0.53617626,
        -0.6605152,
        -0.7563185,
        -0.68262446,
        -0.37975353,
        0.004619479,
        0.5386851,
        1.1324328,
        1.6935849,
        2.190082,
        2.680983,
        3.1872575,
        3.4664264,
        3.5452561,
        3.5707822,
        3.616763,
        3.588369,
        3.4295049,
        3.1746712,
        2.812901,
        2.5680795,
        2.3346996,
        2.0784125,
        1.742194,
        1.274327,
        0.7037846,
        0.48449945,
        0.36365372,
        0.2639718,
        0.080427706,
        0.046363235,
        0.060202837,
        0.06983292,
        0.10285854,
        0.16299099,
        0.24894166,
        0.30906093,
        0.37534714,
        0.41988134,
        0.40482098,
        0.42126074,
        0.39271343,
        0.335897,
        0.2794431,
        0.19182694,
        0.13481703,
        0.077011585,
        0.06858736,
        0.037754178,
        0.0062265396,
        -0.047805756,
        -0.14135174,
        -0.7625603,
        -1.0232922,
        -0.6054554,
        -0.34096354,
        -0.39654166,
        -0.366652,
        -0.17421019,
        -0.003995657,
        0.06673515,
        -0.026367009,
        -0.19406734,
        -0.3715866,
        -0.5305816,
        -0.67147136,
        -0.7517246,
        -0.790782,
        -0.7697784,
        -0.74596643,
        -0.6614878,
        -0.57555985,
        -0.4634525,
        -0.35554937,
        -0.24435553,
        -0.13172433,
        -0.012404501,
        0.106740594,
        0.19728082,
        0.2353701,
        0.23981375,
        0.214814,
        0.1381706,
        0.045103908,
        -0.06980413,
        -0.13785368,
        -0.1358504,
        -0.099787,
        0.011180043,
        0.16178972,
        0.37939936,
        0.6219407,
        0.7895872,
        0.8777289,
        0.92197764,
        0.885986,
        0.80517936,
        0.70309335
    ],
    "y": [
        0.073163986,
        0.040244102,
        0.024190426,
        0.005958557,
        0.026025772,
        0.058156013,
        0.08562136,
        0.13469696,
        0.1340375,
        0.12445116,
        0.08477402,
        0.0532856,
        0.017996311,
        -0.0068149567,
        -0.02369976,
        -0.023365974,
        -0.015489101,
        -0.009625435,
        0.015622616,
        -0.0040693283,
        0.0052523613,
        -0.011244774,
        0.02970314,
        0.02791977,
        0.04073286,
        0.060983658,
        0.031810284,
        0.034385204,
        0.044778347,
        0.0463109,
        0.06036043,
        0.08205509,
        0.09931326,
        0.11212444,
        0.10859537,
        0.122004986,
        0.12614965,
        0.14971781,
        0.21634817,
        0.28007317,
        0.33987665,
        0.34920835,
        0.2826543,
        0.04019499,
        -0.5062814,
        -1.4139326,
        -2.1241527,
        -2.6647768,
        -3.1875014,
        -3.6482146,
        -4.048368,
        -4.321114,
        -4.398488,
        -4.2143846,
        -4.041081,
        -3.9844623,
        -4.0989003,
        -4.394911,
        -4.782041,
        -5.04808,
        -5.187279,
        -5.1396475,
        -5.017746,
        -4.758752,
        -4.500675,
        -4.2049446,
        -3.860262,
        -3.398817,
        -2.966064,
        -2.4854584,
        -1.933773,
        -1.3024125,
        -1.0940695,
        -0.9667492,
        -1.0282364,
        -1.0920758,
        -0.960413,
        -0.94516563,
        -1.1164222,
        -1.3528881,
        -1.5476003,
        -1.665071,
        -1.7080307,
        -1.7008786,
        -1.6322107,
        -1.4905982,
        -1.3100114,
        -1.1530123,
        -1.0246091,
        -0.9966917,
        -1.0286565,
        -1.0416317,
        -1.0643702,
        -1.0537558,
        -1.0383601,
        -1.0203605,
        -1.0114555,
        -0.99221563,
        -1.0173516,
        -1.043602,
        -1.0469122,
        -1.0582209,
        -1.0656762,
        -0.8418708,
        -0.5112343,
        -0.58758307,
        -0.8765001,
        -1.2450557,
        -1.5094428,
        -1.6767898,
        -1.646203,
        -1.4578991,
        -1.2027154,
        -0.9837837,
        -0.84461355,
        -0.8218131,
        -0.86844397,
        -0.94017076,
        -1.0044236,
        -0.98745155,
        -0.9394975,
        -0.87434006,
        -0.786417,
        -0.69138956,
        -0.5736823,
        -0.4776616,
        -0.3616805,
        -0.24415302,
        -0.12933874,
        -0.04801178,
        0.050218582,
        0.12237549,
        0.1995349,
        0.25768328,
        0.30610085,
        0.3443203,
        0.33838892,
        0.31410408,
        0.2805109,
        0.20384026,
        0.14393759,
        0.09376764,
        0.036891937,
        0.007267475,
        -0.042563915,
        -0.07392788,
        -0.06751156,
        -0.07329559,
        -0.026356697
    ],