{
    "class": "zpos",
    "duration_ms": 700,
    "x": [
        -0.39044496,
        -0.39294666,
        -0.38170284,
        -0.3069112,
        -0.23784849,
        -0.18376338,
        -0.0898255,
        -0.013206147,
        0.051119,
        0.09632176,
        0.10579723,
        0.10596906,
        0.11586848,
        0.10921374,
        0.09554387,
        0.08194413,
        0.049345933,
        0.031002626,
        0.005463168,
        -0.01766213,
        -0.05022642,
        -0.046967447,
        -0.06736713,
        -0.089836136,
        -0.11203443,
        -0.11013375,
        -0.13182199,
        -0.15318999,
        -0.14812076,
        -0.1334062,
        -0.11849492,
        -0.10821542,
        -0.12877133,
        -0.1279808,
        -0.10380694,
        -0.08498259,
        -0.05959239,
        -0.06093306,
        -0.012712158,
        0.008771025,
        0.032289222,
        0.050831236,
        0.026626073,
        0.04072216,
        0.02170249,
        -0.020490639,
        -0.0405033,
        -0.050409567,
        -0.064677104,
        -0.062075894,
        -0.049992885,
        -0.06403044,
        -0.05887245,
        -0.06560656,
        -0.08163162,
        -0.05932683,
        -0.06788997,
        -0.06428645,
        -0.063025504,
        -0.049913917,
        -0.04876711,
        -0.047703255,
        -0.034823105,
        -0.03879267,
        -0.052495785,
        -0.06875421,
        -0.04489317,
        -0.012322556,
        0.057471696,
        0.13095985,
        0.19156203,
        0.32452422,
        0.37719357,
        0.30303818,
        0.20288537,
        0.13853624,
        0.06982393,
        -0.1144798,
        -0.42416483,
        -0.7045012,
        -0.82522887,
        -0.8879509,
        -0.90231127,
        -0.932784,
        -0.904533,
        -0.84715664,
        -0.7971834,
        -0.71681285,
        -0.6065481,
        -0.5127681,
        -0.41784668,
        -0.3378158,
        -0.20513263,
        -0.07235421,
        0.07874492,
        0.28988308,
        0.50457174,
        0.70948744,
        0.8959923,
        1.0580856,
        1.2044523,
        1.3317862,
        1.4132745,
        1.3958015,
        1.2811186,
        0.93288964,
        0.30304274,
        0.16484538,
        0.12061224,
        0.06605998,
        -0.00732401,
        -0.048569158,
        0.04911232,
        0.044299588,
        -0.08605069,
        -0.15067637,
        -0.12672244,
        -0.11027552,
        -0.10845071,
        -0.0921925,
        -0.10213083,
        -0.066583425,
        -0.025882453,
        0.0446603,
        0.11483616,
        0.22385687,
        0.32960868,
        0.4450022,
        0.56611323,
        0.6481875,
        0.75162876,
        0.8098837,
        0.82540023,
        0.811276,
        -0.25732863,
        -0.46989018,
        0.55900073,
        0.9437753,
        0.89028966,
        0.861285,
        0.7542219,
        0.65821767,
        0.48293757,
        0.21535692,
        -0.06382096,
        -0.25877532,
        -0.32854638,
        -0.29210535,
        -0.22076015
    ],
    "y": [
        0.014826775,
        -0.03966999,
        -0.091812134,
        -0.1631093,
        -0.2249856,
        -0.25624943,
        -0.26434803,
        -0.27319193,
        -0.28507328,
        -0.24286413,
        -0.22524166,
        -0.1891427,
        -0.14894152,
        -0.12838936,
        -0.096384525,
        -0.083860874,
        -0.07661009,
        -0.081712246,
        -0.09421635,
        -0.104539394,
        -0.117298126,
        -0.13704872,
        -0.07813835,
        -0.05738163,
        -0.026880264,
        -0.0032839775,
        0.018238068,
        0.03535223,
        0.06706476,
        0.08231449,
        0.0811162,
        0.1109395,
        0.1335411,
        0.11081934,
        0.12622356,
        0.08921909,
        0.06661987,
        0.0584054,
        0.043064117,
        0.044398785,
        0.010062695,
        0.040166855,
        0.046331406,
        0.028977871,
        0.043180466,
        0.034293175,
        0.045341015,
        0.08090544,
        0.09569836,
        0.09464121,
        0.08258963,
        0.026298523,
        0.011557102,
        -0.021409035,
        -0.05360031,
        -0.049438477,
        -0.0710516,
        -0.06361914,
        -0.04877472,
        -0.057368755,
        -0.036999226,
        -0.049585342,
        -0.030799389,
        -0.009391785,
        0.019313335,
        0.07412481,
        0.09537315,
        0.12827206,
        0.13209248,
        0.15875864,
        0.18811607,
        0.22116661,
        0.22568703,
        0.2408576,
        0.2696123,
        0.27148056,
        0.07636833,
        -0.20638037,
        -0.45303345,
        -0.671576,
        -1.0277872,
        -1.4643865,
        -1.9755733,
        -2.437877,
        -2.8398156,
        -3.0905764,
        -3.2426693,
        -3.1858573,
        -2.9556775,
        -2.645372,
        -2.381898,
        -2.1298094,
        -1.9427991,
        -1.8034201,
        -1.6639357,
        -1.5342798,
        -1.3884888,
        -1.2651582,
        -1.1236796,
        -0.96385527,
        -0.7519512,
        -0.44714594,
        -0.13323116,
        0.14181042,
        0.31321812,
        0.3832178,
        0.48281002,
        0.46295834,
        0.23501873,
        -0.016691208,
        -0.22746754,
        -0.3562851,
        -0.46956873,
        -0.58917284,
        -0.6604576,
        -0.73307896,
        -0.68215084,
        -0.70585346,
        -0.80392647,
        -0.9305749,
        -1.0063324,
        -1.0975313,
        -1.1699986,
        -1.2232399,
        -1.3500729,
        -1.4090233,
        -1.4262934,
        -1.4472203,
        -1.4836917,
        -1.6120467,
        -1.7340813,
        -1.9118071,
        -2.0948863,
        -2.2479992,
        -1.7952733,
        -1.3361921,
        -2.0302644,
        -2.4610815,
        -2.6814954,
        -2.7638335,
        -2.5971675,
        -2.217527,
        -1.6791997,
        -1.1128292,
        -0.625267,
        -0.2873106,
        -0.15795374,
        -0.26493883,
        -0.4732499
    ],