{
    "class": "zpos",
    "duration_ms": 700,
    "x": [
        -0.31168923,
        -0.2479445,
        -0.19707009,
        -0.13459185,
        -0.03622058,
        0.008029312,
        0.032119185,
        0.06946936,
        0.06521636,
        0.07397032,
        0.066731066,
        0.083765775,
        0.06768829,
        0.058878124,
        0.047637522,
        0.038580865,
        0.036351264,
        -0.020751476,
        -0.053904563,
        -0.11308193,
        -0.12436724,
        -0.17354396,
        -0.21510062,
        -0.21591777,
        -0.23096788,
        -0.23413903,
        -0.24235794,
        -0.23424968,
        -0.18856686,
        -0.18636635,
        -0.12275654,
        -0.08834967,
        -0.049675405,
        -0.009099811,
        -0.01174739,
        0.011633456,
        0.03938529,
        0.054912,
        0.03462872,
        0.042910606,
        0.06763506,
        0.06106782,
        0.01879698,
        0.014535874,
        0.0384579,
        0.04045549,
        0.07074681,
        0.09353033,
        0.14713411,
        0.18877661,
        0.22109632,
        0.24421194,
        0.26055312,
        0.26059428,
        0.26328787,
        0.2662425,
        0.25497833,
        0.22927497,
        0.20804296,
        0.18160756,
        0.1521173,
        0.12674266,
        0.10318267,
        0.048472494,
        -0.018117398,
        -0.12031871,
        -0.17953643,
        -0.1932599,
        -0.27018666,
        -0.45956784,
        -0.7300859,
        -0.9975277,
        -1.1640974,
        -1.2748429,
        -1.3068595,
        -1.2741762,
        -1.1620827,
        -0.9821284,
        -0.7409065,
        -0.50044703,
        -0.24442759,
        -0.019106567,
        0.32761097,
        0.5723713,
        0.7911451,
        1.0501832,
        1.3631432,
        1.7148731,
        2.1028676,
        2.3669505,
        2.5956795,
        2.7744205,
        2.8623066,
        2.8876894,
        2.8644419,
        2.7924788,
        2.6363387,
        2.3509636,
        2.2380714,
        2.1260874,
        1.9185219,
        1.6476445,
        1.3547734,
        1.1068699,
        0.8391423,
        0.49398297,
        0.0977537,
        -0.27974176,
        -0.5209342,
        -0.7359025,
        -0.9538094,
        -1.108992,
        -1.0721252,
        -0.9311826,
        -0.88758975,
        -0.8894647,
        -0.89644086,
        -0.9243653,
        -0.96176416,
        -0.95273435,
        -0.8621333,
        -0.6975281,
        -0.48059905,
        -0.21611059,
        -0.01095444,
        0.13619876,
        0.26246852,
        0.31395662,
        0.30324757,
        0.26865876,
        0.20987809,
        0.10760862,
        0.011791468,
        -0.15240765,
        -0.292082,
        -0.42907363,
        -0.53257775,
        -0.60774904,
        -0.657193,
        -0.6524556,
        -0.6201506,
        -0.59374815,
        -0.54678494,
        -0.49347317,
        -0.42904252,
        -0.3605582,
        -0.2829854,
        -0.2484898,
        -0.1682527
    ],
    "y": [
        -0.072052956,
        -0.10010433,
        -0.077451706,
        -0.0404191,
        -0.022699356,
        -0.019695282,
        -0.012611389,
        -0.0039815903,
        -0.017710686,
        -0.051267624,
        -0.07365084,
        -0.07548332,
        -0.12094116,
        -0.16690636,
        -0.18708372,
        -0.20538187,
        -0.21452904,
        -0.20740652,
        -0.19595242,
        -0.18247938,
        -0.1455884,
        -0.11864042,
        -0.072937965,
        -0.048900127,
        -0.022406578,
        -0.0028691292,
        -0.0020065308,
        -0.019560337,
        -0.01973629,
        -0.03594017,
        -0.049142838,
        -0.05474329,
        -0.069422245,
        -0.052863598,
        -0.026770592,
        -0.014985561,
        0.0346694,
        0.05307436,
        0.080830574,
        0.094117165,
        0.07408714,
        0.094715595,
        0.11305475,
        0.10070181,
        0.09599924,
        0.09890413,
        0.07139492,
        0.058805466,
        0.03019905,
        0.030852795,
        0.029637814,
        0.03366804,
        0.057124138,
        0.07115841,
        0.10421133,
        0.10834837,
        0.1049428,
        0.07244015,
        0.060662746,
        0.033469677,
        0.014322281,
        0.00036907196,
        0.0030751228,
        0.012544632,
        -0.018975258,
        -0.01763773,
        -0.002849102,
        -0.02463913,
        -0.085001945,
        -0.16693258,
        -0.23735857,
        -0.2973318,
        -0.31741095,
        -0.44744587,
        -0.688602,
        -1.003428,
        -1.3084254,
        -1.5864251,
        -1.8194764,
        -1.9266791,
        -1.9130378,
        -1.7142973,
        -1.4340382,
        -1.1140084,
        -0.74597836,
        -0.36266184,
        -0.12367201,
        0.0003976822,
        0.15831423,
        0.20934343,
        0.2905259,
        0.38075686,
        0.446867,
        0.551342,
        0.69698095,
        0.8602848,
        1.0320373,
        1.6666346,
        1.616128,
        1.2525749,
        0.85370445,
        0.4864092,
        0.28451586,
        0.17611885,
        0.099116325,
        0.08934355,
        0.1251483,
        0.29025078,
        0.44365454,
        0.52531624,
        0.50771904,
        0.3911004,
        0.24656963,
        -0.022721767,
        -0.37281942,
        -0.8144326,
        -1.2665129,
        -1.6351545,
        -1.86583,
        -1.9295664,
        -1.8784566,
        -1.7855892,
        -1.6805611,
        -1.5903907,
        -1.4966719,
        -1.4312701,
        -1.385809,
        -1.3331292,
        -1.3037479,
        -1.2567587,
        -1.1993694,
        -1.0814853,
        -0.95820594,
        -0.8177247,
        -0.65503216,
        -0.5059042,
        -0.32226944,
        -0.199512,
        -0.08942032,
        0.027455807,
        0.13691807,
        0.21776819,
        0.2941394,
        0.3663106,
        0.38420153,
        0.42456722,
        0.45406103,
        0.4558897,
        0.46107197
    ],