{
    "class": "zpos",
    "duration_ms": 700,
    "x": [
        0.059629887,
        0.17422041,
        0.28615052,
        0.34367535,
        0.38307947,
        0.41409943,
        0.39878154,
        0.37757593,
        0.3525829,
        0.2998065,
        0.29047987,
        0.27899083,
        0.27235278,
        0.23477623,
        0.19960228,
        0.13359559,
        0.122398436,
        0.061105758,
        0.04513696,
        0.06241545,
        0.070032835,
        0.068133235,
        0.08063352,
        0.095662475,
        0.1275017,
        0.15467763,
        0.20575112,
        0.20937064,
        0.19660047,
        0.2009044,
        0.2029962,
        0.17442754,
        0.12009007,
        0.044906735,
        0.020170182,
        -0.025757164,
        -0.07124564,
        -0.11380577,
        -0.13690731,
        -0.17151338,
        -0.20803998,
        -0.24179398,
        -0.25140768,
        -0.2870182,
        -0.29606038,
        -0.30019474,
        -0.2780794,
        -0.28213263,
        -0.2670352,
        -0.20194045,
        -0.10386875,
        -0.00178352,
        0.025695622,
        0.026725322,
        0.058880925,
        0.1554535,
        0.23249003,
        0.23019955,
        0.20986211,
        0.22175342,
        0.26277384,
        0.21141475,
        0.10479078,
        -0.038960397,
        -0.12800986,
        -0.20448303,
        -0.35849392,
        -0.6174401,
        -0.927366,
        -1.208703,
        -1.4086771,
        -1.522183,
        -1.6038998,
        -1.5363042,
        -1.3673437,
        -1.1569147,
        -0.86965823,
        -0.49890384,
        -0.1334588,
        0.2286303,
        0.5433664,
        0.8317506,
        1.072211,
        1.1905718,
        1.1578066,
        1.0048335,
        0.9301132,
        0.9046068,
        0.8390937,
        0.56577903,
        0.61083776,
        0.7257245,
        0.76063997,
        0.7573141,
        0.7258342,
        0.58794606,
        0.4251902,
        0.33025748,
        0.22855443,
        0.16514438,
        0.12774974,
        0.13542473,
        0.20029283,
        0.3249374,
        0.44755197,
        0.55677265,
        0.6676009,
        0.78555876,
        0.8755335,
        0.890453,
        0.9167817,
        0.88552547,
        0.83557546,
        0.75102794,
        -0.26060778,
        -0.19844332,
        0.318766,
        0.29181126,
        0.03288436,
        -0.2210773,
        -0.37336844,
        -0.46484375,
        -0.55722857,
        -0.6744672,
        -0.8169991,
        -0.90179795,
        -0.95850956,
        -0.97473097,
        -0.97130835,
        -0.9169109,
        -0.82358915,
        -0.70292056,
        -0.62578183,
        -0.4928845,
        -0.3701147,
        -0.25160682,
        -0.13175541,
        -0.04088843,
        0.012267292,
        0.06911224,
        0.084569216,
        0.0943723,
        0.043397397,
        -0.05434671,
        -0.14210841,
        -0.2158747,
        -0.3195341,
        -0.37270477,
        -0.43367177
    ],
    "y": [
        0.018338203,
        -0.024992466,
        -0.03468418,
        -0.03232336,
        -0.027536869,
        0.0057911873,
        0.0033140182,
        0.0008740425,
        0.0150232315,
        0.00990057,
        -0.009651661,
        -0.02696228,
        -0.077661514,
        -0.0712266,
        -0.062729836,
        -0.03310156,
        0.031736374,
        0.072092056,
        0.08808136,
        0.089475155,
        0.10967684,
        0.11063671,
        0.10207844,
        0.08649826,
        0.085222244,
        0.09337473,
        0.084712505,
        0.0950551,
        0.095843315,
        0.06354618,
        0.076694965,
        0.08507872,
        0.079268456,
        0.12583637,
        0.12466478,
        0.16162395,
        0.16286993,
        0.16195774,
        0.16370726,
        0.15624714,
        0.18253422,
        0.19015026,
        0.21260786,
        0.19771576,
        0.16722775,
        0.17355537,
        0.14517307,
        0.18207884,
        0.1576891,
        0.17212391,
        0.17476797,
        0.17986536,
        0.19919014,
        0.18514156,
        0.23502493,
        0.27876472,
        0.29159307,
        0.2793584,
        0.1971569,
        0.06645441,
        -0.15692139,
        -0.55298567,
        -1.069303,
        -1.6527238,
        -2.2562172,
        -2.8792846,
        -3.4196284,
        -3.7956097,
        -3.9365401,
        -3.8142734,
        -3.525322,
        -3.1262102,
        -2.6670685,
        -2.330052,
        -2.0657215,
        -1.8754501,
        -1.7181334,
        -1.5890465,
        -1.4740148,
        -1.3324828,
        -1.1645255,
        -1.0275574,
        -0.84498405,
        -0.6312156,
        -0.4242878,
        -0.16881561,
        0.08023071,
        0.28674793,
        0.48607063,
        0.7775974,
        0.6225233,
        0.2697363,
        -0.048781395,
        -0.30682564,
        -0.41103935,
        -0.39004135,
        -0.32022095,
        -0.29929352,
        -0.28397465,
        -0.30761337,
        -0.34133434,
        -0.3872404,
        -0.44264126,
        -0.5167351,
        -0.6282873,
        -0.77217484,
        -0.92190933,
        -1.0653801,
        -1.2431612,
        -1.4120469,
        -1.6052842,
        -1.7484198,
        -1.8747053,
        -2.0225873,
        -1.704175,
        -1.4177432,
        -1.636579,
        -1.7688599,
        -1.7931252,
        -1.8003454,
        -1.8555136,
        -1.8899155,
        -1.8850236,
        -1.8408866,
        -1.7710772,
        -1.676496,
        -1.5837474,
        -1.4643345,
        -1.3114047,
        -1.2010207,
        -1.1583381,
        -1.1580296,
        -1.1794353,
        -1.216003,
        -1.234766,
        -1.1981616,
        -1.1212912,
        -1.0123782,
        -0.9013772,
        -0.77772474,
        -0.64550495,
        -0.5281348,
        -0.38463354,
        -0.267581,
        -0.15084743,
        -0.092261314,
        0.0009074211,
        0.034670353,
        0.05861664
    ],