{
    "class": "zpos",
    "duration_ms": 700,
    "x": [
        0.02412524,
        0.059642605,
        0.098647326,
        0.11775305,
        0.15316582,
        0.20771286,
        0.20329696,
        0.19282731,
        0.13603798,
        0.05908364,
        -0.014450125,
        -0.09914095,
        -0.13079984,
        -0.15737185,
        -0.19791326,
        -0.19299415,
        -0.16711956,
        -0.16090782,
        -0.13167405,
        -0.08197809,
        -0.08320226,
        -0.016520552,
        0.0346616,
        0.10625098,
        0.16259162,
        0.22984506,
        0.29597336,
        0.35401526,
        0.37833384,
        0.36244285,
        0.31822634,
        0.13570921,
        -0.08808823,
        -0.21147205,
        -0.32562804,
        -0.58470124,
        -0.822004,
        -1.0111593,
        -1.1158084,
        -1.2021259,
        -1.279035,
        -1.3075168,
        -1.2985485,
        -1.2678539,
        -1.1862837,
        -1.0704439,
        -0.9868579,
        -0.8755344,
        -0.73186004,
        -0.6139729,
        -0.45557213,
        -0.2524906,
        -0.03183815,
        0.23458442,
        0.48163095,
        0.6994339,
        0.9303442,
        1.0944536,
        1.1789839,
        1.1790277,
        1.116469,
        0.96591604,
        0.7882333,
        0.71789134,
        0.6851076,
        0.694747,
        0.53838074,
        0.14997914,
        0.24539587,
        -0.028405339,
        -0.014654547,
        0.12387887,
        0.30325264,
        0.4419845,
        0.5546948,
        0.6226198,
        0.681794,
        0.7064004,
        0.74750626,
        0.8249772,
        0.83657897,
        0.5424216,
        0.8921552,
        1.409951,
        1.6761929,
        1.7042607,
        1.72981,
        1.8218472,
        1.8424529,
        1.671833,
        1.3619068,
        1.070584,
        0.7909888,
        0.44665578,
        0.11967838,
        -0.25070107,
        -0.61202216,
        -0.86905956,
        -1.0867813,
        -1.2009938,
        -1.2762086,
        -1.3186914,
        -1.2817178,
        -1.2257417,
        -1.136942,
        -1.0685964,
        -0.98566705,
        -0.9111528,
        -0.8130728,
        -0.71731645,
        -0.6334374,
        -0.5450932,
        -0.4816873,
        -0.48022655,
        -0.5060164,
        -0.53841376,
        -0.5330492,
        -0.51476896,
        -0.51061034,
        -0.4590506,
        -0.44891533,
        -0.37476447,
        -0.34882972,
        -0.29883766,
        -0.3077854,
        -0.29143444,
        -0.29004538,
        -0.2842374,
        -0.26888478,
        -0.20068407,
        -0.18705198,
        -0.16093054,
        -0.10571846,
        -0.064706296,
        -0.049999744,
        0.01741618,
        0.07533905,
        0.13309851,
        0.20747554,
        0.2551396,
        0.3165894,
        0.32955417,
        0.33491832,
        0.35216483,
        0.38148147,
        0.37505898,
        0.34465557,
        0.29963836,
        0.23753482
    ],
    "y": [
        0.05483365,
        0.04897237,
        0.025247335,
        0.040710688,
        0.042726755,
        0.08105469,
        0.09815192,
        0.10348225,
        0.08266139,
        0.08563328,
        0.090699196,
        0.06204319,
        0.05193758,
        0.024480104,
        -0.032190323,
        -0.070454836,
        -0.114210606,
        -0.14225698,
        -0.11428571,
        -0.08784938,
        -0.067709446,
        -0.01806736,
        0.0036666393,
        0.012182713,
        0.033842325,
        0.020975828,
        0.035228014,
        0.06170273,
        0.09731221,
        0.082175255,
        0.016261816,
        -0.07874632,
        -0.105831385,
        -0.05524707,
        -0.10059857,
        -0.29763794,
        -0.62284327,
        -0.97945285,
        -1.4136074,
        -1.846549,
        -2.2301226,
        -2.6015048,
        -2.8989637,
        -3.067492,
        -3.083051,
        -2.945718,
        -2.6940892,
        -2.3837795,
        -2.0419245,
        -1.708087,
        -1.448482,
        -1.2386336,
        -1.0829816,
        -0.9931555,
        -0.9258957,
        -0.83547926,
        -0.7957196,
        -0.7582264,
        -0.70110273,
        -0.5834327,
        -0.45043612,
        -0.2876339,
        -0.14285183,
        0.008058548,
        0.096037865,
        0.2096901,
        0.3751316,
        0.62087536,
        0.76993036,
        0.833725,
        0.7451854,
        0.52635527,
        0.28068542,
        0.049334526,
        -0.17454672,
        -0.3522005,
        -0.4639759,
        -0.5141916,
        -0.5070772,
        -0.43270063,
        -0.30811882,
        0.032556534,
        0.14142466,
        -0.046394825,
        -0.2977643,
        -0.6720362,
        -1.0710888,
        -1.4858031,
        -1.6781428,
        -1.7312772,
        -1.7059939,
        -1.6192944,
        -1.5489533,
        -1.4814143,
        -1.3904302,
        -1.2856095,
        -1.1740069,
        -1.081114,
        -0.96320415,
        -0.9268732,
        -0.9157517,
        -0.945307,
        -0.9900434,
        -0.9692354,
        -0.95753646,
        -0.87187314,
        -0.78003097,
        -0.6663475,
        -0.55365205,
        -0.42914867,
        -0.3114679,
        -0.20786905,
        -0.10895157,
        -0.0340147,
        0.016423702,
        0.13015175,
        0.21311522,
        0.26476097,
        0.25125456,
        0.18909168,
        0.1714282,
        0.119204044,
        0.09954071,
        0.110192776,
        0.11567879,
        0.12372589,
        0.12032175,
        0.12970304,
        0.113856316,
        0.09210634,
        0.07886505,
        0.07159853,
        0.065413,
        0.045883656,
        0.039259434,
        0.07879162,
        0.061454773,
        0.061449528,
        0.04515457,
        -0.00403738,
        -0.007279396,
        -0.024430752,
        -0.002980709,
        0.02577734,
        0.049955368,
        0.09344244,
        0.08907366,
        0.10149479,
        0.085006714
    ],