{
    "class": "zpos",
    "duration_ms": 700,
    "x": [
        -0.123823196,
        -0.13675186,
        -0.25251925,
        -0.41028917,
        -0.5944334,
        -0.77746,
        -0.97063994,
        -1.1283712,
        -1.1908444,
        -1.1720339,
        -1.0547445,
        -0.88681734,
        -0.69738173,
        -0.54952323,
        -0.4345218,
        -0.32228953,
        -0.16830692,
        0.009870112,
        0.2810036,
        0.66829497,
        1.0521841,
        1.3783293,
        1.6162142,
        1.7733549,
        1.8447925,
        1.7938262,
        1.8136096,
        1.6041143,
        1.3951325,
        1.1905607,
        0.9970937,
        0.85253197,
        0.75195897,
        0.7215512,
        0.72782314,
        0.77065456,
        0.8642804,
        1.0134255,
        1.192195,
        1.4921921,
        1.5935576,
        1.6144415,
        1.584392,
        1.5035441,
        1.2180402,
        0.8821542,
        0.7227967,
        0.66324806,
        0.47779745,
        0.24451306,
        0.06326552,
        -0.027833164,
        -0.09064354,
        -0.15311332,
        -0.17615487,
        -0.19219688,
        -0.2745113,
        -0.4014541,
        -0.5614392,
        -0.7071911,
        -0.79110134,
        -0.8441653,
        -0.8805549,
        -0.88371825,
        -0.81085455,
        -0.76228464,
        -0.6754682,
        -0.5906925,
        -0.51251197,
        -0.4385097,
        -0.347286,
        -0.3008609,
        -0.23457786,
        -0.20558065,
        -0.1969452,
        -0.15825999,
        -0.1470343,
        -0.1706725,
        -0.21270783,
        -0.25434637,
        -0.33182433,
        -0.39510417,
        -0.44197214,
        -0.47749287,
        -0.48733297,
        -0.45000634,
        -0.40864775,
        -0.32967883,
        -0.27519864,
        -0.24509415,
        -0.19865009,
        -0.15022217,
        -0.11875093,
        -0.07781161,
        -0.032081366,
        0.027926937,
        0.0997518,
        0.1499836,
        0.20278943,
        0.26555902,
        0.29776728,
        0.30679274,
        0.30693403,
        0.273967,
        0.22432484,
        0.22471726,
        0.18872096,
        0.19520527,
        0.20342872,
        0.18010259,
        0.19007987,
        0.18318008,
        0.14024013,
        0.13551013,
        0.1451366,
        0.16701913,
        0.20601183,
        0.22871605,
        0.2282823,
        0.28137943,
        0.26366264,
        0.20857278,
        0.1996417,
        0.12651044,
        0.04136552,
        -0.02282089,
        -0.09741846,
        -0.11567101,
        -0.16150711,
        -0.15354526,
        -0.14195162,
        -0.09546034,
        -0.054425567,
        -0.025910117,
        0.014098987,
        0.034842893,
        0.060461476,
        0.014887676,
        0.044222724,
        0.021711212,
        0.019150253,
        0.0079273805,
        -0.011891089,
        -0.02612672,
        -0.04683151,
        -0.079161346,
        -0.13066567,
        -0.17546508,
        -0.23288026
    ],
    "y": [
        -0.046539307,
        -0.27725887,
        -0.5377188,
        -0.82589865,
        -1.1438241,
        -1.4377227,
        -1.662709,
        -1.838022,
        -1.9255147,
        -1.9542842,
        -1.920398,
        -1.803457,
        -1.6215715,
        -1.4384809,
        -1.2317882,
        -1.0746884,
        -0.9425559,
        -0.8778014,
        -0.8201914,
        -0.8029976,
        -0.75425386,
        -0.66432476,
        -0.5069046,
        -0.3081541,
        -0.13241768,
        0.027831078,
        -0.0016617775,
        0.061519146,
        0.18148947,
        0.27236176,
        0.39411688,
        0.49880648,
        0.54296494,
        0.5238719,
        0.48434448,
        0.45297718,
        0.42492676,
        0.42641497,
        0.43108845,
        0.47485304,
        0.28772688,
        0.13824129,
        0.024355888,
        -0.04410267,
        -0.13891172,
        -0.08842802,
        -0.10134077,
        -0.18783855,
        -0.29626608,
        -0.3943553,
        -0.5075226,
        -0.62775993,
        -0.7735038,
        -0.90313005,
        -1.0726562,
        -1.1891336,
        -1.2215915,
        -1.205832,
        -1.1131349,
        -0.9866533,
        -0.85309696,
        -0.80391264,
        -0.8513098,
        -0.9352875,
        -1.0843863,
        -1.1833639,
        -1.2388372,
        -1.1712027,
        -1.0873513,
        -0.9890199,
        -0.83973026,
        -0.71067095,
        -0.56777954,
        -0.43700838,
        -0.36352968,
        -0.3064742,
        -0.25145197,
        -0.16024971,
        -0.104622364,
        -0.027309895,
        0.014000893,
        0.090792656,
        0.16194916,
        0.21024084,
        0.24732256,
        0.26090097,
        0.25573254,
        0.23923683,
        0.23790598,
        0.24247885,
        0.26764393,
        0.32550526,
        0.33980656,
        0.35862637,
        0.33426094,
        0.3123722,
        0.24989319,
        0.18276596,
        0.12290335,
        0.10599089,
        0.08400583,
        0.08313465,
        0.077022076,
        0.09922314,
        0.113832474,
        0.099365234,
        0.08447456,
        0.076310635,
        0.077280045,
        0.044432163,
        0.04254198,
        0.05032301,
        0.07998848,
        0.10296488,
        0.107601166,
        0.09872532,
        0.08116293,
        0.062048912,
        0.05319071,
        0.04262066,
        0.03509617,
        0.02573347,
        0.042932987,
        0.06006527,
        0.088912964,
        0.090979576,
        0.1043334,
        0.112072945,
        0.097515106,
        0.051222324,
        0.049895763,
        0.06013012,
        0.04148531,
        0.058805943,
        0.10519266,
        0.12825203,
        0.1378212,
        0.15809727,
        0.2083416,
        0.2215643,
        0.2336793,
        0.24219751,
        0.23734188,
        0.23572063,
        0.2202239,
        0.1882348,
        0.18978882,
        0.19348907,
        0.17522335
    ],