{
    "class": "yneg",
    "duration_ms": 700,
    "x": [
        -0.17127128,
        -0.10207772,
        -0.04118088,
        -0.023852795,
        -0.037725046,
        -0.10894364,
        -0.21127704,
        -0.3286085,
        -0.41154757,
        -0.513292,
        -0.55824775,
        -0.57088494,
        -0.5562366,
        -0.5405585,
        -0.49026906,
        -0.41243675,
        -0.36879504,
        -0.28520492,
        -0.2615381,
        -0.2401473,
        -0.242412,
        -0.24452104,
        -0.2488489,
        -0.24356957,
        -0.28571838,
        -0.31542665,
        -0.35179135,
        -0.3711991,
        -0.39032298,
        -0.4114762,
        -0.4251538,
        -0.43860465,
        -0.43325227,
        -0.4593175,
        -0.46218035,
        -0.44448805,
        -0.41821927,
        -0.38118297,
        -0.2977684,
        -0.19660442,
        -0.065329894,
        0.067745976,
        0.14851308,
        0.23916021,
        0.2684758,
        0.26056018,
        0.22979179,
        0.1785346,
        0.13031852,
        0.07325427,
        0.08111527,
        0.067826845,
        0.045459315,
        0.03993401,
        0.050809026,
        0.11093984,
        0.12256871,
        0.1359261,
        0.16047943,
        0.18440038,
        0.25759992,
        0.41080907,
        0.54397786,
        0.66242194,
        0.7665113,
        0.8185948,
        0.86324733,
        0.8707098,
        0.7883785,
        0.66624796,
        0.53232145,
        0.40714967,
        0.15597081,
        -0.09466412,
        -0.33762166,
        -0.6951304,
        -0.97844267,
        -1.1994817,
        -1.3142765,
        -1.3528193,
        -1.3214614,
        -1.2006733,
        -0.98311615,
        -0.6515937,
        -0.36160538,
        -0.16410175,
        -0.07186399,
        -0.025719019,
        0.0027713217,
        0.08878712,
        0.29891536,
        0.3991269,
        0.27195585,
        0.05668679,
        0.062532246,
        0.32497874,
        0.47193193,
        0.46882117,
        0.413205,
        0.34173277,
        0.22453888,
        0.071676,
        -0.12791567,
        -0.28466558,
        -0.35202348,
        -0.35030374,
        -0.29723987,
        -0.12630233,
        0.16003036,
        0.47329304,
        0.7781583,
        0.9677042,
        1.1313437,
        1.2124573,
        1.1786149,
        1.0786743,
        0.93497914,
        0.74336094,
        0.5831648,
        0.46198002,
        0.35133517,
        0.26827073,
        0.19590282,
        0.080878496,
        -0.034518633,
        -0.1464528,
        -0.20573835,
        -0.23015173,
        -0.2538873,
        -0.2414357,
        -0.19532168,
        -0.1416353,
        -0.077665515,
        -0.027042381,
        0.051311545,
        0.19839928,
        0.32843623,
        0.44914714,
        0.5466339,
        0.5543757,
        0.5299477,
        0.38488033,
        0.19303901,
        0.0066160783,
        -0.2491909,
        -0.42910874,
        -0.56235987
    ],
    "y": [
        -0.21470785,
        -0.23659468,
        -0.22410488,
        -0.2533989,
        -0.27665043,
        -0.27494335,
        -0.26060104,
        -0.24596548,
        -0.24805164,
        -0.22200108,
        -0.2230215,
        -0.23928499,
        -0.21858072,
        -0.20392466,
        -0.19754028,
        -0.15882063,
        -0.1305008,
        -0.09807587,
        -0.08991814,
        -0.09141016,
        -0.08803463,
        -0.08686066,
        -0.12571287,
        -0.1280961,
        -0.14158392,
        -0.13999271,
        -0.06644726,
        -0.04745531,
        0.014634132,
        0.05277157,
        0.02883482,
        0.00473547,
        0.008647919,
        0.016498566,
        0.013981342,
        0.0059309006,
        0.03292942,
        0.056699753,
        0.07514,
        0.12661791,
        0.118564606,
        0.13963413,
        0.1423688,
        0.11063719,
        0.12083721,
        0.1109581,
        0.09526253,
        0.07357979,
        0.033848763,
        -0.021691322,
        -0.055185795,
        -0.15480661,
        -0.22513103,
        -0.29263973,
        -0.36925268,
        -0.48094463,
        -0.61790085,
        -0.7798166,
        -0.9662924,
        -1.1488214,
        -1.4037428,
        -1.704499,
        -2.0793371,
        -2.4946597,
        -2.9217088,
        -3.3697178,
        -3.8823805,
        -4.351617,
        -4.834558,
        -5.2951775,
        -5.714187,
        -6.0411716,
        -6.2545657,
        -6.2659783,
        -6.027801,
        -5.3992515,
        -4.493027,
        -3.4312632,
        -2.2427053,
        -1.0900383,
        -0.0496912,
        0.732893,
        1.2724872,
        1.5146184,
        1.7132363,
        2.050003,
        2.6320844,
        3.4469366,
        4.2978144,
        4.9069414,
        4.8988376,
        5.587305,
        6.706345,
        7.654924,
        8.035816,
        7.6800284,
        7.536051,
        7.3809342,
        7.060565,
        6.559825,
        6.1052604,
        5.676753,
        5.2229395,
        4.6782928,
        4.0779696,
        3.4432406,
        2.8647747,
        2.3019304,
        1.7669826,
        1.2485409,
        0.7187481,
        0.2503047,
        -0.17011929,
        -0.51741457,
        -0.8286338,
        -1.0953104,
        -1.340333,
        -1.5173447,
        -1.6616707,
        -1.7752626,
        -1.8722486,
        -1.935823,
        -1.9996109,
        -2.0160892,
        -1.9931817,
        -1.9557087,
        -1.9239984,
        -1.8799725,
        -1.8580337,
        -1.8492055,
        -1.8513527,
        -1.7975352,
        -1.7022421,
        -1.5726757,
        -1.4326653,
        -1.3202581,
        -1.2136014,
        -1.1815352,
        -1.1230955,
        -1.059443,
        -0.95671654,
        -0.8552966,
        -0.7262726,
        -0.60549974,
        -0.49780607,
        -0.43912125,
        -0.41526175
    ],