{
    "class": "yneg",
    "duration_ms": 700,
    "x": [
        -0.07848513,
        0.023795635,
        0.11951263,
        0.18566565,
        0.2277781,
        0.27495512,
        0.31088945,
        0.31719175,
        0.30411348,
        0.25313148,
        0.22859557,
        0.18984744,
        0.20084624,
        0.22062519,
        0.26798773,
        0.2994648,
        0.3360379,
        0.3819321,
        0.4580487,
        0.4949226,
        0.53430676,
        0.5725084,
        0.6119859,
        0.6481101,
        0.65201956,
        0.72890234,
        0.7951366,
        0.8843484,
        0.9609313,
        1.0707487,
        1.2263702,
        1.4188756,
        1.6079663,
        1.7462249,
        1.8840504,
        1.9569498,
        1.9677668,
        1.9070807,
        1.7576616,
        1.5235221,
        1.2325456,
        0.82210314,
        0.24374741,
        -0.4295506,
        -1.0917127,
        -1.7272704,
        -2.320325,
        -2.7491395,
        -3.0063834,
        -3.0509167,
        -2.90426,
        -2.764713,
        -2.6220667,
        -2.5111928,
        -2.3830621,
        -2.2674508,
        -2.1461787,
        -1.9887682,
        -1.7384384,
        -1.453575,
        -1.2433636,
        -1.1128473,
        -1.1039153,
        -1.1828214,
        -1.2681367,
        -1.3232703,
        -1.3800436,
        -1.3907154,
        -1.2620859,
        -0.9774123,
        -0.61064225,
        -0.13256943,
        0.4216808,
        0.94984496,
        1.3475896,
        1.5510716,
        1.5319129,
        1.335412,
        0.9635163,
        0.5518487,
        0.11890939,
        -0.24741304,
        -0.45185763,
        -0.44177282,
        -0.34102273,
        -0.18220353,
        -0.06729317,
        0.035241604,
        0.04181844,
        -0.011973858,
        -0.10046536,
        -0.20769048,
        -0.3513705,
        -0.49639237,
        -0.5979717,
        -0.66627246,
        -0.6538443,
        -0.63507396,
        -0.5430577,
        -0.39434177,
        -0.21955478,
        0.027513206,
        0.25426933,
        0.502266,
        0.6979449,
        0.8826848,
        1.0547059,
        1.205184,
        1.305917,
        1.2734916,
        1.1822388,
        0.9914588,
        0.7749114,
        0.50335276,
        0.21444193,
        -0.10211986,
        -0.37069714,
        -0.606613,
        -0.75336635,
        -0.7854048,
        -0.71002555,
        -0.5773017,
        -0.45147538,
        -0.30347705,
        -0.17593664,
        -0.070648074,
        0.0032818317,
        0.05137247,
        0.081370294,
        0.093366444,
        0.07293093,
        0.012628257,
        -0.06870824,
        -0.21696234,
        -0.3225788,
        -0.41247946,
        -0.4752323,
        -0.50137115,
        -0.5075106,
        -0.4720341,
        -0.46163374,
        -0.4303246,
        -0.38977593,
        -0.33509016,
        -0.32359493,
        -0.28335565,
        -0.23584777,
        -0.20749652,
        -0.15790981
    ],
    "y": [
        -0.026220322,
        -0.09347105,
        -0.1460104,
        -0.18402958,
        -0.21482706,
        -0.28611326,
        -0.38345337,
        -0.51617813,
        -0.63416815,
        -0.76107836,
        -0.8847017,
        -1.0426393,
        -1.2224369,
        -1.3571968,
        -1.5494008,
        -1.7062082,
        -1.9160914,
        -2.167292,
        -2.4836783,
        -2.8319893,
        -3.2065134,
        -3.5535808,
        -3.8804417,
        -4.1749444,
        -4.4319935,
        -4.6965513,
        -4.960813,
        -5.2026157,
        -5.5073824,
        -5.793274,
        -6.081402,
        -6.3928833,
        -6.627081,
        -6.8007417,
        -6.911548,
        -6.950007,
        -6.839813,
        -6.6003494,
        -6.200928,
        -5.6731415,
        -5.010268,
        -4.2415304,
        -3.3436408,
        -2.3888822,
        -1.3610096,
        -0.30836248,
        0.71851873,
        1.690753,
        2.6107416,
        3.5456386,
        4.567344,
        5.6927247,
        6.8358603,
        8.047216,
        9.226662,
        10.22172,
        11.0021105,
        11.48484,
        11.610827,
        11.495261,
        11.314994,
        11.155581,
        10.989567,
        10.755922,
        10.36047,
        9.757162,
        8.969603,
        8.112379,
        7.142286,
        6.135724,
        5.0183625,
        3.849834,
        2.680184,
        1.5476708,
        0.56000376,
        -0.19654226,
        -0.7741561,
        -1.1530585,
        -1.3637328,
        -1.4604688,
        -1.6052604,
        -1.8188925,
        -2.1196637,
        -2.4517045,
        -2.7378316,
        -2.9821534,
        -3.2033982,
        -3.3201623,
        -3.36834,
        -3.340982,
        -3.2527056,
        -3.2092352,
        -3.1657128,
        -3.1107059,
        -3.0615978,
        -2.9926934,
        -2.909387,
        -2.740407,
        -2.586533,
        -2.4814172,
        -2.417922,
        -2.3935375,
        -2.3459082,
        -2.2988086,
        -2.2424417,
        -2.1885185,
        -2.148716,
        -2.0964904,
        -2.0388985,
        -1.9424,
        -1.881207,
        -1.8026471,
        -1.7282119,
        -1.6888542,
        -1.6412764,
        -1.616446,
        -1.5329409,
        -1.4721155,
        -1.3120942,
        -1.1630898,
        -1.015688,
        -0.8917098,
        -0.810482,
        -0.7313795,
        -0.6567817,
        -0.5196247,
        -0.36997986,
        -0.2697997,
        -0.19260025,
        -0.16707897,
        -0.15259266,
        -0.13739252,
        -0.07389259,
        -0.0030918121,
        0.07711315,
        0.21200657,
        0.29596472,
        0.398077,
        0.432055,
        0.45771265,
        0.5012431,
        0.5936842,
        0.6440363,
        0.654716,
        0.6448684,
        0.60976076,
        0.5684228,
        0.5712676,
        0.56586933
    ],