{
    "class": "yneg",
    "duration_ms": 700,
    "x": [
        0.6062023,
        0.58281964,
        0.5390333,
        0.5132053,
        0.48850057,
        0.47928312,
        0.45217222,
        0.4926283,
        0.50960976,
        0.51022613,
        0.5397625,
        0.56492245,
        0.56143177,
        0.5013389,
        0.37983033,
        0.19217232,
        -0.025799125,
        -0.30021906,
        -0.6120845,
        -0.97824776,
        -1.3464115,
        -1.7367024,
        -2.2250266,
        -2.7194793,
        -3.1710367,
        -3.5281072,
        -3.7483783,
        -3.7627473,
        -3.5562859,
        -3.2142677,
        -2.7669053,
        -2.2447035,
        -1.7163229,
        -1.2191348,
        -0.79268175,
        -0.39752167,
        -0.0372352,
        0.36832184,
        0.7436777,
        0.95296896,
        1.1518008,
        1.258537,
        1.3255329,
        1.3403647,
        1.2926521,
        1.2725316,
        1.2481575,
        1.2212576,
        1.2416521,
        1.3163881,
        1.4695201,
        1.6394055,
        1.795824,
        1.9589748,
        2.0891113,
        2.1964808,
        2.2503223,
        2.2339926,
        2.1379616,
        1.9093844,
        1.6149565,
        1.2469659,
        0.85490066,
        0.42611933,
        0.033956945,
        -0.28393072,
        -0.573617,
        -0.80674803,
        -0.9933359,
        -1.1314232,
        -1.1975467,
        -1.2324564,
        -1.1452736,
        -0.9861107,
        -0.7211848,
        -0.44806042,
        -0.22588032,
        -0.025237381,
        0.16383862,
        0.3105924,
        0.37944925,
        0.4039572,
        0.33135694,
        0.23077732,
        0.11613524,
        -0.02488017,
        -0.10656178,
        -0.16724622,
        -0.2332499,
        -0.24451846,
        -0.24418241,
        -0.21069658,
        -0.21341974,
        -0.19020629,
        -0.14115775,
        -0.09262794,
        -0.04211098,
        0.00816381,
        0.10153115,
        0.18321794,
        0.29670864,
        0.36811572,
        0.4383222,
        0.4786687,
        0.5200933,
        0.5025933,
        0.4474913,
        0.33052272,
        0.23282099,
        0.13012832,
        0.03166932,
        -0.031695485,
        -0.03855312,
        -0.03181821,
        -0.020941079,
        -0.03215158,
        -0.022253394,
        -0.012713134,
        0.049073994,
        0.10345703,
        0.18406999,
        0.24349517,
        0.31543916,
        0.33290827,
        0.29595846,
        0.25713426,
        0.19472641,
        0.12546164,
        0.08512616,
        0.03307712,
        -0.061947465,
        -0.16426936,
        -0.23818049,
        -0.26465145,
        -0.31565726,
        -0.35303923,
        -0.33856663,
        -0.34642962,
        -0.3358898,
        -0.3042653,
        -0.22040573,
        -0.16533977,
        -0.059883416,
        0.019668043,
        0.09746432,
        0.1042428,
        0.08764088,
        0.088255584,
        0.053447306
    ],
    "y": [
        0.27522755,
        0.13616562,
        -0.046764374,
        -0.22337055,
        -0.41502953,
        -0.63366127,
        -0.9788604,
        -1.3502064,
        -1.7785378,
        -2.2589097,
        -2.7576742,
        -3.2959294,
        -3.8623657,
        -4.456917,
        -4.981023,
        -5.4775743,
        -5.9464693,
        -6.3589315,
        -6.6434016,
        -6.8048053,
        -6.833712,
        -6.651367,
        -6.265259,
        -5.682841,
        -4.9926634,
        -4.2402916,
        -3.449564,
        -2.6703854,
        -1.9263167,
        -1.2359533,
        -0.6323433,
        -0.15337753,
        0.31859016,
        0.7599125,
        1.2375822,
        1.7012577,
        2.2082434,
        2.72937,
        3.2042942,
        3.589508,
        3.9393616,
        4.1791945,
        4.3778086,
        4.534582,
        4.6944876,
        4.835329,
        4.9757214,
        5.0362263,
        5.021167,
        4.868129,
        4.6250257,
        4.3062296,
        3.9145088,
        3.5004492,
        3.124363,
        2.6862698,
        2.2512922,
        1.8198309,
        1.4640713,
        1.1245508,
        0.8757639,
        0.6917896,
        0.5059786,
        0.29237175,
        0.09432316,
        -0.076156616,
        -0.20951843,
        -0.33455086,
        -0.4034748,
        -0.45465565,
        -0.47856712,
        -0.4944458,
        -0.53582287,
        -0.6027498,
        -0.6905298,
        -0.7897587,
        -0.87202597,
        -0.8801737,
        -0.862206,
        -0.83016014,
        -0.78408813,
        -0.7024441,
        -0.62118435,
        -0.52354336,
        -0.37842464,
        -0.2839222,
        -0.21598625,
        -0.12431717,
        -0.097361565,
        -0.08721924,
        -0.0890522,
        -0.09088993,
        -0.073617935,
        -0.042004585,
        -0.031908035,
        0.0069971085,
        0.012518883,
        0.070856094,
        0.12952232,
        0.12404251,
        0.12637997,
        0.13165379,
        0.096824646,
        0.07680225,
        0.047527313,
        0.07585335,
        0.085084915,
        0.07281685,
        0.09397602,
        0.110266685,
        0.13840675,
        0.12574959,
        0.12740135,
        0.12655544,
        0.11367512,
        0.1509533,
        0.15222359,
        0.1486578,
        0.15937424,
        0.13893986,
        0.09943104,
        0.081480026,
        0.07309055,
        0.067100525,
        0.06590176,
        0.09582615,
        0.11617565,
        0.11978817,
        0.094828606,
        0.07001877,
        0.08607483,
        0.035313606,
        0.07566738,
        0.063531876,
        0.051519394,
        0.0061559677,
        -0.005584717,
        -0.014829636,
        -0.023974419,
        -0.035279274,
        -0.027344704,
        -0.08878994,
        -0.1262703,
        -0.13971138,
        -0.1649561,
        -0.13737774,
        -0.15023327,
        -0.129282,
        -0.12959957
    ],