{
    "class": "yneg",
    "duration_ms": 700,
    "x": [
        0.13281336,
        0.1334297,
        0.09068197,
        0.031101555,
        -0.019405037,
        -0.039987177,
        -0.017015055,
        0.020158082,
        0.09965494,
        0.21609437,
        0.34559798,
        0.44770405,
        0.4774935,
        0.47812968,
        0.49970728,
        0.489852,
        0.449098,
        0.40885133,
        0.33573607,
        0.2585364,
        0.18674979,
        0.13218307,
        0.05900073,
        -0.030477673,
        -0.10998191,
        -0.07511434,
        -0.026227802,
        0.09870529,
        0.25924712,
        0.43424028,
        0.5929596,
        0.6787433,
        0.71098673,
        0.7610737,
        0.7596681,
        0.75447625,
        0.6788758,
        0.6021062,
        0.5236771,
        0.44633317,
        0.24892509,
        -0.13628604,
        -0.70779264,
        -1.2288167,
        -1.928794,
        -2.7218995,
        -3.4841552,
        -4.13705,
        -4.66863,
        -5.0042453,
        -5.0830784,
        -4.946748,
        -4.6182675,
        -4.0858364,
        -3.4502506,
        -2.6855824,
        -1.9122269,
        -1.1238285,
        -0.36203822,
        0.44185254,
        1.2896277,
        2.1547072,
        3.0298867,
        3.8753269,
        4.6130443,
        5.215946,
        5.690498,
        6.055148,
        6.2473173,
        6.3783703,
        6.361359,
        6.1903434,
        5.882579,
        5.426131,
        4.855754,
        4.2079844,
        3.5719798,
        2.981684,
        2.3736286,
        1.7300656,
        1.1216643,
        0.58566755,
        0.17151359,
        -0.16184068,
        -0.37375075,
        -0.54988027,
        -0.6801011,
        -0.7830795,
        -0.8677407,
        -0.94981354,
        -1.0093292,
        -1.0863308,
        -1.1516182,
        -1.226647,
        -1.2497079,
        -1.2931571,
        -1.2931576,
        -1.207396,
        -1.1348442,
        -1.0427856,
        -0.9628615,
        -0.8904709,
        -0.8184941,
        -0.7731742,
        -0.7471811,
        -0.7472441,
        -0.76115286,
        -0.7884509,
        -0.86468494,
        -0.95859045,
        -1.0176176,
        -1.0753208,
        -1.0885173,
        -1.0857487,
        -1.0832444,
        -1.0782555,
        -1.0778233,
        -1.1249722,
        -1.1454607,
        -1.1418848,
        -1.0713278,
        -1.0056897,
        -0.8757824,
        -0.78452384,
        -0.7034489,
        -0.628186,
        -0.5543128,
        -0.4893601,
        -0.45020264,
        -0.42491758,
        -0.37978557,
        -0.3191159,
        -0.28322536,
        -0.2405177,
        -0.19770958,
        -0.17606375,
        -0.14172323,
        -0.08993593,
        -0.015814677,
        0.082841165,
        0.17257284,
        0.23653519,
        0.26734182,
        0.22644499,
        0.17126986,
        0.10375011,
        -0.0028143302,
        -0.11501707,
        -0.25680116
    ],
    "y": [
        0.31225157,
        0.36883593,
        0.4330685,
        0.4832859,
        0.5691786,
        0.6260333,
        0.67503715,
        0.69224524,
        0.6988027,
        0.7207718,
        0.72459006,
        0.71783686,
        0.7173209,
        0.76380086,
        0.7927315,
        0.8021991,
        0.7875111,
        0.7536771,
        0.6607437,
        0.58267736,
        0.5101321,
        0.46190572,
        0.3785522,
        0.3719318,
        0.34404135,
        0.36881733,
        0.3390088,
        0.2791226,
        0.18715477,
        0.04692602,
        -0.10302949,
        -0.28166056,
        -0.49820256,
        -0.7217965,
        -1.0569842,
        -1.5457156,
        -2.2249508,
        -3.0248384,
        -3.8831418,
        -4.8127804,
        -5.698262,
        -6.506851,
        -7.217656,
        -7.864547,
        -8.139279,
        -8.075649,
        -7.7499127,
        -7.178242,
        -6.498789,
        -5.6962395,
        -4.855994,
        -3.939237,
        -3.0096757,
        -2.0281944,
        -1.0203571,
        0.040763855,
        1.1077008,
        2.2094371,
        3.3271499,
        4.243224,
        4.950717,
        5.485439,
        5.916726,
        6.3037863,
        6.660424,
        7.035761,
        7.4001627,
        7.649736,
        7.7595024,
        7.659535,
        7.3635263,
        6.9215374,
        6.4385815,
        5.930792,
        5.4386177,
        4.9377894,
        4.382384,
        3.6697063,
        3.000795,
        2.390139,
        1.8309798,
        1.2952943,
        0.7935388,
        0.27127433,
        -0.2302413,
        -0.7319534,
        -1.10642,
        -1.4490542,
        -1.6901395,
        -1.8653579,
        -1.9791552,
        -2.0530024,
        -2.127658,
        -2.2271466,
        -2.277669,
        -2.29907,
        -2.3422546,
        -2.3934796,
        -2.4410596,
        -2.4806805,
        -2.5125995,
        -2.5127046,
        -2.454233,
        -2.3703644,
        -2.2656548,
        -2.1567645,
        -2.028853,
        -1.9247789,
        -1.8012927,
        -1.6819942,
        -1.5762153,
        -1.4742033,
        -1.4021878,
        -1.3215687,
        -1.2582982,
        -1.2046638,
        -1.0837,
        -0.9360175,
        -0.7567129,
        -0.5841398,
        -0.4685812,
        -0.36244965,
        -0.31393743,
        -0.24935627,
        -0.23156548,
        -0.20849323,
        -0.16403055,
        -0.14625597,
        -0.13377047,
        -0.12168169,
        -0.12662697,
        -0.12940454,
        -0.11774588,
        -0.060661316,
        -0.017719746,
        0.022922993,
        0.04684353,
        0.04925394,
        0.027528763,
        -0.03750944,
        -0.07420516,
        -0.09488869,
        -0.082974434,
        -0.060078382,
        -0.012001514,
        0.039856434,
        0.07904148,
        0.13431072,
        0.16769886
    ],