{
    "class": "yneg",
    "duration_ms": 700,
    "x": [
        0.12939794,
        0.14731115,
        0.13725178,
        0.12333135,
        0.10556832,
        0.09822588,
        0.074903116,
        0.09248912,
        0.110063076,
        0.13456424,
        0.16344821,
        0.15376721,
        0.1389275,
        0.0902391,
        0.024613421,
        -0.055491373,
        -0.14264445,
        -0.25333545,
        -0.33024502,
        -0.40983492,
        -0.47291145,
        -0.54090565,
        -0.5706068,
        -0.58584946,
        -0.6414555,
        -0.72063553,
        -0.8138559,
        -0.93812674,
        -1.0436869,
        -1.0688412,
        -0.98029345,
        -0.85707474,
        -0.66304624,
        -0.4532758,
        -0.18432686,
        0.13712698,
        0.42324075,
        0.6744733,
        0.93624324,
        1.2277884,
        1.4370979,
        1.617411,
        1.7424816,
        1.8024621,
        1.839998,
        1.8067342,
        1.6926991,
        1.4875294,
        1.2669532,
        1.039803,
        0.7864249,
        0.5423923,
        0.30760294,
        0.10619488,
        -0.018421061,
        -0.07314982,
        -0.047509648,
        -0.043404594,
        0.049852654,
        0.17052025,
        0.29975027,
        0.4212953,
        0.51158994,
        0.59473825,
        0.6730937,
        0.6819996,
        0.6547872,
        0.5648438,
        0.48116016,
        0.3553481,
        0.23478837,
        0.07137954,
        -0.09442956,
        -0.23674077,
        -0.3629541,
        -0.45149702,
        -0.55259746,
        -0.64227915,
        -0.67505366,
        -0.6747242,
        -0.6146772,
        -0.5424837,
        -0.45554924,
        -0.36330265,
        -0.33039853,
        -0.2804603,
        -0.27830422,
        -0.2641729,
        -0.23552573,
        -0.22823697,
        -0.27103817,
        -0.265961,
        -0.28495425,
        -0.2851421,
        -0.29775065,
        -0.28930426,
        -0.31220424,
        -0.29922268,
        -0.31004226,
        -0.30616388,
        -0.31380722,
        -0.3449268,
        -0.34714288,
        -0.35647365,
        -0.36350647,
        -0.34939158,
        -0.35495752,
        -0.37070438,
        -0.35825735,
        -0.34398097,
        -0.3278157,
        -0.30956274,
        -0.28178665,
        -0.24679025,
        -0.22601005,
        -0.17388165,
        -0.17887473,
        -0.1690475,
        -0.18747026,
        -0.19141202,
        -0.24828318,
        -0.2602338,
        -0.28499675,
        -0.33233905,
        -0.3737172,
        -0.3901375,
        -0.40781128,
        -0.41689765,
        -0.42906243,
        -0.4154322,
        -0.4189162,
        -0.3700113,
        -0.3427542,
        -0.30592048,
        -0.27603072,
        -0.2529347,
        -0.22473276,
        -0.18415049,
        -0.16475238,
        -0.118863255,
        -0.10867011,
        -0.09836268,
        -0.08318283,
        -0.06317408,
        -0.01443141,
        -0.018501922,
        0.022616327,
        0.051356398,
        0.04854048
    ],
    "y": [
        -0.6254196,
        -0.7174301,
        -0.76071215,
        -0.822098,
        -0.8729725,
        -0.9419894,
        -1.0124536,
        -1.1224904,
        -1.2528536,
        -1.4177694,
        -1.5910096,
        -1.8178151,
        -2.021792,
        -2.2150497,
        -2.3669388,
        -2.5205371,
        -2.621098,
        -2.7187939,
        -2.8192468,
        -2.9053478,
        -2.957835,
        -2.9909177,
        -3.0211563,
        -2.9406028,
        -2.837564,
        -2.6758244,
        -2.4049175,
        -2.0437033,
        -1.6348276,
        -1.1324565,
        -0.5792327,
        0.0011358261,
        0.55859375,
        1.0788379,
        1.6095252,
        2.0091743,
        2.428371,
        2.7876801,
        3.0746617,
        3.2769403,
        3.49433,
        3.6710167,
        3.8228536,
        3.934563,
        3.9789255,
        4.0436544,
        4.056095,
        4.0703583,
        4.06901,
        4.0754957,
        4.0084424,
        3.9351428,
        3.8418283,
        3.7483053,
        3.6147408,
        3.470854,
        3.3151612,
        3.134195,
        2.9479785,
        2.7071888,
        2.4054713,
        2.141684,
        1.8565421,
        1.6124935,
        1.4238815,
        1.2760506,
        1.2066073,
        1.1215267,
        1.0512133,
        0.9806051,
        0.87080383,
        0.76441383,
        0.61795807,
        0.4670787,
        0.297184,
        0.14880228,
        0.026776314,
        -0.09498596,
        -0.2257309,
        -0.35553956,
        -0.4767995,
        -0.5960977,
        -0.69865227,
        -0.7719922,
        -0.7678745,
        -0.7650528,
        -0.7273059,
        -0.6879804,
        -0.6589143,
        -0.69028664,
        -0.7247193,
        -0.757658,
        -0.806025,
        -0.8605437,
        -0.8878608,
        -0.8928962,
        -0.8996935,
        -0.88917327,
        -0.846987,
        -0.77314997,
        -0.7299988,
        -0.7054899,
        -0.632776,
        -0.6148617,
        -0.6182046,
        -0.6379955,
        -0.6478629,
        -0.62383413,
        -0.62323713,
        -0.5694032,
        -0.53400755,
        -0.497849,
        -0.4704671,
        -0.43511534,
        -0.40617514,
        -0.3693657,
        -0.34880733,
        -0.28248882,
        -0.25430536,
        -0.26428556,
        -0.22637844,
        -0.20767069,
        -0.1793952,
        -0.1534462,
        -0.12735653,
        -0.069916725,
        -0.048094273,
        -0.01649046,
        0.020151138,
        0.042669773,
        0.07992697,
        0.06482935,
        0.05019808,
        0.043157578,
        0.06760931,
        0.08747244,
        0.10033703,
        0.10618734,
        0.10495901,
        0.13970137,
        0.1552496,
        0.17312145,
        0.18611526,
        0.19647694,
        0.20174313,
        0.18264008,
        0.1583023,
        0.1405654,
        0.16045427
    ],