{
    "class": "yneg",
    "duration_ms": 700,
    "x": [
        0.010754183,
        0.015453681,
        -0.041296393,
        -0.12784754,
        -0.2297723,
        -0.3804364,
        -0.484695,
        -0.57903343,
        -0.6472476,
        -0.73714435,
        -0.8659196,
        -1.0057247,
        -1.116387,
        -1.267132,
        -1.4078529,
        -1.6193947,
        -1.8963951,
        -2.1792114,
        -2.31862,
        -2.2250974,
        -2.0272815,
        -1.8130162,
        -1.6767161,
        -1.5580536,
        -1.433112,
        -1.3043181,
        -1.171827,
        -1.0716615,
        -0.9114731,
        -0.71830654,
        -0.4924749,
        -0.17472143,
        0.25121847,
        0.7736045,
        1.3481724,
        1.7721655,
        2.2780623,
        2.6846905,
        2.8138127,
        3.143572,
        3.469386,
        3.6589074,
        3.7216628,
        3.629343,
        3.4681358,
        3.321184,
        3.2117524,
        3.0918727,
        2.9737496,
        2.8098881,
        2.6529968,
        2.541634,
        2.4666083,
        2.4210243,
        2.3356483,
        2.2439609,
        2.1362867,
        1.9979004,
        1.8379011,
        1.7203084,
        1.5705874,
        1.4649304,
        1.3387129,
        1.2323952,
        1.1171086,
        1.050253,
        0.96503484,
        0.8735417,
        0.6798718,
        0.5007943,
        0.30710936,
        0.10811147,
        -0.103631675,
        -0.28507215,
        -0.4483715,
        -0.54813296,
        -0.6298501,
        -0.6812936,
        -0.74040055,
        -0.75913846,
        -0.7734796,
        -0.7930316,
        -0.7771907,
        -0.7811398,
        -0.76453125,
        -0.71568537,
        -0.66115737,
        -0.605797,
        -0.54238605,
        -0.489926,
        -0.42927822,
        -0.36736548,
        -0.30869362,
        -0.29361415,
        -0.28610697,
        -0.29561955,
        -0.32205656,
        -0.30311817,
        -0.31565526,
        -0.35020652,
        -0.37599167,
        -0.4147946,
        -0.4739428,
        -0.498525,
        -0.5148684,
        -0.4822572,
        -0.45298398,
        -0.40519804,
        -0.32198286,
        -0.2534166,
        -0.18261635,
        -0.1069957,
        -0.06480849,
        -0.044050694,
        -0.011345625,
        0.021143228,
        0.06749484,
        0.11578435,
        0.1494036,
        0.17812675,
        0.15181834,
        0.1254723,
        0.027229548,
        -0.03280568,
        -0.033023834,
        -0.03090024,
        -0.057586253,
        -0.08684331,
        -0.11158234,
        -0.12941337,
        -0.13543832,
        -0.11524439,
        -0.088026166,
        -0.039543867,
        0.02517578,
        0.09421331,
        0.19154462,
        0.31006256,
        0.40941635,
        0.48965648,
        0.55094683,
        0.5836186,
        0.59019744,
        0.5588534,
        0.51384026,
        0.4574177,
        0.35587838,
        0.23308569,
        0.18227184
    ],
    "y": [
        -0.12644625,
        -0.16007423,
        -0.17455292,
        -0.2055831,
        -0.20807838,
        -0.282228,
        -0.33745193,
        -0.4168725,
        -0.54888105,
        -0.666564,
        -0.70328903,
        -0.71446157,
        -0.7074878,
        -0.76081157,
        -0.92625666,
        -1.0510161,
        -1.1519704,
        -1.1887062,
        -1.2800324,
        -1.3583946,
        -1.3569102,
        -1.2523301,
        -1.1166217,
        -0.93576956,
        -0.7290468,
        -0.49155474,
        -0.2445817,
        -0.07088709,
        0.0730381,
        0.111495495,
        0.11439419,
        0.10570049,
        0.116175175,
        0.10263443,
        0.17531872,
        0.34703398,
        0.447145,
        0.5493264,
        0.7055297,
        0.8767352,
        0.9957547,
        1.0338116,
        1.1008034,
        1.1605039,
        1.2749867,
        1.4037151,
        1.48492,
        1.5550828,
        1.5548348,
        1.5301571,
        1.5197406,
        1.5334344,
        1.5139842,
        1.4709191,
        1.3851452,
        1.256733,
        1.1287856,
        0.99653435,
        0.8911133,
        0.78640413,
        0.67304087,
        0.5775385,
        0.46649647,
        0.33507395,
        0.2550001,
        0.13287163,
        0.01393795,
        -0.08042288,
        -0.19336176,
        -0.2845888,
        -0.4022913,
        -0.49422693,
        -0.5583124,
        -0.6091633,
        -0.6682062,
        -0.68755484,
        -0.69580007,
        -0.66642666,
        -0.6208229,
        -0.57339716,
        -0.52406836,
        -0.47984838,
        -0.44068956,
        -0.42801332,
        -0.44668245,
        -0.45141268,
        -0.50918484,
        -0.56250477,
        -0.59945107,
        -0.5792446,
        -0.5616598,
        -0.49391127,
        -0.44273853,
        -0.3361864,
        -0.28195238,
        -0.22497177,
        -0.19162703,
        -0.15324831,
        -0.105065346,
        -0.09970045,
        -0.094043255,
        -0.09771395,
        -0.08921671,
        -0.07580042,
        -0.047643185,
        -0.007028103,
        0.036462307,
        0.049500465,
        0.07508993,
        0.08222246,
        0.078155994,
        0.11058855,
        0.14120054,
        0.1770482,
        0.21791172,
        0.21567106,
        0.17499304,
        0.11015892,
        0.09753275,
        0.07239723,
        0.08034325,
        0.09277868,
        0.10014486,
        0.15264845,
        0.1522603,
        0.14689112,
        0.1605587,
        0.14551401,
        0.17344141,
        0.18930817,
        0.19547176,
        0.19924736,
        0.17429161,
        0.1543045,
        0.13462639,
        0.10814142,
        0.09640932,
        0.06582546,
        0.04271412,
        0.024761677,
        0.016806602,
        0.035746098,
        0.04567957,
        0.10863018,
        0.1095562,
        0.12499237,
        0.16434002,
        0.17945719,
        0.16523218
    ],