{
    "class": "yneg",
    "duration_ms": 700,
    "x": [
        0.5272813,
        0.5375712,
        0.53985333,
        0.5868111,
        0.66005284,
        0.786492,
        0.93549573,
        1.0740124,
        1.1716342,
        1.2321764,
        1.245561,
        1.1692015,
        1.0110917,
        0.7605831,
        0.38605252,
        -0.023888186,
        -0.42072874,
        -0.79827523,
        -1.1163728,
        -1.4814065,
        -1.7925024,
        -1.9923673,
        -2.1148026,
        -2.1316721,
        -2.0744274,
        -1.9457676,
        -1.686256,
        -1.3224049,
        -0.8543868,
        -0.35447744,
        0.075859785,
        0.45961985,
        0.7670388,
        0.9743078,
        1.1325628,
        1.2218027,
        1.194093,
        1.1427889,
        1.0962664,
        1.0393561,
        0.966006,
        0.7735261,
        0.5401175,
        0.28559846,
        0.0703221,
        -0.093025565,
        -0.13662359,
        -0.018321797,
        0.19667464,
        0.55861926,
        1.005552,
        1.485312,
        1.8332158,
        2.0495882,
        2.0529048,
        1.866774,
        1.6319075,
        1.3024298,
        0.9306404,
        0.6023375,
        0.33906943,
        0.12207416,
        -0.07409892,
        -0.2941447,
        -0.55901873,
        -0.82549477,
        -1.0789853,
        -1.316986,
        -1.4461076,
        -1.5167773,
        -1.4552661,
        -1.3096373,
        -1.058522,
        -0.77842593,
        -0.5528481,
        -0.34118012,
        -0.12691261,
        0.116115645,
        0.2969514,
        0.46347308,
        0.56771255,
        0.6313479,
        0.65925086,
        0.6181231,
        0.551061,
        0.45081732,
        0.30758247,
        0.1951655,
        0.077516064,
        -0.009706996,
        -0.09051755,
        -0.1792513,
        -0.30193934,
        -0.41784284,
        -0.53414625,
        -0.650809,
        -0.7341429,
        -0.83433187,
        -0.86765605,
        -0.853189,
        -0.80525345,
        -0.6927407,
        -0.56361794,
        -0.46095344,
        -0.3682615,
        -0.269062,
        -0.21149099,
        -0.1741066,
        -0.14947662,
        -0.08252677,
        -0.071066916,
        -0.08151199,
        -0.12552531,
        -0.21977976,
        -0.29954827,
        -0.38405332,
        -0.43497068,
        -0.50970346,
        -0.52226406,
        -0.532622,
        -0.52885425,
        -0.5205711,
        -0.44793665,
        -0.35892576,
        -0.23928268,
        -0.1273168,
        -0.023098705,
        0.061190344,
        0.13985713,
        0.20349337,
        0.25947347,
        0.29611224,
        0.33057117,
        0.34402934,
        0.336922,
        0.27597436,
        0.19481853,
        0.10984414,
        0.044674188,
        -0.012873068,
        -0.055812567,
        -0.0940481,
        -0.10162623,
        -0.10983634,
        -0.11391294,
        -0.06348123,
        -0.0014823973,
        0.08907847,
        0.15099862
    ],
    "y": [
        0.10284376,
        -0.045000076,
        -0.24678278,
        -0.5497174,
        -0.9363632,
        -1.443902,
        -2.0567698,
        -2.8022482,
        -3.5745444,
        -4.3590813,
        -5.1754775,
        -5.913512,
        -6.625923,
        -7.2290077,
        -7.6705112,
        -7.955307,
        -8.080963,
        -8.02335,
        -7.6649675,
        -7.075043,
        -6.325272,
        -5.4181595,
        -4.439998,
        -3.4006588,
        -2.3701622,
        -1.3321166,
        -0.37773275,
        0.4953966,
        1.237041,
        1.9712152,
        2.7331185,
        3.5987988,
        4.500896,
        5.341276,
        6.160806,
        6.926427,
        7.646003,
        8.296427,
        8.770898,
        9.046318,
        9.151575,
        9.155762,
        9.036628,
        8.8674,
        8.5562525,
        8.090333,
        7.449607,
        6.729101,
        5.9092784,
        5.0354733,
        4.165239,
        3.341878,
        2.5368195,
        1.7598219,
        1.135354,
        0.57491064,
        0.0666213,
        -0.39414263,
        -0.8527541,
        -1.2897496,
        -1.664247,
        -2.0311356,
        -2.292274,
        -2.4356012,
        -2.5113115,
        -2.5524824,
        -2.5323057,
        -2.5241501,
        -2.4890614,
        -2.440825,
        -2.417294,
        -2.4230266,
        -2.4291952,
        -2.4118898,
        -2.3522012,
        -2.2432146,
        -2.0899282,
        -1.9476614,
        -1.7999067,
        -1.6374388,
        -1.5275116,
        -1.3913631,
        -1.2816052,
        -1.1886144,
        -1.1241603,
        -1.0905476,
        -1.0567198,
        -0.9988103,
        -0.94561005,
        -0.9234853,
        -0.8702054,
        -0.81680155,
        -0.7655773,
        -0.685287,
        -0.62130976,
        -0.5662513,
        -0.58213854,
        -0.5540452,
        -0.5344095,
        -0.5088339,
        -0.4630289,
        -0.4543624,
        -0.46124887,
        -0.4359374,
        -0.3857317,
        -0.33701086,
        -0.28023338,
        -0.2394085,
        -0.18828154,
        -0.16040802,
        -0.1509757,
        -0.14090252,
        -0.12786245,
        -0.11190748,
        -0.05726385,
        -0.021297932,
        -0.008904457,
        0.010941505,
        0.03820896,
        0.039391518,
        0.028960705,
        0.09298849,
        0.1188221,
        0.11596155,
        0.13925791,
        0.13600588,
        0.1205163,
        0.12869453,
        0.18688011,
        0.21136665,
        0.25718927,
        0.2836938,
        0.30055714,
        0.2839017,
        0.29361343,
        0.32243967,
        0.3773694,
        0.42712688,
        0.44988012,
        0.4335022,
        0.43303776,
        0.40305948,
        0.3508911,
        0.32688856,
        0.35253763,
        0.32983017,
        0.29717636,
        0.24285793,
        0.17919636
    ],