{
    "class": "yneg",
    "duration_ms": 700,
    "x": [
        0.39899904,
        0.5588659,
        0.62342,
        0.6532244,
        0.6204858,
        0.53556687,
        0.42006385,
        0.29041117,
        0.12231736,
        0.008179121,
        -0.114713445,
        -0.18955117,
        -0.2455419,
        -0.29953986,
        -0.35886636,
        -0.36893404,
        -0.33712816,
        -0.24014924,
        -0.09705269,
        0.08538892,
        0.3458202,
        0.59179306,
        0.7881872,
        0.8927398,
        0.9369414,
        0.9397231,
        0.902913,
        0.8333343,
        0.73046273,
        0.6889248,
        0.6745076,
        0.7011864,
        0.6810239,
        0.69578403,
        0.67184156,
        0.68827397,
        0.70220536,
        0.7045869,
        0.6623631,
        0.6358366,
        0.5917965,
        0.42966512,
        0.18036729,
        -0.20693392,
        -0.70969003,
        -1.1787672,
        -1.6539493,
        -2.2076764,
        -2.7629976,
        -3.2998056,
        -3.7862968,
        -4.140572,
        -4.359635,
        -4.461525,
        -4.414022,
        -4.216594,
        -3.9000366,
        -3.5485442,
        -3.1485372,
        -2.6965683,
        -2.2301447,
        -1.722143,
        -1.1497577,
        -0.57826674,
        -0.005457883,
        0.6458163,
        1.3501806,
        1.9465775,
        2.4466162,
        2.9218807,
        3.290909,
        3.5534303,
        3.7800217,
        4.02809,
        4.2443843,
        4.504851,
        4.7084947,
        4.9075327,
        5.0110087,
        4.983125,
        4.8548427,
        4.630507,
        4.2854376,
        3.8306122,
        3.2889423,
        2.7457557,
        2.2337766,
        1.6662811,
        1.1216351,
        0.6233506,
        0.20265594,
        -0.20947151,
        -0.5699024,
        -0.8495663,
        -1.0340319,
        -1.1160665,
        -1.2224282,
        -1.3293564,
        -1.4273891,
        -1.5526594,
        -1.6404704,
        -1.6881375,
        -1.6882968,
        -1.6673083,
        -1.5869267,
        -1.4785564,
        -1.330384,
        -1.1930634,
        -1.0598482,
        -0.9454237,
        -0.895687,
        -0.84415275,
        -0.8032608,
        -0.76121706,
        -0.67011094,
        -0.5726268,
        -0.4492442,
        -0.29923356,
        -0.15047869,
        -0.049995303,
        -0.018546969,
        -0.028955579,
        -0.07573208,
        -0.15169778,
        -0.23756474,
        -0.357402,
        -0.49470013,
        -0.6140696,
        -0.6779486,
        -0.7158848,
        -0.721469,
        -0.5969766,
        -0.4142781,
        -0.22137019,
        -0.030205637,
        0.2264176,
        0.45798206,
        0.6146517,
        0.68996525,
        0.8132758,
        0.8843782,
        0.9226502,
        0.9066817,
        0.8153527,
        0.7063091,
        0.5458397,
        0.39335054,
        0.17889479,
        0.004941955
    ],
    "y": [
        0.07019925,
        0.04231596,
        0.022402763,
        0.07193351,
        0.12384963,
        0.21102095,
        0.29748368,
        0.35683274,
        0.415195,
        0.4699092,
        0.5254588,
        0.5745783,
        0.64108515,
        0.770046,
        0.96819115,
        1.1782255,
        1.4147475,
        1.6257586,
        1.7952619,
        1.8573747,
        1.8297555,
        1.7750254,
        1.6720793,
        1.5331416,
        1.4268837,
        1.3075502,
        1.1795413,
        1.0520451,
        0.9368441,
        0.7434797,
        0.53192496,
        0.3210528,
        0.110394955,
        -0.1291089,
        -0.43081474,
        -0.8229139,
        -1.2951865,
        -1.8454244,
        -2.5474482,
        -3.321358,
        -4.2043567,
        -5.1116323,
        -5.9946213,
        -6.7430496,
        -7.4288406,
        -8.038008,
        -8.520619,
        -8.850885,
        -8.9743,
        -8.843506,
        -8.501891,
        -7.9616814,
        -7.2994413,
        -6.539178,
        -5.791156,
        -5.026758,
        -4.306098,
        -3.4861429,
        -2.5675902,
        -1.5628177,
        -0.53659415,
        0.5997088,
        1.7124631,
        2.842765,
        3.8906076,
        4.77275,
        5.4729857,
        6.147235,
        6.7553687,
        7.3266473,
        7.8136806,
        8.180725,
        8.408989,
        8.476938,
        8.441641,
        8.263979,
        7.9427214,
        7.4980035,
        6.930934,
        6.269205,
        5.564752,
        4.824398,
        4.1531477,
        3.5078766,
        2.9122221,
        2.285023,
        1.6556723,
        1.0462561,
        0.39075494,
        -0.26633644,
        -0.8950567,
        -1.4678628,
        -1.9594891,
        -2.3523817,
        -2.6791787,
        -2.9678385,
        -3.201181,
        -3.3120992,
        -3.379888,
        -3.364586,
        -3.2740185,
        -3.144719,
        -3.020552,
        -2.9236689,
        -2.8691752,
        -2.8244085,
        -2.7852705,
        -2.7216375,
        -2.6271088,
        -2.5043488,
        -2.3463964,
        -2.1649687,
        -2.009708,
        -1.8393323,
        -1.6364126,
        -1.4865234,
        -1.3388116,
        -1.2166026,
        -1.0836053,
        -0.9418347,
        -0.8053279,
        -0.6451988,
        -0.47578287,
        -0.39740634,
        -0.26632595,
        -0.17346239,
        -0.08297539,
        -0.01637268,
        0.0739522,
        0.1252718,
        0.18269587,
        0.16902971,
        0.14373875,
        0.14469767,
        0.08799696,
        0.02864933,
        -0.04275751,
        -0.106851816,
        -0.08241844,
        -0.058036804,
        -0.012294292,
        0.004383087,
        0.03979969,
        0.088795185,
        0.14618969,
        0.19269323,
        0.24482942,
        0.28100014,
        0.2941196
    ],