{
    "class": "yneg",
    "duration_ms": 700,
    "x": [
        -0.04537051,
        0.18753172,
        0.41686302,
        0.6487854,
        0.83696944,
        0.9585046,
        1.0092262,
        1.0558066,
        1.0695083,
        1.0191184,
        0.93566597,
        0.8614459,
        0.78686047,
        0.69727933,
        0.595973,
        0.45054585,
        0.32235035,
        0.1823152,
        0.011305146,
        -0.10879062,
        -0.24901974,
        -0.43256554,
        -0.687269,
        -0.9739583,
        -1.2056727,
        -1.3698713,
        -1.4588287,
        -1.4005054,
        -1.2113271,
        -0.93226886,
        -0.662047,
        -0.4318729,
        -0.2416432,
        -0.06266153,
        -0.0052843094,
        -0.043948233,
        -0.06691763,
        -0.031665206,
        0.016494602,
        0.05880779,
        0.09092343,
        0.18511108,
        0.35874277,
        0.6097415,
        0.8786491,
        1.1417847,
        1.3562193,
        1.550662,
        1.8020399,
        2.0966337,
        2.3971033,
        2.7088432,
        2.9317713,
        3.065705,
        3.0977154,
        2.9855702,
        2.8019247,
        2.6026506,
        2.381689,
        2.1759622,
        2.006193,
        1.7859894,
        1.5444863,
        1.3089147,
        1.1115124,
        0.9466811,
        0.80925304,
        0.6127157,
        0.3634869,
        0.036275744,
        -0.2440466,
        -0.56625104,
        -0.87144876,
        -1.1034381,
        -1.3185058,
        -1.4914074,
        -1.5851645,
        -1.6584746,
        -1.6816325,
        -1.6867951,
        -1.6362551,
        -1.5182433,
        -1.3537431,
        -1.1751828,
        -0.98815054,
        -0.76272225,
        -0.5411007,
        -0.32256308,
        -0.19489962,
        -0.14566049,
        -0.16752666,
        -0.24629828,
        -0.3753463,
        -0.5267849,
        -0.7185873,
        -0.9063535,
        -1.0789211,
        -1.2175732,
        -1.3033031,
        -1.3288034,
        -1.3130056,
        -1.2701551,
        -1.2314823,
        -1.1849936,
        -1.1183797,
        -1.0262369,
        -0.9053174,
        -0.81459856,
        -0.72250533,
        -0.65033686,
        -0.6005449,
        -0.549558,
        -0.54351777,
        -0.5256704,
        -0.50173235,
        -0.47467944,
        -0.4065415,
        -0.37163436,
        -0.34634945,
        -0.29760376,
        -0.2612643,
        -0.22017862,
        -0.19074407,
        -0.17488872,
        -0.1410508,
        -0.18179455,
        -0.22215691,
        -0.23032166,
        -0.24183437,
        -0.20368138,
        -0.17314717,
        -0.16707347,
        -0.114165194,
        -0.086948015,
        -0.05534681,
        -0.018088691,
        0.055324443,
        0.13365766,
        0.20303875,
        0.26169395,
        0.26473272,
        0.2462459,
        0.23803759,
        0.20976655,
        0.13565658,
        0.08996844,
        0.008011654,
        -0.062683225,
        -0.13201977
    ],
    "y": [
        0.25658178,
        0.18265486,
        0.0047335625,
        -0.19562483,
        -0.4208274,
        -0.63767433,
        -0.8893299,
        -1.185431,
        -1.5428398,
        -1.9047546,
        -2.317003,
        -2.7585351,
        -3.2144923,
        -3.73003,
        -4.2525234,
        -4.68152,
        -5.019243,
        -5.2557845,
        -5.352385,
        -5.420636,
        -5.3902645,
        -5.193375,
        -4.807721,
        -4.287688,
        -3.726039,
        -3.1774282,
        -2.6702101,
        -2.1682875,
        -1.6718793,
        -1.2267578,
        -0.68970966,
        -0.13534403,
        0.5197873,
        1.3351407,
        2.2794528,
        3.2880836,
        4.2390757,
        5.1710715,
        5.9769874,
        6.779221,
        7.5513067,
        8.206423,
        8.693073,
        8.952396,
        8.98749,
        8.944822,
        8.879956,
        8.779371,
        8.634516,
        8.389158,
        7.984954,
        7.49058,
        6.9031553,
        6.2369094,
        5.4827566,
        4.684893,
        3.8852525,
        3.0926461,
        2.2252197,
        1.3207278,
        0.4289422,
        -0.4053259,
        -1.1518798,
        -1.842843,
        -2.474162,
        -3.0370674,
        -3.4965158,
        -3.863104,
        -4.13105,
        -4.319037,
        -4.3840733,
        -4.3913965,
        -4.3587885,
        -4.2854996,
        -4.199876,
        -4.1065016,
        -3.9861417,
        -3.8743405,
        -3.6679602,
        -3.4332523,
        -3.223783,
        -2.9919245,
        -2.7900414,
        -2.595945,
        -2.3777559,
        -2.1394398,
        -1.9018013,
        -1.7143087,
        -1.5449619,
        -1.4072752,
        -1.3052535,
        -1.2526107,
        -1.1578734,
        -1.0949755,
        -1.0014596,
        -0.86299944,
        -0.7463901,
        -0.6824589,
        -0.62309504,
        -0.54687977,
        -0.4658966,
        -0.3899002,
        -0.3168006,
        -0.2682948,
        -0.18510962,
        -0.108522415,
        -0.053432465,
        -0.03947544,
        -0.021504402,
        -0.0714879,
        -0.07955456,
        -0.06254959,
        -0.0444932,
        0.024773598,
        0.063836575,
        0.10623264,
        0.085261345,
        0.077718735,
        0.05512476,
        0.043928623,
        0.09903622,
        0.15344,
        0.17124891,
        0.15731668,
        0.15474892,
        0.13257504,
        0.14830828,
        0.12790775,
        0.11486721,
        0.07616043,
        0.05992031,
        0.092496395,
        0.10916233,
        0.14801884,
        0.18250513,
        0.17172337,
        0.18471575,
        0.19008636,
        0.16868591,
        0.15419674,
        0.1588397,
        0.17798519,
        0.2308178,
        0.24546385,
        0.2291727,
        0.23924828,
        0.25655794,
        0.23553848,
        0.22381401
    ],