{
    "class": "yneg",
    "duration_ms": 700,
    "x": [
        -0.08224502,
        -0.09626514,
        -0.095623076,
        -0.08742049,
        -0.07393435,
        -0.062348753,
        -0.04798132,
        -0.030954897,
        -0.023365557,
        -0.025380671,
        -0.030090302,
        -0.042381555,
        -0.07189581,
        -0.10680547,
        -0.147331,
        -0.19606474,
        -0.24361694,
        -0.2944893,
        -0.33889732,
        -0.36234352,
        -0.35949665,
        -0.32753563,
        -0.26839224,
        -0.18658441,
        -0.09145096,
        0.012101203,
        0.112014785,
        0.20788354,
        0.28990763,
        0.36490783,
        0.45153984,
        0.554101,
        0.67686343,
        0.8079767,
        0.92865944,
        1.0175626,
        1.0743818,
        1.0913854,
        1.0734026,
        1.0174042,
        0.9256207,
        0.7980857,
        0.63974947,
        0.44589132,
        0.22120287,
        -0.020323962,
        -0.28097266,
        -0.56064045,
        -0.8424119,
        -1.1140169,
        -1.3629268,
        -1.591096,
        -1.7930195,
        -1.9635783,
        -2.100365,
        -2.18688,
        -2.2043355,
        -2.1295006,
        -1.9560107,
        -1.6965348,
        -1.3730559,
        -1.0122007,
        -0.6333957,
        -0.26074806,
        0.08669075,
        0.3977421,
        0.6643374,
        0.89517593,
        1.1063297,
        1.2971299,
        1.4669893,
        1.6060278,
        1.7061856,
        1.7729744,
        1.8088796,
        1.8254014,
        1.8332748,
        1.8427513,
        1.853795,
        1.8759298,
        1.9068444,
        1.9447844,
        1.9840577,
        2.0173535,
        2.0450053,
        2.0531294,
        2.0349674,
        2.0026286,
        1.9470091,
        1.8667424,
        1.7631385,
        1.6350726,
        1.4934214,
        1.3390466,
        1.1606174,
        0.95845366,
        0.7277049,
        0.4703641,
        0.1952239,
        -0.096481144,
        -0.3846706,
        -0.6515504,
        -0.8909335,
        -1.0822911,
        -1.2166803,
        -1.2896811,
        -1.2966108,
        -1.240149,
        -1.13453,
        -0.9888119,
        -0.81428343,
        -0.6221092,
        -0.42339236,
        -0.2316142,
        -0.05083342,
        0.10726757,
        0.23789485,
        0.33617046,
        0.39455643,
        0.41271234,
        0.3997333,
        0.3525536,
        0.27781948,
        0.1869904,
        0.09169461,
        0.013458401,
        -0.056594744,
        -0.1104376,
        -0.14986475,
        -0.1747015,
        -0.19485335,
        -0.21993127,
        -0.2428513,
        -0.2634021,
        -0.28875083,
        -0.31393468,
        -0.33384705,
        -0.34603572,
        -0.35542697,
        -0.35488707,
        -0.35178682,
        -0.3391187,
        -0.31198758,
        -0.2748866,
        -0.22520792,
        -0.16995147,
        -0.116446435,
        -0.060316056
    ],
    "y": [
        0.18608141,
        0.21594,
        0.24061966,
        0.25747395,
        0.26169825,
        0.26762152,
        0.27533007,
        0.2897811,
        0.31816864,
        0.36050463,
        0.409472,
        0.464993,
        0.5221658,
        0.57845354,
        0.63131475,
        0.68304443,
        0.7289157,
        0.7713189,
        0.8009548,
        0.81345415,
        0.80674124,
        0.7788582,
        0.73251486,
        0.6726241,
        0.6016307,
        0.5242796,
        0.4239583,
        0.30323267,
        0.16659546,
        -0.0074915886,
        -0.23579216,
        -0.5325017,
        -0.90697765,
        -1.3516703,
        -1.8517644,
        -2.3829505,
        -2.9138026,
        -3.4225345,
        -3.9411254,
        -4.456779,
        -4.9639397,
        -5.450144,
        -5.9030523,
        -6.314983,
        -6.673561,
        -6.9639454,
        -7.168888,
        -7.280897,
        -7.278455,
        -7.1476507,
        -6.884364,
        -6.4941998,
        -5.980386,
        -5.353577,
        -4.623995,
        -3.8135839,
        -2.948567,
        -2.0692537,
        -1.2062664,
        -0.38327408,
        0.40692854,
        1.1833873,
        1.9675579,
        2.7783618,
        3.6179519,
        4.4788275,
        5.3606253,
        6.2320714,
        7.052588,
        7.7866573,
        8.401211,
        8.891922,
        9.26365,
        9.532652,
        9.714691,
        9.799097,
        9.782019,
        9.644945,
        9.381382,
        8.991963,
        8.49705,
        7.9198446,
        7.267452,
        6.5691414,
        5.833222,
        5.089826,
        4.3480825,
        3.6124907,
        2.8901505,
        2.1996446,
        1.5448709,
        0.9341121,
        0.36348295,
        -0.16357565,
        -0.6463313,
        -1.0817895,
        -1.4552164,
        -1.7640784,
        -2.0132077,
        -2.205365,
        -2.362631,
        -2.492941,
        -2.6067517,
        -2.7122762,
        -2.8082142,
        -2.9003086,
        -2.9846787,
        -3.0573354,
        -3.1069608,
        -3.12679,
        -3.1146872,
        -3.0777426,
        -3.0134943,
        -2.9362214,
        -2.848434,
        -2.7693484,
        -2.699262,
        -2.6264875,
        -2.5490737,
        -2.4625769,
        -2.3768272,
        -2.2893264,
        -2.20951,
        -2.1322234,
        -2.054477,
        -1.9731839,
        -1.8733859,
        -1.7590883,
        -1.6248848,
        -1.4869742,
        -1.3472414,
        -1.2174201,
        -1.0925179,
        -0.9771893,
        -0.8809941,
        -0.78234124,
        -0.69340134,
        -0.6070471,
        -0.5280895,
        -0.45893478,
        -0.40188313,
        -0.3498459,
        -0.3030405,
        -0.2546606,
        -0.20271397,
        -0.14765596,
        -0.104139805,
        -0.06031561
    ],