{
    "class": "yneg",
    "duration_ms": 700,
    "x": [
        -0.020040989,
        0.071232975,
        0.1629237,
        0.25047234,
        0.33387914,
        0.41088212,
        0.4742589,
        0.52138865,
        0.547608,
        0.55267143,
        0.53873837,
        0.51278394,
        0.47215894,
        0.4287679,
        0.3824119,
        0.33310506,
        0.28549674,
        0.23963356,
        0.19569525,
        0.14914164,
        0.1097852,
        0.077678144,
        0.05532047,
        0.044983387,
        0.056240648,
        0.08439922,
        0.12966114,
        0.19201039,
        0.25711364,
        0.33203948,
        0.41434065,
        0.48966217,
        0.56522536,
        0.6434101,
        0.72418344,
        0.80264425,
        0.8855627,
        0.96802187,
        1.0499518,
        1.1266305,
        1.1935753,
        1.2485979,
        1.2823846,
        1.2923806,
        1.2734238,
        1.2348676,
        1.1765201,
        1.096184,
        0.98938453,
        0.85619915,
        0.6965201,
        0.5292797,
        0.37090516,
        0.2353493,
        0.12268238,
        0.01877515,
        -0.09976821,
        -0.25856537,
        -0.45484257,
        -0.6886662,
        -0.9460584,
        -1.2159847,
        -1.4730928,
        -1.6916689,
        -1.843011,
        -1.9070694,
        -1.8871919,
        -1.7940334,
        -1.6430867,
        -1.4623551,
        -1.2709546,
        -1.0789278,
        -0.894156,
        -0.71255136,
        -0.5393895,
        -0.38194883,
        -0.25475362,
        -0.15832055,
        -0.09107279,
        -0.046723925,
        -0.01181864,
        0.030084576,
        0.08872752,
        0.16225499,
        0.258187,
        0.38175574,
        0.53382176,
        0.70584327,
        0.89153934,
        1.0893027,
        1.2851993,
        1.465011,
        1.6021696,
        1.6863807,
        1.7047604,
        1.6682987,
        1.5812911,
        1.4484776,
        1.2817953,
        1.1027442,
        0.91415733,
        0.7287553,
        0.54024786,
        0.35168576,
        0.16106227,
        -0.026754126,
        -0.20932385,
        -0.37745798,
        -0.5198319,
        -0.62992775,
        -0.70588183,
        -0.75056887,
        -0.7618673,
        -0.75681657,
        -0.73360765,
        -0.69509375,
        -0.65133214,
        -0.60490525,
        -0.55139077,
        -0.4930848,
        -0.42268384,
        -0.34713066,
        -0.26871943,
        -0.19208825,
        -0.12885636,
        -0.08098215,
        -0.045712948,
        -0.010642767,
        0.036825955,
        0.09268391,
        0.1551258,
        0.22219142,
        0.27485186,
        0.32015705,
        0.35053778,
        0.36559,
        0.3596922,
        0.3417232,
        0.31085455,
        0.27362153,
        0.23663077,
        0.20200688,
        0.17243987,
        0.14823699,
        0.1277805,
        0.10732037,
        0.085354805,
        0.06975192
    ],
    "y": [
        0.21448898,
        0.24668598,
        0.275959,
        0.30930328,
        0.3418212,
        0.3662486,
        0.38979006,
        0.40514517,
        0.42174244,
        0.44424915,
        0.46774387,
        0.49443722,
        0.52189064,
        0.5383229,
        0.5438652,
        0.5506954,
        0.5613909,
        0.57370377,
        0.5853367,
        0.60593843,
        0.62371206,
        0.64815474,
        0.665143,
        0.66534853,
        0.6537843,
        0.62359047,
        0.5798793,
        0.5205927,
        0.44613695,
        0.35918045,
        0.2645507,
        0.15993643,
        0.030955791,
        -0.12720537,
        -0.31238508,
        -0.53661585,
        -0.7999401,
        -1.1046443,
        -1.4504588,
        -1.8299198,
        -2.2403233,
        -2.6771188,
        -3.1195004,
        -3.5599484,
        -3.9860935,
        -4.407051,
        -4.803349,
        -5.1675215,
        -5.487446,
        -5.7461934,
        -5.9389963,
        -6.053857,
        -6.0955114,
        -6.0475245,
        -5.900657,
        -5.643539,
        -5.269997,
        -4.771646,
        -4.1425853,
        -3.376967,
        -2.4902742,
        -1.5140104,
        -0.50074816,
        0.4782939,
        1.356843,
        2.102127,
        2.740828,
        3.292224,
        3.7919407,
        4.2680926,
        4.7104692,
        5.130458,
        5.5203147,
        5.8725967,
        6.1847396,
        6.4541774,
        6.687592,
        6.8915763,
        7.0680304,
        7.1858616,
        7.23808,
        7.2107964,
        7.0949492,
        6.8934107,
        6.606732,
        6.2521343,
        5.8300776,
        5.357741,
        4.8570623,
        4.3382044,
        3.8112683,
        3.2912169,
        2.7882395,
        2.3172522,
        1.881187,
        1.4851923,
        1.1150045,
        0.7706218,
        0.44744015,
        0.13602257,
        -0.17534828,
        -0.4817028,
        -0.7662568,
        -1.0360904,
        -1.2744088,
        -1.4811282,
        -1.6587038,
        -1.8000202,
        -1.9124537,
        -2.0033743,
        -2.092123,
        -2.1788778,
        -2.2637806,
        -2.3398051,
        -2.4022188,
        -2.4342728,
        -2.4289186,
        -2.3862433,
        -2.3136811,
        -2.232983,
        -2.1586428,
        -2.1003761,
        -2.0559835,
        -2.0303407,
        -2.0115175,
        -1.9946966,
        -1.9819674,
        -1.9562612,
        -1.9171877,
        -1.8715816,
        -1.8287458,
        -1.7861047,
        -1.7459855,
        -1.6990113,
        -1.6478419,
        -1.5880685,
        -1.5200615,
        -1.4561763,
        -1.3920064,
        -1.3327031,
        -1.2715421,
        -1.2136784,
        -1.1522412,
        -1.0849714,
        -1.0189242,
        -0.9514203,
        -0.8771734,
        -0.79801035
    ],