{
    "class": "yneg",
    "duration_ms": 700,
    "x": [
        0.1234318,
        0.2577571,
        0.36466128,
        0.4497633,
        0.47566962,
        0.4477672,
        0.41853756,
        0.35645464,
        0.3630387,
        0.4061603,
        0.44319028,
        0.42553252,
        0.44357297,
        0.43900287,
        0.32747343,
        0.16125184,
        -0.019096553,
        -0.14892268,
        -0.29739124,
        -0.4381314,
        -0.49205673,
        -0.5929663,
        -0.6592221,
        -0.5898787,
        -0.5069356,
        -0.36514807,
        -0.20558143,
        -0.06650221,
        0.048990607,
        0.120746195,
        0.14727777,
        0.19190612,
        0.23972538,
        0.24326527,
        0.25402933,
        0.37177944,
        0.49292895,
        0.59790957,
        0.7870071,
        0.9835402,
        1.1344908,
        1.2432494,
        1.2784103,
        1.255713,
        1.2838902,
        1.3980653,
        1.5879931,
        1.8315513,
        2.0347202,
        2.2593007,
        2.4618192,
        2.617892,
        2.6935487,
        2.7000701,
        2.5604239,
        2.3435242,
        2.0393732,
        1.6716144,
        1.2521927,
        0.83887714,
        0.3793428,
        -0.049655914,
        -0.45508462,
        -0.7867358,
        -0.9822738,
        -1.1154199,
        -1.1785166,
        -1.190721,
        -1.1642362,
        -1.1254812,
        -1.0292107,
        -0.9139859,
        -0.7464958,
        -0.54588544,
        -0.3649208,
        -0.22751307,
        -0.12877089,
        -0.028146684,
        0.038389802,
        0.066097796,
        0.055018604,
        0.043693304,
        0.0108239055,
        -0.00237602,
        -0.036548316,
        -0.07005024,
        -0.11712074,
        -0.17047554,
        -0.22520006,
        -0.2693944,
        -0.3247097,
        -0.44169295,
        -0.51077324,
        -0.5756563,
        -0.6010258,
        -0.5989032,
        -0.5932626,
        -0.5816085,
        -0.61146444,
        -0.6393005,
        -0.6337684,
        -0.6568881,
        -0.68718314,
        -0.67691004,
        -0.6001801,
        -0.5458079,
        -0.45193148,
        -0.3690828,
        -0.28796428,
        -0.21567523,
        -0.16885829,
        -0.17130661,
        -0.17010617,
        -0.1911704,
        -0.18873203,
        -0.24866492,
        -0.2823426,
        -0.3351854,
        -0.41668344,
        -0.44053757,
        -0.40920126,
        -0.33959514,
        -0.26251483,
        -0.16566515,
        -0.079769194,
        -0.021603346,
        0.027777195,
        0.049031198,
        0.073096514,
        0.08576363,
        0.086660266,
        0.10632092,
        0.134381,
        0.13701642,
        0.19780934,
        0.21876675,
        0.24816835,
        0.22902042,
        0.22864962,
        0.20680702,
        0.23572361,
        0.27026606,
        0.3082589,
        0.29951546,
        0.27531224,
        0.21171767,
        0.13982964,
        0.08336544
    ],
    "y": [
        -0.39198446,
        -0.52418804,
        -0.64813423,
        -0.76615524,
        -0.91166115,
        -1.0892663,
        -1.3441143,
        -1.6785302,
        -2.1613965,
        -2.678111,
        -3.330901,
        -3.947856,
        -4.533883,
        -5.050634,
        -5.47638,
        -5.796449,
        -6.0106626,
        -6.126038,
        -6.0517445,
        -5.8167887,
        -5.325918,
        -4.65396,
        -3.791987,
        -2.9223742,
        -2.0741553,
        -1.3002329,
        -0.5818205,
        0.019083977,
        0.6414528,
        1.3021989,
        2.0612855,
        2.8447556,
        3.6933928,
        4.497638,
        5.217251,
        5.859907,
        6.4188266,
        6.8849845,
        7.2349133,
        7.471416,
        7.5518208,
        7.553052,
        7.4441752,
        7.3065157,
        7.10834,
        6.7868133,
        6.2983375,
        5.745163,
        5.138548,
        4.4226694,
        3.6613126,
        2.882648,
        2.1054974,
        1.3871951,
        0.7063899,
        0.10901308,
        -0.41870308,
        -0.8807883,
        -1.2311697,
        -1.5887275,
        -1.7995789,
        -1.9398899,
        -1.9638648,
        -1.9501398,
        -1.9294167,
        -1.908994,
        -1.9106221,
        -1.9705396,
        -1.9836657,
        -1.9744289,
        -1.974545,
        -1.9413562,
        -1.9517069,
        -1.9508812,
        -1.9557431,
        -1.9377234,
        -1.856287,
        -1.744854,
        -1.5889564,
        -1.4172401,
        -1.2725868,
        -1.1523986,
        -1.068388,
        -0.9700756,
        -0.8764353,
        -0.8495183,
        -0.814919,
        -0.81548595,
        -0.8271651,
        -0.7925005,
        -0.7712579,
        -0.7633834,
        -0.7306633,
        -0.70423174,
        -0.7413616,
        -0.78692627,
        -0.8215685,
        -0.86198187,
        -0.86991787,
        -0.8360262,
        -0.76037645,
        -0.6885028,
        -0.61826897,
        -0.5525098,
        -0.53462315,
        -0.48832178,
        -0.44024086,
        -0.43360758,
        -0.40854788,
        -0.39608335,
        -0.3794937,
        -0.33944607,
        -0.28295517,
        -0.25772667,
        -0.2205553,
        -0.19986868,
        -0.17151642,
        -0.11853361,
        -0.05283165,
        -0.015000343,
        0.013999462,
        0.024592876,
        0.0238204,
        0.0020980835,
        -0.016729832,
        -0.020766258,
        0.061723232,
        0.13969183,
        0.23200417,
        0.29531384,
        0.3319831,
        0.3466277,
        0.3390026,
        0.32558823,
        0.29424047,
        0.2786188,
        0.25714684,
        0.26836634,
        0.32905293,
        0.34362316,
        0.32175112,
        0.29956388,
        0.24608421,
        0.2619853,
        0.2612672,
        0.2989912,
        0.2866044,
        0.28879786
    ],