{
    "class": "yneg",
    "duration_ms": 700,
    "x": [
        -0.19128656,
        -0.11324398,
        -0.044589907,
        0.005393885,
        0.0060826465,
        -0.016120538,
        -0.023214716,
        -0.077245355,
        -0.0927749,
        -0.12018262,
        -0.09538987,
        -0.0496785,
        0.014411233,
        0.06839706,
        0.16702291,
        0.23388253,
        0.29050958,
        0.34876123,
        0.39662963,
        0.43900257,
        0.5309055,
        0.65100855,
        0.74018276,
        0.8442404,
        0.9847898,
        1.1025409,
        1.2026291,
        1.2275894,
        1.2163392,
        1.1343054,
        0.9298944,
        0.6426851,
        0.37674883,
        0.14309727,
        -0.07301927,
        -0.26712155,
        -0.412862,
        -0.52914387,
        -0.6944062,
        -0.8911058,
        -1.0587397,
        -1.141411,
        -1.1811072,
        -1.1839069,
        -1.1920222,
        -1.2146606,
        -1.2185752,
        -1.1949472,
        -1.1898586,
        -1.1604676,
        -1.1477311,
        -1.0779427,
        -0.92309296,
        -0.7744709,
        -0.5914479,
        -0.3668348,
        -0.1696384,
        -0.0093666315,
        0.13274527,
        0.23486716,
        0.32556817,
        0.37391272,
        0.4279288,
        0.43273315,
        0.47474456,
        0.5423947,
        0.6699888,
        0.8177437,
        0.9867733,
        1.1827834,
        1.4351301,
        1.5649292,
        1.6177406,
        1.5457021,
        1.3985186,
        1.1609279,
        0.88724947,
        0.6343685,
        0.43305677,
        0.24738085,
        0.041310847,
        -0.14245498,
        -0.30196068,
        -0.43287587,
        -0.5572526,
        -0.6635078,
        -0.72314143,
        -0.70252305,
        -0.65855664,
        -0.6142727,
        -0.5882744,
        -0.59204197,
        -0.5848619,
        -0.54754525,
        -0.43721184,
        -0.32311177,
        -0.22911662,
        -0.14815772,
        -0.07123199,
        -0.011169553,
        0.069688916,
        0.20192033,
        0.32094103,
        0.41970855,
        0.48886243,
        0.5093537,
        0.4956497,
        0.4121638,
        0.3429718,
        0.28856245,
        0.24009046,
        0.20062006,
        0.19695318,
        0.17681557,
        0.16876718,
        0.11014211,
        0.062458813,
        0.027276725,
        0.018332005,
        0.027694315,
        0.074231535,
        0.07886547,
        0.11335312,
        0.10095464,
        0.082444236,
        0.038994506,
        0.011435822,
        0.007080421,
        -0.0026395917,
        0.04474938,
        0.13030788,
        0.16581273,
        0.21113965,
        0.18476185,
        0.16512509,
        0.11358865,
        0.036982946,
        -0.02898357,
        -0.09415777,
        -0.15166418,
        -0.21842428,
        -0.2300068,
        -0.26789403,
        -0.26965046,
        -0.22057852,
        -0.120125905,
        0.0014046207,
        0.14950083
    ],
    "y": [
        0.31555462,
        0.3785963,
        0.42956066,
        0.47067833,
        0.51370764,
        0.5370693,
        0.58586884,
        0.5767722,
        0.5744152,
        0.54312754,
        0.49017668,
        0.41576672,
        0.38897467,
        0.3240056,
        0.25923824,
        0.187716,
        0.10479736,
        -0.020069122,
        -0.124684334,
        -0.2971344,
        -0.4989891,
        -0.8181424,
        -1.2489686,
        -1.7433267,
        -2.326978,
        -2.9760041,
        -3.6759865,
        -4.429697,
        -5.1747804,
        -5.777334,
        -6.2276397,
        -6.5330033,
        -6.834112,
        -7.0131936,
        -7.115494,
        -7.0904593,
        -6.935643,
        -6.6461864,
        -6.2193995,
        -5.6262183,
        -4.930564,
        -4.1485987,
        -3.2772126,
        -2.349682,
        -1.3611598,
        -0.33809328,
        0.6951022,
        1.6805196,
        2.6223454,
        3.5318909,
        4.272206,
        4.886107,
        5.3064413,
        5.645387,
        5.9311147,
        6.1486716,
        6.2592106,
        6.3101954,
        6.3299184,
        6.375262,
        6.4002705,
        6.447491,
        6.4711165,
        6.4205093,
        6.2667146,
        5.9736633,
        5.534045,
        5.0388803,
        4.4809847,
        3.8582754,
        3.1928964,
        2.5908957,
        2.0508156,
        1.6523519,
        1.3464961,
        1.1438074,
        0.9735503,
        0.82693815,
        0.66636086,
        0.47058773,
        0.30212116,
        0.15355492,
        0.06527281,
        -0.03506899,
        -0.13587284,
        -0.24494362,
        -0.3339634,
        -0.46546698,
        -0.5988531,
        -0.73176813,
        -0.8140354,
        -0.80752325,
        -0.7865577,
        -0.7127509,
        -0.68872595,
        -0.7191,
        -0.7699981,
        -0.81007385,
        -0.77695036,
        -0.7136221,
        -0.66547585,
        -0.6638298,
        -0.69949913,
        -0.76093197,
        -0.8268285,
        -0.9142108,
        -0.9775834,
        -1.0240483,
        -1.0437217,
        -1.0458384,
        -1.0228939,
        -1.0176597,
        -1.0319905,
        -1.0104828,
        -0.9790201,
        -0.92540884,
        -0.86886597,
        -0.81211233,
        -0.73420143,
        -0.73145056,
        -0.7446227,
        -0.80065775,
        -0.8258934,
        -0.8568454,
        -0.8772383,
        -0.9112425,
        -0.92551756,
        -0.9512024,
        -0.95488787,
        -0.9583273,
        -0.9567957,
        -0.9380851,
        -0.8541336,
        -0.7716589,
        -0.6520343,
        -0.5621071,
        -0.5087929,
        -0.48716307,
        -0.50674295,
        -0.5410576,
        -0.5853553,
        -0.62291145,
        -0.5987148,
        -0.59894514,
        -0.57086897,
        -0.569541,
        -0.5829215,
        -0.5772486
    ],