{
    "class": "yneg",
    "duration_ms": 700,
    "x": [
        0.9302375,
        1.2973628,
        1.6061263,
        1.913127,
        2.1671772,
        2.3573384,
        2.4555786,
        2.4555666,
        2.3313403,
        2.1025407,
        1.8226289,
        1.4974694,
        1.0570582,
        0.54907763,
        -0.05962932,
        -0.73502326,
        -1.4191535,
        -2.032607,
        -2.5794928,
        -3.0499723,
        -3.4127076,
        -3.701039,
        -3.8699493,
        -4.0228233,
        -4.122162,
        -4.0253677,
        -3.975662,
        -3.6867876,
        -3.1731043,
        -2.520197,
        -1.8305445,
        -1.1364286,
        -0.25451568,
        0.2389124,
        0.580563,
        0.8550554,
        1.1484113,
        1.4047617,
        1.6684535,
        1.9804325,
        2.3405256,
        2.6616275,
        2.8685174,
        2.957614,
        2.9200199,
        2.8225904,
        2.7389681,
        2.6872575,
        2.5682375,
        2.3998652,
        2.1736012,
        1.8808553,
        1.6060464,
        1.2594204,
        0.9093025,
        0.49289,
        0.13412604,
        -0.23165898,
        -0.50080675,
        -0.65539396,
        -0.746372,
        -0.7505698,
        -0.67855036,
        -0.52913976,
        -0.36340606,
        -0.20461906,
        -0.11015196,
        -0.056418456,
        -0.051033825,
        -0.047127996,
        -0.050533194,
        -0.045594312,
        -0.03564269,
        -0.036100507,
        -0.038341817,
        -0.021799684,
        0.03663823,
        0.091026425,
        0.16069922,
        0.31557372,
        0.4799599,
        0.6477271,
        0.7506808,
        0.78734726,
        0.8179742,
        0.8068565,
        0.73253405,
        0.6406051,
        0.5358738,
        0.41591123,
        0.25912118,
        0.09883556,
        -0.010563344,
        -0.114921875,
        -0.15004222,
        -0.17587735,
        -0.22110441,
        -0.2689336,
        -0.32174802,
        -0.34626985,
        -0.4024589,
        -0.45447972,
        -0.5000532,
        -0.54146975,
        -0.5643646,
        -0.6045737,
        -0.5977449,
        -0.5724526,
        -0.55936944,
        -0.5530712,
        -0.5986883,
        -0.63393414,
        -0.6494084,
        -0.62600684,
        -0.6285426,
        -0.6431609,
        -0.68245995,
        -0.6677464,
        -0.6206365,
        -0.5268997,
        -0.40350023,
        -0.23382223,
        -0.07513529,
        0.067843586,
        0.19530977,
        0.28585786,
        0.31337515,
        0.33298397,
        0.33048573,
        0.32991913,
        0.3079801,
        0.26993728,
        0.2042293,
        0.15893486,
        0.0813986,
        -0.013929427,
        -0.10095169,
        -0.17518134,
        -0.23944208,
        -0.2871207,
        -0.33298776,
        -0.3317774,
        -0.2860865,
        -0.25809246,
        -0.20695779,
        -0.123124585,
        -0.044723675,
        0.028652966,
        0.1214689
    ],
    "y": [
        -0.5611272,
        -0.9357796,
        -1.443459,
        -2.014131,
        -2.7089763,
        -3.504331,
        -4.4214706,
        -5.3146005,
        -6.267815,
        -7.087759,
        -7.8491554,
        -8.514229,
        -9.061733,
        -9.3794775,
        -9.400695,
        -9.127857,
        -8.592135,
        -7.8413806,
        -6.9163055,
        -5.845602,
        -4.6699243,
        -3.3581746,
        -1.9393101,
        -0.42790508,
        1.1734481,
        2.563377,
        4.0197573,
        5.057489,
        5.696587,
        6.066932,
        6.3983126,
        6.6448736,
        6.421167,
        7.1028423,
        7.806382,
        8.268469,
        8.549047,
        8.727349,
        8.642839,
        8.268761,
        7.6955147,
        7.140214,
        6.6141076,
        6.1356683,
        5.6877065,
        5.2219834,
        4.64988,
        4.0930853,
        3.4029522,
        2.7037425,
        2.0167847,
        1.344552,
        0.68742275,
        0.09381676,
        -0.3759079,
        -0.79530287,
        -1.1111059,
        -1.411201,
        -1.6183105,
        -1.8107958,
        -1.973577,
        -2.1514926,
        -2.3271408,
        -2.4857044,
        -2.6531842,
        -2.7698784,
        -2.8504243,
        -2.8688595,
        -2.8280163,
        -2.7331777,
        -2.6349106,
        -2.5336742,
        -2.4035523,
        -2.2999136,
        -2.1848037,
        -2.0584998,
        -1.966639,
        -1.8399072,
        -1.7285838,
        -1.6828117,
        -1.620995,
        -1.5405478,
        -1.5272202,
        -1.4849772,
        -1.4446392,
        -1.3772788,
        -1.2755027,
        -1.1727171,
        -1.0807872,
        -0.9828944,
        -0.8956704,
        -0.80940247,
        -0.716733,
        -0.57210684,
        -0.44240665,
        -0.33706474,
        -0.24890041,
        -0.15163374,
        -0.076497555,
        -0.021253586,
        -0.0027985573,
        0.0026221275,
        -0.031671047,
        -0.060500145,
        -0.103302,
        -0.13875246,
        -0.16217566,
        -0.1641407,
        -0.15661049,
        -0.17295313,
        -0.13402271,
        -0.12582779,
        -0.088410854,
        -0.0550251,
        -0.03738308,
        -0.044672012,
        -0.007368088,
        0.036131382,
        0.09274101,
        0.11167145,
        0.10202122,
        0.039426327,
        -0.014251709,
        -0.05928278,
        -0.12929869,
        -0.15748739,
        -0.15129757,
        -0.12524748,
        -0.07480478,
        -0.04078245,
        0.012650967,
        0.037662506,
        0.04159689,
        0.0724411,
        0.07051945,
        0.088638306,
        0.1195178,
        0.16316128,
        0.16452885,
        0.121571064,
        0.11334562,
        0.07068777,
        0.032216072,
        0.0030469894,
        -0.047522545,
        -0.049757957,
        -0.05361557,
        -0.044621944,
        -0.025083542
    ],