{
    "class": "yneg",
    "duration_ms": 700,
    "x": [
        0.237753,
        0.07231775,
        -0.16763026,
        -0.47264215,
        -0.8550491,
        -1.2341747,
        -1.6058366,
        -1.9486177,
        -2.1878934,
        -2.269732,
        -2.287879,
        -2.199964,
        -1.9390064,
        -1.6062785,
        -1.2243184,
        -0.8536616,
        -0.5548525,
        -0.34315357,
        -0.22588871,
        -0.15749116,
        -0.10423592,
        -0.027641736,
        0.07047378,
        0.21703666,
        0.40519625,
        0.5653675,
        0.6969934,
        0.8525802,
        0.99411607,
        1.1290634,
        1.2530093,
        1.3591663,
        1.4546106,
        1.4957732,
        1.5011189,
        1.4796957,
        1.5104507,
        1.5581474,
        1.6304191,
        1.7464695,
        1.8676678,
        2.067849,
        2.143598,
        2.0921223,
        1.9699243,
        1.7927262,
        1.6268187,
        1.4122647,
        1.1593567,
        0.8430941,
        0.46251452,
        0.061823457,
        -0.32666853,
        -0.65434706,
        -0.91347444,
        -1.0775324,
        -1.1635305,
        -1.157843,
        -1.1358337,
        -1.0553243,
        -0.9841027,
        -0.8751443,
        -0.76506025,
        -0.68794763,
        -0.58199394,
        -0.42126602,
        -0.18221168,
        0.08052628,
        0.3007169,
        0.4624394,
        0.5760634,
        0.63489693,
        0.6514447,
        0.6261218,
        0.5734412,
        0.47916538,
        0.40031907,
        0.3676958,
        0.33801088,
        0.31858954,
        0.27107492,
        0.19294657,
        0.06030774,
        -0.06479258,
        -0.18026596,
        -0.31276852,
        -0.4362579,
        -0.5438332,
        -0.59263664,
        -0.573537,
        -0.5130496,
        -0.42314088,
        -0.31061885,
        -0.18232213,
        -0.018421024,
        0.08853855,
        0.20141283,
        0.2771982,
        0.32772976,
        0.35993564,
        0.34715798,
        0.3153906,
        0.24979752,
        0.16414937,
        0.093934424,
        0.034188017,
        -0.05309896,
        -0.10058133,
        -0.151173,
        -0.1759193,
        -0.18410598,
        -0.16115679,
        -0.15703373,
        -0.13576655,
        -0.119093865,
        -0.10726546,
        -0.057597563,
        -0.015713573,
        0.035188302,
        0.054541066,
        0.03535054,
        0.049230106,
        0.058055922,
        0.117196254,
        0.14338517,
        0.18700592,
        0.1643905,
        0.18993929,
        0.15072992,
        0.13963947,
        0.09665318,
        0.050462548,
        0.00134518,
        -0.00011933595,
        -0.025203422,
        -0.035190202,
        -0.015535291,
        -0.028009336,
        -0.013009857,
        0.014904335,
        0.072215915,
        0.13006875,
        0.188223,
        0.18670018,
        0.20673397,
        0.21960427,
        0.22301763,
        0.24323961,
        0.23695344
    ],
    "y": [
        -5.010419,
        -5.675333,
        -6.289236,
        -6.820281,
        -7.1771374,
        -7.41243,
        -7.524047,
        -7.409848,
        -7.144854,
        -6.753846,
        -6.180147,
        -5.4437275,
        -4.6674953,
        -3.854537,
        -2.9720001,
        -1.9632163,
        -0.79994726,
        0.47685242,
        1.8053803,
        3.0623097,
        4.1392035,
        5.0428233,
        5.789284,
        6.4541855,
        7.0647993,
        7.6573477,
        8.248264,
        8.853521,
        9.390623,
        9.796032,
        10.030129,
        10.072355,
        9.930766,
        9.592087,
        9.093354,
        8.552905,
        7.8905516,
        7.1483707,
        6.3205566,
        5.466256,
        4.5968685,
        3.6739829,
        2.7697546,
        1.906245,
        1.1611671,
        0.49546313,
        -0.09377599,
        -0.59517455,
        -0.99021673,
        -1.2821589,
        -1.4382951,
        -1.4739273,
        -1.4379842,
        -1.3677304,
        -1.3173687,
        -1.3082447,
        -1.4073956,
        -1.545923,
        -1.7246354,
        -1.9087021,
        -2.0967813,
        -2.242067,
        -2.3647106,
        -2.4056919,
        -2.368025,
        -2.3025112,
        -2.1950676,
        -2.096132,
        -1.9819028,
        -1.8309205,
        -1.6335323,
        -1.4324474,
        -1.2439208,
        -1.1082017,
        -1.06076,
        -1.0127611,
        -0.99516296,
        -1.0317907,
        -1.0006075,
        -0.99500203,
        -1.012603,
        -1.0365169,
        -1.0522156,
        -1.0451677,
        -1.0225081,
        -0.9866586,
        -0.89704776,
        -0.8495488,
        -0.81547403,
        -0.7685609,
        -0.73978424,
        -0.693203,
        -0.6360316,
        -0.58997154,
        -0.5360222,
        -0.4479046,
        -0.35915565,
        -0.30578756,
        -0.2567935,
        -0.20990229,
        -0.16740513,
        -0.15796661,
        -0.14077854,
        -0.113438606,
        -0.035415173,
        0.021389484,
        0.07613039,
        0.16462469,
        0.2200818,
        0.26179504,
        0.2970295,
        0.34724045,
        0.39068747,
        0.39365435,
        0.41566753,
        0.39431047,
        0.39638758,
        0.37145662,
        0.37935448,
        0.33406258,
        0.30994844,
        0.27124453,
        0.24917793,
        0.20325756,
        0.14088964,
        0.1267314,
        0.13666248,
        0.17281389,
        0.19659138,
        0.22940493,
        0.27108812,
        0.31458282,
        0.32635784,
        0.3494377,
        0.33606243,
        0.28642845,
        0.2794366,
        0.22651196,
        0.2328949,
        0.20767498,
        0.20835543,
        0.19674921,
        0.14677334,
        0.12547874,
        0.13745928,
        0.15148735,
        0.20810795,
        0.20686626,
        0.16706562
    ],