{
    "class": "yneg",
    "duration_ms": 700,
    "x": [
        0.011673689,
        0.02819708,
        0.07410291,
        0.1022602,
        0.13916722,
        0.12314118,
        0.1138169,
        0.10835095,
        0.05389765,
        0.035821393,
        -0.003707558,
        -0.08384588,
        -0.088250205,
        -0.11502576,
        -0.14247678,
        -0.16342519,
        -0.20153847,
        -0.22098446,
        -0.27180123,
        -0.29904747,
        -0.3170792,
        -0.33543667,
        -0.2779681,
        -0.19722001,
        -0.074123815,
        0.06289931,
        0.18793964,
        0.31567246,
        0.37266347,
        0.4543565,
        0.53424233,
        0.6100403,
        0.6652581,
        0.74275297,
        0.7640269,
        0.779496,
        0.7560887,
        0.7654275,
        0.82359415,
        0.8732868,
        0.86958057,
        0.8349897,
        0.7528848,
        0.5932733,
        0.3213231,
        0.05066538,
        -0.18606967,
        -0.401616,
        -0.5056738,
        -0.5869168,
        -0.74990046,
        -0.9363178,
        -1.0660338,
        -1.171296,
        -1.2533674,
        -1.3779749,
        -1.4490215,
        -1.4071221,
        -1.2855957,
        -1.1152351,
        -0.8863549,
        -0.6207622,
        -0.32100374,
        -0.056432705,
        0.07695806,
        0.09988557,
        0.07576713,
        0.049026497,
        0.09091269,
        0.24737844,
        0.42892683,
        0.6344232,
        0.79059714,
        0.83570814,
        0.8248478,
        0.8542117,
        0.9677925,
        1.1641977,
        1.3580177,
        1.6334662,
        1.9644747,
        2.231855,
        2.3901923,
        2.4245667,
        2.2811923,
        2.0446508,
        1.6652478,
        1.2276311,
        0.7808846,
        0.36757097,
        0.07627079,
        -0.22680715,
        -0.4624197,
        -0.6615756,
        -0.8308448,
        -0.9098485,
        -0.96752393,
        -0.9004477,
        -0.8180623,
        -0.70764434,
        -0.6282136,
        -0.6128956,
        -0.5951454,
        -0.5928898,
        -0.609574,
        -0.5818501,
        -0.53229475,
        -0.44692934,
        -0.3856935,
        -0.31047606,
        -0.23084156,
        -0.11058844,
        0.04366356,
        0.15400665,
        0.2500479,
        0.32309863,
        0.33337888,
        0.28143743,
        0.15822072,
        -0.026630193,
        -0.25188166,
        -0.48492438,
        -0.7078341,
        -0.9314506,
        -1.1282096,
        -1.2916526,
        -1.4148809,
        -1.5103798,
        -1.525682,
        -1.4487346,
        -1.3195981,
        -1.1351608,
        -0.8537116,
        -0.6033944,
        -0.37363952,
        -0.14464717,
        -0.0021256953,
        0.1664199,
        0.3507368,
        0.16518654,
        0.08826438,
        0.023430064,
        -0.03246218,
        -0.15144756,
        -0.2350782,
        -0.29256153
    ],
    "y": [
        0.12862825,
        0.17839813,
        0.22888374,
        0.23495007,
        0.24192476,
        0.22109222,
        0.22460938,
        0.20931578,
        0.2154603,
        0.21654987,
        0.22191763,
        0.2645235,
        0.27025652,
        0.3128667,
        0.3420787,
        0.38882494,
        0.43401003,
        0.43491173,
        0.48000765,
        0.50499916,
        0.5031271,
        0.52690935,
        0.52871656,
        0.5064063,
        0.45328474,
        0.3864355,
        0.31813526,
        0.277071,
        0.26079893,
        0.2288866,
        0.14360714,
        -0.025502682,
        -0.2515831,
        -0.49861193,
        -0.77366877,
        -1.095665,
        -1.5072308,
        -1.9913788,
        -2.5976956,
        -3.2659888,
        -3.950718,
        -4.637099,
        -5.2918215,
        -5.828539,
        -6.313957,
        -6.7048883,
        -7.003697,
        -7.2367353,
        -7.3396435,
        -7.2506547,
        -6.7812347,
        -5.941455,
        -4.8726788,
        -3.716159,
        -2.5699508,
        -1.4410024,
        -0.372128,
        0.5245981,
        1.2091775,
        1.7371874,
        2.2046862,
        2.6092825,
        3.025084,
        3.5570927,
        4.2310977,
        5.079821,
        6.040435,
        6.952041,
        7.6827426,
        8.100933,
        8.314339,
        8.375662,
        8.359104,
        8.255161,
        8.121441,
        7.9007735,
        7.612316,
        7.2105227,
        6.613819,
        5.912794,
        5.1380324,
        4.365515,
        3.606576,
        2.8439164,
        2.170466,
        1.5455837,
        0.98418045,
        0.48229647,
        -0.035719395,
        -0.5187173,
        -0.95397425,
        -1.302494,
        -1.623426,
        -1.8348408,
        -1.9963908,
        -2.1008635,
        -2.2010145,
        -2.2826548,
        -2.3626711,
        -2.4675605,
        -2.5305557,
        -2.5661962,
        -2.5242639,
        -2.4552534,
        -2.3714316,
        -2.2659411,
        -2.1631966,
        -2.0561576,
        -1.9353089,
        -1.7744794,
        -1.6359081,
        -1.5100446,
        -1.3728261,
        -1.2575793,
        -1.1258607,
        -1.0133743,
        -0.9389353,
        -0.8639908,
        -0.8431392,
        -0.8807626,
        -0.8881445,
        -0.89885044,
        -0.8937807,
        -0.8897352,
        -0.86299944,
        -0.8401675,
        -0.7640672,
        -0.6779318,
        -0.63936186,
        -0.6053667,
        -0.5328865,
        -0.47681856,
        -0.43945312,
        -0.4253373,
        -0.43660355,
        -0.5017519,
        -0.47480774,
        -0.48264885,
        -0.5588746,
        -0.330873,
        -0.19860458,
        -0.08566046,
        -0.054234505,
        -0.06121111,
        -0.042183876,
        -0.0474267
    ],