{
    "class": "yneg",
    "duration_ms": 700,
    "x": [
        0.18387026,
        0.16722801,
        0.16376102,
        0.12863532,
        0.09776083,
        0.061386645,
        0.059794515,
        0.05642876,
        0.041578054,
        0.034044713,
        0.021606326,
        0.006269574,
        0.006839007,
        -0.014962971,
        0.00027242303,
        0.009984642,
        0.028842747,
        0.030817032,
        0.059123546,
        0.08503944,
        0.08026317,
        0.09963876,
        0.09551218,
        0.049112976,
        -0.0015304983,
        -0.051883936,
        -0.111715704,
        -0.1691602,
        -0.19342005,
        -0.20362316,
        -0.22605611,
        -0.22253966,
        -0.21472144,
        -0.17145637,
        -0.13325536,
        -0.069144994,
        0.0041171014,
        0.091235965,
        0.17096731,
        0.20058349,
        0.21120706,
        0.20525897,
        0.2207832,
        0.18641013,
        0.11208275,
        0.05514738,
        -0.029827759,
        -0.09753613,
        -0.1411061,
        -0.1867562,
        -0.16543955,
        -0.1751453,
        -0.18006682,
        -0.17556389,
        -0.090541735,
        -0.053761214,
        0.027848601,
        0.08035195,
        0.12312612,
        0.16101068,
        0.13464886,
        0.08944553,
        0.04462585,
        0.0047358274,
        -0.03270696,
        -0.027436495,
        -0.06502482,
        -0.038271323,
        -0.0141174495,
        0.00027173758,
        -0.028159276,
        -0.013557345,
        0.0032569915,
        0.00818941,
        0.101222426,
        0.17019974,
        0.22737604,
        0.2777214,
        0.28079554,
        0.23422495,
        0.19761676,
        0.10170743,
        0.05603759,
        0.012720048,
        0.033466578,
        0.08227946,
        0.16642518,
        0.2932043,
        0.40090358,
        0.46853203,
        0.5222511,
        0.5449728,
        0.536139,
        0.50998706,
        0.54295504,
        0.6088775,
        0.7009288,
        0.7861718,
        0.8103057,
        0.70499545,
        0.52367353,
        0.23410869,
        0.012461603,
        -0.3213813,
        -0.7994551,
        -1.3120542,
        -1.8850663,
        -2.5605967,
        -3.2446818,
        -3.810742,
        -4.2065463,
        -4.470574,
        -4.624117,
        -4.5546775,
        -4.4038553,
        -4.2249966,
        -3.957959,
        -3.4400835,
        -2.5960598,
        -1.4655416,
        -0.19623789,
        1.2514632,
        2.7475286,
        4.0999274,
        5.1465507,
        5.924005,
        6.424741,
        6.6216288,
        6.6355667,
        6.448821,
        6.0338383,
        5.427715,
        4.7272286,
        4.014714,
        3.3151808,
        2.6801076,
        2.0058646,
        1.3108997,
        0.6186594,
        0.03693044,
        -0.46045524,
        -0.78919744,
        -0.98454,
        -1.1484482,
        -1.2754104,
        -1.4128543,
        -1.5201136,
        -1.5471137
    ],
    "y": [
        -0.12034321,
        -0.07171011,
        -0.030130863,
        0.0018918514,
        0.050688744,
        0.07568264,
        0.06738496,
        0.09978509,
        0.09370804,
        0.10138106,
        0.10838556,
        0.0884254,
        0.06538272,
        0.032354355,
        -0.03156209,
        -0.028578043,
        -0.05165291,
        -0.041000605,
        -0.0038073063,
        0.007686615,
        0.02919507,
        0.04155922,
        0.09462929,
        0.10254264,
        0.1202302,
        0.1426518,
        0.13405395,
        0.14690208,
        0.13793969,
        0.11439133,
        0.08355498,
        0.05512142,
        0.021975994,
        -0.008613348,
        0.013268709,
        0.013773441,
        -0.006736517,
        0.008909464,
        -0.001488924,
        -0.011686087,
        -0.024033546,
        0.001660347,
        -0.022839546,
        -0.035493612,
        -0.08860135,
        -0.065463305,
        -0.047619343,
        -0.027868986,
        -0.010996819,
        0.026735544,
        0.02094531,
        0.048075676,
        0.050955057,
        0.05371332,
        0.061150312,
        0.08034611,
        0.056728125,
        0.0596056,
        0.074318886,
        0.074760914,
        0.10143781,
        0.14684987,
        0.20598912,
        0.2479589,
        0.27530646,
        0.25265098,
        0.25867438,
        0.28839087,
        0.27294254,
        0.2817719,
        0.3431661,
        0.39250302,
        0.4561088,
        0.5265486,
        0.54912806,
        0.5718055,
        0.60636187,
        0.6548209,
        0.68137026,
        0.71211886,
        0.7160871,
        0.7124424,
        0.70837283,
        0.66822004,
        0.5947962,
        0.47435308,
        0.30981827,
        0.12548637,
        -0.07122183,
        -0.21834159,
        -0.36592388,
        -0.52345896,
        -0.74772954,
        -1.014622,
        -1.4217119,
        -1.9348898,
        -2.5559764,
        -3.279447,
        -4.0215044,
        -4.7253537,
        -5.3672485,
        -5.985847,
        -6.6844025,
        -7.3197994,
        -7.756152,
        -8.058559,
        -8.162685,
        -7.996711,
        -7.53896,
        -6.8707848,
        -5.96586,
        -4.9226465,
        -3.7462006,
        -2.4294434,
        -0.9773495,
        0.65827036,
        2.4423702,
        4.2069774,
        5.6962247,
        6.6977425,
        7.1808014,
        7.200023,
        6.9931564,
        6.787064,
        6.633166,
        6.565926,
        6.6119456,
        6.668854,
        6.684414,
        6.6232896,
        6.3860917,
        6.012287,
        5.5605145,
        5.0158467,
        4.4853697,
        3.8469117,
        3.2895083,
        2.7605987,
        2.2869382,
        1.825948,
        1.3805432,
        0.869833,
        0.2848339,
        -0.26386404,
        -0.7923546,
        -1.2642024,
        -1.6261975,
        -1.8994105
    ],