{
    "class": "yneg",
    "duration_ms": 700,
    "x": [
        -0.30736718,
        -0.2489201,
        -0.1645264,
        -0.13940935,
        -0.14891401,
        -0.12851755,
        -0.1520436,
        -0.188442,
        -0.28777742,
        -0.38841823,
        -0.50771713,
        -0.60768926,
        -0.6910624,
        -0.75084084,
        -0.7656246,
        -0.7476364,
        -0.7041186,
        -0.6567232,
        -0.6197545,
        -0.58597445,
        -0.5479682,
        -0.50076866,
        -0.45624852,
        -0.41683826,
        -0.36099097,
        -0.28644344,
        -0.21719027,
        -0.15784886,
        -0.10603756,
        -0.081052005,
        -0.03973429,
        -0.017717212,
        -0.01748313,
        -0.017442241,
        -0.024592727,
        -0.10112035,
        -0.16561364,
        -0.24439013,
        -0.2824508,
        -0.32286555,
        -0.3871987,
        -0.44436228,
        -0.47043198,
        -0.46086615,
        -0.46828258,
        -0.43048683,
        -0.4049276,
        -0.3245709,
        -0.28012156,
        -0.1876246,
        -0.10209556,
        -0.030541465,
        0.05269654,
        0.07866653,
        0.076548256,
        0.05622852,
        0.058148697,
        0.05355002,
        0.097090885,
        0.12465003,
        0.21047609,
        0.34496477,
        0.5254991,
        0.75659823,
        1.0122801,
        1.1937983,
        1.3045583,
        1.2257037,
        0.9845113,
        0.6202142,
        0.1723464,
        -0.30441326,
        -0.7305703,
        -1.0814688,
        -1.3828671,
        -1.5740255,
        -1.649192,
        -1.6478729,
        -1.6174984,
        -1.5650237,
        -1.5118687,
        -1.4410472,
        -1.3497767,
        -1.2048156,
        -1.0376616,
        -0.88489616,
        -0.74741066,
        -0.5088185,
        -0.21043806,
        0.10454689,
        0.41028538,
        0.68380374,
        0.9045242,
        0.9873185,
        0.9664764,
        0.8545377,
        0.7858108,
        0.7341243,
        0.7667239,
        0.8531111,
        0.9414624,
        0.9823263,
        0.9738728,
        0.90682125,
        0.8574349,
        0.81248176,
        0.7123277,
        0.55640846,
        0.35151806,
        0.08342709,
        -0.075302035,
        -0.18595417,
        -0.15544164,
        0.10846268,
        0.56300807,
        1.1300982,
        1.6311986,
        2.0373797,
        2.290342,
        2.3450694,
        2.2225018,
        1.9837029,
        1.6775188,
        1.388611,
        1.1179612,
        0.8261522,
        0.502762,
        0.13577887,
        -0.22438738,
        -0.54373705,
        -0.79068244,
        -0.96930146,
        -1.0195403,
        -0.92630744,
        -0.69786483,
        -0.423703,
        -0.14571175,
        0.1104271,
        0.3043825,
        0.50722873,
        0.6609751,
        0.7701819,
        0.88233626,
        0.99483645,
        1.040077,
        1.0459976,
        1.0118382,
        0.89385045,
        0.72263986
    ],
    "y": [
        -0.29472113,
        -0.29054546,
        -0.3199191,
        -0.30875397,
        -0.3000958,
        -0.33404446,
        -0.3697214,
        -0.37614202,
        -0.38183117,
        -0.34644294,
        -0.32945323,
        -0.3236966,
        -0.31006217,
        -0.2936952,
        -0.308316,
        -0.3278277,
        -0.37159085,
        -0.2939067,
        -0.2932551,
        -0.27115774,
        -0.2297628,
        -0.18808937,
        -0.16521049,
        -0.15884423,
        -0.12606096,
        -0.14383078,
        -0.15007567,
        -0.16621947,
        -0.15154576,
        -0.12038255,
        -0.11541653,
        -0.057546616,
        -0.020596743,
        0.034166813,
        0.11625934,
        0.22327757,
        0.30712652,
        0.37726736,
        0.45733,
        0.48497653,
        0.4982369,
        0.53049874,
        0.543319,
        0.5533805,
        0.59174705,
        0.632056,
        0.6312394,
        0.6324444,
        0.6355939,
        0.64292,
        0.61855626,
        0.59899616,
        0.56020737,
        0.5286522,
        0.4261856,
        0.34635663,
        0.24183059,
        0.070338964,
        -0.14342475,
        -0.443954,
        -0.7615416,
        -1.1959143,
        -1.7748723,
        -2.4573388,
        -3.3044362,
        -4.212819,
        -5.115695,
        -5.929228,
        -6.6054683,
        -7.0748434,
        -7.371003,
        -7.487341,
        -7.536763,
        -7.4715586,
        -7.3301706,
        -7.0745068,
        -6.7335863,
        -6.209676,
        -5.5532475,
        -4.835991,
        -4.098274,
        -3.3945498,
        -2.6619809,
        -1.819,
        -0.8965187,
        0.18248177,
        1.4418166,
        2.7974882,
        4.0894194,
        5.30375,
        6.3116465,
        7.058514,
        7.73857,
        8.385442,
        9.051956,
        9.750069,
        10.326372,
        10.768235,
        10.996067,
        11.030443,
        10.855762,
        10.513491,
        10.09022,
        9.574627,
        8.933869,
        8.156792,
        7.308818,
        6.457736,
        5.609904,
        4.7651706,
        3.8476703,
        2.9213073,
        1.9261963,
        0.93476653,
        -0.0020558834,
        -0.89343166,
        -1.6817709,
        -2.3791914,
        -2.93817,
        -3.3332763,
        -3.6329396,
        -3.7554007,
        -3.8608718,
        -3.925671,
        -3.969417,
        -4.005084,
        -3.9310071,
        -3.832387,
        -3.7107785,
        -3.562652,
        -3.3864942,
        -3.2404323,
        -3.1227672,
        -3.0150678,
        -2.9324617,
        -2.7848854,
        -2.6138532,
        -2.372123,
        -2.0840368,
        -1.8551437,
        -1.656955,
        -1.4822958,
        -1.3857014,
        -1.3210986,
        -1.3115666,
        -1.3086054,
        -1.3114913,
        -1.2764916,
        -1.2365053
    ],