{
    "class": "yneg",
    "duration_ms": 700,
    "x": [
        -0.081941605,
        -0.03845477,
        0.0015060902,
        0.045216262,
        0.07813457,
        0.1074042,
        0.121022314,
        0.12841001,
        0.12927976,
        0.13038674,
        0.14348954,
        0.17330247,
        0.21514115,
        0.27619687,
        0.3396373,
        0.40054333,
        0.45624503,
        0.50881207,
        0.55098945,
        0.58758605,
        0.61859477,
        0.63924855,
        0.65665805,
        0.6751022,
        0.6794774,
        0.67570126,
        0.6510316,
        0.6001767,
        0.52318484,
        0.39919055,
        0.22919977,
        0.0072343946,
        -0.26318383,
        -0.5883399,
        -0.9437543,
        -1.3099351,
        -1.6651964,
        -1.9784243,
        -2.2379513,
        -2.437193,
        -2.5723336,
        -2.6445124,
        -2.659079,
        -2.6164365,
        -2.5144696,
        -2.3461566,
        -2.123394,
        -1.8481336,
        -1.5169839,
        -1.145301,
        -0.7391164,
        -0.30698988,
        0.13258208,
        0.56085676,
        0.96837795,
        1.3241063,
        1.6206316,
        1.8457105,
        2.003857,
        2.101806,
        2.143855,
        2.131916,
        2.079925,
        2.0093744,
        1.9230388,
        1.8190566,
        1.7072445,
        1.5917859,
        1.4928619,
        1.4018844,
        1.3110157,
        1.2201792,
        1.122644,
        1.0213671,
        0.92175645,
        0.82917964,
        0.755854,
        0.69266367,
        0.63308334,
        0.5870792,
        0.53829145,
        0.49193704,
        0.44613653,
        0.40131378,
        0.35007188,
        0.29175138,
        0.23050213,
        0.1777633,
        0.14525527,
        0.12785473,
        0.11593529,
        0.10949866,
        0.103700206,
        0.09348538,
        0.07844735,
        0.060584538,
        0.03947798,
        0.012947094,
        -0.00891044,
        -0.039845638,
        -0.07246984,
        -0.10216688,
        -0.13160177,
        -0.16107258,
        -0.18606924,
        -0.20685707,
        -0.2235857,
        -0.229139,
        -0.23563804,
        -0.2479626,
        -0.26637006,
        -0.29563117,
        -0.32841805,
        -0.36234885,
        -0.39731,
        -0.42334932,
        -0.43733424,
        -0.44346416,
        -0.4487685,
        -0.44832426,
        -0.45182824,
        -0.45709094,
        -0.4644161,
        -0.4669328,
        -0.46722174,
        -0.47492146,
        -0.48051783,
        -0.49124599,
        -0.5048109,
        -0.5165013,
        -0.52888787,
        -0.54697263,
        -0.566189,
        -0.577513,
        -0.5787886,
        -0.5749842,
        -0.5659808,
        -0.5537323,
        -0.53536934,
        -0.5225404,
        -0.51240355,
        -0.49743053,
        -0.49158546,
        -0.49213085,
        -0.48704222,
        -0.4883471,
        -0.48900265,
        -0.48450884,
        -0.47967765
    ],
    "y": [
        0.09752369,
        0.11564493,
        0.1294241,
        0.14832973,
        0.16520071,
        0.18245792,
        0.19299889,
        0.19234991,
        0.18067503,
        0.15580559,
        0.11785841,
        0.06469774,
        -0.0058369637,
        -0.100543976,
        -0.21447563,
        -0.3401866,
        -0.48458815,
        -0.6520395,
        -0.84685206,
        -1.0757699,
        -1.3408253,
        -1.6440425,
        -1.9733577,
        -2.3262756,
        -2.7004266,
        -3.1153064,
        -3.5333061,
        -3.9384012,
        -4.3146253,
        -4.6412773,
        -4.899843,
        -5.071767,
        -5.138425,
        -5.0906715,
        -4.9169307,
        -4.624567,
        -4.228019,
        -3.7392428,
        -3.182116,
        -2.5899057,
        -1.9672173,
        -1.3304844,
        -0.674649,
        -0.0017368793,
        0.68386245,
        1.3683028,
        2.0521884,
        2.7382612,
        3.405423,
        4.0347967,
        4.604996,
        5.0921392,
        5.479309,
        5.7638884,
        5.9431744,
        6.0454955,
        6.0871105,
        6.081743,
        6.0404425,
        5.9622965,
        5.8464203,
        5.68256,
        5.4748187,
        5.2369485,
        4.9730396,
        4.6824827,
        4.3672304,
        4.0225267,
        3.6372333,
        3.2198389,
        2.786256,
        2.3498979,
        1.9384723,
        1.5532854,
        1.2028308,
        0.88832283,
        0.6037655,
        0.34289408,
        0.10630131,
        -0.10334253,
        -0.2837336,
        -0.43277216,
        -0.5628314,
        -0.676774,
        -0.77753067,
        -0.87781906,
        -0.97108126,
        -1.0604858,
        -1.1537251,
        -1.2559891,
        -1.3602984,
        -1.4596338,
        -1.5374184,
        -1.589102,
        -1.6219704,
        -1.6385674,
        -1.6460888,
        -1.6421568,
        -1.6339598,
        -1.616718,
        -1.6022921,
        -1.5857935,
        -1.5694883,
        -1.5581353,
        -1.5421197,
        -1.5309162,
        -1.5195646,
        -1.5078914,
        -1.4837165,
        -1.4493456,
        -1.4023798,
        -1.3428104,
        -1.2754648,
        -1.2050896,
        -1.1364756,
        -1.0768499,
        -1.0188551,
        -0.9670229,
        -0.9139271,
        -0.8523507,
        -0.7822113,
        -0.7036238,
        -0.628685,
        -0.557394,
        -0.49462843,
        -0.4381833,
        -0.39056826,
        -0.3447466,
        -0.30560207,
        -0.27562046,
        -0.24527788,
        -0.22665358,
        -0.20555925,
        -0.18932772,
        -0.17797852,
        -0.15720654,
        -0.13183212,
        -0.10658693,
        -0.06955814,
        -0.03505516,
        -0.00065279007,
        0.033648968,
        0.0654335,
        0.10184765,
        0.13077545,
        0.14975739,
        0.1586051,
        0.15732336,
        0.1507101
    ],