{
    "class": "yneg",
    "duration_ms": 700,
    "x": [
        -0.03195277,
        0.028882027,
        0.1297909,
        0.24486263,
        0.36486506,
        0.46169633,
        0.49552512,
        0.5359371,
        0.5615842,
        0.5463342,
        0.49264973,
        0.42428586,
        0.32644427,
        0.21299547,
        0.10246074,
        -0.058238626,
        -0.23291439,
        -0.42140567,
        -0.6262108,
        -0.91934896,
        -1.2219899,
        -1.5078558,
        -1.8173916,
        -2.0689068,
        -2.2307434,
        -2.3194864,
        -2.3281076,
        -2.2637353,
        -2.1860087,
        -2.0829136,
        -1.9454054,
        -1.7264242,
        -1.4840689,
        -1.1541996,
        -0.7800593,
        -0.36863762,
        0.071305946,
        0.4998861,
        0.90819484,
        1.2160093,
        1.4869834,
        1.59081,
        1.6670344,
        1.6803298,
        1.6507714,
        1.565195,
        1.5519544,
        1.579908,
        1.6389291,
        1.7406824,
        1.8775046,
        2.0194387,
        2.1237855,
        2.2120278,
        2.2532156,
        2.2601109,
        2.210267,
        2.0960436,
        1.9937743,
        1.8554842,
        1.7031884,
        1.5329024,
        1.3266252,
        1.1357456,
        0.9685508,
        0.7997392,
        0.6758664,
        0.5193335,
        0.3286693,
        0.16173773,
        -0.041236624,
        -0.20893359,
        -0.3900544,
        -0.54243666,
        -0.6647637,
        -0.7604451,
        -0.7875741,
        -0.77599204,
        -0.7430399,
        -0.7298527,
        -0.683786,
        -0.6406052,
        -0.6071644,
        -0.5473108,
        -0.47736564,
        -0.42100504,
        -0.35884264,
        -0.29783493,
        -0.22590047,
        -0.17386961,
        -0.17001733,
        -0.17317212,
        -0.20706049,
        -0.24766803,
        -0.28525472,
        -0.3223813,
        -0.39034113,
        -0.4390382,
        -0.51668596,
        -0.5995153,
        -0.68300074,
        -0.7385622,
        -0.780533,
        -0.7731092,
        -0.7331872,
        -0.62957066,
        -0.54338956,
        -0.42871758,
        -0.32578474,
        -0.24877128,
        -0.18823642,
        -0.12757647,
        -0.08596805,
        -0.034811437,
        -0.007585883,
        0.002840221,
        -0.001298964,
        -0.032185227,
        -0.063516974,
        -0.07148248,
        -0.06321779,
        -0.036275536,
        -0.019145876,
        0.024410427,
        0.0468238,
        0.079257324,
        0.109747425,
        0.13089634,
        0.16428462,
        0.17667417,
        0.17786369,
        0.21798831,
        0.1867482,
        0.18187362,
        0.16727313,
        0.13336703,
        0.1087299,
        0.057373255,
        0.048658058,
        0.017812341,
        0.029442042,
        0.04530734,
        0.0800904,
        0.07181299,
        0.10941684,
        0.16460769,
        0.18490058,
        0.19170886,
        0.175494
    ],
    "y": [
        -0.14202452,
        -0.18157244,
        -0.2535677,
        -0.32911873,
        -0.4483347,
        -0.5537944,
        -0.70025444,
        -0.8353028,
        -1.061204,
        -1.3015184,
        -1.6180739,
        -1.9607351,
        -2.3294854,
        -2.7146292,
        -3.0734298,
        -3.4321814,
        -3.7654133,
        -4.0102,
        -4.2141666,
        -4.2215695,
        -4.166218,
        -3.961915,
        -3.5922163,
        -3.0911105,
        -2.5141654,
        -1.8450062,
        -1.1483426,
        -0.47901487,
        0.15371943,
        0.7429137,
        1.2867746,
        1.723659,
        2.1520367,
        2.5218258,
        2.94309,
        3.2936726,
        3.649962,
        4.009391,
        4.357516,
        4.6298146,
        4.8432665,
        5.021964,
        5.0800695,
        5.087397,
        5.0013595,
        4.8917365,
        4.670251,
        4.5548735,
        4.428296,
        4.258709,
        3.956472,
        3.5919132,
        3.2401733,
        2.9069042,
        2.569243,
        2.192614,
        1.7928596,
        1.4553366,
        1.1604781,
        0.8245797,
        0.54357624,
        0.2652669,
        0.0023031235,
        -0.23252487,
        -0.45251942,
        -0.6564503,
        -0.8861594,
        -1.051858,
        -1.1668682,
        -1.2709532,
        -1.3321552,
        -1.4167743,
        -1.4716082,
        -1.5130143,
        -1.5480165,
        -1.5934315,
        -1.6111517,
        -1.6565073,
        -1.6723566,
        -1.6879194,
        -1.6487036,
        -1.5648851,
        -1.4871049,
        -1.4063482,
        -1.3182235,
        -1.2590227,
        -1.2505493,
        -1.2403865,
        -1.240716,
        -1.2323937,
        -1.1986384,
        -1.1369438,
        -1.0637822,
        -1.0002971,
        -0.92929745,
        -0.8861861,
        -0.84421587,
        -0.7362604,
        -0.6818776,
        -0.5900779,
        -0.5087414,
        -0.40452194,
        -0.3636508,
        -0.2857585,
        -0.2306881,
        -0.21525145,
        -0.16310453,
        -0.07675934,
        -0.030405045,
        0.04057789,
        0.10980177,
        0.15085888,
        0.18748856,
        0.18605947,
        0.20628262,
        0.21446943,
        0.22237396,
        0.2536726,
        0.27475643,
        0.3189416,
        0.29291773,
        0.28756142,
        0.24063158,
        0.20237112,
        0.19677734,
        0.23360205,
        0.23166513,
        0.24152946,
        0.26583242,
        0.29508924,
        0.29586983,
        0.3208413,
        0.29333687,
        0.25870895,
        0.25017834,
        0.2340908,
        0.23656559,
        0.21437454,
        0.22948265,
        0.2435584,
        0.26609945,
        0.29965115,
        0.28927898,
        0.31164885,
        0.3118682,
        0.29495907,
        0.27306318,
        0.26315975,
        0.21985006
    ],