{
    "class": "yneg",
    "duration_ms": 700,
    "x": [
        -0.14614332,
        -0.034464076,
        0.12456565,
        0.28594106,
        0.41907763,
        0.5147443,
        0.5300417,
        0.5199651,
        0.4436385,
        0.36305338,
        0.2827362,
        0.22654025,
        0.20415436,
        0.18442115,
        0.1722651,
        0.17962083,
        0.1778158,
        0.18348755,
        0.17986391,
        0.13093743,
        0.122660324,
        0.116459794,
        0.09566663,
        0.115333065,
        0.12778269,
        0.1786559,
        0.2467348,
        0.33729422,
        0.47447488,
        0.5963193,
        0.7460442,
        0.87598515,
        1.007858,
        1.1563214,
        1.2667291,
        1.2962829,
        1.2237158,
        1.049068,
        0.9657078,
        0.74381787,
        0.7873843,
        0.3937059,
        -0.11861548,
        -0.7012219,
        -1.3174918,
        -1.8589454,
        -2.2476356,
        -2.4816332,
        -2.2658725,
        -1.891022,
        -1.6448606,
        -1.5281389,
        -1.4175576,
        -1.2789526,
        -1.1741543,
        -1.0456326,
        -0.9294705,
        -0.77555835,
        -0.5552118,
        -0.3568123,
        -0.1633486,
        -0.022384286,
        0.13101447,
        0.28031415,
        0.46928608,
        0.6652118,
        0.91895354,
        1.1137862,
        1.2906833,
        1.440179,
        1.5740603,
        1.7088813,
        1.8039331,
        1.8709719,
        1.8546818,
        1.7907012,
        1.654772,
        1.4464557,
        1.1844673,
        0.9161655,
        0.6625438,
        0.43517935,
        0.24339613,
        0.0105802715,
        -0.19901043,
        -0.38799044,
        -0.5015658,
        -0.5134502,
        -0.47846723,
        -0.43207505,
        -0.36687905,
        -0.34487846,
        -0.36611187,
        -0.43319845,
        -0.5224802,
        -0.5793857,
        -0.65455985,
        -0.6479039,
        -0.6072574,
        -0.52283615,
        -0.4302826,
        -0.4010061,
        -0.4253389,
        -0.4696274,
        -0.49312183,
        -0.5100217,
        -0.5370533,
        -0.49287137,
        -0.42993355,
        -0.3598852,
        -0.26814207,
        -0.18082124,
        -0.10491598,
        -0.018629566,
        0.0038616061,
        0.01747623,
        -0.025854304,
        -0.1050674,
        -0.15820028,
        -0.22144936,
        -0.2853793,
        -0.3142779,
        -0.28898495,
        -0.24498244,
        -0.17234899,
        -0.08506243,
        -0.037754446,
        0.00089499354,
        -0.00010833144,
        0.0068255365,
        -0.014318109,
        -0.05867374,
        -0.12394315,
        -0.16954783,
        -0.18591231,
        -0.14426875,
        -0.068312466,
        0.006259531,
        0.10585803,
        0.1754156,
        0.15512007,
        0.11659098,
        0.047542214,
        -0.073943496,
        -0.21240318,
        -0.30384994,
        -0.42990798,
        -0.56705666,
        -0.5791153
    ],
    "y": [
        -0.49528313,
        -0.41533184,
        -0.36158848,
        -0.3940115,
        -0.47679806,
        -0.5670662,
        -0.61233425,
        -0.59359264,
        -0.5324707,
        -0.41935158,
        -0.35220242,
        -0.27576447,
        -0.24970436,
        -0.24029446,
        -0.25701332,
        -0.27828598,
        -0.2873516,
        -0.33929825,
        -0.4054594,
        -0.500268,
        -0.5472107,
        -0.65406704,
        -0.7705984,
        -0.91835785,
        -1.0638437,
        -1.2619972,
        -1.4911613,
        -1.7440691,
        -2.0277715,
        -2.411521,
        -2.8735986,
        -3.375657,
        -3.9175801,
        -4.4753475,
        -5.04163,
        -5.5661197,
        -6.048628,
        -6.4436154,
        -6.6960163,
        -6.8537397,
        -6.732711,
        -6.529272,
        -6.116819,
        -5.4549646,
        -4.7259293,
        -3.851109,
        -2.854826,
        -1.8233247,
        -0.96705914,
        -0.25947952,
        0.44530964,
        1.1925659,
        2.0035105,
        2.8945904,
        3.8225203,
        4.6316795,
        5.240817,
        5.5688877,
        5.6928377,
        5.70864,
        5.7145786,
        5.7490416,
        5.769147,
        5.8109293,
        5.805149,
        5.749469,
        5.6366596,
        5.4498453,
        5.2175016,
        4.972871,
        4.689331,
        4.4144697,
        4.011714,
        3.5599222,
        3.0925922,
        2.5738592,
        2.0875664,
        1.6530304,
        1.272768,
        0.9374933,
        0.63541985,
        0.31179428,
        0.017055511,
        -0.25340462,
        -0.50901127,
        -0.73044777,
        -0.9056387,
        -1.0942497,
        -1.2340059,
        -1.382268,
        -1.5103216,
        -1.6277208,
        -1.7273426,
        -1.773428,
        -1.7924466,
        -1.7893467,
        -1.7882128,
        -1.7509375,
        -1.7398248,
        -1.7286243,
        -1.7245383,
        -1.7467475,
        -1.7713804,
        -1.7841196,
        -1.7849584,
        -1.7906489,
        -1.7821126,
        -1.747467,
        -1.6891627,
        -1.6335154,
        -1.5804996,
        -1.5611362,
        -1.5155563,
        -1.4652758,
        -1.4270124,
        -1.3648901,
        -1.3363628,
        -1.3342991,
        -1.2654791,
        -1.2471838,
        -1.1694088,
        -1.10392,
        -1.0673752,
        -0.99505424,
        -0.9227619,
        -0.879055,
        -0.81599236,
        -0.7933502,
        -0.76086235,
        -0.7448664,
        -0.716692,
        -0.6643219,
        -0.58532906,
        -0.5633087,
        -0.50485134,
        -0.4697647,
        -0.46520424,
        -0.46010303,
        -0.4951563,
        -0.51535416,
        -0.5350933,
        -0.5424471,
        -0.5159378,
        -0.5130043,
        -0.44996738,
        -0.47281456,
        -0.44763088,
        -0.33390045,
        -0.24651623
    ],