{
    "class": "yneg",
    "duration_ms": 700,
    "x": [
        0.062008828,
        0.064162344,
        0.04796651,
        0.051782846,
        0.06138754,
        0.014856756,
        -0.01141721,
        -0.041427553,
        -0.06589261,
        -0.077869356,
        -0.053750694,
        -0.012920678,
        0.0038673878,
        -0.0032509565,
        0.015532732,
        0.031508595,
        0.07066226,
        0.116291225,
        0.17300123,
        0.1980162,
        0.23208475,
        0.2943071,
        0.3275656,
        0.40133405,
        0.5108223,
        0.5966433,
        0.67401576,
        0.66973674,
        0.65321076,
        0.6332594,
        0.5535672,
        0.45687345,
        0.34218848,
        0.25640494,
        0.1602028,
        0.08638996,
        0.022753477,
        0.016891837,
        -0.06965375,
        -0.13792276,
        -0.25349247,
        -0.33588594,
        -0.37678468,
        -0.36115742,
        -0.38906962,
        -0.39554587,
        -0.4401505,
        -0.54659724,
        -0.76018715,
        -1.038382,
        -1.4231468,
        -1.8730748,
        -2.2368429,
        -2.4967983,
        -2.5987816,
        -2.5194175,
        -2.3658588,
        -2.1180878,
        -1.8566132,
        -1.5181723,
        -1.0845262,
        -0.59962344,
        -0.0812217,
        0.4577081,
        0.99145794,
        1.469891,
        1.8951334,
        2.2743554,
        2.6025667,
        2.7929556,
        2.8374271,
        2.7777536,
        2.581538,
        2.3459167,
        2.074866,
        1.7654966,
        1.4582379,
        1.1603037,
        0.9079637,
        0.66598713,
        0.40149444,
        0.13671228,
        -0.09398326,
        -0.25846946,
        -0.39178225,
        -0.49324542,
        -0.5911338,
        -0.67321503,
        -0.76579124,
        -0.8359031,
        -0.93224937,
        -1.0269907,
        -1.0541724,
        -1.0794126,
        -1.0604652,
        -1.0100616,
        -0.9839746,
        -0.98711807,
        -0.9432095,
        -0.84534675,
        -0.7842539,
        -0.6803266,
        -0.5424125,
        -0.4176066,
        -0.31248948,
        -0.22640571,
        -0.13985524,
        -0.06424786,
        0.046465695,
        0.16601074,
        0.24423328,
        0.32438812,
        0.37998194,
        0.39402437,
        0.36138302,
        0.3746791,
        0.30636388,
        0.2801674,
        0.23578072,
        0.19927984,
        0.16829415,
        0.162402,
        0.16995701,
        0.1508829,
        0.103351414,
        0.0564709,
        -0.037359692,
        -0.11804278,
        -0.20948836,
        -0.30231905,
        -0.35641432,
        -0.42226174,
        -0.42841074,
        -0.4012701,
        -0.30967796,
        -0.22058597,
        -0.14592056,
        -0.09280038,
        -0.03745562,
        -0.01318942,
        0.032759763,
        0.031057924,
        0.0439725,
        0.04476639,
        0.035662904,
        0.05022169,
        0.038121052,
        -0.029459387
    ],
    "y": [
        0.4377656,
        0.45411396,
        0.4993577,
        0.49464464,
        0.49033022,
        0.5290489,
        0.5509567,
        0.6058235,
        0.60525227,
        0.6133375,
        0.57281303,
        0.5574732,
        0.5575652,
        0.5327296,
        0.528481,
        0.5021343,
        0.4422245,
        0.351717,
        0.25037098,
        0.11500597,
        -0.06326866,
        -0.26958084,
        -0.541461,
        -0.8522482,
        -1.2135849,
        -1.6251984,
        -2.0325208,
        -2.454949,
        -2.888028,
        -3.2774205,
        -3.7069278,
        -4.127032,
        -4.506666,
        -4.7815604,
        -4.963859,
        -5.091829,
        -5.129485,
        -5.1291146,
        -4.9610496,
        -4.6653724,
        -4.184303,
        -3.5655653,
        -2.9765823,
        -2.378995,
        -1.7249594,
        -1.131793,
        -0.44655704,
        0.31615067,
        1.22546,
        2.3024583,
        3.5132222,
        4.7594376,
        5.9072704,
        6.873338,
        7.507315,
        7.8716183,
        7.9541674,
        7.9101105,
        7.7770624,
        7.604375,
        7.446025,
        7.277188,
        6.9796333,
        6.5668287,
        6.100223,
        5.6005893,
        5.046068,
        4.326625,
        3.4407291,
        2.444633,
        1.5432129,
        0.7592802,
        0.16839647,
        -0.38622952,
        -0.86040735,
        -1.3394918,
        -1.7321031,
        -2.1076384,
        -2.4085026,
        -2.6512506,
        -2.8450935,
        -2.9490438,
        -3.02289,
        -3.0259645,
        -3.030174,
        -3.0290241,
        -3.0232956,
        -3.04251,
        -3.084993,
        -3.0819228,
        -3.0267363,
        -2.9341533,
        -2.7732425,
        -2.5128636,
        -2.2320013,
        -1.9138696,
        -1.5800607,
        -1.2615461,
        -0.9772539,
        -0.74357224,
        -0.5840416,
        -0.4480257,
        -0.30415773,
        -0.19984102,
        -0.11308384,
        -0.03878498,
        0.04005289,
        0.09241581,
        0.1279769,
        0.20417023,
        0.24438334,
        0.28682375,
        0.32162905,
        0.40587616,
        0.48640633,
        0.5484562,
        0.5794773,
        0.6314397,
        0.6438403,
        0.6471858,
        0.6195116,
        0.5798292,
        0.51153183,
        0.45091915,
        0.41989946,
        0.43315363,
        0.46706152,
        0.4716568,
        0.51193285,
        0.49506712,
        0.49791765,
        0.49428034,
        0.4890194,
        0.48216057,
        0.43794298,
        0.39950657,
        0.381145,
        0.34687185,
        0.3443308,
        0.38282394,
        0.37581873,
        0.36394644,
        0.38046408,
        0.3271737,
        0.32603073,
        0.29315472,
        0.26200962,
        0.28997564
    ],