{
    "class": "yneg",
    "duration_ms": 700,
    "x": [
        0.013125062,
        0.067632735,
        0.11089984,
        0.12641579,
        0.14534026,
        0.16052258,
        0.16003196,
        0.16055079,
        0.13555989,
        0.063477114,
        -0.058039367,
        -0.15763481,
        -0.28528142,
        -0.36743173,
        -0.4499338,
        -0.54476964,
        -0.5925059,
        -0.636466,
        -0.66459703,
        -0.6554109,
        -0.59688944,
        -0.51990056,
        -0.42924374,
        -0.30085316,
        -0.16081163,
        -0.009038493,
        0.14479509,
        0.35056746,
        0.5510869,
        0.7871546,
        1.0042387,
        1.214479,
        1.365707,
        1.4735793,
        1.5431428,
        1.5862186,
        1.5925131,
        1.5315003,
        1.2810383,
        0.90119785,
        0.4837684,
        0.042305112,
        -0.38761795,
        -0.7653053,
        -1.111243,
        -1.4308383,
        -1.7146635,
        -1.9293224,
        -2.019264,
        -2.0276282,
        -1.9674789,
        -1.871979,
        -1.7414548,
        -1.6675512,
        -1.6632459,
        -1.6176214,
        -1.4895426,
        -1.2738025,
        -0.9311305,
        -0.5269494,
        -0.0778294,
        0.3850953,
        0.876645,
        1.3164725,
        1.6291207,
        1.8343714,
        1.9231448,
        1.9727042,
        2.0242615,
        2.0928316,
        2.2436757,
        2.4272528,
        2.5651832,
        2.6742427,
        2.660313,
        2.5485358,
        2.3542154,
        2.1312213,
        1.8618522,
        1.5672164,
        1.2496457,
        0.9763927,
        0.69493836,
        0.39552897,
        0.075744584,
        -0.15164644,
        -0.33891702,
        -0.5237265,
        -0.6531565,
        -0.76273257,
        -0.8307988,
        -0.87648314,
        -0.8568025,
        -0.808161,
        -0.7572203,
        -0.7090043,
        -0.6373282,
        -0.5401103,
        -0.44871566,
        -0.38709855,
        -0.3195008,
        -0.26277173,
        -0.15693568,
        -0.040001348,
        0.050108492,
        0.116325684,
        0.17111816,
        0.20272753,
        0.18255726,
        0.16324869,
        0.0944107,
        0.0357956,
        -0.024693847,
        -0.106231004,
        -0.21135864,
        -0.32346433,
        -0.4068986,
        -0.50266874,
        -0.5749859,
        -0.62143016,
        -0.62270975,
        -0.5789217,
        -0.5618956,
        -0.5572758,
        -0.57466835,
        -0.5663884,
        -0.5659688,
        -0.54688483,
        -0.5184972,
        -0.4664023,
        -0.44340995,
        -0.41138482,
        -0.4086774,
        -0.38749236,
        -0.37186295,
        -0.36180517,
        -0.33299604,
        -0.31142703,
        -0.28264964,
        -0.32345864,
        -0.359994,
        -0.39238656,
        -0.39926377,
        -0.43097547,
        -0.4374532,
        -0.43307123,
        -0.38911462,
        -0.36770418,
        -0.29679415
    ],
    "y": [
        -0.05112648,
        -0.006380558,
        0.02879715,
        0.056863785,
        0.12286186,
        0.15514326,
        0.25330687,
        0.39290094,
        0.5426755,
        0.7333622,
        0.9670682,
        1.1745791,
        1.3656368,
        1.4954896,
        1.5504994,
        1.562079,
        1.5874877,
        1.6385436,
        1.6650448,
        1.6290255,
        1.556972,
        1.4302692,
        1.3301697,
        1.258904,
        1.1427407,
        0.99893236,
        0.8016987,
        0.5230799,
        0.17085838,
        -0.29258347,
        -0.8855052,
        -1.5666862,
        -2.3734207,
        -3.2470665,
        -4.1349034,
        -5.0845437,
        -6.011858,
        -6.8566475,
        -7.52312,
        -7.9946146,
        -8.276198,
        -8.365729,
        -8.283014,
        -8.088525,
        -7.701441,
        -7.0931354,
        -6.289565,
        -5.388117,
        -4.4455237,
        -3.479995,
        -2.4550407,
        -1.3724935,
        -0.24121809,
        1.0562525,
        2.41678,
        3.7657309,
        5.0047145,
        6.0018964,
        6.754634,
        7.1930857,
        7.4076953,
        7.5244484,
        7.4871492,
        7.39495,
        7.272912,
        7.1535864,
        7.06719,
        6.929445,
        6.735369,
        6.382008,
        5.9030194,
        5.291325,
        4.585476,
        3.8097744,
        3.0297012,
        2.301229,
        1.6039796,
        0.9534826,
        0.32960224,
        -0.23063803,
        -0.7310276,
        -1.1110358,
        -1.3893499,
        -1.5226748,
        -1.5898967,
        -1.6126447,
        -1.6530404,
        -1.7113309,
        -1.7687311,
        -1.8090162,
        -1.8997936,
        -1.9939098,
        -2.10888,
        -2.233277,
        -2.3438091,
        -2.402738,
        -2.3842514,
        -2.3603556,
        -2.247467,
        -2.1484826,
        -2.0130389,
        -1.8145463,
        -1.6746466,
        -1.5713849,
        -1.463759,
        -1.4183722,
        -1.3583512,
        -1.3311892,
        -1.2721124,
        -1.2455277,
        -1.210382,
        -1.1761079,
        -1.1473212,
        -1.0952053,
        -1.0531769,
        -0.95427847,
        -0.8917732,
        -0.79636383,
        -0.752017,
        -0.7185159,
        -0.6889386,
        -0.6203127,
        -0.56058264,
        -0.46691513,
        -0.37299633,
        -0.2812853,
        -0.17765093,
        -0.0861907,
        -0.06927347,
        -0.043134212,
        -0.041226864,
        -0.03006649,
        -0.019230843,
        -0.030196667,
        -0.038802624,
        -0.059108257,
        -0.057404995,
        0.011703491,
        0.028747082,
        0.032173157,
        0.06506252,
        0.13201714,
        0.18257904,
        0.21425247,
        0.24376965,
        0.23765707,
        0.28911352,
        0.3237667,
        0.30564785
    ],