{
    "class": "yneg",
    "duration_ms": 700,
    "x": [
        -0.16167974,
        -0.12333725,
        -0.07251524,
        -0.02092442,
        -0.020643651,
        -0.016828436,
        -0.07160862,
        -0.06632171,
        -0.05893223,
        0.0026148632,
        0.122906536,
        0.31140834,
        0.5136577,
        0.69429207,
        0.91559625,
        1.1394798,
        1.3042188,
        1.424502,
        1.4934125,
        1.5159285,
        1.527959,
        1.5059154,
        1.4219518,
        1.3434963,
        1.2301637,
        1.1158508,
        0.95976835,
        0.7844274,
        0.58083785,
        0.32147822,
        0.05311896,
        -0.25571474,
        -0.6332338,
        -1.1530492,
        -1.7331046,
        -2.3391452,
        -2.8936782,
        -3.3863912,
        -3.7567568,
        -3.9997501,
        -4.1348186,
        -4.1839867,
        -4.1503663,
        -4.030295,
        -3.7605972,
        -3.2591774,
        -2.6708088,
        -2.010449,
        -1.3812832,
        -0.7570175,
        -0.1631471,
        0.4735912,
        1.035396,
        1.5579027,
        2.0263054,
        2.394415,
        2.6708975,
        2.894918,
        3.0477743,
        3.0885959,
        3.0427244,
        2.994924,
        2.9342806,
        2.970131,
        3.035475,
        3.1143239,
        3.160396,
        3.1851037,
        3.0896647,
        2.8849006,
        2.5162249,
        2.1099238,
        1.6288729,
        1.1051233,
        0.592136,
        0.042775482,
        -0.5281556,
        -1.0889897,
        -1.5839176,
        -1.9927967,
        -2.33095,
        -2.5414045,
        -2.5737083,
        -2.429418,
        -2.1453996,
        -1.837352,
        -1.532789,
        -1.2526203,
        -1.0373,
        -0.81978816,
        -0.6506062,
        -0.5227667,
        -0.38866788,
        -0.23178585,
        -0.054624632,
        0.085605755,
        0.1867962,
        0.29694352,
        0.38745856,
        0.47311786,
        0.5784323,
        0.69204926,
        0.7571448,
        0.82675076,
        0.8412578,
        0.8510737,
        0.834718,
        0.8065045,
        0.7544271,
        0.7117195,
        0.63985395,
        0.5648545,
        0.48619205,
        0.4082036,
        0.3186304,
        0.19080956,
        0.11305079,
        0.06363651,
        -0.0126846135,
        -0.041721433,
        -0.061693512,
        -0.1491397,
        -0.21784192,
        -0.30125687,
        -0.36816454,
        -0.42337745,
        -0.45242867,
        -0.48402643,
        -0.53242785,
        -0.5761791,
        -0.6417279,
        -0.6645344,
        -0.7260147,
        -0.73998594,
        -0.76144177,
        -0.78538054,
        -0.85005426,
        -0.91726077,
        -0.98470616,
        -1.0263658,
        -1.0568894,
        -1.078993,
        -1.0211712,
        -0.99585265,
        -0.9143386,
        -0.8649602,
        -0.8091349,
        -0.7561037,
        -0.72003424,
        -0.7009271
    ],
    "y": [
        0.5553036,
        0.5909362,
        0.63868666,
        0.6650038,
        0.6936903,
        0.76734114,
        0.8216243,
        0.8734112,
        0.9298706,
        0.9744382,
        0.93361664,
        0.8603749,
        0.72414637,
        0.53742313,
        0.35528374,
        0.13277149,
        -0.098909855,
        -0.29682827,
        -0.5039487,
        -0.73671246,
        -0.9995971,
        -1.3635645,
        -1.8134639,
        -2.3890338,
        -3.0491014,
        -3.7655873,
        -4.4980536,
        -5.1827292,
        -5.844363,
        -6.4167104,
        -6.8980365,
        -7.2984753,
        -7.5370283,
        -7.479992,
        -7.151459,
        -6.4962864,
        -5.593169,
        -4.5207143,
        -3.357501,
        -2.1341934,
        -0.86943865,
        0.40832996,
        1.6564531,
        2.8347597,
        3.7884493,
        4.501277,
        5.0524287,
        5.5660653,
        6.1016445,
        6.5441623,
        6.9533677,
        7.2023396,
        7.317221,
        7.3262825,
        7.23371,
        7.136778,
        6.9983716,
        6.7598853,
        6.4013762,
        5.9727907,
        5.5438304,
        5.1395345,
        4.6848392,
        4.1290455,
        3.395125,
        2.5400343,
        1.6587658,
        0.83153677,
        0.08810234,
        -0.53497744,
        -1.027966,
        -1.4196019,
        -1.7388835,
        -1.9697878,
        -2.1373038,
        -2.257076,
        -2.301784,
        -2.313784,
        -2.3425279,
        -2.3179145,
        -2.3442307,
        -2.3534167,
        -2.382428,
        -2.374692,
        -2.4002566,
        -2.404417,
        -2.3537297,
        -2.2286012,
        -2.08097,
        -1.8713496,
        -1.5699363,
        -1.3024364,
        -1.0558901,
        -0.86038446,
        -0.77957106,
        -0.7074094,
        -0.6503582,
        -0.59821033,
        -0.53134394,
        -0.45879316,
        -0.38026857,
        -0.31946564,
        -0.242805,
        -0.15752411,
        -0.075704575,
        -0.0049152374,
        0.049770355,
        0.09750509,
        0.08774567,
        0.03924322,
        0.018579483,
        -0.048689365,
        -0.07925987,
        -0.07834101,
        -0.101373196,
        -0.108086586,
        -0.14666796,
        -0.24363184,
        -0.3153758,
        -0.41462994,
        -0.46969414,
        -0.49979544,
        -0.50498724,
        -0.4994855,
        -0.49990082,
        -0.51075363,
        -0.5293875,
        -0.53634024,
        -0.55528593,
        -0.5692401,
        -0.568532,
        -0.55292845,
        -0.5748687,
        -0.5791292,
        -0.63022566,
        -0.62045383,
        -0.63836193,
        -0.64087534,
        -0.62091064,
        -0.61438704,
        -0.58553743,
        -0.5966759,
        -0.58100986,
        -0.58414555,
        -0.5799179,
        -0.5541034,
        -0.5093999,
        -0.49861813,
        -0.47401142,
        -0.43561888
    ],