{
    "class": "yneg",
    "duration_ms": 700,
    "x": [
        -0.028675154,
        0.035453245,
        0.07930122,
        0.13448374,
        0.21326968,
        0.2731805,
        0.32669786,
        0.40755326,
        0.48250595,
        0.49447298,
        0.50084144,
        0.43937618,
        0.3835344,
        0.32089832,
        0.23932427,
        0.1837315,
        0.2057925,
        0.2477402,
        0.30478197,
        0.4245082,
        0.46701714,
        0.47632068,
        0.4533918,
        0.34683025,
        0.19472773,
        0.0141004175,
        -0.2427855,
        -0.48261142,
        -0.65759516,
        -0.8921449,
        -1.119648,
        -1.3097643,
        -1.4853405,
        -1.6691483,
        -1.8337349,
        -1.9731613,
        -2.0549152,
        -2.03624,
        -1.940952,
        -1.7206389,
        -1.4944218,
        -1.2188632,
        -0.9250529,
        -0.6490814,
        -0.36475548,
        -0.040808935,
        0.26589838,
        0.5443487,
        0.7667887,
        0.91748834,
        1.0283769,
        1.1147139,
        1.1223476,
        1.0663803,
        1.026233,
        0.9160042,
        0.8386652,
        0.71988654,
        0.6141751,
        0.4487977,
        0.3734077,
        0.39403716,
        0.49341184,
        0.6430135,
        0.7810934,
        0.86737967,
        0.9691391,
        1.0697167,
        1.1166835,
        1.1462383,
        1.1058772,
        1.0481739,
        0.92510897,
        0.78661203,
        0.5627642,
        0.36055154,
        0.14303191,
        -0.016420081,
        -0.11821485,
        -0.19095865,
        -0.24867773,
        -0.27185416,
        -0.26232126,
        -0.27000135,
        -0.2753992,
        -0.30237797,
        -0.34605184,
        -0.35398138,
        -0.35503995,
        -0.32776582,
        -0.28854352,
        -0.23938213,
        -0.17767961,
        -0.11254939,
        -0.022128854,
        0.08664267,
        0.14207946,
        0.20864065,
        0.27384946,
        0.33008158,
        0.302598,
        0.25316826,
        0.15751314,
        0.07504633,
        -0.025785178,
        -0.09027542,
        -0.11123669,
        -0.066941515,
        -0.06932944,
        -0.07749392,
        -0.07200654,
        -0.03363338,
        -0.009975195,
        0.016114041,
        0.030549496,
        0.03842947,
        0.030282468,
        -0.0058266222,
        0.008937702,
        -0.021334589,
        -0.022602543,
        -0.061799437,
        -0.08399889,
        -0.094190076,
        -0.0929402,
        -0.12385222,
        -0.16558528,
        -0.23467913,
        -0.31654653,
        -0.41326365,
        -0.49353376,
        -0.54540265,
        -0.57595575,
        -0.61157095,
        -0.6377933,
        -0.673519,
        -0.687705,
        -0.6924232,
        -0.6736529,
        -0.6031108,
        -0.49775237,
        -0.36946708,
        -0.2801231,
        -0.20802821,
        -0.1819602,
        -0.15883921,
        -0.13868791,
        -0.17628229,
        -0.17108305
    ],
    "y": [
        0.14350176,
        0.06577253,
        -0.009151936,
        -0.07659626,
        -0.12948084,
        -0.15603685,
        -0.23956299,
        -0.32023478,
        -0.38856077,
        -0.4778633,
        -0.58077955,
        -0.65441513,
        -0.7061529,
        -0.8147645,
        -0.92541313,
        -1.076199,
        -1.2882881,
        -1.5137992,
        -1.7858806,
        -2.0495415,
        -2.3499224,
        -2.6365268,
        -2.882951,
        -3.0865052,
        -3.2438939,
        -3.3660982,
        -3.4167666,
        -3.4961133,
        -3.5201323,
        -3.4981732,
        -3.3584812,
        -3.1776397,
        -2.9413435,
        -2.6403425,
        -2.2201097,
        -1.7219939,
        -1.1946273,
        -0.66749716,
        -0.1986041,
        0.22116661,
        0.63917637,
        1.0452456,
        1.4318018,
        1.7602658,
        2.0591927,
        2.3140368,
        2.5296059,
        2.7657824,
        3.015602,
        3.3009648,
        3.612702,
        3.934743,
        4.2319617,
        4.5313573,
        4.7641616,
        4.8831935,
        4.9941835,
        4.9825873,
        4.9609585,
        4.8598237,
        4.743513,
        4.527877,
        4.315504,
        4.084393,
        3.8579912,
        3.6215763,
        3.3916497,
        3.1178203,
        2.7879739,
        2.5240316,
        2.2994018,
        2.0350194,
        1.8169041,
        1.6234684,
        1.4331293,
        1.257688,
        1.0850892,
        0.8984375,
        0.7047906,
        0.51131153,
        0.2463212,
        -0.02298975,
        -0.27735996,
        -0.5044675,
        -0.6515422,
        -0.7685604,
        -0.88169,
        -0.9452405,
        -1.0116873,
        -1.1140842,
        -1.2137151,
        -1.281527,
        -1.3148346,
        -1.3013892,
        -1.2935281,
        -1.2933974,
        -1.288753,
        -1.3057356,
        -1.3371367,
        -1.3206882,
        -1.2993689,
        -1.2898645,
        -1.2492199,
        -1.1824908,
        -1.1642647,
        -1.1949563,
        -1.2654114,
        -1.3259044,
        -1.353024,
        -1.3926454,
        -1.4066477,
        -1.3686523,
        -1.3406897,
        -1.2794428,
        -1.1751423,
        -1.0610709,
        -0.9609709,
        -0.9105134,
        -0.8472223,
        -0.8092189,
        -0.8106828,
        -0.7654834,
        -0.70241785,
        -0.65031385,
        -0.5925765,
        -0.5748892,
        -0.55429983,
        -0.5381212,
        -0.49285555,
        -0.44717646,
        -0.37228918,
        -0.33751106,
        -0.3043828,
        -0.2656603,
        -0.22840786,
        -0.19484806,
        -0.11475611,
        -0.009860039,
        0.04063511,
        0.036377907,
        -0.020394325,
        -0.08686447,
        -0.1441989,
        -0.1879363,
        -0.22544575,
        -0.18759537,
        -0.120028496,
        -0.02283001,
        0.06583834
    ],