{
    "class": "yneg",
    "duration_ms": 700,
    "x": [
        0.13811445,
        0.088142484,
        0.041269895,
        0.03771527,
        -0.0037562475,
        0.011977673,
        0.005993858,
        -0.014518306,
        -0.05422944,
        -0.0631188,
        -0.09140112,
        -0.058123127,
        -0.041906454,
        -0.037693113,
        -0.014426202,
        -0.00077148527,
        0.02000159,
        0.024013475,
        0.016249001,
        0.003617905,
        0.03344433,
        0.07668134,
        0.16883944,
        0.2432316,
        0.35490215,
        0.47307628,
        0.60277885,
        0.70372695,
        0.76437014,
        0.8419758,
        0.89137536,
        0.9268613,
        0.92443734,
        0.941245,
        0.9270489,
        0.9246187,
        0.9317697,
        0.93910813,
        0.9374517,
        0.91287583,
        0.8612157,
        0.8283204,
        0.79103184,
        0.7593194,
        0.67622346,
        0.5311187,
        0.30129135,
        0.009333864,
        -0.3245084,
        -0.76387787,
        -1.2526766,
        -1.7487649,
        -2.2768028,
        -2.7773964,
        -3.2795475,
        -3.7067633,
        -4.123526,
        -4.4358726,
        -4.640183,
        -4.6967716,
        -4.6739583,
        -4.549912,
        -4.362977,
        -4.0488997,
        -3.6029367,
        -3.07724,
        -2.5189345,
        -1.8982662,
        -1.2120374,
        -0.5698179,
        0.026029527,
        0.60598034,
        1.2170272,
        1.8371736,
        2.4806926,
        3.2312953,
        4.0087113,
        4.8437896,
        5.621578,
        6.208084,
        6.301413,
        6.364148,
        6.5344687,
        6.3997836,
        6.444228,
        6.095231,
        5.2854223,
        4.4344497,
        3.712132,
        2.937416,
        2.10231,
        1.4000506,
        0.80383927,
        0.33260727,
        -0.03046912,
        -0.29956824,
        -0.52181846,
        -0.631652,
        -0.6712492,
        -0.67091715,
        -0.6444528,
        -0.57715964,
        -0.5265575,
        -0.4428702,
        -0.3890388,
        -0.4183465,
        -0.4142382,
        -0.47761482,
        -0.56797546,
        -0.7143241,
        -0.80919564,
        -0.9555813,
        -1.0266577,
        -1.1182972,
        -1.1994308,
        -1.2676338,
        -1.3206558,
        -1.312984,
        -1.3044101,
        -1.2062168,
        -1.1088758,
        -0.97365475,
        -0.8217686,
        -0.6936277,
        -0.5533504,
        -0.463188,
        -0.3825827,
        -0.28523242,
        -0.18800737,
        -0.07897264,
        0.003608808,
        0.03568691,
        0.04099977,
        0.012237459,
        -0.02698654,
        -0.08887464,
        -0.17594707,
        -0.26672047,
        -0.3612482,
        -0.43789703,
        -0.5276259,
        -0.5630784,
        -0.59903824,
        -0.6520037,
        -0.6788672,
        -0.71525896,
        -0.7729924,
        -0.856791
    ],
    "y": [
        0.051404476,
        0.08423185,
        0.12168312,
        0.12793446,
        0.10787058,
        0.13520908,
        0.078854084,
        0.036815166,
        0.039838314,
        0.051909924,
        0.07767582,
        0.121893406,
        0.12735558,
        0.14186907,
        0.1462903,
        0.21675444,
        0.27201223,
        0.39063692,
        0.5009527,
        0.62921715,
        0.71850014,
        0.87126493,
        0.99451494,
        1.0743256,
        1.1110635,
        1.1572704,
        1.1559653,
        1.1456313,
        1.0978289,
        1.0032725,
        0.88591814,
        0.748106,
        0.5661874,
        0.406981,
        0.267797,
        0.11287832,
        -0.07191372,
        -0.27443743,
        -0.5063405,
        -0.7577572,
        -1.0829058,
        -1.4192913,
        -1.8569076,
        -2.3949049,
        -2.9993205,
        -3.6576903,
        -4.3079977,
        -4.929073,
        -5.4520106,
        -5.865343,
        -6.196036,
        -6.4563823,
        -6.653754,
        -6.635282,
        -6.41568,
        -6.0307965,
        -5.5019894,
        -4.81447,
        -3.9578981,
        -3.0101774,
        -1.9916778,
        -0.92036486,
        0.14030218,
        1.1721878,
        2.0542011,
        2.8086238,
        3.4405212,
        3.968738,
        4.3305664,
        4.6664543,
        4.9967937,
        5.4159408,
        5.91294,
        6.350228,
        6.6263657,
        6.7166147,
        6.608425,
        6.380373,
        6.0394096,
        5.647454,
        5.316655,
        5.0704436,
        4.676378,
        4.2800717,
        3.5556326,
        2.8063908,
        2.2684264,
        1.8579121,
        1.4508004,
        1.0644636,
        0.73330975,
        0.39607906,
        0.058784008,
        -0.24160576,
        -0.49220562,
        -0.75926137,
        -0.99901724,
        -1.2229707,
        -1.4427152,
        -1.6245158,
        -1.8065114,
        -1.9815853,
        -2.1045072,
        -2.2306116,
        -2.3217838,
        -2.3949244,
        -2.4334085,
        -2.4135067,
        -2.380884,
        -2.3023112,
        -2.2068994,
        -2.1117406,
        -2.0673862,
        -2.023796,
        -1.9547055,
        -1.8817065,
        -1.7737329,
        -1.6643457,
        -1.5343318,
        -1.4122458,
        -1.2906642,
        -1.2195785,
        -1.1581037,
        -1.1131763,
        -1.0223784,
        -0.9787946,
        -0.9391508,
        -0.8891239,
        -0.84300137,
        -0.86053085,
        -0.85096645,
        -0.86696434,
        -0.8272667,
        -0.7894497,
        -0.74180746,
        -0.6892681,
        -0.62245274,
        -0.5797229,
        -0.54912424,
        -0.54270315,
        -0.5220809,
        -0.46090364,
        -0.5024948,
        -0.5052867,
        -0.50952196,
        -0.45750093,
        -0.38719273,
        -0.2984085
    ],