{
    "class": "yneg",
    "duration_ms": 700,
    "x": [
        -0.028395444,
        0.010406822,
        0.03107521,
        0.045500427,
        0.04384482,
        0.042419463,
        0.03823495,
        0.009444416,
        -0.013144821,
        -0.027371198,
        -0.021214455,
        0.033929437,
        0.03118056,
        0.042669564,
        0.004476011,
        0.014401108,
        0.00078880787,
        0.013677418,
        0.026640087,
        0.0324364,
        0.033334196,
        0.05068195,
        0.08202186,
        0.09147361,
        0.08161272,
        0.06691709,
        0.05922088,
        0.06313738,
        0.06410384,
        0.17584063,
        0.2832772,
        0.43165076,
        0.6065779,
        0.7587986,
        0.86816424,
        0.92878526,
        0.9416817,
        0.91266537,
        0.856487,
        0.753642,
        0.65301865,
        0.5693929,
        0.49622607,
        0.35072738,
        0.038489282,
        -0.24504799,
        -0.50251776,
        -0.7184773,
        -1.0111207,
        -1.3623897,
        -1.6592199,
        -1.8632015,
        -1.9909387,
        -2.1570117,
        -2.3179672,
        -2.39226,
        -2.4298062,
        -2.4923923,
        -2.5485892,
        -2.5770576,
        -2.4753008,
        -2.1866143,
        -1.7141258,
        -1.1633179,
        -0.5960962,
        -0.17516819,
        0.08005445,
        0.18356994,
        0.17570624,
        0.07748932,
        0.0037098452,
        -0.00010070205,
        0.15458633,
        0.5662327,
        1.1450293,
        1.7468172,
        2.2104316,
        2.6493104,
        2.982554,
        3.2651434,
        3.4149928,
        3.4599993,
        3.4136753,
        3.2372909,
        3.073961,
        2.8609548,
        2.6866343,
        2.5002835,
        2.404072,
        2.3332007,
        2.2472572,
        2.0846033,
        1.8936915,
        1.6533592,
        1.4548279,
        1.2147119,
        0.9670289,
        0.6861987,
        0.38004613,
        0.07024394,
        -0.159993,
        -0.30428845,
        -0.40852296,
        -0.4944473,
        -0.52133584,
        -0.5300389,
        -0.43946847,
        -0.39349034,
        -0.34962264,
        -0.37558162,
        -0.4457067,
        -0.58712745,
        -0.7478045,
        -0.849166,
        -0.8912751,
        -0.93815565,
        -0.90774566,
        -0.87838376,
        -0.81133485,
        -0.7375337,
        -0.6737319,
        -0.5914153,
        -0.49287972,
        -0.37568668,
        -0.2589841,
        -0.14272746,
        -0.03905958,
        -0.012815058,
        -0.016172558,
        -0.04191655,
        -0.051653504,
        -0.09523618,
        -0.21801957,
        -0.28577325,
        -0.4062427,
        -0.49772453,
        -0.6101754,
        -0.71492964,
        -0.8386778,
        -0.8963975,
        -0.88891834,
        -0.8477562,
        -0.8088975,
        -0.76733816,
        -0.6652172,
        -0.60997117,
        -0.5799746,
        -0.5488438,
        -0.49490088
    ],
    "y": [
        0.11464167,
        0.10553312,
        0.12019205,
        0.13436365,
        0.15483212,
        0.19314885,
        0.23481321,
        0.28456998,
        0.32101178,
        0.37506032,
        0.40164876,
        0.39159322,
        0.37390542,
        0.37490034,
        0.34936476,
        0.34267426,
        0.30729747,
        0.2695644,
        0.21300817,
        0.19244337,
        0.18881488,
        0.1357956,
        0.107528925,
        0.016120434,
        -0.07375193,
        -0.1738689,
        -0.2295425,
        -0.3124225,
        -0.39377022,
        -0.5421579,
        -0.71178555,
        -0.9852438,
        -1.2522993,
        -1.526952,
        -1.7946235,
        -2.1145866,
        -2.3890004,
        -2.6708071,
        -3.017418,
        -3.4313803,
        -3.9172127,
        -4.42528,
        -5.047717,
        -5.6036654,
        -6.029583,
        -6.3669624,
        -6.649664,
        -6.836895,
        -6.889599,
        -6.716081,
        -6.3752356,
        -5.8520203,
        -5.1074843,
        -4.2650824,
        -3.376312,
        -2.4616804,
        -1.5083847,
        -0.51375246,
        0.49066877,
        1.3796241,
        2.0276594,
        2.3406425,
        2.385031,
        2.239184,
        2.1512887,
        2.2881386,
        2.7135031,
        3.4006174,
        4.249092,
        5.1732802,
        6.0637894,
        6.8067102,
        7.23077,
        7.427954,
        7.4137,
        7.2675858,
        7.107331,
        6.8967075,
        6.6640735,
        6.408569,
        6.1794653,
        5.9326043,
        5.716906,
        5.4329977,
        5.0844574,
        4.7350826,
        4.3676643,
        4.0086546,
        3.5799038,
        3.1307197,
        2.7225885,
        2.4122038,
        2.1530452,
        1.9105964,
        1.635972,
        1.2778916,
        0.9473338,
        0.6423645,
        0.42034388,
        0.23787737,
        0.03712845,
        -0.1966343,
        -0.47597098,
        -0.7273755,
        -0.954314,
        -1.1696823,
        -1.3815017,
        -1.6166799,
        -1.8062398,
        -1.9601998,
        -2.0623193,
        -2.0436993,
        -2.0077991,
        -1.9433954,
        -1.8655055,
        -1.8223107,
        -1.7804368,
        -1.7995148,
        -1.8024595,
        -1.7838352,
        -1.7355795,
        -1.6351388,
        -1.527271,
        -1.444674,
        -1.3818007,
        -1.3928633,
        -1.453202,
        -1.46649,
        -1.4969921,
        -1.5231576,
        -1.5139494,
        -1.4960568,
        -1.4746115,
        -1.3977318,
        -1.3212099,
        -1.2146873,
        -1.1054425,
        -1.0107446,
        -0.93099976,
        -0.89052796,
        -0.81773734,
        -0.77520084,
        -0.7628808,
        -0.735198,
        -0.7300532,
        -0.7229941,
        -0.69184065,
        -0.65065074,
        -0.5704832
    ],