{
    "class": "yneg",
    "duration_ms": 700,
    "x": [
        -0.03629747,
        -0.015627533,
        0.0009849668,
        0.0112001,
        0.019619197,
        0.021247268,
        0.008820742,
        -0.005980432,
        -0.027982175,
        -0.05000195,
        -0.072075486,
        -0.094168276,
        -0.10679719,
        -0.114691556,
        -0.10581112,
        -0.08476296,
        -0.051487148,
        -0.010797501,
        0.030074328,
        0.07357329,
        0.119585305,
        0.1727567,
        0.23078401,
        0.29394335,
        0.37234706,
        0.4638917,
        0.55410624,
        0.64254695,
        0.7187129,
        0.78093636,
        0.8414405,
        0.8852427,
        0.8971423,
        0.8562834,
        0.75458145,
        0.58039916,
        0.31614584,
        -0.027960628,
        -0.41926044,
        -0.841983,
        -1.2774727,
        -1.7317324,
        -2.209792,
        -2.7065425,
        -3.1993246,
        -3.6573305,
        -4.062615,
        -4.3811655,
        -4.58642,
        -4.632611,
        -4.489565,
        -4.1775894,
        -3.6937582,
        -3.073033,
        -2.3380508,
        -1.5178092,
        -0.6514281,
        0.19863611,
        0.97862417,
        1.6765095,
        2.310326,
        2.9238071,
        3.5157232,
        4.069875,
        4.533226,
        4.852069,
        5.019549,
        5.049518,
        4.9843826,
        4.8775477,
        4.7816167,
        4.704953,
        4.6417856,
        4.5891843,
        4.539381,
        4.464503,
        4.34261,
        4.1604676,
        3.9165034,
        3.6163383,
        3.2609184,
        2.8611774,
        2.432849,
        1.9919986,
        1.547825,
        1.1172421,
        0.70503485,
        0.330163,
        0.0044260994,
        -0.24782974,
        -0.42071265,
        -0.5274418,
        -0.58597696,
        -0.60236025,
        -0.5901397,
        -0.56558824,
        -0.5406619,
        -0.5324221,
        -0.5441195,
        -0.5573295,
        -0.5580485,
        -0.55577785,
        -0.5552231,
        -0.56400687,
        -0.584914,
        -0.63075507,
        -0.68803513,
        -0.7477841,
        -0.79103285,
        -0.8078784,
        -0.79294986,
        -0.75535595,
        -0.7016183,
        -0.6409747,
        -0.5849495,
        -0.530926,
        -0.48119852,
        -0.43578738,
        -0.39505246,
        -0.36181507,
        -0.32934976,
        -0.3047795,
        -0.2880477,
        -0.2861058,
        -0.29410207,
        -0.3119635,
        -0.3372712,
        -0.35827023,
        -0.373087,
        -0.3751169,
        -0.3647453,
        -0.3444638,
        -0.32362244,
        -0.3066757,
        -0.29074392,
        -0.2777881,
        -0.27455947,
        -0.27584532,
        -0.28132033,
        -0.2882752,
        -0.28692445,
        -0.2746074,
        -0.26297334,
        -0.24712384,
        -0.2343868,
        -0.22275016,
        -0.21541014,
        -0.20581868,
        -0.19930914
    ],
    "y": [
        0.10481596,
        0.10565138,
        0.10876465,
        0.11903715,
        0.13175869,
        0.1588068,
        0.19051886,
        0.22677422,
        0.26028824,
        0.29095888,
        0.3164115,
        0.33216572,
        0.33839893,
        0.33766365,
        0.32291603,
        0.29432917,
        0.25442696,
        0.19393015,
        0.12018776,
        0.030907154,
        -0.081058025,
        -0.22514534,
        -0.41317844,
        -0.65462255,
        -0.9567611,
        -1.3266373,
        -1.780679,
        -2.3159626,
        -2.9225101,
        -3.6090312,
        -4.379267,
        -5.25745,
        -6.1806045,
        -7.114787,
        -8.0213995,
        -8.845249,
        -9.521858,
        -10.0058975,
        -10.288132,
        -10.344889,
        -10.188242,
        -9.830122,
        -9.287071,
        -8.570881,
        -7.6980457,
        -6.6707387,
        -5.4863644,
        -4.1567526,
        -2.715159,
        -1.2353907,
        0.18000746,
        1.4686999,
        2.6272755,
        3.7019663,
        4.729817,
        5.7368245,
        6.7187605,
        7.719039,
        8.778582,
        9.857897,
        10.87453,
        11.712172,
        12.296852,
        12.604309,
        12.652861,
        12.498847,
        12.188744,
        11.785627,
        11.314093,
        10.767635,
        10.139851,
        9.426973,
        8.649463,
        7.8283396,
        6.997082,
        6.168263,
        5.3503942,
        4.5618615,
        3.8164258,
        3.1349115,
        2.5165062,
        1.965064,
        1.4749813,
        1.0332198,
        0.63358974,
        0.26228285,
        -0.09011936,
        -0.43089437,
        -0.7745013,
        -1.1280642,
        -1.4818804,
        -1.8358169,
        -2.1801941,
        -2.5032659,
        -2.7908223,
        -3.0313025,
        -3.2301126,
        -3.383133,
        -3.491183,
        -3.5645986,
        -3.6134105,
        -3.6426349,
        -3.6428351,
        -3.6141262,
        -3.549549,
        -3.4445734,
        -3.3091471,
        -3.1578934,
        -3.0125887,
        -2.8757238,
        -2.7593453,
        -2.6705709,
        -2.6020136,
        -2.546154,
        -2.4906237,
        -2.4279788,
        -2.3530085,
        -2.2581477,
        -2.1526535,
        -2.0266907,
        -1.8896351,
        -1.7487469,
        -1.5945857,
        -1.4275048,
        -1.2574003,
        -1.0869803,
        -0.9166117,
        -0.76581573,
        -0.6397419,
        -0.54587746,
        -0.48201036,
        -0.44324398,
        -0.43184042,
        -0.42592812,
        -0.41079092,
        -0.38361263,
        -0.34411907,
        -0.28244543,
        -0.21262598,
        -0.13937569,
        -0.06511402,
        0.0005002022,
        0.05719042,
        0.10968351,
        0.15793943,
        0.19708967,
        0.22704887,
        0.24763632,
        0.25869226
    ],