{
    "class": "yneg",
    "duration_ms": 700,
    "x": [
        0.030178979,
        0.073674954,
        0.09640626,
        0.12531817,
        0.110726625,
        0.08863867,
        0.023237713,
        -0.071452215,
        -0.16010854,
        -0.20974097,
        -0.2946792,
        -0.37002695,
        -0.40551245,
        -0.4635058,
        -0.49137998,
        -0.51305854,
        -0.5235886,
        -0.47295573,
        -0.3874759,
        -0.23857588,
        -0.090345114,
        0.01258561,
        0.111293465,
        0.1443124,
        0.20490068,
        0.18359208,
        0.17817912,
        0.19540533,
        0.19907254,
        0.25059122,
        0.30885696,
        0.36353213,
        0.40669537,
        0.48562738,
        0.5453357,
        0.61263245,
        0.6740175,
        0.7307191,
        0.80740345,
        0.82593215,
        0.7675905,
        0.5725939,
        0.25398695,
        -0.12263663,
        -0.60402787,
        -1.0981421,
        -1.5265309,
        -1.9178933,
        -2.41765,
        -2.8905237,
        -3.2705936,
        -3.4923236,
        -3.567104,
        -3.4946961,
        -3.2980187,
        -3.1190314,
        -2.872388,
        -2.6981742,
        -2.63952,
        -2.6789544,
        -2.5962324,
        -2.3628306,
        -1.9111303,
        -1.1918628,
        -0.267248,
        0.8013886,
        1.8936614,
        3.080878,
        4.224441,
        5.276775,
        6.178193,
        6.9256487,
        7.5008364,
        7.820546,
        7.8821507,
        7.646785,
        7.187128,
        6.5323386,
        5.7662535,
        5.064068,
        4.4056616,
        3.7614214,
        3.0611038,
        2.452896,
        1.8722935,
        1.3796756,
        0.93496215,
        0.5769992,
        0.26332736,
        -0.019806921,
        -0.25301334,
        -0.44565377,
        -0.63840485,
        -0.72863287,
        -0.78857476,
        -0.86686826,
        -0.9401605,
        -1.0162864,
        -1.1151001,
        -1.1821707,
        -1.2299273,
        -1.2755615,
        -1.3170146,
        -1.3185192,
        -1.3084987,
        -1.2911401,
        -1.3208046,
        -1.3613282,
        -1.4268625,
        -1.4405651,
        -1.4908731,
        -1.4959958,
        -1.4943877,
        -1.4839606,
        -1.4197297,
        -1.3167231,
        -1.2089221,
        -1.1182823,
        -1.0302677,
        -0.9901887,
        -0.94742227,
        -0.96398455,
        -0.98470116,
        -0.99019146,
        -0.94164604,
        -0.85771483,
        -0.7883286,
        -0.68102896,
        -0.60789037,
        -0.5071148,
        -0.39312276,
        -0.2705993,
        -0.14864254,
        -0.09151566,
        0.037427023,
        0.15945973,
        0.24358279,
        0.301858,
        0.3650996,
        0.4427023,
        0.5010232,
        0.52125216,
        0.5374288,
        0.47326052,
        0.35734692,
        0.22756183,
        0.09075274,
        -0.019963436,
        -0.097716875
    ],
    "y": [
        0.03948927,
        0.06098771,
        0.09240317,
        0.11940837,
        0.1538012,
        0.2023735,
        0.2745552,
        0.31778336,
        0.34403586,
        0.38173056,
        0.38550115,
        0.44368553,
        0.49666023,
        0.5586579,
        0.6677239,
        0.7784102,
        0.8976376,
        0.9776938,
        1.0237906,
        1.0220802,
        0.9870753,
        0.9311178,
        0.8733785,
        0.81848454,
        0.75899315,
        0.69977164,
        0.59325385,
        0.48235488,
        0.33419418,
        0.13286257,
        -0.075552225,
        -0.36405683,
        -0.64857244,
        -0.88432264,
        -1.1289084,
        -1.4279525,
        -1.8406457,
        -2.3451467,
        -2.9528484,
        -3.6514676,
        -4.457639,
        -5.2715797,
        -6.050818,
        -6.712434,
        -7.200304,
        -7.563015,
        -7.8420973,
        -7.9349537,
        -7.681265,
        -7.1956935,
        -6.4844804,
        -5.630653,
        -4.747841,
        -3.8232381,
        -2.8659601,
        -1.8894968,
        -0.81866,
        0.30665398,
        1.487246,
        2.7519612,
        3.952123,
        4.9303274,
        5.500555,
        5.7998447,
        5.928799,
        6.126428,
        6.4493084,
        6.71455,
        6.861004,
        6.9184513,
        6.8830047,
        6.7727933,
        6.589407,
        6.315496,
        6.0394373,
        5.727391,
        5.415599,
        5.116278,
        4.74671,
        4.2456307,
        3.6311035,
        3.064558,
        2.540247,
        2.0447302,
        1.6124392,
        1.1888943,
        0.7290716,
        0.3191867,
        -0.06242895,
        -0.4162414,
        -0.7474718,
        -1.0516663,
        -1.3195462,
        -1.5610857,
        -1.8100646,
        -2.0766037,
        -2.270549,
        -2.4478774,
        -2.5402098,
        -2.6439788,
        -2.7475562,
        -2.8200972,
        -2.9261765,
        -2.9988542,
        -3.0572183,
        -3.1008844,
        -3.057733,
        -3.008582,
        -2.9336452,
        -2.8061948,
        -2.6952114,
        -2.5645323,
        -2.392385,
        -2.2385285,
        -2.088474,
        -1.9564207,
        -1.8208041,
        -1.6502597,
        -1.454669,
        -1.221899,
        -1.016707,
        -0.79832983,
        -0.63122225,
        -0.49616694,
        -0.4168558,
        -0.35498714,
        -0.2626052,
        -0.1782546,
        -0.05939436,
        0.038591385,
        0.120188236,
        0.18059683,
        0.21494389,
        0.25918484,
        0.24378347,
        0.2070241,
        0.1487236,
        0.11891794,
        0.08138752,
        0.06914997,
        0.046120644,
        0.062339783,
        0.09870434,
        0.19131374,
        0.24954319,
        0.34571266,
        0.44182253,
        0.49750948,
        0.53210735
    ],