{
    "class": "yneg",
    "duration_ms": 700,
    "x": [
        -0.20536304,
        -0.19300365,
        -0.16820204,
        -0.14752057,
        -0.102478236,
        -0.09963757,
        -0.07249972,
        -0.045283437,
        -0.015555203,
        -0.00017249584,
        0.060212344,
        0.055802077,
        0.04153639,
        0.048304677,
        0.04004389,
        0.016933262,
        0.021858782,
        0.028782487,
        0.040313274,
        0.035150528,
        0.060942292,
        0.03197208,
        -0.037198275,
        -0.07510689,
        -0.12692434,
        -0.16624287,
        -0.1336044,
        -0.079303384,
        0.018129915,
        0.11126143,
        0.21238363,
        0.3334108,
        0.43383718,
        0.51137084,
        0.56817293,
        0.6111783,
        0.6141167,
        0.60293305,
        0.5964135,
        0.5753295,
        0.52330226,
        0.462359,
        0.45240793,
        0.41499788,
        0.41713357,
        0.37333575,
        0.39566803,
        0.46501625,
        0.49702784,
        0.48109862,
        0.39005676,
        0.14131337,
        -0.17537975,
        -0.5492085,
        -0.8946173,
        -1.2738053,
        -1.6654884,
        -2.0769114,
        -2.4814458,
        -2.900427,
        -3.2431328,
        -3.4617805,
        -3.52292,
        -3.4003992,
        -3.2021184,
        -2.8659348,
        -2.399375,
        -1.84358,
        -1.3041699,
        -0.8000566,
        -0.38579565,
        0.044871032,
        0.44998246,
        0.79743594,
        1.0669773,
        1.2455969,
        1.384527,
        1.5897597,
        1.7856731,
        1.9779056,
        2.104872,
        2.1807594,
        2.2219744,
        2.22816,
        2.1892989,
        2.1020958,
        1.9055245,
        1.6313374,
        1.3686272,
        1.1228869,
        0.9026161,
        0.7669865,
        0.69905204,
        0.6490562,
        0.6893698,
        0.7109567,
        0.7246086,
        0.6788634,
        0.57196736,
        0.42325538,
        0.24222457,
        0.03862962,
        -0.21875966,
        -0.47791797,
        -0.68467367,
        -0.89695674,
        -1.0651884,
        -1.0725918,
        -1.0340263,
        -0.9372721,
        -0.85163707,
        -0.72897625,
        -0.62174475,
        -0.5392436,
        -0.46472776,
        -0.41240853,
        -0.31522995,
        -0.19944665,
        -0.029182166,
        0.20074445,
        0.4094308,
        0.6191391,
        0.7682368,
        0.86183685,
        0.8788351,
        0.8720341,
        0.7720057,
        0.62390375,
        0.42957333,
        0.2627262,
        0.106270164,
        -0.08792654,
        -0.26543075,
        -0.40771723,
        -0.5295966,
        -0.6099103,
        -0.6487521,
        -0.6433018,
        -0.58376265,
        -0.4676202,
        -0.31628323,
        -0.19883233,
        -0.06232983,
        0.04317999,
        0.13677335,
        0.1802612,
        0.22361735,
        0.17795429,
        0.12430239
    ],
    "y": [
        -0.042354584,
        -0.030486107,
        -0.022612095,
        -0.01851511,
        0.0007815361,
        -0.0028133392,
        0.027691841,
        0.032375336,
        0.09184837,
        0.13889408,
        0.20183992,
        0.2707386,
        0.3169055,
        0.39497232,
        0.4977193,
        0.60825205,
        0.69575787,
        0.74154377,
        0.76974964,
        0.7998352,
        0.8152642,
        0.8756089,
        0.9522896,
        1.0785189,
        1.2182188,
        1.3403068,
        1.4092727,
        1.4350829,
        1.4203534,
        1.4151988,
        1.3979659,
        1.3187227,
        1.2251716,
        1.1148291,
        0.98055077,
        0.8316684,
        0.69429827,
        0.5493226,
        0.3567338,
        0.09594965,
        -0.1441536,
        -0.3776579,
        -0.6209545,
        -0.90669346,
        -1.2790318,
        -1.7798133,
        -2.3748443,
        -3.02325,
        -3.8327913,
        -4.6405096,
        -5.4102654,
        -6.084121,
        -6.637823,
        -7.07106,
        -7.443658,
        -7.695941,
        -7.7591767,
        -7.631834,
        -7.288695,
        -6.690293,
        -5.890507,
        -4.964773,
        -4.016518,
        -2.9815454,
        -1.9915318,
        -1.0392427,
        -0.112393856,
        0.8184991,
        1.7185483,
        2.5913196,
        3.311339,
        3.8893733,
        4.4148383,
        4.9408917,
        5.5299344,
        6.1458573,
        6.699677,
        7.1215057,
        7.334255,
        7.3396177,
        7.182536,
        6.931907,
        6.5728574,
        6.092943,
        5.5037084,
        4.838485,
        4.1689453,
        3.5214863,
        2.8890662,
        2.2694716,
        1.6676245,
        1.0455418,
        0.43242693,
        -0.18082094,
        -0.6910181,
        -1.0859914,
        -1.3991551,
        -1.675797,
        -1.9085839,
        -2.0518408,
        -2.2105875,
        -2.3153868,
        -2.2898548,
        -2.3088748,
        -2.2555172,
        -2.21871,
        -2.172468,
        -2.1340213,
        -2.0727682,
        -2.0034552,
        -1.9216495,
        -1.8013248,
        -1.6617248,
        -1.4908667,
        -1.3124547,
        -1.1452718,
        -1.0080976,
        -0.9124665,
        -0.8436451,
        -0.78688145,
        -0.7919836,
        -0.7963395,
        -0.7493844,
        -0.7273059,
        -0.69621754,
        -0.6750288,
        -0.63959837,
        -0.61385965,
        -0.59309626,
        -0.55602884,
        -0.5628433,
        -0.54227257,
        -0.5138836,
        -0.4852376,
        -0.41354895,
        -0.36120367,
        -0.34509277,
        -0.35787344,
        -0.37548065,
        -0.3569808,
        -0.34530306,
        -0.29737616,
        -0.25391817,
        -0.24359655,
        -0.21138811,
        -0.17633915,
        -0.13127708,
        -0.04993868,
        0.07687807
    ],