{
    "class": "yneg",
    "duration_ms": 700,
    "x": [
        0.006004691,
        0.026658539,
        0.055750106,
        0.10305977,
        0.15468895,
        0.21560213,
        0.28131205,
        0.34966403,
        0.41871476,
        0.48416474,
        0.54403013,
        0.5864708,
        0.62112516,
        0.6360141,
        0.6333842,
        0.6015279,
        0.54762876,
        0.46441457,
        0.36095288,
        0.23436917,
        0.08874563,
        -0.089033775,
        -0.28337175,
        -0.49016502,
        -0.6954989,
        -0.89712584,
        -1.0926418,
        -1.2700053,
        -1.4244097,
        -1.5293564,
        -1.5654843,
        -1.5274405,
        -1.4239304,
        -1.2730187,
        -1.0999573,
        -0.9088648,
        -0.71105576,
        -0.5133859,
        -0.31107408,
        -0.09726725,
        0.12743212,
        0.3461398,
        0.5635327,
        0.77484787,
        0.9631138,
        1.1283201,
        1.2609315,
        1.356316,
        1.4149338,
        1.4297234,
        1.4104679,
        1.3740323,
        1.3133829,
        1.2475877,
        1.1767962,
        1.1032077,
        1.0265907,
        0.9535152,
        0.87389565,
        0.7895627,
        0.699939,
        0.6211083,
        0.5598787,
        0.5182956,
        0.4986366,
        0.4911876,
        0.4937467,
        0.4901122,
        0.46881822,
        0.43759483,
        0.39444396,
        0.34212643,
        0.27853635,
        0.20622808,
        0.11565593,
        0.018613413,
        -0.0875767,
        -0.20069239,
        -0.30650106,
        -0.40753752,
        -0.5066293,
        -0.59913915,
        -0.68257284,
        -0.74005264,
        -0.75673646,
        -0.7417178,
        -0.69699043,
        -0.6343968,
        -0.56121755,
        -0.48257822,
        -0.40106654,
        -0.32612297,
        -0.26221073,
        -0.20697822,
        -0.1679073,
        -0.13822527,
        -0.12317817,
        -0.11344139,
        -0.092296556,
        -0.061989024,
        -0.024730746,
        0.022355735,
        0.07501359,
        0.12644567,
        0.17687193,
        0.20979907,
        0.23032829,
        0.23383838,
        0.22249994,
        0.20289971,
        0.17482565,
        0.13571306,
        0.09484112,
        0.060889184,
        0.037675813,
        0.021671265,
        0.0071344376,
        -0.013684183,
        -0.047733665,
        -0.089503825,
        -0.14671737,
        -0.25531098,
        -0.34545454,
        -0.41232255,
        -0.45940095,
        -0.49129027,
        -0.50218654,
        -0.50169647,
        -0.5772698,
        -0.67494404,
        -0.74487025,
        -0.7633904,
        -0.7166169,
        -0.6202243,
        -0.48640603,
        -0.335328,
        -0.17543541,
        -0.034193784,
        0.08076298,
        0.17438327,
        0.25411308,
        0.31008345,
        0.35338283,
        0.3780125,
        0.38488185,
        0.3728022,
        0.35281104,
        0.32686895
    ],
    "y": [
        0.77431536,
        0.7797699,
        0.768569,
        0.731308,
        0.6800504,
        0.6125393,
        0.5218072,
        0.4128437,
        0.28567648,
        0.13079023,
        -0.044535637,
        -0.2591524,
        -0.51282597,
        -0.8100295,
        -1.1480722,
        -1.5217905,
        -1.9142399,
        -2.3203661,
        -2.7185133,
        -3.103803,
        -3.4642286,
        -3.8054314,
        -4.0977693,
        -4.341097,
        -4.532901,
        -4.665787,
        -4.7300463,
        -4.725511,
        -4.6447563,
        -4.5018525,
        -4.2987885,
        -4.044917,
        -3.7355254,
        -3.3445184,
        -2.8581216,
        -2.286261,
        -1.6389422,
        -0.93100667,
        -0.1986537,
        0.5338435,
        1.2424736,
        1.905446,
        2.510673,
        3.0697198,
        3.5798678,
        4.0406904,
        4.4615326,
        4.847086,
        5.19724,
        5.512019,
        5.796032,
        6.032384,
        6.213717,
        6.3396463,
        6.3975725,
        6.3795595,
        6.2872453,
        6.1294827,
        5.9129605,
        5.6351814,
        5.308286,
        4.9399543,
        4.5402985,
        4.1099896,
        3.659461,
        3.2015014,
        2.7420607,
        2.2990322,
        1.8853941,
        1.4972668,
        1.14499,
        0.82428455,
        0.5331917,
        0.26700783,
        0.028085709,
        -0.19103718,
        -0.39069033,
        -0.5832577,
        -0.7620015,
        -0.9296098,
        -1.0791757,
        -1.2180977,
        -1.3395174,
        -1.4411933,
        -1.5351329,
        -1.6190317,
        -1.6928587,
        -1.7566566,
        -1.8057137,
        -1.8328557,
        -1.8405552,
        -1.831181,
        -1.8022444,
        -1.7629666,
        -1.7106278,
        -1.6450236,
        -1.575491,
        -1.4971066,
        -1.4195683,
        -1.3526373,
        -1.294128,
        -1.2419062,
        -1.1960096,
        -1.1516919,
        -1.1088991,
        -1.067503,
        -1.029789,
        -0.98845387,
        -0.94349766,
        -0.89247847,
        -0.83324766,
        -0.7731538,
        -0.7077255,
        -0.6324992,
        -0.5525317,
        -0.47287655,
        -0.39831066,
        -0.33827305,
        -0.2924595,
        -0.2579627,
        -0.25072432,
        -0.32702827,
        -0.36266375,
        -0.3339367,
        -0.22658587,
        -0.05996895,
        0.12733507,
        0.2633214,
        0.1953001,
        0.12944126,
        0.123028755,
        0.19184399,
        0.3437209,
        0.5149374,
        0.64960575,
        0.7190299,
        0.71653366,
        0.6739116,
        0.6224971,
        0.58586025,
        0.5705862,
        0.5691099,
        0.5692568,
        0.55933094,
        0.54211235,
        0.52053404,
        0.49025106,
        0.46096468
    ],