{
    "class": "yneg",
    "duration_ms": 700,
    "x": [
        0.14736739,
        0.15652674,
        0.1567178,
        0.18121707,
        0.16792354,
        0.13835064,
        0.14714634,
        0.14654607,
        0.14849764,
        0.13168812,
        0.14366525,
        0.13905436,
        0.14405644,
        0.12790897,
        0.083538204,
        0.09430155,
        0.026761115,
        -0.03316486,
        -0.06680077,
        -0.08157754,
        -0.0965668,
        -0.10466844,
        -0.06072676,
        -0.0031089783,
        0.053892255,
        0.1555182,
        0.268143,
        0.34662616,
        0.4391529,
        0.50792253,
        0.6009393,
        0.64210457,
        0.64341575,
        0.56603575,
        0.50283134,
        0.3932624,
        0.27265346,
        0.13579968,
        -0.0652073,
        -0.2613092,
        -0.47217834,
        -0.65499854,
        -0.87679803,
        -1.1063812,
        -1.3482032,
        -1.6422532,
        -1.9419743,
        -2.2106493,
        -2.3353221,
        -2.3632774,
        -2.346376,
        -2.2387352,
        -2.0262666,
        -1.7002194,
        -1.2610074,
        -0.7781365,
        -0.3064615,
        0.08698329,
        0.432842,
        0.79726225,
        1.1842471,
        1.5312918,
        1.7735143,
        1.999309,
        2.1656988,
        2.244287,
        2.238101,
        2.1144826,
        1.8886788,
        1.6163911,
        1.3864193,
        1.1561183,
        0.99988765,
        0.91299456,
        0.8569407,
        0.8168165,
        0.7800144,
        0.8825705,
        1.1078079,
        1.3602228,
        1.5992904,
        1.7940892,
        1.8921113,
        1.8910633,
        1.8321455,
        1.7586498,
        1.6013103,
        1.3695112,
        1.1226349,
        0.80984855,
        0.49981406,
        0.19203408,
        -0.12094419,
        -0.372301,
        -0.61722946,
        -0.8152135,
        -0.9253485,
        -0.9376709,
        -0.9115437,
        -0.7890954,
        -0.69174975,
        -0.62840647,
        -0.4836808,
        -0.3027052,
        -0.14508271,
        -0.0016205087,
        0.08401217,
        0.11587993,
        0.12886746,
        0.15799601,
        0.13574463,
        0.09544706,
        0.034524947,
        -0.056465805,
        -0.11038059,
        -0.17975226,
        -0.24783263,
        -0.32898942,
        -0.40436444,
        -0.5266218,
        -0.6694248,
        -0.784894,
        -0.91132355,
        -1.0797987,
        -1.175685,
        -1.2374471,
        -1.2579166,
        -1.2465433,
        -1.21755,
        -1.1587033,
        -1.1132209,
        -1.0213323,
        -0.87549484,
        -0.7376355,
        -0.6167964,
        -0.4693513,
        -0.33527857,
        -0.24533924,
        -0.18738687,
        -0.13538104,
        -0.108665735,
        -0.08369729,
        -0.058550775,
        -0.06484166,
        -0.076960236,
        -0.10259941,
        -0.13249171,
        -0.11876312,
        -0.097308815
    ],
    "y": [
        0.0110759735,
        0.07896614,
        0.13017797,
        0.16476583,
        0.17799664,
        0.16986895,
        0.14500666,
        0.14855385,
        0.13493586,
        0.15650463,
        0.12987518,
        0.07689285,
        0.0358696,
        0.013959408,
        -0.007918358,
        -0.07247639,
        -0.09861183,
        -0.10569906,
        -0.13417101,
        -0.19799376,
        -0.31798387,
        -0.43424797,
        -0.55853534,
        -0.71449876,
        -0.9043565,
        -1.1066346,
        -1.3639569,
        -1.6498945,
        -1.9951565,
        -2.340014,
        -2.7366834,
        -3.1395335,
        -3.5602107,
        -3.9911177,
        -4.4115405,
        -4.854701,
        -5.231784,
        -5.6047096,
        -5.9085274,
        -6.11928,
        -6.23454,
        -6.249864,
        -6.1515303,
        -5.906968,
        -5.447982,
        -4.785308,
        -3.9771612,
        -3.0384128,
        -2.0482504,
        -1.0734735,
        -0.053717613,
        0.8995764,
        1.8328414,
        2.6349175,
        3.2879653,
        3.8769228,
        4.4838605,
        5.1426363,
        5.8507977,
        6.5912094,
        7.3107104,
        7.9629974,
        8.551893,
        8.982956,
        9.202465,
        9.326571,
        9.311253,
        9.222734,
        9.1371,
        9.060921,
        8.878842,
        8.606905,
        8.1939945,
        7.593789,
        6.9156466,
        6.1375294,
        5.3405075,
        4.4937468,
        3.5862644,
        2.6816537,
        1.8082211,
        1.0064201,
        0.35010624,
        -0.19213915,
        -0.621011,
        -1.0068007,
        -1.362426,
        -1.6485355,
        -1.8739429,
        -2.0285637,
        -2.1960127,
        -2.3524559,
        -2.5438077,
        -2.7134314,
        -2.8576903,
        -2.9944665,
        -3.110632,
        -3.238531,
        -3.3458276,
        -3.4861536,
        -3.581436,
        -3.6371543,
        -3.6371887,
        -3.6321054,
        -3.5405877,
        -3.4221349,
        -3.2355368,
        -3.0447369,
        -2.7987485,
        -2.5185072,
        -2.2607882,
        -2.0132859,
        -1.7973158,
        -1.6344047,
        -1.4746051,
        -1.3876731,
        -1.3308716,
        -1.2687423,
        -1.2182512,
        -1.1222191,
        -1.0502977,
        -0.87598276,
        -0.7335129,
        -0.61577654,
        -0.4964671,
        -0.42828846,
        -0.37298393,
        -0.2971747,
        -0.2511034,
        -0.23207307,
        -0.21353436,
        -0.18321371,
        -0.10748434,
        -0.0220747,
        0.015842915,
        0.08535433,
        0.14345169,
        0.21885586,
        0.24702215,
        0.2782812,
        0.31265783,
        0.34299994,
        0.35972214,
        0.35798073,
        0.354434,
        0.34874964,
        0.4025464,
        0.4339056,
        0.45922422
    ],