{
    "class": "yneg",
    "duration_ms": 700,
    "x": [
        0.96915007,
        0.9592719,
        0.94332814,
        0.8886066,
        0.7985031,
        0.62195134,
        0.51877034,
        0.48640424,
        0.37891668,
        0.23420864,
        0.14202881,
        0.00969553,
        -0.20324358,
        -0.43535495,
        -0.692698,
        -0.86265767,
        -0.99082613,
        -1.0890509,
        -1.1520078,
        -1.0685675,
        -0.82745534,
        -0.6107625,
        -0.50936836,
        -0.48690835,
        -0.3919388,
        -0.28270105,
        -0.27927226,
        -0.3392565,
        -0.40854,
        -0.36426917,
        -0.24193141,
        -0.10102998,
        0.059022874,
        0.14090067,
        0.2679029,
        0.56439793,
        1.0185376,
        1.4876482,
        1.9944959,
        2.4310308,
        2.8024437,
        3.1530533,
        3.4271271,
        3.5756125,
        3.63533,
        3.5685177,
        3.3947656,
        3.076323,
        2.6782053,
        2.2714899,
        1.9292041,
        1.5331439,
        1.1018173,
        0.6725743,
        0.3427607,
        0.13059664,
        0.090438426,
        0.15998045,
        0.3350969,
        0.5451171,
        0.7887295,
        1.0191098,
        1.2273905,
        1.3038222,
        1.2937356,
        1.1776856,
        1.0367035,
        0.8629973,
        0.68716615,
        0.53789586,
        0.3844341,
        0.24175516,
        0.07189411,
        -0.07926178,
        -0.25463706,
        -0.41380227,
        -0.5717361,
        -0.69834316,
        -0.8066263,
        -0.78979826,
        -0.7658224,
        -0.70649433,
        -0.6835422,
        -0.6919535,
        -0.7936736,
        -0.87357336,
        -0.97905767,
        -1.0157776,
        -1.1333578,
        -1.2183013,
        -1.2992748,
        -1.3240784,
        -1.3292757,
        -1.3228393,
        -1.2649646,
        -1.2234812,
        -1.1919315,
        -1.1349359,
        -1.0170491,
        -0.88617027,
        -0.7395877,
        -0.62452006,
        -0.48745042,
        -0.36339128,
        -0.28236657,
        -0.22683418,
        -0.20596695,
        -0.21714765,
        -0.2939939,
        -0.39142054,
        -0.48368388,
        -0.5807761,
        -0.6947727,
        -0.7759279,
        -0.7959699,
        -0.81260264,
        -0.77341837,
        -0.7479696,
        -0.6718961,
        -0.61450183,
        -0.5157734,
        -0.43047976,
        -0.37262964,
        -0.26753056,
        -0.21018416,
        -0.18081498,
        -0.10947353,
        -0.10560256,
        -0.10435432,
        -0.17514557,
        -0.20593196,
        -0.23317939,
        -0.23578519,
        -0.23576656,
        -0.23126596,
        -0.22512978,
        -0.19864807,
        -0.15940827,
        -0.0956361,
        0.004707366,
        0.09662795,
        0.19267893,
        0.29352197,
        0.3638392,
        0.40662986,
        0.43919283,
        0.4142705,
        0.37268743,
        0.28068435
    ],
    "y": [
        -4.73744,
        -5.1885014,
        -5.5605135,
        -5.9035997,
        -6.177059,
        -6.385618,
        -6.4599814,
        -6.4433084,
        -6.311649,
        -6.0410337,
        -5.6983914,
        -5.2308526,
        -4.6549473,
        -4.056778,
        -3.4295824,
        -2.7955186,
        -2.1506054,
        -1.4884503,
        -0.75733376,
        -0.05140829,
        0.6647296,
        1.4123111,
        2.3681383,
        3.5463018,
        4.8777413,
        6.287022,
        7.6584864,
        8.838385,
        9.675444,
        10.1768,
        10.428787,
        10.45759,
        10.444089,
        10.4794,
        10.4503145,
        10.16633,
        9.672846,
        8.971563,
        8.15263,
        7.246355,
        6.35988,
        5.462463,
        4.5435147,
        3.6649728,
        2.891693,
        2.2698665,
        1.8007126,
        1.469173,
        1.2077932,
        0.9418993,
        0.60370874,
        0.3043561,
        0.07057953,
        -0.1574831,
        -0.33930445,
        -0.5444069,
        -0.8397994,
        -1.2183118,
        -1.538779,
        -1.812993,
        -2.0669503,
        -2.252316,
        -2.349507,
        -2.4106257,
        -2.4042132,
        -2.3494315,
        -2.2682266,
        -2.2137697,
        -2.1627302,
        -2.1633205,
        -2.2040591,
        -2.2229223,
        -2.267837,
        -2.245372,
        -2.1816778,
        -2.1363044,
        -2.0278034,
        -1.9017527,
        -1.7918656,
        -1.7412698,
        -1.6781814,
        -1.6289101,
        -1.5957527,
        -1.5045197,
        -1.3696399,
        -1.2174201,
        -1.1314831,
        -1.0636873,
        -1.0043192,
        -0.9245095,
        -0.8911114,
        -0.8417673,
        -0.79809046,
        -0.7219906,
        -0.66871643,
        -0.59554386,
        -0.5411196,
        -0.49371386,
        -0.494339,
        -0.48096418,
        -0.4801035,
        -0.5061898,
        -0.51136017,
        -0.5146251,
        -0.5085044,
        -0.52391624,
        -0.4747715,
        -0.43765974,
        -0.36013985,
        -0.28785706,
        -0.22569323,
        -0.17130804,
        -0.09592962,
        -0.047311306,
        -0.025238514,
        -0.010426998,
        0.028293133,
        0.035714626,
        0.04527664,
        0.020872593,
        0.0246706,
        -0.029336452,
        -0.054820538,
        -0.08254671,
        -0.12168169,
        -0.12174702,
        -0.08969164,
        -0.037292957,
        -0.014652729,
        0.049986362,
        0.07038736,
        0.0989337,
        0.101719856,
        0.123791695,
        0.10740042,
        0.12869453,
        0.1420083,
        0.17341852,
        0.16533184,
        0.1656065,
        0.12397146,
        0.098023415,
        0.049792767,
        0.036843777,
        0.04020357,
        0.057774544,
        0.07551193,
        0.10812521,
        0.12952948
    ],