{
    "class": "yneg",
    "duration_ms": 700,
    "x": [
        -0.09564847,
        -0.06579876,
        -0.037070215,
        0.023691714,
        0.04476297,
        0.06884152,
        0.085856736,
        0.08104092,
        0.07336551,
        0.079196334,
        0.03893292,
        0.0122385025,
        -0.017439246,
        -0.014433742,
        -0.042827606,
        -0.07603061,
        -0.10199034,
        -0.16576642,
        -0.2074846,
        -0.22501183,
        -0.25166166,
        -0.30636054,
        -0.34614176,
        -0.3522693,
        -0.36800313,
        -0.369493,
        -0.30212605,
        -0.27545226,
        -0.18923086,
        -0.14818895,
        -0.1066646,
        -0.012160778,
        0.13295472,
        0.29306763,
        0.45664766,
        0.5930295,
        0.65742314,
        0.72372437,
        0.74183446,
        0.7735745,
        0.8399097,
        0.9521251,
        1.0787069,
        1.1942968,
        1.2213181,
        1.1616857,
        0.95748913,
        0.6562186,
        0.2123549,
        -0.18013108,
        -0.5211962,
        -0.7837815,
        -1.105597,
        -1.4859666,
        -1.9076877,
        -2.274615,
        -2.5626593,
        -2.757698,
        -2.8129463,
        -2.7707486,
        -2.6713405,
        -2.454964,
        -2.1164184,
        -1.7314358,
        -1.2629229,
        -0.75206196,
        -0.3398924,
        0.09385419,
        0.5363994,
        1.0616295,
        1.5116949,
        1.9323263,
        2.3096845,
        2.5919619,
        2.794057,
        2.9063478,
        2.9997911,
        3.0732305,
        3.012464,
        2.857112,
        2.6381695,
        2.3836536,
        2.1120458,
        1.8922851,
        1.6716604,
        1.441218,
        1.1327534,
        0.8484173,
        0.55436254,
        0.3032105,
        0.073889375,
        -0.113998294,
        -0.2501799,
        -0.37690556,
        -0.48395276,
        -0.59206986,
        -0.598088,
        -0.63573813,
        -0.6760355,
        -0.7140708,
        -0.7929647,
        -0.8484607,
        -0.8740115,
        -0.88211465,
        -0.8729986,
        -0.8295939,
        -0.7755804,
        -0.7156086,
        -0.67591465,
        -0.66801417,
        -0.6723386,
        -0.65742064,
        -0.6230478,
        -0.57885003,
        -0.53207505,
        -0.4777528,
        -0.4300772,
        -0.30517888,
        -0.19143188,
        -0.07684934,
        0.06729996,
        0.17892194,
        0.23409557,
        0.28067696,
        0.25643563,
        0.2138977,
        0.15047908,
        0.06129074,
        -0.003706336,
        -0.061552048,
        -0.11232269,
        -0.1513282,
        -0.18349528,
        -0.16354632,
        -0.10345566,
        -0.051110744,
        -0.04453063,
        -0.023789406,
        -0.010496855,
        -0.011911631,
        -0.035471678,
        -0.0526191,
        -0.087490916,
        -0.09966886,
        -0.13694334,
        -0.19448066,
        -0.23125291
    ],
    "y": [
        0.01754713,
        0.061733246,
        0.082998276,
        0.06715298,
        0.09255743,
        0.09449339,
        0.11077452,
        0.14089012,
        0.19629908,
        0.20060825,
        0.21586466,
        0.2300682,
        0.29063416,
        0.34028244,
        0.42893505,
        0.51369,
        0.6208334,
        0.71958685,
        0.788816,
        0.8574357,
        0.93285656,
        1.0601745,
        1.160604,
        1.2629156,
        1.2744336,
        1.2647357,
        1.2528954,
        1.1630201,
        1.107193,
        1.0256367,
        0.9302268,
        0.8565459,
        0.7591238,
        0.61918163,
        0.4490509,
        0.28465176,
        0.12127113,
        -0.121850014,
        -0.43702412,
        -0.8712268,
        -1.4495649,
        -2.182561,
        -2.98546,
        -3.8607576,
        -4.6953917,
        -5.4265804,
        -6.018093,
        -6.522108,
        -6.8856134,
        -7.1682415,
        -7.3485312,
        -7.4770045,
        -7.37225,
        -6.9872875,
        -6.380511,
        -5.6177645,
        -4.788588,
        -3.8962915,
        -2.9798033,
        -2.1403718,
        -1.2876134,
        -0.39824915,
        0.4986024,
        1.431519,
        2.3500814,
        3.2926044,
        4.2592096,
        5.1233163,
        5.799057,
        6.349137,
        6.785847,
        7.1238832,
        7.3730197,
        7.4308085,
        7.424526,
        7.2518673,
        6.992652,
        6.611905,
        6.137009,
        5.6883783,
        5.1924353,
        4.6352143,
        4.016788,
        3.3395596,
        2.610661,
        1.9353781,
        1.3113227,
        0.7480321,
        0.25973845,
        -0.17291403,
        -0.5958028,
        -0.92558765,
        -1.2728882,
        -1.5448565,
        -1.768373,
        -1.9535494,
        -2.062712,
        -2.1730666,
        -2.2230027,
        -2.2418952,
        -2.2040365,
        -2.1624587,
        -2.0838768,
        -1.987577,
        -1.9451604,
        -1.8845901,
        -1.8390031,
        -1.7983248,
        -1.740422,
        -1.6814744,
        -1.5826788,
        -1.4818921,
        -1.4073462,
        -1.3392472,
        -1.2795496,
        -1.2016053,
        -1.1123695,
        -1.0403595,
        -0.9807544,
        -0.94317627,
        -0.9324136,
        -0.922349,
        -0.88215303,
        -0.91009045,
        -0.8701,
        -0.7984257,
        -0.78856087,
        -0.7496815,
        -0.7226181,
        -0.7288494,
        -0.69687223,
        -0.66744137,
        -0.67425203,
        -0.6791043,
        -0.6868315,
        -0.6591954,
        -0.6417308,
        -0.598567,
        -0.5585046,
        -0.49751997,
        -0.44424868,
        -0.4010086,
        -0.3581152,
        -0.33218098,
        -0.3228917,
        -0.27019882,
        -0.22165298
    ],