{
    "class": "yneg",
    "duration_ms": 700,
    "x": [
        0.07120839,
        0.060741536,
        0.034239754,
        0.01283513,
        0.020087183,
        0.04368584,
        0.06675204,
        0.079599366,
        0.08704164,
        0.10325829,
        0.101962656,
        0.068954915,
        0.05192262,
        0.01274769,
        -0.02197653,
        -0.049669072,
        -0.048679307,
        -0.07861321,
        -0.07491501,
        -0.070994794,
        -0.02662073,
        0.041097842,
        0.1342819,
        0.21002649,
        0.29950866,
        0.38154206,
        0.45154148,
        0.50004303,
        0.53461677,
        0.6100862,
        0.64087623,
        0.6986623,
        0.7381261,
        0.7141595,
        0.63182044,
        0.52798736,
        0.4405336,
        0.28993446,
        0.123796925,
        -0.14414528,
        -0.44681898,
        -0.76965237,
        -1.0741473,
        -1.5110523,
        -1.9988035,
        -2.4606283,
        -2.860463,
        -3.0717673,
        -3.1522436,
        -3.054109,
        -2.8586087,
        -2.608306,
        -2.259665,
        -1.8316151,
        -1.4508168,
        -1.1053365,
        -0.7190261,
        -0.3451373,
        0.07072826,
        0.4158609,
        0.76719284,
        1.0916137,
        1.3702627,
        1.613273,
        1.7998887,
        1.9335449,
        1.9382906,
        1.9099555,
        1.812249,
        1.670824,
        1.5257008,
        1.4434348,
        1.3708586,
        1.285667,
        1.2468438,
        1.2946099,
        1.3933356,
        1.4886826,
        1.5170568,
        1.4746809,
        1.3452916,
        1.1646701,
        0.93236184,
        0.6983261,
        0.43337888,
        0.20650718,
        -0.011294484,
        -0.20322464,
        -0.4074856,
        -0.5617142,
        -0.72559595,
        -0.83416903,
        -0.94448173,
        -1.0346249,
        -1.0873522,
        -1.133339,
        -1.1535487,
        -1.1602834,
        -1.15646,
        -1.1161903,
        -1.0134276,
        -0.8889962,
        -0.7454008,
        -0.5588039,
        -0.36740595,
        -0.13781896,
        0.06534748,
        0.26117635,
        0.40184033,
        0.542171,
        0.6081364,
        0.6715684,
        0.6993099,
        0.7130461,
        0.68656975,
        0.68463993,
        0.6547661,
        0.60886014,
        0.5395839,
        0.4155309,
        0.28878647,
        0.16853741,
        0.011527743,
        -0.08656062,
        -0.19492505,
        -0.22970109,
        -0.23836306,
        -0.23733625,
        -0.23584214,
        -0.19319248,
        -0.17391527,
        -0.13741562,
        -0.055248797,
        0.036621965,
        0.12369338,
        0.19608966,
        0.22721356,
        0.25264513,
        0.22663796,
        0.20158711,
        0.151134,
        0.10161863,
        0.041066274,
        -0.02312623,
        -0.09773967,
        -0.14429693,
        -0.21767358,
        -0.25561142
    ],
    "y": [
        0.1303544,
        0.18541431,
        0.24458742,
        0.26244926,
        0.22977209,
        0.2038331,
        0.16065645,
        0.1289525,
        0.10145569,
        0.09950161,
        0.1159606,
        0.21250772,
        0.30323744,
        0.40259314,
        0.47284555,
        0.49327326,
        0.49550772,
        0.46352863,
        0.3956709,
        0.3280921,
        0.23481941,
        0.11833763,
        -0.014211655,
        -0.16781855,
        -0.30941677,
        -0.46802092,
        -0.6462617,
        -0.8324573,
        -1.0577807,
        -1.3245826,
        -1.6731558,
        -2.0577886,
        -2.4141064,
        -2.7709885,
        -3.133283,
        -3.5475993,
        -3.991464,
        -4.433602,
        -4.8476386,
        -5.2071314,
        -5.492894,
        -5.707159,
        -5.813716,
        -5.654252,
        -5.2810106,
        -4.7270646,
        -4.0803866,
        -3.4027116,
        -2.7222478,
        -2.062586,
        -1.4091306,
        -0.85498023,
        -0.31368494,
        0.3058033,
        1.0176497,
        1.8956261,
        2.8099885,
        3.7387033,
        4.6308594,
        5.457069,
        6.178061,
        6.862405,
        7.4064884,
        7.831502,
        8.055842,
        8.127074,
        8.1235895,
        8.066057,
        7.8986626,
        7.603701,
        7.201742,
        6.6943336,
        6.0685873,
        5.390788,
        4.617708,
        3.7498991,
        2.8721423,
        2.064818,
        1.3387861,
        0.8196385,
        0.45570803,
        0.16403913,
        -0.10945082,
        -0.36875725,
        -0.6156118,
        -0.90680003,
        -1.172363,
        -1.4190538,
        -1.6131842,
        -1.7880874,
        -1.9029331,
        -1.9982672,
        -2.0835307,
        -2.177511,
        -2.2320483,
        -2.24705,
        -2.2511408,
        -2.2396724,
        -2.2080781,
        -2.1591995,
        -2.1080065,
        -2.0288284,
        -1.9606373,
        -1.9161234,
        -1.855232,
        -1.8024857,
        -1.7439928,
        -1.7014861,
        -1.6654587,
        -1.6429737,
        -1.5954237,
        -1.5128169,
        -1.4641299,
        -1.3962865,
        -1.3518467,
        -1.2992232,
        -1.2883401,
        -1.2689579,
        -1.2386215,
        -1.2068334,
        -1.1425126,
        -1.048068,
        -0.9474273,
        -0.85741615,
        -0.7804656,
        -0.6951442,
        -0.644506,
        -0.6261444,
        -0.5898819,
        -0.55258083,
        -0.52629757,
        -0.5278797,
        -0.52872515,
        -0.5170007,
        -0.50238323,
        -0.48263073,
        -0.44591522,
        -0.356462,
        -0.25266838,
        -0.1753993,
        -0.1057148,
        -0.031852245,
        0.034148216,
        0.07550669,
        0.09710741,
        0.1420865,
        0.18428278,
        0.23338842
    ],