{
    "class": "yneg",
    "duration_ms": 700,
    "x": [
        -0.5786778,
        -0.61135995,
        -0.6350229,
        -0.6660281,
        -0.67082477,
        -0.6708931,
        -0.6448682,
        -0.59509283,
        -0.54037523,
        -0.41943815,
        -0.27387485,
        -0.11782384,
        0.1256887,
        0.3565449,
        0.59664476,
        0.7792749,
        0.9162605,
        1.0241445,
        1.0857673,
        1.1388824,
        1.1685745,
        1.1800252,
        1.269428,
        1.334197,
        1.367118,
        1.334358,
        1.1895374,
        0.8855764,
        0.48769075,
        -0.022636741,
        -0.5460129,
        -1.0781406,
        -1.5689559,
        -1.9270024,
        -2.1223722,
        -2.1916473,
        -2.1812465,
        -2.0757754,
        -1.8525165,
        -1.610743,
        -1.3517051,
        -1.124796,
        -0.9275076,
        -0.77925885,
        -0.71176,
        -0.6615751,
        -0.6059684,
        -0.4647132,
        -0.14783505,
        0.27732837,
        0.69087446,
        1.056771,
        1.374724,
        1.6829475,
        2.0394163,
        2.3159668,
        2.483221,
        2.587896,
        2.6452441,
        2.6005535,
        2.6094015,
        2.6428697,
        2.6887684,
        2.6726093,
        2.6445396,
        2.520851,
        2.3133585,
        2.0792308,
        1.7823093,
        1.4460807,
        1.0795407,
        0.72261494,
        0.403373,
        0.0971127,
        -0.13199446,
        -0.33179188,
        -0.5260377,
        -0.666643,
        -0.7799312,
        -0.8559739,
        -0.93998444,
        -1.0269574,
        -1.1264503,
        -1.181154,
        -1.2440281,
        -1.2601923,
        -1.2106736,
        -1.1096492,
        -1.038551,
        -0.97821987,
        -0.8541962,
        -0.7596564,
        -0.67992043,
        -0.5403123,
        -0.41215736,
        -0.25200057,
        -0.10005633,
        0.13023475,
        0.3482105,
        0.518307,
        0.6743337,
        0.7757104,
        0.84616333,
        0.83052635,
        0.78578645,
        0.71388996,
        0.6239045,
        0.5252414,
        0.377022,
        0.21962716,
        0.06944923,
        -0.05218564,
        -0.14536195,
        -0.25790364,
        -0.31782433,
        -0.3774843,
        -0.44150692,
        -0.4836226,
        -0.5231633,
        -0.5818347,
        -0.6189867,
        -0.63213706,
        -0.63825285,
        -0.68772554,
        -0.7186713,
        -0.77716064,
        -0.7798711,
        -0.7342659,
        -0.7122439,
        -0.6301442,
        -0.5237005,
        -0.36141413,
        -0.23598802,
        -0.106237054,
        -0.026529253,
        0.053760737,
        0.07044649,
        0.107203245,
        0.13252425,
        0.11701381,
        0.09351969,
        0.035249293,
        -0.02958095,
        -0.120391905,
        -0.18235004,
        -0.21796626,
        -0.20066965,
        -0.20896566
    ],
    "y": [
        1.3800731,
        1.6113143,
        1.82757,
        1.9975901,
        2.1164966,
        2.2318077,
        2.2695231,
        2.2986894,
        2.2881575,
        2.1965008,
        2.069333,
        1.944704,
        1.7436876,
        1.519198,
        1.2453818,
        0.984684,
        0.6631589,
        0.34779596,
        -0.100188255,
        -0.66169167,
        -1.3557186,
        -2.1963027,
        -3.2066417,
        -4.357402,
        -5.5166335,
        -6.6456075,
        -7.619487,
        -8.371064,
        -8.830844,
        -9.008385,
        -8.963791,
        -8.714308,
        -8.248859,
        -7.697559,
        -7.1185718,
        -6.454879,
        -5.809334,
        -5.238944,
        -4.6521053,
        -4.0216217,
        -3.2844257,
        -2.3943949,
        -1.3749342,
        -0.19713879,
        1.1294422,
        2.5206223,
        3.8106818,
        4.851025,
        5.6246815,
        6.2510433,
        6.770508,
        7.2329583,
        7.642679,
        7.910664,
        8.079494,
        8.194183,
        8.175287,
        8.086971,
        7.897753,
        7.6238527,
        7.22409,
        6.7359924,
        6.1110125,
        5.41781,
        4.7036276,
        4.0327334,
        3.3024397,
        2.5208292,
        1.7730036,
        1.0389762,
        0.38497782,
        -0.20899487,
        -0.69851017,
        -1.1157322,
        -1.4951718,
        -1.8024175,
        -2.0464725,
        -2.1720667,
        -2.2915726,
        -2.3907564,
        -2.472257,
        -2.5271153,
        -2.6182826,
        -2.6938522,
        -2.7450979,
        -2.7991655,
        -2.8305647,
        -2.7993858,
        -2.744727,
        -2.6409528,
        -2.5247028,
        -2.336906,
        -2.1521208,
        -1.9324067,
        -1.754518,
        -1.6445756,
        -1.5304551,
        -1.4739523,
        -1.4051249,
        -1.3258548,
        -1.2475371,
        -1.1957765,
        -1.1506209,
        -1.109005,
        -1.0321736,
        -0.9770427,
        -0.92179585,
        -0.88529253,
        -0.8172245,
        -0.7634096,
        -0.6978502,
        -0.63989305,
        -0.5993185,
        -0.54524803,
        -0.49007463,
        -0.40061665,
        -0.33465338,
        -0.23725748,
        -0.17567015,
        -0.092660904,
        -0.038496017,
        0.0011301041,
        -0.009491444,
        -0.008009911,
        -0.00633049,
        0.043308735,
        0.069199085,
        0.1215291,
        0.14282656,
        0.16667843,
        0.1907959,
        0.21050596,
        0.23788977,
        0.28244495,
        0.32974386,
        0.3652463,
        0.34558916,
        0.30135632,
        0.23698664,
        0.17372751,
        0.07570362,
        0.01254034,
        0.013237476,
        0.08546162,
        0.1505599,
        0.21126127,
        0.25819206,
        0.26292562
    ],