{
    "class": "yneg",
    "duration_ms": 700,
    "x": [
        -0.06542358,
        -0.042874966,
        0.00047573447,
        -0.025450386,
        -0.017744292,
        -0.019147236,
        -0.008049954,
        -0.060245298,
        -0.09659968,
        -0.14821357,
        -0.19861841,
        -0.2339172,
        -0.26402062,
        -0.28186762,
        -0.26392558,
        -0.19160232,
        -0.07003399,
        0.12684183,
        0.35847974,
        0.52532005,
        0.67791814,
        0.8139024,
        0.8951352,
        0.94085175,
        0.9652866,
        1.0348991,
        1.0708268,
        1.1373631,
        1.1781765,
        1.2687335,
        1.3659092,
        1.4388762,
        1.4422494,
        1.3761753,
        1.2117817,
        0.9627882,
        0.6931318,
        0.37090468,
        -0.042635232,
        -0.47603917,
        -0.9171753,
        -1.3077353,
        -1.7036417,
        -2.065532,
        -2.3403697,
        -2.60961,
        -2.876213,
        -3.1129346,
        -3.1856005,
        -3.0702577,
        -2.6656115,
        -2.048403,
        -1.2726239,
        -0.43487597,
        0.3847212,
        1.1849298,
        1.8311434,
        2.3850427,
        2.8101234,
        3.0532863,
        3.149703,
        3.1651802,
        3.0117164,
        2.739721,
        2.3651617,
        1.9871435,
        1.711487,
        1.6134112,
        1.6059488,
        1.6026056,
        1.6677624,
        1.6888345,
        1.6966838,
        1.5714239,
        1.391904,
        1.107595,
        0.82833594,
        0.58240306,
        0.38159984,
        0.2308138,
        0.12770922,
        0.012582809,
        -0.14292108,
        -0.31205916,
        -0.4898776,
        -0.6856504,
        -0.91621256,
        -1.1434894,
        -1.3364545,
        -1.4998946,
        -1.6483736,
        -1.7487153,
        -1.8301203,
        -1.86442,
        -1.8236674,
        -1.7466955,
        -1.5763688,
        -1.3821175,
        -1.168796,
        -0.9171358,
        -0.64359254,
        -0.43177027,
        -0.2837615,
        -0.18493241,
        -0.10857588,
        -0.10427794,
        -0.1332748,
        -0.15211377,
        -0.20644549,
        -0.27042457,
        -0.34682205,
        -0.39032406,
        -0.44422954,
        -0.4705957,
        -0.50068593,
        -0.5058421,
        -0.48602614,
        -0.44820392,
        -0.3775291,
        -0.3166984,
        -0.27264392,
        -0.1782693,
        -0.11251977,
        -0.029946446,
        0.0023400187,
        0.044124097,
        0.07621926,
        0.06523095,
        0.06839511,
        0.042341262,
        0.041938663,
        0.024175376,
        0.029727459,
        0.072659135,
        0.10043146,
        0.115581475,
        0.1399292,
        0.17886911,
        0.17072806,
        0.09897748,
        0.011323169,
        -0.08297172,
        -0.14337929,
        -0.25371373,
        -0.3039754,
        -0.36352766,
        -0.33925408,
        -0.2718919,
        -0.19727764
    ],
    "y": [
        0.31407928,
        0.32253742,
        0.32613134,
        0.32717514,
        0.325665,
        0.30267859,
        0.28223658,
        0.314301,
        0.33448267,
        0.38814354,
        0.45600843,
        0.51416683,
        0.5649462,
        0.5726447,
        0.5588374,
        0.49038982,
        0.36058617,
        0.14872837,
        -0.03998375,
        -0.29823017,
        -0.5565009,
        -0.7982273,
        -1.0806541,
        -1.3513393,
        -1.6817594,
        -2.1120353,
        -2.6439667,
        -3.203288,
        -3.8169973,
        -4.4262633,
        -5.1360407,
        -5.833218,
        -6.5100126,
        -7.0988245,
        -7.5562563,
        -7.89158,
        -8.05197,
        -8.044405,
        -7.8093057,
        -7.287508,
        -6.601929,
        -5.712725,
        -4.649576,
        -3.4517791,
        -2.1181068,
        -0.6399782,
        1.020051,
        2.727481,
        4.446553,
        5.9079027,
        6.862176,
        7.380777,
        7.5873156,
        7.7150216,
        7.7479677,
        7.813526,
        7.84006,
        7.8224826,
        7.702623,
        7.5249496,
        7.288373,
        7.02291,
        6.746844,
        6.4233546,
        6.0705857,
        5.701879,
        5.1870427,
        4.566045,
        3.8786926,
        3.1933174,
        2.4876533,
        1.8282933,
        1.2273107,
        0.6903243,
        0.19715977,
        -0.15720606,
        -0.47627783,
        -0.76780844,
        -1.0468783,
        -1.3311543,
        -1.6264117,
        -1.8957107,
        -2.0976522,
        -2.217402,
        -2.2284667,
        -2.1813095,
        -2.0977821,
        -2.0046186,
        -1.904784,
        -1.841887,
        -1.790036,
        -1.7161746,
        -1.6496317,
        -1.5480409,
        -1.4910345,
        -1.3904371,
        -1.3614202,
        -1.3441963,
        -1.3195431,
        -1.3208821,
        -1.3385007,
        -1.2911174,
        -1.2433302,
        -1.1904674,
        -1.1326993,
        -1.0822563,
        -1.0058317,
        -0.9680462,
        -0.9568572,
        -0.9434018,
        -0.8914285,
        -0.8150706,
        -0.71158314,
        -0.60933113,
        -0.48893833,
        -0.35735512,
        -0.25765467,
        -0.18740034,
        -0.125247,
        -0.13367224,
        -0.11969948,
        -0.15077591,
        -0.16967916,
        -0.19109821,
        -0.20317602,
        -0.22283411,
        -0.15693665,
        -0.14681387,
        -0.09209299,
        -0.06212139,
        -0.023243904,
        0.012957096,
        0.05149269,
        0.097370625,
        0.088719845,
        0.12608814,
        0.13285351,
        0.13276768,
        0.09688902,
        0.06804991,
        0.04374075,
        0.038294315,
        0.10667753,
        0.15314436,
        0.21594906,
        0.25688648,
        0.29284286,
        0.31680727,
        0.36244965
    ],