{
    "class": "yneg",
    "duration_ms": 700,
    "x": [
        0.17104056,
        0.1738481,
        0.17966217,
        0.19091393,
        0.1697108,
        0.13986507,
        0.10842855,
        0.08000234,
        0.013951212,
        -0.027915202,
        -0.09569828,
        -0.10604047,
        -0.15903836,
        -0.24216276,
        -0.33113235,
        -0.4091937,
        -0.5288432,
        -0.6257464,
        -0.7098745,
        -0.8287177,
        -0.9037297,
        -0.98280615,
        -1.0421546,
        -1.1247201,
        -1.209062,
        -1.2786183,
        -1.3812802,
        -1.462754,
        -1.5447872,
        -1.5517585,
        -1.4772451,
        -1.3312334,
        -1.152039,
        -0.9251782,
        -0.7050249,
        -0.47693837,
        -0.20990986,
        0.07227187,
        0.37263402,
        0.65052265,
        0.9372462,
        1.1710266,
        1.3709453,
        1.5320292,
        1.6418638,
        1.6858559,
        1.7045587,
        1.6762887,
        1.6060072,
        1.4771892,
        1.3712809,
        1.2332356,
        1.1105481,
        1.0102538,
        0.9108342,
        0.84588534,
        0.8562856,
        0.8970874,
        1.0142056,
        1.1221426,
        1.2763193,
        1.4412525,
        1.5324512,
        1.4171333,
        1.1958516,
        1.0372813,
        0.8544514,
        0.59732175,
        0.2962865,
        -0.028827667,
        -0.38330632,
        -0.73345256,
        -1.0955417,
        -1.4356883,
        -1.7251918,
        -1.9696789,
        -2.1212084,
        -2.15448,
        -2.1693358,
        -2.2030907,
        -2.2573655,
        -2.3004372,
        -2.3223805,
        -2.2006207,
        -1.8908992,
        -1.2901871,
        -0.43051347,
        0.513525,
        1.6211929,
        2.7207506,
        3.7652595,
        4.6355467,
        5.4034653,
        5.970023,
        6.319294,
        6.3964267,
        6.167667,
        5.699225,
        5.01322,
        4.365482,
        3.60313,
        2.9016223,
        2.2426434,
        1.5886323,
        1.038758,
        0.55866015,
        0.12626427,
        -0.21791756,
        -0.49985266,
        -0.7624873,
        -1.0225203,
        -1.2822907,
        -1.4988358,
        -1.6338259,
        -1.7325455,
        -1.8307035,
        -1.9212278,
        -1.9684094,
        -2.0299978,
        -2.0704885,
        -2.0899665,
        -2.0550005,
        -1.9344031,
        -1.7473435,
        -1.5415684,
        -1.3045712,
        -1.0623288,
        -0.85540783,
        -0.7341224,
        -0.5979972,
        -0.45645964,
        -0.33790696,
        -0.21813571,
        -0.06331301,
        0.09107876,
        0.18337083,
        0.24253404,
        0.23057318,
        0.21188092,
        0.13364112,
        0.03398907,
        -0.05136454,
        -0.08901489,
        -0.09337342,
        -0.06448102,
        -0.05475104,
        -0.01624906,
        -0.027928114,
        -0.023075938
    ],
    "y": [
        0.103628635,
        0.11088991,
        0.13255835,
        0.12825155,
        0.15029144,
        0.1533494,
        0.15397596,
        0.17828226,
        0.18331051,
        0.19281435,
        0.17579508,
        0.1800313,
        0.17688322,
        0.18550062,
        0.20823336,
        0.25940752,
        0.26056623,
        0.25256157,
        0.19516468,
        0.114880085,
        0.0048799515,
        -0.09887409,
        -0.19885445,
        -0.25003433,
        -0.2577443,
        -0.15602112,
        -0.019605637,
        0.1605277,
        0.34097385,
        0.580822,
        0.7795572,
        0.98017645,
        1.2038069,
        1.4124012,
        1.589622,
        1.7715263,
        1.9535637,
        2.088334,
        2.1799536,
        2.199119,
        2.1866217,
        2.106462,
        1.9826384,
        1.8748116,
        1.7375107,
        1.5732493,
        1.3701882,
        1.221838,
        1.0493822,
        0.9054842,
        0.80692816,
        0.67478085,
        0.49260283,
        0.24397087,
        -0.025476456,
        -0.3106861,
        -0.65916395,
        -1.1161385,
        -1.661941,
        -2.3439882,
        -3.1546338,
        -4.098204,
        -5.087996,
        -6.0752764,
        -6.9352083,
        -7.7060556,
        -8.276013,
        -8.720488,
        -9.024374,
        -9.137078,
        -9.020253,
        -8.656922,
        -7.9893856,
        -7.16543,
        -6.231755,
        -5.2988296,
        -4.3851933,
        -3.5345957,
        -2.6876428,
        -1.7275887,
        -0.59074783,
        0.7886996,
        2.35456,
        4.0265794,
        5.5666814,
        6.746352,
        7.4877768,
        7.920817,
        8.196459,
        8.367157,
        8.420558,
        8.413534,
        8.276259,
        8.049074,
        7.6954875,
        7.2243385,
        6.7353635,
        6.2108216,
        5.680933,
        5.004188,
        4.2066226,
        3.3189778,
        2.5349092,
        1.8493247,
        1.1734877,
        0.47611427,
        -0.13285828,
        -0.72241974,
        -1.2847276,
        -1.773658,
        -2.1837418,
        -2.5192578,
        -2.7941453,
        -2.957748,
        -3.1483414,
        -3.2602284,
        -3.300475,
        -3.2788053,
        -3.205013,
        -3.0221243,
        -2.8431895,
        -2.6663451,
        -2.5230958,
        -2.3876634,
        -2.291272,
        -2.241314,
        -2.1538668,
        -2.052979,
        -1.8907826,
        -1.7200675,
        -1.5815787,
        -1.4202452,
        -1.3173356,
        -1.2200017,
        -1.1828318,
        -1.1170521,
        -1.0559015,
        -0.9680562,
        -0.8820796,
        -0.7499509,
        -0.6312618,
        -0.53076935,
        -0.42916298,
        -0.3527193,
        -0.31810808,
        -0.31113386,
        -0.31762218,
        -0.31881714,
        -0.29357195
    ],