{
    "class": "yneg",
    "duration_ms": 700,
    "x": [
        0.6329871,
        0.63427997,
        0.6404266,
        0.6521032,
        0.67721695,
        0.7168422,
        0.7648337,
        0.8222811,
        0.8921132,
        0.9554988,
        1.0100226,
        1.0503023,
        1.0562302,
        1.0409237,
        1.0078382,
        0.96717966,
        0.9201938,
        0.8659742,
        0.7973162,
        0.7029413,
        0.5932874,
        0.46912372,
        0.33605468,
        0.1854783,
        0.015857577,
        -0.16488767,
        -0.35127842,
        -0.5429498,
        -0.7276263,
        -0.89354384,
        -1.0337502,
        -1.1417307,
        -1.1801126,
        -1.1426806,
        -1.0158789,
        -0.80260754,
        -0.5318396,
        -0.23985597,
        0.053857937,
        0.33219743,
        0.5715455,
        0.7676715,
        0.9217938,
        1.0424038,
        1.1310616,
        1.1818749,
        1.1836928,
        1.1345797,
        1.0323204,
        0.8937516,
        0.737796,
        0.5879526,
        0.4602969,
        0.37836838,
        0.34934267,
        0.3732497,
        0.4422992,
        0.5458219,
        0.6682018,
        0.80381477,
        0.9380378,
        1.0610863,
        1.1708717,
        1.2648342,
        1.3353832,
        1.3775487,
        1.3744891,
        1.3385663,
        1.2871321,
        1.2186328,
        1.1389223,
        1.0467825,
        0.95030797,
        0.85509306,
        0.75939935,
        0.66124475,
        0.5583074,
        0.447996,
        0.34141403,
        0.23042457,
        0.11655025,
        0.001284413,
        -0.11146818,
        -0.21757999,
        -0.308009,
        -0.38324445,
        -0.43386972,
        -0.45278588,
        -0.4350426,
        -0.37809607,
        -0.2843493,
        -0.16360295,
        -0.025649011,
        0.10998741,
        0.23833174,
        0.34523597,
        0.42879772,
        0.48259568,
        0.49773103,
        0.47968352,
        0.42897132,
        0.34827486,
        0.24000375,
        0.10413274,
        -0.042790323,
        -0.19875056,
        -0.35458,
        -0.50793546,
        -0.64456505,
        -0.7572573,
        -0.85070944,
        -0.9199891,
        -0.9697317,
        -1.0024927,
        -1.0329738,
        -1.0519601,
        -1.062079,
        -1.073031,
        -1.0800781,
        -1.0858469,
        -1.0929568,
        -1.0967817,
        -1.0974087,
        -1.1041689,
        -1.0904015,
        -1.0533637,
        -0.9968984,
        -0.9229074,
        -0.8406661,
        -0.7456355,
        -0.6524586,
        -0.5688554,
        -0.49770468,
        -0.44895643,
        -0.42511594,
        -0.42136437,
        -0.44266653,
        -0.47508168,
        -0.516362,
        -0.55456364,
        -0.57761824,
        -0.5924474,
        -0.5940883,
        -0.57491994,
        -0.5465462,
        -0.5109147,
        -0.4748985,
        -0.43598136,
        -0.4034285
    ],
    "y": [
        0.3317318,
        0.2680478,
        0.19797373,
        0.11438036,
        0.017086983,
        -0.10580635,
        -0.26355505,
        -0.46771526,
        -0.7035365,
        -0.9752779,
        -1.2776415,
        -1.5959268,
        -1.9227371,
        -2.2508729,
        -2.57798,
        -2.892416,
        -3.218162,
        -3.5305524,
        -3.827436,
        -4.099482,
        -4.3349104,
        -4.5290985,
        -4.6725492,
        -4.7509036,
        -4.7568865,
        -4.6759205,
        -4.5077934,
        -4.240517,
        -3.8791215,
        -3.4239802,
        -2.8830285,
        -2.2734694,
        -1.6219361,
        -0.95260453,
        -0.2939782,
        0.33987808,
        0.95892715,
        1.5730629,
        2.1991062,
        2.8488092,
        3.519504,
        4.206154,
        4.8894553,
        5.5310254,
        6.10213,
        6.583583,
        6.9750924,
        7.2835073,
        7.527475,
        7.711218,
        7.8365374,
        7.8957787,
        7.883582,
        7.792156,
        7.6281786,
        7.3888884,
        7.088538,
        6.7178965,
        6.270363,
        5.75859,
        5.2023425,
        4.6167374,
        4.002396,
        3.3719792,
        2.7287464,
        2.090239,
        1.4717693,
        0.87652683,
        0.31710768,
        -0.20573807,
        -0.6841302,
        -1.1174755,
        -1.5027435,
        -1.8443336,
        -2.1420376,
        -2.4029858,
        -2.620041,
        -2.7933729,
        -2.9302635,
        -3.0190084,
        -3.0624185,
        -3.0636053,
        -3.0332744,
        -2.97517,
        -2.9002914,
        -2.8290083,
        -2.7672043,
        -2.7252352,
        -2.7036912,
        -2.6886194,
        -2.680394,
        -2.6719334,
        -2.6605303,
        -2.6456192,
        -2.6168783,
        -2.5780973,
        -2.5235174,
        -2.4618046,
        -2.3945885,
        -2.3237982,
        -2.2466183,
        -2.1557195,
        -2.0583293,
        -1.9474037,
        -1.8278594,
        -1.7118144,
        -1.5921271,
        -1.48311,
        -1.3821189,
        -1.2913399,
        -1.2080958,
        -1.1225245,
        -1.039187,
        -0.95327854,
        -0.86477995,
        -0.7738261,
        -0.68069077,
        -0.5926399,
        -0.50746727,
        -0.4300294,
        -0.35565042,
        -0.28459024,
        -0.21946955,
        -0.15822983,
        -0.0987854,
        -0.05102253,
        -0.0057902336,
        0.024662971,
        0.040067196,
        0.033295155,
        0.018835545,
        -0.010358334,
        -0.044664383,
        -0.072179794,
        -0.08579302,
        -0.09045601,
        -0.07208395,
        -0.042773247,
        -0.0027241707,
        0.040939808,
        0.081133366,
        0.115754604,
        0.13539171,
        0.14968967,
        0.16128683,
        0.17045069,
        0.17490673,
        0.17951298,
        0.18429708
    ],