{
    "class": "yneg",
    "duration_ms": 700,
    "x": [
        0.3631792,
        0.38802332,
        0.3569149,
        0.29420316,
        0.2571813,
        0.19814214,
        0.12176829,
        0.080291934,
        0.025693059,
        -0.018572241,
        -0.08386935,
        -0.1300307,
        -0.1598052,
        -0.16889799,
        -0.15288562,
        -0.111956045,
        -0.05586356,
        -0.020139605,
        0.052326903,
        0.1186756,
        0.18402952,
        0.2486803,
        0.29154795,
        0.32974946,
        0.36824772,
        0.36927533,
        0.36183664,
        0.36015898,
        0.33999664,
        0.37943155,
        0.41112062,
        0.42309445,
        0.45130348,
        0.4883471,
        0.51526785,
        0.530171,
        0.5382213,
        0.5565791,
        0.5713837,
        0.5566518,
        0.5329781,
        0.49822968,
        0.5067518,
        0.50060236,
        0.47933525,
        0.4088598,
        0.4035807,
        0.4012639,
        0.3688957,
        0.21370958,
        -0.03730397,
        -0.3218553,
        -0.62869453,
        -0.94173217,
        -1.3115752,
        -1.6570871,
        -1.9639677,
        -2.2327938,
        -2.4786417,
        -2.5662413,
        -2.5159435,
        -2.2592554,
        -1.7814966,
        -1.1461067,
        -0.47841227,
        0.16112277,
        0.774403,
        1.2794679,
        1.661111,
        1.9038591,
        2.0781014,
        2.1747012,
        2.2871428,
        2.3672543,
        2.4530747,
        2.5567923,
        2.580862,
        2.5378144,
        2.4061677,
        2.182847,
        1.8786033,
        1.5395985,
        1.2191619,
        0.95612574,
        0.77538127,
        0.6902981,
        0.6404815,
        0.6351009,
        0.6264658,
        0.63172346,
        0.6492221,
        0.5892092,
        0.45786768,
        0.3471044,
        0.19293591,
        -0.0138755385,
        -0.22063278,
        -0.46813723,
        -0.747242,
        -1.0610002,
        -1.37684,
        -1.6214978,
        -1.7837584,
        -1.8618616,
        -1.854004,
        -1.7485453,
        -1.5693865,
        -1.337596,
        -1.1216137,
        -0.8866321,
        -0.67728543,
        -0.49300763,
        -0.32188153,
        -0.13551977,
        -0.025199145,
        0.058816493,
        0.12814045,
        0.14651218,
        0.16630232,
        0.16329691,
        0.1470052,
        0.11734152,
        0.062403947,
        0.04217562,
        0.023770511,
        -0.06148565,
        -0.16767865,
        -0.25605035,
        -0.36943012,
        -0.4651382,
        -0.51532304,
        -0.47999156,
        -0.40746462,
        -0.30992615,
        -0.123078406,
        0.030852258,
        0.21389508,
        0.36598638,
        0.50159353,
        0.6208031,
        0.68324333,
        0.76121676,
        0.7574205,
        0.72286,
        0.65786624,
        0.5197142,
        0.35389578,
        0.19369975
    ],
    "y": [
        0.14245415,
        0.15025997,
        0.17262125,
        0.20943642,
        0.21297503,
        0.22147036,
        0.21818447,
        0.19121742,
        0.18577003,
        0.22770166,
        0.24531698,
        0.24813557,
        0.30015516,
        0.30589676,
        0.30120564,
        0.27169895,
        0.22210598,
        0.20709753,
        0.16470909,
        0.121361256,
        0.02736044,
        -0.033469677,
        -0.13475037,
        -0.19529772,
        -0.2840991,
        -0.33891487,
        -0.37179804,
        -0.4492798,
        -0.5470953,
        -0.6459327,
        -0.7740462,
        -0.91674566,
        -1.0761602,
        -1.2639737,
        -1.4965963,
        -1.7453907,
        -2.008226,
        -2.3777988,
        -2.7632508,
        -3.22635,
        -3.7216883,
        -4.190283,
        -4.668085,
        -5.112096,
        -5.469885,
        -5.7535253,
        -5.9244337,
        -6.06846,
        -6.1373158,
        -6.0324845,
        -5.7970324,
        -5.371511,
        -4.8258786,
        -4.1848745,
        -3.4039345,
        -2.4864879,
        -1.4310114,
        -0.28598166,
        0.9867306,
        2.2795892,
        3.511919,
        4.5028386,
        5.1817155,
        5.633714,
        6.003719,
        6.44589,
        6.9516187,
        7.557783,
        8.181328,
        8.753408,
        9.202412,
        9.410795,
        9.442405,
        9.236416,
        8.882516,
        8.451088,
        7.966934,
        7.3902774,
        6.836942,
        6.291364,
        5.7382116,
        5.1696157,
        4.589855,
        3.950613,
        3.2730207,
        2.537898,
        1.7742205,
        0.98515415,
        0.20750093,
        -0.51701236,
        -1.1582956,
        -1.6887918,
        -2.0593297,
        -2.3907535,
        -2.6196213,
        -2.7903886,
        -2.9260993,
        -2.9712858,
        -2.947409,
        -2.8618007,
        -2.679062,
        -2.5194774,
        -2.3647335,
        -2.2946038,
        -2.2739525,
        -2.2845693,
        -2.370271,
        -2.4715476,
        -2.5383928,
        -2.530222,
        -2.4873328,
        -2.3972225,
        -2.2925737,
        -2.1059563,
        -1.9638815,
        -1.7944181,
        -1.5906091,
        -1.3837364,
        -1.2481601,
        -1.1265991,
        -1.0550947,
        -0.9954846,
        -0.9454241,
        -0.91690016,
        -0.8716736,
        -0.81191945,
        -0.7039759,
        -0.6025431,
        -0.433259,
        -0.2510538,
        -0.079873085,
        0.029794216,
        0.1493249,
        0.11091757,
        0.043542862,
        -0.03858757,
        -0.121119976,
        -0.19459581,
        -0.18006992,
        -0.14685822,
        -0.08531046,
        -0.059888363,
        -0.008201122,
        0.055658817,
        0.14385605,
        0.21333647,
        0.31192732,
        0.3821392
    ],