{
    "class": "yneg",
    "duration_ms": 700,
    "x": [
        -0.06478527,
        -0.0597122,
        -0.046890736,
        -0.028598636,
        -0.009687692,
        0.009558201,
        0.029123425,
        0.053676307,
        0.09026444,
        0.12951665,
        0.18107024,
        0.24273373,
        0.31700027,
        0.39925995,
        0.47763723,
        0.55208194,
        0.61539966,
        0.6745191,
        0.7172999,
        0.73144144,
        0.72375715,
        0.68927217,
        0.63015527,
        0.5462858,
        0.4307427,
        0.29091758,
        0.12405494,
        -0.06490612,
        -0.27111676,
        -0.49950647,
        -0.7528765,
        -1.0462674,
        -1.3833077,
        -1.7436595,
        -2.1068916,
        -2.4329202,
        -2.6860878,
        -2.8731089,
        -2.986721,
        -3.0003765,
        -2.920558,
        -2.7630904,
        -2.5483801,
        -2.2874086,
        -1.9960735,
        -1.6855115,
        -1.3691401,
        -1.0383718,
        -0.68636906,
        -0.3065802,
        0.07821773,
        0.44965196,
        0.77685887,
        1.0375515,
        1.2250652,
        1.341753,
        1.3946837,
        1.3985137,
        1.3684225,
        1.3152714,
        1.2430885,
        1.1683043,
        1.0884941,
        1.0090142,
        0.923702,
        0.8334231,
        0.7484653,
        0.68409044,
        0.66558206,
        0.6993546,
        0.7895074,
        0.9257187,
        1.0829775,
        1.2429225,
        1.3959877,
        1.5275307,
        1.6127546,
        1.6575762,
        1.656035,
        1.6067579,
        1.5135232,
        1.379944,
        1.2118993,
        1.0227836,
        0.82873553,
        0.62472165,
        0.42981043,
        0.24871877,
        0.122492075,
        0.03996381,
        -0.0072054863,
        -0.02019608,
        -0.014577031,
        -0.0018278658,
        0.018216848,
        0.030972153,
        0.028763086,
        0.00854674,
        -0.016035914,
        -0.052937903,
        -0.097841606,
        -0.13910067,
        -0.18141893,
        -0.22240108,
        -0.26226914,
        -0.3108089,
        -0.3584871,
        -0.39568236,
        -0.43211156,
        -0.45822576,
        -0.47397575,
        -0.47907132,
        -0.48009554,
        -0.4668271,
        -0.45552355,
        -0.44100505,
        -0.42543426,
        -0.40867883,
        -0.38825622,
        -0.36656135,
        -0.336521,
        -0.30076963,
        -0.25480285,
        -0.20860462,
        -0.16007388,
        -0.11686315,
        -0.08651973,
        -0.066881165,
        -0.06069413,
        -0.063408524,
        -0.072206095,
        -0.07735935,
        -0.09065089,
        -0.10455872,
        -0.111627445,
        -0.10915142,
        -0.09197436,
        -0.06728484,
        -0.042445302,
        -0.017919421,
        0.005848706,
        0.023875087,
        0.04323888,
        0.06393835,
        0.08108863,
        0.08973022,
        0.097087644,
        0.103203245
    ],
    "y": [
        0.4715147,
        0.4720745,
        0.4612875,
        0.4440589,
        0.42287874,
        0.40236712,
        0.38484287,
        0.35591936,
        0.3203702,
        0.27327394,
        0.21219826,
        0.13232183,
        0.03139496,
        -0.095208645,
        -0.24958229,
        -0.4385376,
        -0.6641836,
        -0.92394304,
        -1.2270861,
        -1.5614362,
        -1.9221807,
        -2.2975483,
        -2.6829314,
        -3.080699,
        -3.4860787,
        -3.926838,
        -4.3564014,
        -4.767353,
        -5.1448603,
        -5.473971,
        -5.730032,
        -5.874022,
        -5.890899,
        -5.75616,
        -5.471753,
        -5.0303044,
        -4.455782,
        -3.7700458,
        -3.0069885,
        -2.2173648,
        -1.4231796,
        -0.6416173,
        0.13410044,
        0.9179287,
        1.7264056,
        2.5498848,
        3.3763456,
        4.1671376,
        4.8833165,
        5.481001,
        5.9427295,
        6.2629747,
        6.469569,
        6.590309,
        6.648378,
        6.6623535,
        6.636692,
        6.573702,
        6.4686112,
        6.3238406,
        6.127648,
        5.87573,
        5.5638213,
        5.199878,
        4.78711,
        4.331179,
        3.837829,
        3.3175416,
        2.778319,
        2.2186112,
        1.6510487,
        1.0762334,
        0.5209727,
        2.9087067e-05,
        -0.47427273,
        -0.88728666,
        -1.2460856,
        -1.5506358,
        -1.8105893,
        -2.0381317,
        -2.2315283,
        -2.3844156,
        -2.5166907,
        -2.6290607,
        -2.7244868,
        -2.8080955,
        -2.8801742,
        -2.9385026,
        -2.9807003,
        -2.9996228,
        -2.9929266,
        -2.965489,
        -2.9055457,
        -2.815404,
        -2.6971974,
        -2.55062,
        -2.3754654,
        -2.1837,
        -1.9871378,
        -1.7951894,
        -1.6077504,
        -1.4271479,
        -1.2580371,
        -1.0906634,
        -0.9368825,
        -0.78474474,
        -0.63423157,
        -0.49018812,
        -0.34792757,
        -0.21490192,
        -0.09144306,
        0.015028477,
        0.10417271,
        0.17828465,
        0.23987436,
        0.29154825,
        0.33853817,
        0.37899637,
        0.42053938,
        0.46352053,
        0.51288176,
        0.5638318,
        0.61147165,
        0.64118576,
        0.6645422,
        0.6787634,
        0.67627335,
        0.6711798,
        0.6632619,
        0.64045954,
        0.60282993,
        0.56249857,
        0.51715326,
        0.48369265,
        0.46927214,
        0.46428347,
        0.45913363,
        0.4537878,
        0.4528885,
        0.4562297,
        0.46838188,
        0.4746194,
        0.47478724,
        0.46167803,
        0.4353094,
        0.40292978,
        0.371799,
        0.34682035
    ],