{
    "class": "yneg",
    "duration_ms": 700,
    "x": [
        -0.008762419,
        0.17074785,
        0.3617957,
        0.5149038,
        0.5971126,
        0.64001346,
        0.62682235,
        0.54540515,
        0.4051159,
        0.19579464,
        -0.04981032,
        -0.28703794,
        -0.49997038,
        -0.73231304,
        -0.9199766,
        -1.0584494,
        -1.1549509,
        -1.2549133,
        -1.3391685,
        -1.3620093,
        -1.2990682,
        -1.1997136,
        -1.0510069,
        -0.83762187,
        -0.6352148,
        -0.43380484,
        -0.2452532,
        -0.08161985,
        0.16213185,
        0.42856723,
        0.682093,
        0.9205179,
        1.0963429,
        1.2599975,
        1.3565111,
        1.4193537,
        1.3960736,
        1.3417649,
        1.194298,
        1.0370729,
        0.84352803,
        0.64450866,
        0.45658275,
        0.3158211,
        0.21049604,
        0.1336416,
        0.14246774,
        0.25843614,
        0.41682503,
        0.6078211,
        0.790576,
        0.90733683,
        1.0294365,
        1.0777512,
        1.1094677,
        1.086181,
        1.0389144,
        1.0035571,
        0.9467162,
        0.8278814,
        0.67588663,
        0.49097735,
        0.3307184,
        0.19310653,
        0.07849617,
        -0.04153979,
        -0.15480413,
        -0.29258046,
        -0.41692832,
        -0.514118,
        -0.5776709,
        -0.6559874,
        -0.697009,
        -0.6795606,
        -0.62533945,
        -0.5560368,
        -0.4645579,
        -0.34596878,
        -0.25980484,
        -0.1985364,
        -0.14751974,
        -0.10179785,
        -0.07323983,
        -0.071459085,
        -0.046091914,
        -0.049788684,
        -0.044479936,
        -0.06851232,
        -0.08613056,
        -0.11409363,
        -0.13291705,
        -0.11372128,
        -0.10633987,
        -0.08891773,
        -0.07085949,
        -0.09514332,
        -0.13063943,
        -0.1536772,
        -0.21236864,
        -0.2853933,
        -0.36597735,
        -0.40622872,
        -0.43979007,
        -0.5028364,
        -0.5980921,
        -0.6732223,
        -0.7141581,
        -0.74265784,
        -0.71563256,
        -0.64508677,
        -0.52351403,
        -0.38367975,
        -0.21295029,
        -0.058513224,
        0.03933561,
        0.10717854,
        0.13516325,
        0.16368738,
        0.14233631,
        0.09964615,
        0.004426658,
        -0.081416965,
        -0.12724465,
        -0.17165852,
        -0.17870414,
        -0.15054405,
        -0.11352086,
        -0.048543274,
        -0.02235049,
        0.049091697,
        0.11305794,
        0.14573482,
        0.21184865,
        0.25166628,
        0.26507595,
        0.23985982,
        0.20462924,
        0.15490523,
        0.11725223,
        0.11095071,
        0.078424215,
        0.06504932,
        0.070937276,
        0.10347572,
        0.15594411,
        0.17593697,
        0.1801998,
        0.19237593,
        0.18573087
    ],
    "y": [
        -1.4970763,
        -1.8291752,
        -2.1804855,
        -2.5436928,
        -2.8514442,
        -3.1632736,
        -3.483581,
        -3.7499115,
        -4.007668,
        -4.173111,
        -4.3302603,
        -4.4314966,
        -4.520091,
        -4.6274085,
        -4.6459093,
        -4.652382,
        -4.565775,
        -4.321827,
        -3.9592361,
        -3.4351866,
        -2.8816757,
        -2.277321,
        -1.6676483,
        -1.0189548,
        -0.40040827,
        0.2388525,
        0.8968091,
        1.6074758,
        2.2493725,
        2.8231344,
        3.3436303,
        3.720449,
        4.032688,
        4.2875724,
        4.472898,
        4.564306,
        4.5901475,
        4.6551147,
        4.71998,
        4.778988,
        4.826337,
        4.9187064,
        4.8760023,
        4.80511,
        4.726749,
        4.564029,
        4.34056,
        4.0560913,
        3.7489018,
        3.352302,
        2.9599195,
        2.6367345,
        2.34507,
        2.0495667,
        1.7176132,
        1.3839602,
        1.0236244,
        0.70007706,
        0.40988874,
        0.16587782,
        -0.023920536,
        -0.17821455,
        -0.3611002,
        -0.5126009,
        -0.68070316,
        -0.8462577,
        -1.0072379,
        -1.1257238,
        -1.2524791,
        -1.3546333,
        -1.4376645,
        -1.4832759,
        -1.5161138,
        -1.5632534,
        -1.6060166,
        -1.659215,
        -1.7016981,
        -1.7193673,
        -1.7075119,
        -1.673259,
        -1.6283002,
        -1.5818019,
        -1.5762815,
        -1.5802245,
        -1.5622759,
        -1.5532451,
        -1.4906769,
        -1.4462099,
        -1.4076824,
        -1.3366928,
        -1.2691302,
        -1.2170515,
        -1.1612573,
        -1.132863,
        -1.1128426,
        -1.0559678,
        -1.0198569,
        -0.95907307,
        -0.9312544,
        -0.89824486,
        -0.8648424,
        -0.84549046,
        -0.8234825,
        -0.7962041,
        -0.76838255,
        -0.67569256,
        -0.6068697,
        -0.5237384,
        -0.4934535,
        -0.472857,
        -0.48104477,
        -0.44389868,
        -0.39244127,
        -0.3384509,
        -0.26254702,
        -0.19088316,
        -0.14953947,
        -0.15515089,
        -0.15499115,
        -0.1253581,
        -0.104628086,
        -0.06915283,
        -0.045444965,
        -0.0073366165,
        -0.0028190613,
        -0.0031080246,
        0.011035919,
        0.054053307,
        0.061481953,
        0.07644892,
        0.12048912,
        0.11199665,
        0.110780716,
        0.09984064,
        0.07194233,
        0.09405851,
        0.08733034,
        0.12115097,
        0.11661863,
        0.15979767,
        0.16942787,
        0.18866158,
        0.16725588,
        0.17439795,
        0.15961123,
        0.17533779,
        0.171,
        0.16075325,
        0.18739557
    ],