{
    "class": "yneg",
    "duration_ms": 700,
    "x": [
        0.30108428,
        0.39457405,
        0.4519692,
        0.48920506,
        0.48580825,
        0.45846137,
        0.40676364,
        0.2393647,
        -0.042822674,
        -0.35521677,
        -0.70695007,
        -1.1264867,
        -1.6010877,
        -2.0910034,
        -2.6279137,
        -3.1422937,
        -3.6051836,
        -4.078478,
        -4.417859,
        -4.7032385,
        -4.887906,
        -4.968673,
        -4.933288,
        -4.7049174,
        -4.2973795,
        -3.7243357,
        -3.0587096,
        -2.2968433,
        -1.4308445,
        -0.5662028,
        0.21737188,
        0.92365104,
        1.5828034,
        2.1920476,
        2.799367,
        3.5772173,
        4.4735894,
        5.462596,
        6.5276256,
        7.408555,
        8.119476,
        8.440433,
        8.355462,
        7.9105983,
        7.151521,
        6.0729556,
        4.9343553,
        3.961389,
        3.10502,
        2.3429852,
        1.6725986,
        1.0868361,
        0.6003338,
        0.16063419,
        -0.19132608,
        -0.44583768,
        -0.5836774,
        -0.647811,
        -0.66910815,
        -0.59226024,
        -0.48362938,
        -0.33258042,
        -0.13800728,
        0.03139022,
        0.19528297,
        0.37548733,
        0.5793693,
        0.7877966,
        0.9237369,
        0.9596564,
        0.9658274,
        0.8739072,
        0.74750036,
        0.5545441,
        0.36628726,
        0.13176242,
        -0.14265579,
        -0.45284614,
        -0.71561635,
        -0.9981206,
        -1.1660365,
        -1.1969519,
        -1.0174441,
        -0.69724673,
        -0.3324104,
        -0.08389507,
        0.11373556,
        0.28732383,
        0.35085317,
        0.32779616,
        0.2360641,
        0.071516186,
        -0.12707528,
        -0.3759069,
        -0.65727097,
        -0.9551413,
        -1.1789427,
        -1.3766569,
        -1.4666998,
        -1.4939467,
        -1.438414,
        -1.3566957,
        -1.2475652,
        -1.1290617,
        -0.97878945,
        -0.8417764,
        -0.6889459,
        -0.54882383,
        -0.437966,
        -0.35405955,
        -0.2995414,
        -0.27709877,
        -0.3109103,
        -0.35122907,
        -0.3890454,
        -0.42462954,
        -0.4246003,
        -0.39865237,
        -0.34930193,
        -0.32912296,
        -0.31640497,
        -0.3255864,
        -0.31615365,
        -0.3166757,
        -0.3056158,
        -0.3236969,
        -0.3373346,
        -0.31767476,
        -0.27176854,
        -0.2182979,
        -0.17376044,
        -0.20055431,
        -0.2081937,
        -0.18500878,
        -0.16672662,
        -0.18418343,
        -0.16803433,
        -0.13996004,
        -0.11943728,
        -0.06849782,
        0.003121823,
        0.074162975,
        0.10698624,
        0.13321859,
        0.09594245,
        0.0670418,
        0.00081446767,
        -0.10298036,
        -0.16570355
    ],
    "y": [
        -1.1828797,
        -1.4935789,
        -1.8048528,
        -2.1857553,
        -2.6241229,
        -3.1811645,
        -3.8296769,
        -4.493972,
        -5.0608444,
        -5.617034,
        -6.23236,
        -6.845175,
        -7.3388467,
        -7.6998663,
        -7.844866,
        -7.7169943,
        -7.419103,
        -6.8937054,
        -6.1716795,
        -5.2145658,
        -4.1272454,
        -3.0454242,
        -1.9659741,
        -1.0125579,
        -0.25595713,
        0.37187338,
        0.8932345,
        1.3540702,
        1.7810068,
        2.3462262,
        3.1736329,
        4.281647,
        5.3680544,
        6.4491024,
        7.368576,
        7.798267,
        7.7120113,
        7.186269,
        6.488454,
        5.7657833,
        5.265442,
        4.9805098,
        4.811205,
        4.827901,
        4.9552817,
        5.039673,
        4.9926376,
        4.6805115,
        4.2500143,
        3.7401748,
        3.216957,
        2.7654417,
        2.4564686,
        2.2556849,
        2.1212873,
        1.9923458,
        1.8270757,
        1.6289067,
        1.4299242,
        1.2856605,
        1.1653004,
        1.0783858,
        0.99360967,
        0.8986726,
        0.807322,
        0.69498587,
        0.58486724,
        0.4237659,
        0.2879753,
        0.09844065,
        -0.10437393,
        -0.23960137,
        -0.33922124,
        -0.37771344,
        -0.4467368,
        -0.51320505,
        -0.56766367,
        -0.6412189,
        -0.66669154,
        -0.6749425,
        -0.68714833,
        -0.7217295,
        -0.81372523,
        -0.95020413,
        -1.103672,
        -1.2181599,
        -1.3334684,
        -1.4823924,
        -1.5712876,
        -1.6217599,
        -1.624772,
        -1.598017,
        -1.5328194,
        -1.4734527,
        -1.4114788,
        -1.3049791,
        -1.2291534,
        -1.1893821,
        -1.1812522,
        -1.2001083,
        -1.2292151,
        -1.2778277,
        -1.2883642,
        -1.2960141,
        -1.3145342,
        -1.3027232,
        -1.2839978,
        -1.2960906,
        -1.2644751,
        -1.2462862,
        -1.2222092,
        -1.2229521,
        -1.1766686,
        -1.0882297,
        -0.9458165,
        -0.7905836,
        -0.6634681,
        -0.5552187,
        -0.46607685,
        -0.42255974,
        -0.35308528,
        -0.31040096,
        -0.27308798,
        -0.26733994,
        -0.22831702,
        -0.21799135,
        -0.17873025,
        -0.124730825,
        -0.08221102,
        -0.043872833,
        -0.021525621,
        0.06628513,
        0.12145281,
        0.1965754,
        0.24359393,
        0.2551601,
        0.25743318,
        0.22167611,
        0.15505743,
        0.08155346,
        0.025058508,
        -0.028959036,
        -0.07112551,
        -0.072927,
        -0.082318306,
        -0.07785249,
        -0.07637215,
        -0.082797766,
        -0.059057236
    ],