{
    "class": "yneg",
    "duration_ms": 700,
    "x": [
        -0.049284,
        -0.0218499,
        0.0358167,
        0.09628763,
        0.151082,
        0.18445334,
        0.20387977,
        0.23325743,
        0.1862059,
        0.09346173,
        0.038288876,
        -0.030052599,
        -0.04948289,
        -0.12075195,
        -0.15374881,
        -0.22345902,
        -0.27760404,
        -0.2854004,
        -0.28066185,
        -0.23935959,
        -0.17287743,
        -0.06603054,
        0.036309168,
        0.09386533,
        0.19996104,
        0.27101177,
        0.35711402,
        0.4870162,
        0.6250035,
        0.76908934,
        0.8978598,
        0.9417838,
        0.9774222,
        0.9930187,
        1.0153546,
        1.033342,
        1.0522299,
        0.91206807,
        0.6223632,
        0.3108077,
        0.022986084,
        -0.2186605,
        -0.50139934,
        -0.85057914,
        -1.126029,
        -1.3953797,
        -1.6031597,
        -1.8371434,
        -2.0104373,
        -2.1773083,
        -2.294212,
        -2.4041789,
        -2.516976,
        -2.6260507,
        -2.7010808,
        -2.6640646,
        -2.4748676,
        -2.116953,
        -1.6137856,
        -1.0979018,
        -0.5630966,
        -0.07717095,
        0.45023406,
        0.9829642,
        1.5088024,
        1.9024665,
        2.128886,
        2.2551425,
        2.2425568,
        2.1338456,
        1.9881907,
        1.819355,
        1.6173192,
        1.4651785,
        1.3069022,
        1.1051142,
        0.89647174,
        0.65789914,
        0.426253,
        0.22887686,
        0.09092489,
        0.1288566,
        0.3189205,
        0.4831918,
        0.59271246,
        0.6806847,
        0.7245276,
        0.6992897,
        0.60629296,
        0.4276209,
        0.2183437,
        -0.01268217,
        -0.22344837,
        -0.4248685,
        -0.587327,
        -0.7406353,
        -0.8782958,
        -1.032053,
        -1.1375414,
        -1.1972657,
        -1.1991445,
        -1.1407343,
        -1.033553,
        -0.8218235,
        -0.5741394,
        -0.33772337,
        -0.107164845,
        0.16335855,
        0.35946447,
        0.46194562,
        0.5284172,
        0.6039185,
        0.6186203,
        0.60308206,
        0.57356185,
        0.5033129,
        0.40854236,
        0.30777824,
        0.21786502,
        0.13211642,
        0.06053408,
        0.015302736,
        -0.025077797,
        -0.03899912,
        -0.076264545,
        -0.0744828,
        -0.030909088,
        0.09050095,
        0.22279105,
        0.35879782,
        0.4910198,
        0.6308369,
        0.69841886,
        0.7338057,
        0.75793445,
        0.7225963,
        0.6419438,
        0.5516789,
        0.4326418,
        0.33266747,
        0.18263732,
        0.12615582,
        0.05814612,
        0.031552732,
        -0.01277566,
        -0.0021367967,
        0.05463332,
        0.06930366
    ],
    "y": [
        1.1049981,
        1.158005,
        1.1903348,
        1.2044599,
        1.236295,
        1.2573738,
        1.2942615,
        1.3254983,
        1.3771677,
        1.437063,
        1.4712226,
        1.4937453,
        1.4779809,
        1.4572296,
        1.4911358,
        1.4910209,
        1.5428951,
        1.5578847,
        1.5526898,
        1.5606987,
        1.54603,
        1.5040145,
        1.4254315,
        1.3203683,
        1.2012899,
        1.0662994,
        0.90871954,
        0.6692221,
        0.4104159,
        0.13972592,
        -0.18114352,
        -0.51648164,
        -0.94105995,
        -1.4005764,
        -1.9771711,
        -2.6187787,
        -3.3090105,
        -3.9979374,
        -4.604669,
        -5.098361,
        -5.562852,
        -6.002838,
        -6.214834,
        -6.3182006,
        -6.381805,
        -6.330764,
        -6.136049,
        -5.7948494,
        -5.283101,
        -4.6392584,
        -3.8636472,
        -2.9445364,
        -1.9419333,
        -0.83432996,
        0.32128024,
        1.3796322,
        2.351227,
        3.1940734,
        3.871043,
        4.6343546,
        5.4039097,
        6.149761,
        6.7362614,
        7.127966,
        7.3771253,
        7.535488,
        7.6754966,
        7.749605,
        7.765027,
        7.6809535,
        7.528454,
        7.248002,
        6.9070415,
        6.516162,
        5.98807,
        5.4366393,
        4.7942605,
        4.067992,
        3.2584076,
        2.3641672,
        1.4321389,
        0.5001093,
        -0.3580631,
        -1.089942,
        -1.6864172,
        -2.1480238,
        -2.4107966,
        -2.561886,
        -2.5737743,
        -2.5105963,
        -2.446497,
        -2.4180236,
        -2.4479837,
        -2.513776,
        -2.6334515,
        -2.7504902,
        -2.8248215,
        -2.8593047,
        -2.8160088,
        -2.7426248,
        -2.6224804,
        -2.4767103,
        -2.321836,
        -2.171694,
        -1.9662406,
        -1.7698481,
        -1.5752456,
        -1.394184,
        -1.2145678,
        -1.105612,
        -1.036353,
        -0.9995457,
        -0.9306464,
        -0.844061,
        -0.7230128,
        -0.6321248,
        -0.523504,
        -0.42816663,
        -0.30544448,
        -0.21984386,
        -0.12574601,
        -0.080379486,
        -0.06455588,
        -0.061556816,
        -0.0572443,
        -0.025541544,
        -0.04566908,
        -0.07955742,
        -0.08946085,
        -0.17141628,
        -0.18458986,
        -0.20596766,
        -0.16652322,
        -0.1096704,
        -0.018798113,
        0.027232885,
        0.050195456,
        0.040856123,
        0.052185297,
        0.055618763,
        0.06572628,
        0.054077864,
        0.075802326,
        0.06674051,
        0.053396225,
        0.04547572,
        0.0073292255,
        0.020516396
    ],