{
    "class": "yneg",
    "duration_ms": 700,
    "x": [
        -0.18132462,
        -0.07764526,
        -0.019731078,
        0.059641503,
        0.103297904,
        0.15443872,
        0.15583988,
        0.17473611,
        0.18500991,
        0.23213087,
        0.21836008,
        0.17476556,
        0.10346557,
        0.06860887,
        0.053240273,
        0.037954886,
        0.036846552,
        0.07592937,
        0.10484572,
        0.13060132,
        0.117258616,
        0.09816805,
        0.06375074,
        0.035671137,
        0.050073657,
        0.047491945,
        0.01882929,
        0.016931456,
        0.013198519,
        0.00996283,
        0.019059593,
        0.05020402,
        0.08193664,
        0.10230316,
        0.15673405,
        0.19960287,
        0.31237313,
        0.41389334,
        0.48046383,
        0.5456722,
        0.56141996,
        0.59685737,
        0.64479077,
        0.6646521,
        0.7093068,
        0.7239719,
        0.7211881,
        0.6533685,
        0.5872114,
        0.4670743,
        0.2417481,
        -0.10446952,
        -0.47474188,
        -0.8867872,
        -1.3174099,
        -1.7384707,
        -2.1121032,
        -2.433956,
        -2.7136958,
        -2.9581907,
        -3.1260374,
        -3.254958,
        -3.2988806,
        -3.2983277,
        -3.2942448,
        -3.2483394,
        -3.0652487,
        -2.7292163,
        -2.2555683,
        -1.6376827,
        -0.8988912,
        -0.13097924,
        0.66341704,
        1.4320096,
        2.103695,
        2.6335316,
        2.9782531,
        3.2253096,
        3.313016,
        3.3153155,
        3.3177657,
        3.291114,
        3.294183,
        3.2206707,
        3.0716567,
        3.0030098,
        3.0725887,
        3.157491,
        3.1979802,
        3.17491,
        3.063865,
        2.8571086,
        2.6333635,
        2.3516989,
        2.0288725,
        1.6482589,
        1.2270468,
        0.80644494,
        0.44423646,
        0.11443877,
        -0.1586546,
        -0.38422924,
        -0.52159584,
        -0.6284668,
        -0.6792063,
        -0.7462963,
        -0.8306457,
        -0.94489646,
        -1.053839,
        -1.1844943,
        -1.2825607,
        -1.3362446,
        -1.3454757,
        -1.336009,
        -1.2784077,
        -1.1552107,
        -1.0135119,
        -0.8289428,
        -0.6679019,
        -0.50593114,
        -0.3595639,
        -0.30759534,
        -0.28587204,
        -0.24940962,
        -0.24916744,
        -0.29525226,
        -0.335326,
        -0.37213224,
        -0.3699121,
        -0.41467163,
        -0.42470598,
        -0.44057745,
        -0.43815184,
        -0.44103235,
        -0.41083944,
        -0.42865092,
        -0.4608559,
        -0.47155294,
        -0.43930143,
        -0.40474537,
        -0.3557719,
        -0.28524685,
        -0.2244379,
        -0.18292323,
        -0.14178573,
        -0.077064864,
        -0.039075144,
        0.0151491165,
        0.047268286
    ],
    "y": [
        -0.023226738,
        0.021417141,
        0.07543135,
        0.15078306,
        0.21643257,
        0.3105774,
        0.39241362,
        0.4545684,
        0.48276854,
        0.4459448,
        0.428082,
        0.379107,
        0.3495822,
        0.36829567,
        0.37309074,
        0.38794374,
        0.33855057,
        0.3156891,
        0.32143164,
        0.33408117,
        0.34387302,
        0.34583855,
        0.3614111,
        0.3688159,
        0.3438897,
        0.29133558,
        0.25889206,
        0.18443727,
        0.116014004,
        0.065763,
        0.045880318,
        0.016012669,
        -0.021292686,
        -0.048932552,
        -0.121795654,
        -0.2278471,
        -0.3549466,
        -0.51961803,
        -0.78140354,
        -1.0491519,
        -1.3322802,
        -1.645184,
        -2.0501115,
        -2.5231276,
        -3.069278,
        -3.6384869,
        -4.1808095,
        -4.7465515,
        -5.3571897,
        -5.923808,
        -6.391157,
        -6.7685814,
        -7.063014,
        -7.197795,
        -7.2565217,
        -7.169853,
        -6.9739723,
        -6.6238756,
        -6.1106267,
        -5.499351,
        -4.795023,
        -3.9667187,
        -3.0313106,
        -1.9195879,
        -0.6652627,
        0.7004614,
        2.0915465,
        3.465424,
        4.698596,
        5.693656,
        6.48484,
        7.146864,
        7.7086053,
        8.177146,
        8.506653,
        8.61054,
        8.622462,
        8.604143,
        8.593321,
        8.553499,
        8.371451,
        8.20433,
        7.948329,
        7.602698,
        7.1359677,
        6.6055646,
        6.002235,
        5.33827,
        4.680479,
        4.023778,
        3.434782,
        2.8126702,
        2.1455188,
        1.4694839,
        0.8327155,
        0.24967146,
        -0.23633432,
        -0.7349057,
        -1.2020812,
        -1.6656985,
        -2.0864549,
        -2.497018,
        -2.855919,
        -3.1600738,
        -3.4377313,
        -3.650235,
        -3.7567668,
        -3.7814145,
        -3.7197285,
        -3.5913408,
        -3.4371967,
        -3.2696571,
        -3.160888,
        -3.0300503,
        -2.966149,
        -2.9337323,
        -2.8996089,
        -2.8375356,
        -2.8096583,
        -2.7345579,
        -2.6241179,
        -2.435188,
        -2.2133012,
        -1.9942949,
        -1.8377075,
        -1.7001395,
        -1.6052203,
        -1.5023994,
        -1.4250894,
        -1.3850756,
        -1.3320522,
        -1.2707958,
        -1.175086,
        -1.0809512,
        -0.95489407,
        -0.8303404,
        -0.6642542,
        -0.5141001,
        -0.35847902,
        -0.23090076,
        -0.1864233,
        -0.12693357,
        -0.10512447,
        -0.061151505,
        -0.0333004,
        -0.042957783,
        -0.003976345,
        0.023827553,
        0.06426191
    ],