{
    "class": "yneg",
    "duration_ms": 700,
    "x": [
        -0.09215999,
        0.015440762,
        0.11531061,
        0.17940027,
        0.29622668,
        0.40874738,
        0.54329896,
        0.67174363,
        0.80375147,
        0.9368603,
        1.0046082,
        1.0454378,
        1.0475994,
        0.97429526,
        0.84861153,
        0.64829594,
        0.42321128,
        0.15617424,
        -0.052551568,
        -0.31309152,
        -0.68567574,
        -1.0874296,
        -1.4665639,
        -1.8743443,
        -2.3209991,
        -2.7017872,
        -2.9042346,
        -2.8943543,
        -2.6234775,
        -2.1742787,
        -1.6891669,
        -1.1124103,
        -0.5485969,
        0.08428174,
        0.6245152,
        1.1163521,
        1.5558009,
        1.9310905,
        2.1967545,
        2.486868,
        2.636617,
        2.7133574,
        2.700564,
        2.6413898,
        2.500075,
        2.317503,
        2.105782,
        1.8817209,
        1.697723,
        1.4934703,
        1.3230128,
        1.1852618,
        1.0215945,
        0.89088374,
        0.8284322,
        0.78848755,
        0.74950504,
        0.6709431,
        0.61284095,
        0.54219276,
        0.44284898,
        0.38474452,
        0.3015057,
        0.24625832,
        0.15242791,
        0.01568073,
        -0.13308054,
        -0.2943468,
        -0.47120637,
        -0.67878187,
        -0.88653517,
        -1.0761166,
        -1.2074734,
        -1.27895,
        -1.295829,
        -1.2513039,
        -1.1454141,
        -0.9299949,
        -0.6693891,
        -0.32693207,
        0.01950866,
        0.32313615,
        0.58755857,
        0.78506887,
        0.9447026,
        0.9969222,
        0.9965117,
        0.9141532,
        0.7728126,
        0.58836615,
        0.39585024,
        0.17306393,
        -0.0014467239,
        -0.18287909,
        -0.27757573,
        -0.3257984,
        -0.3247155,
        -0.27850115,
        -0.14835203,
        -0.031933546,
        0.05449009,
        0.084742546,
        0.10640371,
        0.05699563,
        0.031856537,
        -0.007708907,
        -0.050085425,
        -0.08108413,
        -0.09140158,
        -0.16713607,
        -0.17446601,
        -0.19229984,
        -0.18925571,
        -0.19392955,
        -0.21822357,
        -0.25728345,
        -0.31346107,
        -0.3868116,
        -0.43668735,
        -0.50645125,
        -0.5486306,
        -0.60156465,
        -0.607901,
        -0.584393,
        -0.56458724,
        -0.48132682,
        -0.36075664,
        -0.21697605,
        -0.07125008,
        0.059826374,
        0.2578305,
        0.40096217,
        0.50152504,
        0.55485076,
        0.5562596,
        0.5463799,
        0.51315933,
        0.48260593,
        0.4282115,
        0.37868005,
        0.3388797,
        0.34451097,
        0.30722147,
        0.2700215,
        0.28067577,
        0.28882682,
        0.22763765,
        0.21950412,
        0.2670765
    ],
    "y": [
        0.4265604,
        0.28538895,
        0.12952614,
        -0.041003227,
        -0.23334503,
        -0.4568119,
        -0.7374072,
        -1.0533824,
        -1.4496121,
        -1.9231329,
        -2.4353023,
        -2.9786453,
        -3.5518498,
        -4.097392,
        -4.6462407,
        -5.100167,
        -5.5142655,
        -5.8525395,
        -6.1703124,
        -6.3455973,
        -6.326174,
        -6.1293106,
        -5.7793703,
        -5.21455,
        -4.475874,
        -3.5922687,
        -2.6739564,
        -1.7519279,
        -0.93124676,
        -0.15186453,
        0.56724167,
        1.3289618,
        2.164197,
        2.9341216,
        3.6125255,
        4.2235937,
        4.674374,
        5.075343,
        5.4124975,
        5.6835656,
        5.9218497,
        6.1198416,
        6.2506933,
        6.3831635,
        6.4305964,
        6.42602,
        6.3689756,
        6.223092,
        5.918569,
        5.51958,
        5.013735,
        4.4557376,
        3.8741426,
        3.2858777,
        2.7200952,
        2.1846704,
        1.5921679,
        1.0729408,
        0.60433817,
        0.20899296,
        -0.15991688,
        -0.43696547,
        -0.6287513,
        -0.8090944,
        -0.97069454,
        -1.0897441,
        -1.2097373,
        -1.2786918,
        -1.3450246,
        -1.4285111,
        -1.5200491,
        -1.5364184,
        -1.5451374,
        -1.5943794,
        -1.5961185,
        -1.6032023,
        -1.5825319,
        -1.5583501,
        -1.5236249,
        -1.4809728,
        -1.4111495,
        -1.3308382,
        -1.2229829,
        -1.1375442,
        -1.01929,
        -0.96832895,
        -0.9626584,
        -0.9662266,
        -0.95045567,
        -0.96574783,
        -0.9837251,
        -0.98083544,
        -0.9644952,
        -0.92775583,
        -0.9064002,
        -0.91457176,
        -0.94478273,
        -0.9630804,
        -0.9547858,
        -0.91975164,
        -0.85304403,
        -0.79528236,
        -0.7798357,
        -0.72768164,
        -0.674695,
        -0.65668917,
        -0.6185765,
        -0.6176305,
        -0.60115194,
        -0.5595608,
        -0.46917295,
        -0.3779807,
        -0.2933569,
        -0.28469706,
        -0.27541065,
        -0.25591898,
        -0.22160244,
        -0.17740107,
        -0.12103987,
        -0.1315403,
        -0.12765026,
        -0.13829756,
        -0.11581373,
        -0.074784756,
        -0.068024635,
        -0.038091183,
        0.0007276535,
        0.050951958,
        0.119819164,
        0.1643734,
        0.220613,
        0.28154898,
        0.29722595,
        0.3301363,
        0.38280344,
        0.40977478,
        0.44208813,
        0.4437766,
        0.45047998,
        0.41901302,
        0.42099,
        0.42270803,
        0.44562244,
        0.4393835,
        0.45894718,
        0.46123648,
        0.44872475,
        0.44297266,
        0.40100956
    ],