{
    "class": "yneg",
    "duration_ms": 700,
    "x": [
        0.034459352,
        -0.0036982894,
        -0.04334578,
        -0.120266974,
        -0.19165513,
        -0.2721659,
        -0.36431548,
        -0.42791852,
        -0.43507522,
        -0.40042675,
        -0.3454959,
        -0.25599167,
        -0.14141983,
        -0.05881363,
        0.013468862,
        0.04227999,
        0.07074702,
        0.07040195,
        0.08409634,
        0.0903462,
        0.12722811,
        0.1540913,
        0.18549041,
        0.21450335,
        0.22004423,
        0.21417949,
        0.23016515,
        0.22970685,
        0.23650098,
        0.25758615,
        0.27611628,
        0.28261614,
        0.3219925,
        0.3678069,
        0.422373,
        0.44313365,
        0.46143526,
        0.47737998,
        0.4554173,
        0.45515633,
        0.42199814,
        0.37762886,
        0.31025988,
        0.26979515,
        0.23220117,
        0.18309188,
        0.17251056,
        0.14550427,
        0.118928485,
        0.097615615,
        0.07913307,
        0.08467712,
        0.06181383,
        0.06293906,
        0.028577954,
        0.018338725,
        0.029745504,
        0.0696474,
        0.09254263,
        0.09362964,
        0.12985262,
        0.10120599,
        0.06960094,
        0.017922744,
        0.009724274,
        0.0156112015,
        0.016243547,
        0.045097232,
        0.08797219,
        0.07912734,
        -0.008175746,
        -0.14834455,
        -0.26414385,
        -0.37241963,
        -0.51428694,
        -0.61398745,
        -0.74919075,
        -0.82748866,
        -0.8781833,
        -0.8992599,
        -0.85285556,
        -0.7270933,
        -0.55735636,
        -0.34763616,
        -0.14262292,
        0.09671778,
        0.2825128,
        0.41986266,
        0.51141137,
        0.52154976,
        0.4983477,
        0.46545574,
        0.34565398,
        0.21738788,
        0.056276068,
        -0.021188453,
        -0.09453388,
        -0.08970538,
        -0.073522344,
        0.002341292,
        0.13358611,
        0.2943883,
        0.39661694,
        0.4333454,
        0.4427022,
        0.42439514,
        0.44039062,
        0.44496527,
        0.3782666,
        0.29261613,
        0.20687594,
        0.13278618,
        0.036757242,
        -0.07866778,
        -0.17987859,
        -0.27633563,
        -0.39157617,
        -0.5468782,
        -0.65858376,
        -0.789236,
        -0.8818831,
        -0.95566577,
        -0.9914371,
        -0.9676048,
        -0.9056347,
        -0.8030113,
        -0.66455585,
        -0.53809625,
        -0.39500114,
        -0.26879472,
        -0.10916802,
        0.057618454,
        0.22225061,
        0.37309277,
        0.44100285,
        0.4931416,
        0.46264657,
        0.4139696,
        0.32760382,
        0.22463302,
        0.1189906,
        0.020046383,
        -0.03909251,
        -0.08018473,
        -0.14877087,
        -0.17296678,
        -0.19557014,
        -0.20432821
    ],
    "y": [
        0.17346859,
        0.22087383,
        0.22633028,
        0.197371,
        0.1321106,
        0.09987879,
        0.083865166,
        0.0674448,
        0.0056638718,
        -0.017799377,
        -0.06005907,
        -0.10183859,
        -0.083640575,
        -0.04377556,
        0.03199482,
        0.07941532,
        0.13206053,
        0.16605663,
        0.1602149,
        0.1480341,
        0.12218571,
        0.06129551,
        0.04146576,
        -0.001844883,
        -0.0044956207,
        -0.002556324,
        0.0013523102,
        -0.012040138,
        -0.0118227005,
        -0.059813023,
        -0.108101845,
        -0.16611433,
        -0.22173071,
        -0.2985754,
        -0.30846405,
        -0.32319975,
        -0.29520798,
        -0.27711868,
        -0.27112865,
        -0.27227068,
        -0.25665092,
        -0.25280857,
        -0.22955036,
        -0.21532154,
        -0.2526245,
        -0.3100257,
        -0.35163116,
        -0.365705,
        -0.38583088,
        -0.40034342,
        -0.4498086,
        -0.4913864,
        -0.52754164,
        -0.5892544,
        -0.650475,
        -0.7398844,
        -0.8573432,
        -0.9931936,
        -1.1735368,
        -1.4005198,
        -1.612212,
        -1.7874897,
        -1.967133,
        -2.1773608,
        -2.3111572,
        -2.5068176,
        -2.7233284,
        -2.9598172,
        -3.1676023,
        -3.2864258,
        -3.2228374,
        -3.005332,
        -2.693266,
        -2.3196652,
        -1.881861,
        -1.3485227,
        -0.8580766,
        -0.3886609,
        0.10298824,
        0.54275846,
        0.9855666,
        1.4382324,
        1.8811235,
        2.3350635,
        2.7705307,
        3.1389008,
        3.5780802,
        3.9510531,
        4.314888,
        4.6285934,
        4.832221,
        5.0168514,
        5.175322,
        5.27399,
        5.3125095,
        5.2477093,
        5.088836,
        4.82158,
        4.472199,
        4.131651,
        3.7570066,
        3.3007784,
        2.8805528,
        2.506075,
        2.2158942,
        1.9431834,
        1.6331768,
        1.319675,
        1.0031042,
        0.7482295,
        0.51230335,
        0.3170414,
        0.15302181,
        -0.01790762,
        -0.18624592,
        -0.33289576,
        -0.4435854,
        -0.5184102,
        -0.5716939,
        -0.5912328,
        -0.6055851,
        -0.61218643,
        -0.61086893,
        -0.6613331,
        -0.70127916,
        -0.70936775,
        -0.7550664,
        -0.78586054,
        -0.8042488,
        -0.8437638,
        -0.84703445,
        -0.8907094,
        -0.91019106,
        -0.955595,
        -0.97185755,
        -0.949378,
        -0.9120865,
        -0.8670163,
        -0.81655264,
        -0.81552505,
        -0.7920146,
        -0.7819557,
        -0.77104616,
        -0.75691414,
        -0.72047234,
        -0.6664028,
        -0.60912466,
        -0.53913164
    ],