{
    "class": "yneg",
    "duration_ms": 700,
    "x": [
        -0.10775113,
        -0.04627943,
        0.039874315,
        0.1491738,
        0.26842058,
        0.39870408,
        0.5287998,
        0.6544074,
        0.7683641,
        0.8512422,
        0.9143053,
        0.95632267,
        0.9690396,
        0.9421143,
        0.8717241,
        0.7508674,
        0.57936704,
        0.352642,
        0.07103711,
        -0.26253057,
        -0.63085365,
        -1.0217953,
        -1.4184752,
        -1.8020298,
        -2.1585894,
        -2.4694128,
        -2.7108805,
        -2.8523655,
        -2.8603969,
        -2.744116,
        -2.5270739,
        -2.2397716,
        -1.9100311,
        -1.5442854,
        -1.1610738,
        -0.78108215,
        -0.4084004,
        -0.047062904,
        0.29633954,
        0.6053635,
        0.87281543,
        1.0964127,
        1.2786616,
        1.4267708,
        1.5504129,
        1.6520256,
        1.7245276,
        1.7506864,
        1.7221941,
        1.6569179,
        1.5731385,
        1.489831,
        1.4117343,
        1.3387177,
        1.2704141,
        1.2014526,
        1.1192857,
        1.0259929,
        0.91905683,
        0.80572855,
        0.67639804,
        0.543205,
        0.40642455,
        0.27595395,
        0.14470404,
        0.017579913,
        -0.09342158,
        -0.18357325,
        -0.2601465,
        -0.31611705,
        -0.3613261,
        -0.40303594,
        -0.42930532,
        -0.44738322,
        -0.44787508,
        -0.42355907,
        -0.38620842,
        -0.33546996,
        -0.26616985,
        -0.19449103,
        -0.12712699,
        -0.06861454,
        -0.033233166,
        -0.011569083,
        0.00075930357,
        0.006030619,
        0.0017606616,
        -0.012041926,
        -0.028114796,
        -0.04637456,
        -0.06425208,
        -0.07230657,
        -0.06586534,
        -0.042601347,
        -0.0074885488,
        0.032135487,
        0.068908274,
        0.09305841,
        0.10936877,
        0.11552003,
        0.10933909,
        0.096022606,
        0.083063066,
        0.063546956,
        0.04005146,
        0.012797296,
        -0.020752072,
        -0.055898488,
        -0.09321594,
        -0.19603747,
        -0.28163356,
        -0.35032856,
        -0.3788619,
        -0.37244767,
        -0.34496003,
        -0.3049544,
        -0.2539789,
        -0.20537773,
        -0.16295856,
        -0.12617451,
        -0.10917324,
        -0.10018268,
        -0.10442498,
        -0.1199795,
        -0.13045338,
        -0.13578439,
        -0.1382021,
        -0.13312742,
        -0.11817968,
        -0.09325412,
        -0.060524642,
        -0.034323543,
        -0.014794797,
        -0.0022596717,
        0.0008304119,
        -0.0055594444,
        -0.023905784,
        -0.0497365,
        -0.08567187,
        -0.11760351,
        -0.14545128,
        -0.16405624,
        -0.16822025,
        -0.15291712,
        -0.12269589,
        -0.08473018,
        -0.041481823,
        0.0046295524
    ],
    "y": [
        -0.27331257,
        -0.3495493,
        -0.43933058,
        -0.5354943,
        -0.6404042,
        -0.7634268,
        -0.91847277,
        -1.1168408,
        -1.3744903,
        -1.6977835,
        -2.0742583,
        -2.5033755,
        -2.9728076,
        -3.4441285,
        -3.9213212,
        -4.343952,
        -4.6739674,
        -4.8876133,
        -4.95406,
        -4.847369,
        -4.565891,
        -4.115177,
        -3.5080764,
        -2.7788167,
        -1.9661028,
        -1.1274157,
        -0.29858208,
        0.48241186,
        1.2039165,
        1.8688111,
        2.5015736,
        3.1051002,
        3.6894002,
        4.2549267,
        4.8043656,
        5.3163195,
        5.764513,
        6.1273932,
        6.3929644,
        6.544499,
        6.5842547,
        6.5242405,
        6.3882303,
        6.173566,
        5.894272,
        5.5475335,
        5.1498327,
        4.708268,
        4.2420206,
        3.763218,
        3.2863421,
        2.8091059,
        2.336162,
        1.8672633,
        1.4138346,
        0.9874239,
        0.58987474,
        0.2136693,
        -0.13658571,
        -0.4585247,
        -0.7544193,
        -1.028873,
        -1.2817497,
        -1.5105629,
        -1.7248158,
        -1.9101048,
        -2.0709696,
        -2.2023015,
        -2.3060184,
        -2.3649273,
        -2.3953314,
        -2.384861,
        -2.3428516,
        -2.2689934,
        -2.1749659,
        -2.0749717,
        -1.9759912,
        -1.8825402,
        -1.8016834,
        -1.7212424,
        -1.643476,
        -1.5635233,
        -1.4813614,
        -1.3875599,
        -1.2870231,
        -1.1846862,
        -1.0759106,
        -0.967957,
        -0.8512926,
        -0.7284155,
        -0.60420513,
        -0.47879028,
        -0.36422205,
        -0.2677245,
        -0.18451834,
        -0.11936998,
        -0.05793953,
        -0.0050196648,
        0.041754723,
        0.0869894,
        0.13056278,
        0.16764975,
        0.2005291,
        0.2169795,
        0.22161818,
        0.21910477,
        0.21647882,
        0.21608067,
        0.21073198,
        0.14310932,
        0.085165024,
        0.0679636,
        0.098266125,
        0.17339897,
        0.25022173,
        0.31219196,
        0.3475809,
        0.3710127,
        0.38507986,
        0.37785006,
        0.35874605,
        0.3228259,
        0.27462816,
        0.21868896,
        0.15745878,
        0.1004591,
        0.054815292,
        0.023020744,
        0.0026316643,
        -0.0015535355,
        0.0033464432,
        0.019851208,
        0.043301582,
        0.06881428,
        0.101071835,
        0.12311602,
        0.14446974,
        0.15082312,
        0.14929533,
        0.14232731,
        0.12990046,
        0.12147331,
        0.11458874,
        0.109246254,
        0.10310793,
        0.093907356,
        0.07484436,
        0.06285429
    ],