{
    "class": "yneg",
    "duration_ms": 700,
    "x": [
        0.16988747,
        0.14920127,
        0.11512999,
        0.06311792,
        -0.0044697225,
        -0.080733865,
        -0.13752785,
        -0.19695574,
        -0.24516654,
        -0.30632302,
        -0.4076291,
        -0.5563793,
        -0.762162,
        -0.9796305,
        -1.158759,
        -1.2420895,
        -1.217528,
        -1.0221622,
        -0.6812333,
        -0.2870364,
        0.11858888,
        0.5078006,
        0.7806918,
        0.9540144,
        1.041714,
        1.0932809,
        1.0455705,
        0.9192425,
        0.787611,
        0.7459315,
        0.76091206,
        0.7973573,
        0.8464699,
        0.8991733,
        0.96272,
        0.97722584,
        0.906628,
        0.8339015,
        0.7555543,
        0.7398443,
        0.85336846,
        1.000986,
        1.181383,
        1.3408271,
        1.4994539,
        1.6193554,
        1.7052703,
        1.7856357,
        1.8220514,
        1.8143781,
        1.7095517,
        1.5548831,
        1.3018808,
        1.0364444,
        0.75137466,
        0.50452644,
        0.22472234,
        -0.018236812,
        -0.27430156,
        -0.4905765,
        -0.7270174,
        -0.9359777,
        -1.0794377,
        -1.1790909,
        -1.2399547,
        -1.2408428,
        -1.2154567,
        -1.1448041,
        -1.0480242,
        -0.9131756,
        -0.778538,
        -0.62968,
        -0.47599328,
        -0.33395743,
        -0.22506595,
        -0.15642238,
        -0.068487644,
        -0.0452542,
        -0.008004338,
        -0.021425515,
        -0.05225593,
        -0.13404378,
        -0.19977468,
        -0.2756836,
        -0.36395973,
        -0.4500436,
        -0.5695597,
        -0.6672716,
        -0.79821694,
        -0.9001759,
        -0.9757401,
        -1.0536956,
        -1.1295319,
        -1.1316974,
        -1.1632407,
        -1.1119463,
        -1.064236,
        -1.0178666,
        -0.97069407,
        -0.9372771,
        -0.9296121,
        -0.8855262,
        -0.86234736,
        -0.82626474,
        -0.7983908,
        -0.7854341,
        -0.7679757,
        -0.7719051,
        -0.82097995,
        -0.88392353,
        -0.93211126,
        -0.98723644,
        -0.9898993,
        -0.983469,
        -0.9418316,
        -0.85803163,
        -0.7633085,
        -0.66967416,
        -0.57705736,
        -0.5092745,
        -0.47077394,
        -0.44943264,
        -0.41626206,
        -0.39037654,
        -0.36419588,
        -0.31570095,
        -0.25392723,
        -0.19539511,
        -0.10909459,
        -0.033420175,
        0.017083526,
        0.073274836,
        0.09906837,
        0.1227857,
        0.115236044,
        0.12385775,
        0.11235611,
        0.11860046,
        0.11598636,
        0.10457577,
        0.12998192,
        0.1281243,
        0.19982807,
        0.22350237,
        0.25216094,
        0.24329546,
        0.24302502,
        0.21796402,
        0.18222533
    ],
    "y": [
        -1.4072404,
        -1.6376109,
        -1.8754547,
        -2.0849516,
        -2.2969854,
        -2.5232127,
        -2.770593,
        -2.9961486,
        -3.240476,
        -3.4495213,
        -3.5380964,
        -3.396377,
        -3.0223012,
        -2.4353757,
        -1.7699406,
        -1.1147735,
        -0.56819296,
        -0.1277628,
        0.2113862,
        0.5450239,
        0.8566761,
        1.1896358,
        1.6040416,
        2.0522075,
        2.548676,
        3.1364946,
        3.7439356,
        4.3803644,
        4.976156,
        5.454627,
        5.767805,
        5.934753,
        5.986417,
        5.9655046,
        5.900301,
        5.814242,
        5.7354984,
        5.581987,
        5.4126506,
        5.1576943,
        4.7666683,
        4.2588778,
        3.7041469,
        3.1341052,
        2.5375772,
        1.9298029,
        1.2567062,
        0.6125746,
        0.02237463,
        -0.51553726,
        -0.9598203,
        -1.2983475,
        -1.5813513,
        -1.7874429,
        -1.919245,
        -2.0584507,
        -2.1646047,
        -2.2546606,
        -2.3071969,
        -2.329484,
        -2.302485,
        -2.2647924,
        -2.212054,
        -2.1446118,
        -2.108117,
        -2.0597427,
        -1.9734747,
        -1.8662243,
        -1.7595661,
        -1.6199486,
        -1.5141401,
        -1.3750205,
        -1.2335134,
        -1.0847578,
        -0.93334866,
        -0.80075073,
        -0.7129936,
        -0.6483455,
        -0.60184336,
        -0.53259706,
        -0.4693036,
        -0.4286251,
        -0.38682032,
        -0.35361052,
        -0.39362335,
        -0.42309093,
        -0.41817236,
        -0.39568663,
        -0.37711954,
        -0.34812784,
        -0.30161285,
        -0.28566504,
        -0.27648735,
        -0.29344368,
        -0.32708597,
        -0.36795473,
        -0.4159875,
        -0.40426493,
        -0.39743805,
        -0.35964727,
        -0.31490946,
        -0.2609067,
        -0.20248175,
        -0.15644598,
        -0.108435154,
        -0.07513809,
        -0.058755875,
        -0.032869816,
        -0.03563595,
        -0.012056828,
        -0.00050735474,
        0.044480324,
        0.058128357,
        0.06905222,
        0.058030605,
        0.034714222,
        -0.017513752,
        -0.014719963,
        -0.0070590973,
        0.048725605,
        0.11449385,
        0.14977884,
        0.19785833,
        0.2301426,
        0.24912596,
        0.2667365,
        0.26611805,
        0.25683498,
        0.22692013,
        0.19053221,
        0.20482683,
        0.19762182,
        0.2235794,
        0.2583804,
        0.28493118,
        0.28379297,
        0.2690935,
        0.22161818,
        0.19879103,
        0.16959,
        0.16041803,
        0.15478086,
        0.13617897,
        0.14318275,
        0.14021158,
        0.15621662,
        0.17933941,
        0.22166967,
        0.2569294
    ],