{
    "class": "yneg",
    "duration_ms": 700,
    "x": [
        0.12455465,
        0.09461072,
        0.08145143,
        0.09445585,
        0.13120562,
        0.1322636,
        0.14791504,
        0.15921302,
        0.14245254,
        0.1167566,
        0.05351285,
        -0.03524944,
        -0.10217272,
        -0.13588706,
        -0.18425128,
        -0.19477634,
        -0.18426359,
        -0.14803813,
        -0.07430297,
        -0.027243882,
        0.06488026,
        0.14481393,
        0.21051267,
        0.28360403,
        0.3281812,
        0.3374906,
        0.3687282,
        0.4003963,
        0.43958908,
        0.47900605,
        0.5354065,
        0.6303775,
        0.6877922,
        0.7555354,
        0.82390684,
        0.8930134,
        0.9701566,
        1.0103197,
        0.93529016,
        0.77201205,
        0.54301524,
        0.2779511,
        0.034822524,
        -0.2703603,
        -0.7108599,
        -1.2459517,
        -1.8330386,
        -2.4392617,
        -3.0172129,
        -3.5022116,
        -3.9622931,
        -4.410035,
        -4.6381836,
        -4.4680996,
        -4.5847797,
        -4.1051316,
        -2.9794877,
        -1.7615088,
        -0.6764063,
        0.28910998,
        1.1046481,
        1.8182297,
        2.427084,
        2.9112878,
        3.3055725,
        3.5386767,
        3.6297238,
        3.52791,
        3.3300402,
        2.9766562,
        2.5945141,
        2.2265663,
        1.9092275,
        1.6698793,
        1.5221968,
        1.4157498,
        1.3460883,
        1.2372355,
        1.156739,
        1.0047666,
        0.84879553,
        0.59336567,
        0.34096286,
        0.064898044,
        -0.19460593,
        -0.34223366,
        -0.48113853,
        -0.5827708,
        -0.63283145,
        -0.67464244,
        -0.6652162,
        -0.65950775,
        -0.62858677,
        -0.5816776,
        -0.47558874,
        -0.38406822,
        -0.21094713,
        -0.0897778,
        0.04676929,
        0.13409767,
        0.22949702,
        0.30412158,
        0.358122,
        0.39146125,
        0.40870887,
        0.3569568,
        0.29817763,
        0.24407378,
        0.14423954,
        0.058151722,
        -0.019208819,
        -0.13097528,
        -0.18380912,
        -0.2135096,
        -0.17897195,
        -0.12274277,
        -0.044146627,
        0.035814375,
        0.10578287,
        0.12822106,
        0.12266609,
        0.065019876,
        -0.002209872,
        -0.10359192,
        -0.22797921,
        -0.35939395,
        -0.4292326,
        -0.45451152,
        -0.48812318,
        -0.46576932,
        -0.4355317,
        -0.44292748,
        -0.4448224,
        -0.43402708,
        -0.37437642,
        -0.3108313,
        -0.23099354,
        -0.14393619,
        -0.092146486,
        -0.07305138,
        -0.040887415,
        -0.06252155,
        -0.0949077,
        -0.0903946,
        -0.17357646,
        -0.21572314,
        -0.22684672,
        -0.24323034,
        -0.29132205
    ],
    "y": [
        0.106487274,
        0.119400024,
        0.1034317,
        0.12055302,
        0.13953495,
        0.15333652,
        0.181036,
        0.18701172,
        0.24275112,
        0.2766533,
        0.31504345,
        0.34362125,
        0.3862877,
        0.44271946,
        0.4986887,
        0.5446348,
        0.5877352,
        0.6232004,
        0.6272383,
        0.6358185,
        0.63221073,
        0.6069851,
        0.57931805,
        0.5373001,
        0.44549847,
        0.342268,
        0.2229948,
        0.087760925,
        -0.06799412,
        -0.30813217,
        -0.5941448,
        -0.8995385,
        -1.264595,
        -1.7103434,
        -2.2861443,
        -3.02663,
        -3.8876977,
        -4.8888116,
        -6.0090523,
        -7.1835766,
        -8.429111,
        -9.604648,
        -10.686375,
        -11.557066,
        -12.082793,
        -12.211046,
        -11.942026,
        -11.230593,
        -10.120199,
        -8.5705,
        -6.6418095,
        -4.4014773,
        -2.0219097,
        0.09316254,
        1.724659,
        2.5272942,
        2.4934254,
        2.1148586,
        1.9160175,
        2.1144943,
        2.7004232,
        3.5061283,
        4.270756,
        4.8291473,
        5.152466,
        5.307371,
        5.4415836,
        5.6451187,
        5.8857718,
        6.1719265,
        6.4209557,
        6.571945,
        6.640649,
        6.5951014,
        6.408272,
        6.0869055,
        5.676343,
        5.1814747,
        4.6767855,
        4.167451,
        3.6995697,
        3.342946,
        3.048046,
        2.8058558,
        2.6146364,
        2.4343262,
        2.2442522,
        2.0210695,
        1.7677822,
        1.5447397,
        1.4002151,
        1.2483759,
        1.1899328,
        1.0813951,
        0.95639324,
        0.80524063,
        0.66609,
        0.488266,
        0.36459255,
        0.25135708,
        0.19572067,
        0.11335182,
        0.025172234,
        -0.085915565,
        -0.2010479,
        -0.329957,
        -0.4272499,
        -0.5119734,
        -0.5290265,
        -0.53335047,
        -0.49840927,
        -0.47655678,
        -0.47695923,
        -0.501678,
        -0.50961924,
        -0.5290885,
        -0.57165766,
        -0.553226,
        -0.5357723,
        -0.50236607,
        -0.4505682,
        -0.41632938,
        -0.3949728,
        -0.37015915,
        -0.3159256,
        -0.27095127,
        -0.29521656,
        -0.28848267,
        -0.3058939,
        -0.29734898,
        -0.30124664,
        -0.31996632,
        -0.3008423,
        -0.27731514,
        -0.25634575,
        -0.27110386,
        -0.28302574,
        -0.3326149,
        -0.37204075,
        -0.3987589,
        -0.38893414,
        -0.44543457,
        -0.43202496,
        -0.45414114,
        -0.4091015,
        -0.38076305,
        -0.3356552,
        -0.31205368,
        -0.31704807
    ],