{
    "class": "yneg",
    "duration_ms": 700,
    "x": [
        0.24654344,
        0.32364774,
        0.36026326,
        0.4070835,
        0.42419177,
        0.42860395,
        0.4180051,
        0.40665823,
        0.36592236,
        0.305232,
        0.25286964,
        0.2037839,
        0.12666619,
        0.08307314,
        0.05109644,
        0.030447632,
        0.05427867,
        0.041533053,
        0.070972115,
        0.094961405,
        0.12302941,
        0.15289876,
        0.20373908,
        0.23054253,
        0.25994408,
        0.25890934,
        0.23966727,
        0.18574432,
        0.08309084,
        0.00082573295,
        -0.063907176,
        -0.16630831,
        -0.23275319,
        -0.22101799,
        -0.18648311,
        -0.13387984,
        -0.055934906,
        0.028766096,
        0.14939532,
        0.30149367,
        0.40475485,
        0.46941164,
        0.47675815,
        0.44119778,
        0.40287668,
        0.33745328,
        0.2556828,
        0.17818266,
        0.21624187,
        0.33278394,
        0.5222986,
        0.7229922,
        0.7850963,
        0.6927721,
        0.45109627,
        0.08420682,
        -0.24529481,
        -0.5471168,
        -0.79295176,
        -0.9501055,
        -1.0269227,
        -1.0581827,
        -1.0970746,
        -1.1555789,
        -1.1948762,
        -1.1929317,
        -1.209075,
        -1.232862,
        -1.2604462,
        -1.2661624,
        -1.1913812,
        -1.1192604,
        -1.0491922,
        -1.0068213,
        -0.97004825,
        -0.8334931,
        -0.67370296,
        -0.46446967,
        -0.2703874,
        -0.14195254,
        -0.053148553,
        0.00995364,
        0.14023182,
        0.29926422,
        0.50133693,
        0.67670655,
        0.86033577,
        1.0916836,
        1.3697968,
        1.600972,
        1.7828969,
        1.8863883,
        1.8821955,
        1.7959651,
        1.577124,
        1.3312631,
        1.030633,
        0.6717477,
        0.32029688,
        -0.017831597,
        -0.4016332,
        -0.73017555,
        -1.0368239,
        -1.3025643,
        -1.5324634,
        -1.664767,
        -1.7693858,
        -1.8062536,
        -1.7376312,
        -1.571306,
        -1.2621977,
        -0.86065376,
        -0.43126243,
        -0.021774642,
        0.34889078,
        0.65024,
        0.8950359,
        1.0241598,
        1.0548035,
        0.99647295,
        0.8395853,
        0.6533588,
        0.37301666,
        0.1298889,
        -0.06432004,
        -0.2361821,
        -0.40745407,
        -0.49936616,
        -0.5624591,
        -0.60903585,
        -0.6203127,
        -0.59650874,
        -0.5953021,
        -0.5762139,
        -0.50596154,
        -0.4373042,
        -0.3246423,
        -0.17271903,
        -0.026856333,
        0.1109533,
        0.20041224,
        0.23705156,
        0.19726624,
        0.15040046,
        0.08679664,
        -0.01293537,
        -0.13227934,
        -0.21416306
    ],
    "y": [
        0.14798641,
        0.22075891,
        0.28238535,
        0.29479933,
        0.32448053,
        0.30213404,
        0.2729764,
        0.2581458,
        0.2287879,
        0.19434452,
        0.19269228,
        0.19028711,
        0.20358324,
        0.23481464,
        0.2719078,
        0.31008387,
        0.3278737,
        0.31597996,
        0.32690477,
        0.29405832,
        0.25360918,
        0.20097065,
        0.16013241,
        0.10506916,
        0.06698227,
        0.045899868,
        0.02760458,
        0.019313335,
        0.032921314,
        0.037379265,
        0.037352562,
        0.018435001,
        -0.005097389,
        -0.071249485,
        -0.20100927,
        -0.31055927,
        -0.4260292,
        -0.60181284,
        -0.896605,
        -1.2688518,
        -1.6774826,
        -2.1268232,
        -2.5334423,
        -2.9807417,
        -3.468345,
        -3.9717093,
        -4.528126,
        -5.1281214,
        -5.7049456,
        -6.285317,
        -6.8025913,
        -7.135311,
        -7.319804,
        -7.2702,
        -6.96774,
        -6.5489016,
        -6.0088162,
        -5.3952355,
        -4.7751164,
        -4.145964,
        -3.5172975,
        -2.7909372,
        -1.9933469,
        -1.1173773,
        -0.18227673,
        0.87408066,
        2.0134463,
        3.1716003,
        4.3298965,
        5.326407,
        6.1718297,
        6.9608974,
        7.7140236,
        8.448811,
        9.1035,
        9.6015005,
        9.839567,
        9.816844,
        9.598964,
        9.317999,
        9.000664,
        8.640316,
        8.194528,
        7.546955,
        6.725104,
        5.7518077,
        4.7672734,
        3.8066874,
        2.8479323,
        1.9338341,
        0.9877405,
        0.1322217,
        -0.6653061,
        -1.3242631,
        -1.8475399,
        -2.1947308,
        -2.3900197,
        -2.4673364,
        -2.4559667,
        -2.3663042,
        -2.2090964,
        -2.0194423,
        -1.8135884,
        -1.6488986,
        -1.4776914,
        -1.3099904,
        -1.1845899,
        -1.1476398,
        -1.1495805,
        -1.1648698,
        -1.2397943,
        -1.3511412,
        -1.4350963,
        -1.4995866,
        -1.507071,
        -1.5106983,
        -1.4082551,
        -1.2479324,
        -1.0538764,
        -0.8739443,
        -0.71984863,
        -0.5770354,
        -0.49777842,
        -0.47666216,
        -0.529943,
        -0.56611824,
        -0.5848856,
        -0.56461334,
        -0.5100255,
        -0.46675396,
        -0.41344166,
        -0.37181187,
        -0.33247662,
        -0.2715659,
        -0.24427176,
        -0.1906743,
        -0.18248749,
        -0.21713686,
        -0.26103878,
        -0.3141718,
        -0.34540415,
        -0.32376432,
        -0.27824736,
        -0.22321129,
        -0.18019485,
        -0.13004732,
        -0.13974571,
        -0.10656071
    ],