{
    "class": "yneg",
    "duration_ms": 700,
    "x": [
        0.18589771,
        0.20891255,
        0.24299389,
        0.29285526,
        0.35385513,
        0.42372632,
        0.50471824,
        0.59207845,
        0.6622359,
        0.7226542,
        0.7577366,
        0.7550565,
        0.7073191,
        0.6240997,
        0.5125677,
        0.3752479,
        0.22394577,
        0.06557572,
        -0.10264528,
        -0.2838071,
        -0.47626644,
        -0.65917814,
        -0.8259868,
        -0.96239763,
        -1.0635009,
        -1.1194427,
        -1.1270785,
        -1.0760112,
        -0.9773772,
        -0.835179,
        -0.6652765,
        -0.47180972,
        -0.26155993,
        -0.058472842,
        0.122999445,
        0.2732025,
        0.3798998,
        0.44275048,
        0.45654464,
        0.4139257,
        0.3364362,
        0.22650471,
        0.09846406,
        -0.045244783,
        -0.20234193,
        -0.37319338,
        -0.5439326,
        -0.7077648,
        -0.8481356,
        -0.9507749,
        -0.9944191,
        -0.9862125,
        -0.9236783,
        -0.81378675,
        -0.6684169,
        -0.49471268,
        -0.30001488,
        -0.10356281,
        0.06821249,
        0.21277061,
        0.32304555,
        0.40172264,
        0.4539923,
        0.47779015,
        0.45922104,
        0.4057588,
        0.31771454,
        0.20482232,
        0.0695359,
        -0.07848383,
        -0.22250195,
        -0.34810063,
        -0.45756313,
        -0.5438765,
        -0.60724497,
        -0.6479448,
        -0.66640455,
        -0.6582653,
        -0.6194195,
        -0.5527248,
        -0.4607246,
        -0.34352604,
        -0.21303126,
        -0.08333495,
        0.055316783,
        0.18415733,
        0.29892713,
        0.40514782,
        0.48898187,
        0.5529696,
        0.5876827,
        0.5809813,
        0.53963953,
        0.47759008,
        0.39918125,
        0.30880892,
        0.21306512,
        0.1283635,
        0.054563478,
        -0.00605917,
        -0.048509628,
        -0.07985693,
        -0.09759836,
        -0.106400594,
        -0.10365644,
        -0.09403713,
        -0.086754546,
        -0.07693626,
        -0.06438914,
        -0.049275413,
        -0.01987958,
        0.011674881,
        0.059879504,
        0.103074506,
        0.14131108,
        0.17202266,
        0.19516234,
        0.2130751,
        0.22108057,
        0.20967472,
        0.18608767,
        0.16005845,
        0.13160165,
        0.098323375,
        0.06509283,
        0.024675503,
        -0.013312995,
        -0.05362548,
        -0.08677249,
        -0.11513996,
        -0.12925743,
        -0.13609825,
        -0.13078867,
        -0.1180114,
        -0.0978339,
        -0.07024568,
        -0.03305061,
        -0.0030509979,
        0.03166735,
        0.06634307,
        0.1035225,
        0.13617097,
        0.15734965,
        0.17195721,
        0.1847447,
        0.19120018,
        0.19646426,
        0.18631962,
        0.16314685
    ],
    "y": [
        -0.9388881,
        -1.0292811,
        -1.1300025,
        -1.2507071,
        -1.4034414,
        -1.585953,
        -1.8029761,
        -2.0567358,
        -2.3302667,
        -2.6184814,
        -2.93249,
        -3.2389965,
        -3.533122,
        -3.8099005,
        -4.066658,
        -4.307946,
        -4.5214386,
        -4.6901536,
        -4.801771,
        -4.82724,
        -4.761569,
        -4.6045856,
        -4.365688,
        -4.04471,
        -3.658514,
        -3.2121587,
        -2.7084901,
        -2.1528385,
        -1.5482166,
        -0.9070687,
        -0.22723436,
        0.47199583,
        1.17868,
        1.8737617,
        2.545155,
        3.187904,
        3.7945757,
        4.3577003,
        4.869777,
        5.328301,
        5.7139025,
        6.0289354,
        6.2659397,
        6.434371,
        6.5340223,
        6.583686,
        6.5828314,
        6.5330663,
        6.4289265,
        6.267447,
        6.0433054,
        5.7535114,
        5.3951797,
        4.9776945,
        4.5248766,
        4.034796,
        3.527452,
        3.020728,
        2.5254316,
        2.0665207,
        1.654542,
        1.2783046,
        0.93127775,
        0.60683966,
        0.30300665,
        0.017766476,
        -0.2535491,
        -0.496428,
        -0.7179651,
        -0.91807365,
        -1.09425,
        -1.2583909,
        -1.4057364,
        -1.5291677,
        -1.626549,
        -1.698019,
        -1.7437174,
        -1.7614129,
        -1.7511976,
        -1.715646,
        -1.6454191,
        -1.5432382,
        -1.4190655,
        -1.2827756,
        -1.1394267,
        -0.99627066,
        -0.86284685,
        -0.74624443,
        -0.64625263,
        -0.56019783,
        -0.48545742,
        -0.41455936,
        -0.3425269,
        -0.27667904,
        -0.2099576,
        -0.1475749,
        -0.08266544,
        -0.025156498,
        0.027139187,
        0.076449394,
        0.120363235,
        0.17088842,
        0.2233777,
        0.27314186,
        0.31322527,
        0.34373617,
        0.369493,
        0.39062023,
        0.39516878,
        0.395185,
        0.38120556,
        0.3628602,
        0.34740114,
        0.33252954,
        0.32310295,
        0.32394505,
        0.3301921,
        0.34894037,
        0.36338854,
        0.37351704,
        0.3887992,
        0.3995428,
        0.40551233,
        0.4042492,
        0.39808178,
        0.38928413,
        0.3847947,
        0.3869028,
        0.40035772,
        0.4133339,
        0.42602205,
        0.44100666,
        0.45386267,
        0.4744463,
        0.49105692,
        0.5135536,
        0.5421963,
        0.56741905,
        0.59164524,
        0.617105,
        0.62926435,
        0.63027,
        0.6127968,
        0.58860445,
        0.5527463,
        0.51467896,
        0.4742117,
        0.43581486,
        0.40414286
    ],