{
    "class": "yneg",
    "duration_ms": 700,
    "x": [
        0.015640706,
        0.04931748,
        0.08326572,
        0.11278969,
        0.13544941,
        0.1534383,
        0.16686258,
        0.16864473,
        0.15386426,
        0.13206297,
        0.10310197,
        0.06923467,
        0.030343652,
        0.00067421794,
        -0.027107507,
        -0.050700307,
        -0.07944384,
        -0.108489156,
        -0.1353074,
        -0.1574134,
        -0.16770789,
        -0.1661385,
        -0.15759385,
        -0.13269266,
        -0.09164694,
        -0.025001764,
        0.057673603,
        0.15426198,
        0.2603709,
        0.37884036,
        0.5051724,
        0.63497835,
        0.7615703,
        0.8759067,
        0.9735253,
        1.0447469,
        1.0580645,
        1.0053959,
        0.8939787,
        0.70754457,
        0.45890024,
        0.15195832,
        -0.20163059,
        -0.58484495,
        -0.9609162,
        -1.2927488,
        -1.5578243,
        -1.7361292,
        -1.8218391,
        -1.8211606,
        -1.7546196,
        -1.6408097,
        -1.4991435,
        -1.347074,
        -1.192758,
        -1.0397983,
        -0.8894937,
        -0.7353568,
        -0.5556913,
        -0.3521176,
        -0.118756294,
        0.14108875,
        0.39070773,
        0.59550476,
        0.76531494,
        0.9141629,
        1.0349491,
        1.1229686,
        1.1872619,
        1.2312503,
        1.2560877,
        1.2661548,
        1.2737648,
        1.3013479,
        1.3743218,
        1.5037222,
        1.6805773,
        1.887741,
        2.0933204,
        2.2772913,
        2.4173322,
        2.5071213,
        2.5523756,
        2.5472898,
        2.4960852,
        2.4059782,
        2.2871437,
        2.1238668,
        1.9173075,
        1.6803043,
        1.4182366,
        1.1340514,
        0.8471295,
        0.5525649,
        0.25498304,
        -0.038765475,
        -0.32162625,
        -0.58683014,
        -0.8278599,
        -1.0167646,
        -1.1204256,
        -1.1388344,
        -1.0860281,
        -0.9757732,
        -0.83134234,
        -0.6688251,
        -0.5072844,
        -0.37060487,
        -0.27322423,
        -0.22489253,
        -0.21169266,
        -0.21729171,
        -0.23486635,
        -0.25255352,
        -0.26806048,
        -0.27660993,
        -0.2734818,
        -0.25872567,
        -0.24658822,
        -0.23715352,
        -0.23046035,
        -0.2290477,
        -0.23054855,
        -0.23015752,
        -0.23255214,
        -0.24714497,
        -0.2715505,
        -0.2986034,
        -0.3353454,
        -0.38415506,
        -0.43557468,
        -0.47992244,
        -0.51218957,
        -0.53948265,
        -0.5594186,
        -0.5724219,
        -0.5742089,
        -0.57440764,
        -0.5660392,
        -0.5538467,
        -0.53281456,
        -0.5145323,
        -0.49154162,
        -0.4731449,
        -0.46614176,
        -0.47021568,
        -0.48290342,
        -0.50924623
    ],
    "y": [
        0.13349009,
        0.15189457,
        0.17489243,
        0.20479774,
        0.23440409,
        0.26138353,
        0.29054213,
        0.32181787,
        0.34803724,
        0.3809147,
        0.41316795,
        0.44217682,
        0.46779537,
        0.48516035,
        0.49915504,
        0.5168581,
        0.54298735,
        0.5752611,
        0.6067915,
        0.635519,
        0.65698147,
        0.6713624,
        0.67162514,
        0.66021585,
        0.6372204,
        0.5956054,
        0.5402217,
        0.4615159,
        0.35231352,
        0.21046591,
        0.022014618,
        -0.23391008,
        -0.57799435,
        -1.0236812,
        -1.5866117,
        -2.239583,
        -2.941519,
        -3.6564498,
        -4.384555,
        -5.08057,
        -5.725327,
        -6.28065,
        -6.7227135,
        -7.0252542,
        -7.1857576,
        -7.213562,
        -7.127434,
        -6.953468,
        -6.7131777,
        -6.3993955,
        -6.00981,
        -5.5204277,
        -4.9117055,
        -4.173527,
        -3.302916,
        -2.3161438,
        -1.2510993,
        -0.16952991,
        0.8570852,
        1.7881923,
        2.6189222,
        3.370726,
        4.091153,
        4.8108177,
        5.5386553,
        6.2523303,
        6.936195,
        7.564661,
        8.104864,
        8.557277,
        8.924969,
        9.201492,
        9.378616,
        9.436676,
        9.368232,
        9.165857,
        8.841377,
        8.392354,
        7.835645,
        7.1882157,
        6.479305,
        5.733959,
        4.977404,
        4.2349434,
        3.524712,
        2.857307,
        2.24088,
        1.6763725,
        1.1623292,
        0.6951175,
        0.2686143,
        -0.11620855,
        -0.468081,
        -0.7888408,
        -1.0781438,
        -1.3358552,
        -1.5550992,
        -1.7363648,
        -1.8852527,
        -2.0168211,
        -2.1436985,
        -2.2760642,
        -2.402442,
        -2.5186446,
        -2.6084526,
        -2.6701784,
        -2.6994367,
        -2.703814,
        -2.692892,
        -2.6618397,
        -2.6176116,
        -2.5624502,
        -2.4985516,
        -2.4305816,
        -2.3631783,
        -2.301001,
        -2.2390885,
        -2.1749022,
        -2.1131282,
        -2.0510988,
        -1.9980841,
        -1.9489493,
        -1.896251,
        -1.8421698,
        -1.7770052,
        -1.7032175,
        -1.6350951,
        -1.5607057,
        -1.4849176,
        -1.3957827,
        -1.3075733,
        -1.2179532,
        -1.1292481,
        -1.0438313,
        -0.9665818,
        -0.8951745,
        -0.8296757,
        -0.76541185,
        -0.6976919,
        -0.62429476,
        -0.55027246,
        -0.47821093,
        -0.4224758,
        -0.38307285,
        -0.3480506,
        -0.32697725,
        -0.3078599,
        -0.29085255
    ],