{
    "class": "yneg",
    "duration_ms": 700,
    "x": [
        -0.0536772,
        0.030272394,
        0.09267546,
        0.11537337,
        0.14888985,
        0.16026543,
        0.12814336,
        0.12630102,
        0.118690655,
        0.13372378,
        0.1494422,
        0.17263196,
        0.20289044,
        0.24227089,
        0.2643995,
        0.26226914,
        0.269181,
        0.26134115,
        0.23635013,
        0.19696131,
        0.16231479,
        0.12048805,
        0.076444745,
        0.042287022,
        0.0037237406,
        -0.05338651,
        -0.107691824,
        -0.13804698,
        -0.17088628,
        -0.21321058,
        -0.24353689,
        -0.2499564,
        -0.24206236,
        -0.18674743,
        -0.14841458,
        -0.124310434,
        -0.09070504,
        -0.047752023,
        -0.06443101,
        -0.07637608,
        -0.07892805,
        -0.098321736,
        -0.12015745,
        -0.12076971,
        -0.043355495,
        0.078445494,
        0.24249642,
        0.38701913,
        0.4696234,
        0.53814673,
        0.6232574,
        0.66772497,
        0.66227865,
        0.69301003,
        0.7386618,
        0.77829635,
        0.83854467,
        0.85781866,
        0.86720216,
        0.84610885,
        0.82567865,
        0.7306086,
        0.5502097,
        0.2668596,
        -0.15619648,
        -0.6649798,
        -1.1287335,
        -1.6148415,
        -2.0320919,
        -2.3202753,
        -2.4718397,
        -2.4434075,
        -2.2538943,
        -1.962595,
        -1.6641756,
        -1.3622402,
        -1.1442575,
        -0.9761627,
        -0.9101474,
        -0.8143561,
        -0.63384473,
        -0.31344974,
        0.0872399,
        0.5158879,
        0.8552146,
        1.1868516,
        1.4802755,
        1.8081913,
        2.0785372,
        2.1708202,
        2.5014338,
        2.7253485,
        2.7875016,
        2.573376,
        2.3484147,
        2.0943224,
        1.7586638,
        1.3749305,
        1.0104078,
        0.8120534,
        0.6983746,
        0.5667552,
        0.4083172,
        0.21635255,
        -0.02051055,
        -0.27285394,
        -0.50159675,
        -0.6820836,
        -0.7801061,
        -0.8265027,
        -0.8066914,
        -0.7997935,
        -0.74887025,
        -0.64717007,
        -0.5481922,
        -0.44546282,
        -0.32272902,
        -0.19203882,
        -0.043599084,
        0.053565957,
        0.12864342,
        0.12220548,
        0.10159788,
        3.8430095e-05,
        -0.093838185,
        -0.19449213,
        -0.30445135,
        -0.34992284,
        -0.38384634,
        -0.38010946,
        -0.36251903,
        -0.3071825,
        -0.16131651,
        -0.060932666,
        0.032489657,
        0.107269585,
        0.1635724,
        0.2011624,
        0.21021509,
        0.1975517,
        0.10566826,
        0.0037079602,
        -0.08425635,
        -0.19162694,
        -0.2944368,
        -0.40696776,
        -0.48608607,
        -0.55127746,
        -0.5692955
    ],
    "y": [
        0.05872345,
        0.07772398,
        0.049909115,
        0.084982395,
        0.123092175,
        0.18802834,
        0.2534237,
        0.2955799,
        0.29797697,
        0.27502012,
        0.23370981,
        0.17136812,
        0.08778715,
        0.03254509,
        -0.013994694,
        -0.054498196,
        -0.07014656,
        -0.056328297,
        -0.04886198,
        -0.038006783,
        -0.018948555,
        -0.015331268,
        -0.02678442,
        -0.04586506,
        -0.034404278,
        -0.025629044,
        -0.028841972,
        -0.010564327,
        0.010149479,
        0.09742451,
        0.18669367,
        0.26374054,
        0.28118467,
        0.32521486,
        0.34122324,
        0.32467556,
        0.3139267,
        0.33737087,
        0.33753347,
        0.32638025,
        0.39640856,
        0.4327426,
        0.51619625,
        0.5442152,
        0.5029936,
        0.39548302,
        0.2388196,
        0.047692776,
        -0.12299681,
        -0.27102423,
        -0.4225788,
        -0.5584488,
        -0.71896124,
        -0.9180832,
        -1.2385278,
        -1.7292535,
        -2.296158,
        -2.9008029,
        -3.521528,
        -4.2094636,
        -4.9226418,
        -5.5750003,
        -6.150123,
        -6.5072756,
        -6.501208,
        -6.2379007,
        -5.686992,
        -4.8708396,
        -3.8856494,
        -2.9107363,
        -2.0052736,
        -1.2017887,
        -0.5326619,
        0.02221775,
        0.50466967,
        1.0279365,
        1.7529464,
        2.6372032,
        3.5857615,
        4.436813,
        5.097703,
        5.494647,
        5.7855425,
        6.0152516,
        6.235737,
        6.40532,
        6.467909,
        6.384081,
        6.1862264,
        5.9400215,
        5.682402,
        5.3834653,
        5.058751,
        4.659221,
        4.207716,
        3.69173,
        3.130097,
        2.608716,
        2.0963144,
        1.549778,
        1.0026927,
        0.46981955,
        -0.028971195,
        -0.40635967,
        -0.6682353,
        -0.844393,
        -0.9837785,
        -1.0660691,
        -1.1547692,
        -1.282408,
        -1.4242978,
        -1.5535991,
        -1.7107158,
        -1.8692517,
        -1.9886222,
        -2.1193058,
        -2.2257388,
        -2.298825,
        -2.3389134,
        -2.324956,
        -2.228728,
        -2.0960886,
        -1.9032247,
        -1.6192031,
        -1.3303235,
        -1.0651901,
        -0.7712207,
        -0.5607395,
        -0.3882146,
        -0.2869525,
        -0.22316408,
        -0.21829844,
        -0.18605232,
        -0.21251059,
        -0.225811,
        -0.23799229,
        -0.3017521,
        -0.2976141,
        -0.30959845,
        -0.34263802,
        -0.34915686,
        -0.32692194,
        -0.31919098,
        -0.29486895,
        -0.2802391,
        -0.2632389,
        -0.25327063,
        -0.19043398,
        -0.12986994
    ],