{
    "class": "yneg",
    "duration_ms": 700,
    "x": [
        0.30110127,
        0.3916304,
        0.44330925,
        0.43078324,
        0.38533014,
        0.31140605,
        0.23251277,
        0.13628751,
        0.07237754,
        -0.0050420538,
        -0.1010144,
        -0.16601126,
        -0.2529527,
        -0.31927124,
        -0.34857813,
        -0.39341426,
        -0.40375102,
        -0.3914156,
        -0.3371153,
        -0.27405947,
        -0.1829103,
        -0.09674191,
        -0.034223497,
        -0.011509478,
        0.016869698,
        0.036363203,
        0.039515637,
        0.061649147,
        0.106944144,
        0.23905866,
        0.42658296,
        0.6290143,
        0.8249074,
        0.9574213,
        1.1195264,
        1.2489276,
        1.3575374,
        1.4668924,
        1.522786,
        1.4645401,
        1.3461958,
        1.1581296,
        0.95601225,
        0.68254685,
        0.37844038,
        0.13420035,
        -0.10572209,
        -0.46874058,
        -0.8646463,
        -1.2538004,
        -1.67301,
        -1.9698809,
        -2.1496637,
        -2.2460015,
        -2.2994816,
        -2.2861633,
        -2.16778,
        -1.9490961,
        -1.6226883,
        -1.2791382,
        -0.8701452,
        -0.531591,
        -0.26339495,
        -0.09663783,
        -0.05531127,
        -0.14918664,
        -0.30424365,
        -0.47719595,
        -0.55511284,
        -0.5706785,
        -0.5302269,
        -0.43544596,
        -0.3170038,
        -0.17686588,
        -0.021901071,
        0.1742898,
        0.43995896,
        0.7579336,
        1.1590571,
        1.6148026,
        2.0541987,
        2.3893952,
        2.634847,
        2.8423808,
        2.9961455,
        3.009245,
        2.8835068,
        2.5876095,
        2.1525605,
        1.7311628,
        1.3634913,
        0.9727249,
        0.5351138,
        0.15172908,
        -0.1073793,
        -0.2771515,
        -0.41203418,
        -0.5210146,
        -0.5895586,
        -0.5961094,
        -0.55050105,
        -0.52027035,
        -0.47502834,
        -0.46805054,
        -0.42577106,
        -0.40606776,
        -0.36848542,
        -0.36323598,
        -0.33057255,
        -0.33748338,
        -0.37903854,
        -0.4287606,
        -0.4433113,
        -0.47730508,
        -0.46821606,
        -0.43735898,
        -0.4134156,
        -0.41792238,
        -0.41503257,
        -0.4360322,
        -0.45735925,
        -0.51517886,
        -0.57160574,
        -0.6483285,
        -0.7121172,
        -0.7418051,
        -0.72775155,
        -0.6722532,
        -0.610718,
        -0.5236066,
        -0.45104778,
        -0.3519317,
        -0.30964512,
        -0.26875737,
        -0.24367833,
        -0.24177043,
        -0.24429257,
        -0.28039938,
        -0.3169567,
        -0.35433292,
        -0.37120908,
        -0.36784512,
        -0.3061661,
        -0.23621377,
        -0.19823143,
        -0.1701858,
        -0.12541491,
        -0.09250434,
        -0.107200034,
        -0.1241358
    ],
    "y": [
        0.04281664,
        0.075521946,
        0.123729706,
        0.20657253,
        0.27389812,
        0.3163371,
        0.34549665,
        0.3158574,
        0.31273556,
        0.29962778,
        0.3070073,
        0.2937441,
        0.3190632,
        0.3372817,
        0.3649764,
        0.41166258,
        0.4512887,
        0.5152011,
        0.54184437,
        0.59845686,
        0.62353706,
        0.6294718,
        0.621469,
        0.64015436,
        0.64271975,
        0.62707424,
        0.59366465,
        0.54518414,
        0.5032973,
        0.40414047,
        0.24381065,
        0.016137123,
        -0.2376914,
        -0.5246806,
        -0.79501677,
        -1.106534,
        -1.4978585,
        -1.9383533,
        -2.4403784,
        -2.9424257,
        -3.4671216,
        -3.991023,
        -4.4540215,
        -4.858174,
        -5.239106,
        -5.539252,
        -5.832752,
        -5.9162636,
        -5.8188114,
        -5.5383315,
        -5.0585966,
        -4.363327,
        -3.5653083,
        -2.7004619,
        -1.8213744,
        -0.9924412,
        -0.28738832,
        0.25350475,
        0.65229654,
        0.89517593,
        1.0805793,
        1.3139105,
        1.6073918,
        2.0186834,
        2.583724,
        3.2593045,
        3.9661555,
        4.644214,
        5.183228,
        5.552111,
        5.722259,
        5.7225633,
        5.6773314,
        5.6508784,
        5.6356497,
        5.600323,
        5.434639,
        5.1768613,
        4.812705,
        4.3784084,
        3.9222355,
        3.4445996,
        3.0009518,
        2.5510798,
        2.1553593,
        1.7758918,
        1.3916435,
        1.0221491,
        0.7056627,
        0.46343756,
        0.19215775,
        -0.034388065,
        -0.21906853,
        -0.3359766,
        -0.4858694,
        -0.652246,
        -0.8783097,
        -1.1164808,
        -1.3622286,
        -1.5894144,
        -1.7790084,
        -1.9024198,
        -1.9813325,
        -2.0755904,
        -2.118158,
        -2.1089623,
        -2.09321,
        -2.0586152,
        -2.0312629,
        -1.9775236,
        -1.9116583,
        -1.8479328,
        -1.7718539,
        -1.6832194,
        -1.6416531,
        -1.6038375,
        -1.5743814,
        -1.567524,
        -1.5688901,
        -1.5284057,
        -1.4581287,
        -1.4014072,
        -1.3199935,
        -1.1948915,
        -1.1146269,
        -0.99065495,
        -0.89707947,
        -0.7715225,
        -0.64022446,
        -0.49347305,
        -0.36219168,
        -0.26291895,
        -0.15007734,
        -0.10270548,
        -0.049156666,
        -0.0041003227,
        -0.01086092,
        -0.009868622,
        -0.018116951,
        -0.018982887,
        -0.0031342506,
        0.031625748,
        0.08764076,
        0.13622236,
        0.17987251,
        0.21618366,
        0.23328495,
        0.2717967,
        0.26950026,
        0.2837305
    ],