{
    "class": "yneg",
    "duration_ms": 700,
    "x": [
        0.19616395,
        0.218497,
        0.22481136,
        0.2551439,
        0.22606848,
        0.2212516,
        0.20698085,
        0.16889155,
        0.16418658,
        0.24048048,
        0.33853614,
        0.4636193,
        0.54470646,
        0.61550236,
        0.6566205,
        0.6554487,
        0.65373737,
        0.5354655,
        0.3500542,
        0.05393733,
        -0.29074243,
        -0.7220913,
        -1.2019928,
        -1.6515467,
        -2.0945725,
        -2.413494,
        -2.5959547,
        -2.6291265,
        -2.5579886,
        -2.353504,
        -2.0101128,
        -1.5535128,
        -1.047956,
        -0.49810386,
        0.05276723,
        0.53040016,
        0.90615785,
        1.2277215,
        1.5022159,
        1.7319424,
        1.8430451,
        1.900419,
        1.9686816,
        1.990793,
        1.9864404,
        1.9513282,
        1.9428501,
        1.886616,
        1.8375585,
        1.8339366,
        1.8329177,
        1.8176154,
        1.780564,
        1.7117648,
        1.634287,
        1.4850702,
        1.3208376,
        1.160122,
        0.9235748,
        0.71409416,
        0.5246399,
        0.30049816,
        0.114038855,
        -0.10119946,
        -0.3206754,
        -0.5367991,
        -0.74474925,
        -0.9301736,
        -1.1099885,
        -1.2557553,
        -1.3126463,
        -1.3479141,
        -1.3427384,
        -1.3189937,
        -1.2915633,
        -1.1842947,
        -1.0525581,
        -0.8536356,
        -0.6545939,
        -0.44808784,
        -0.24579884,
        -0.085771084,
        0.07532008,
        0.19470933,
        0.2562012,
        0.30311695,
        0.30708578,
        0.2805401,
        0.25736493,
        0.2687129,
        0.24768424,
        0.204106,
        0.17859772,
        0.13281341,
        0.057156622,
        -0.010381341,
        -0.0820692,
        -0.14170536,
        -0.15376477,
        -0.18556826,
        -0.22785339,
        -0.24238105,
        -0.2650845,
        -0.21691193,
        -0.18139336,
        -0.10556649,
        -0.11122121,
        -0.102532685,
        -0.0723854,
        -0.10220823,
        -0.10367072,
        -0.12225619,
        -0.14606649,
        -0.14397131,
        -0.16379315,
        -0.16230433,
        -0.18012306,
        -0.18376566,
        -0.20671009,
        -0.23944871,
        -0.26474863,
        -0.25143456,
        -0.23793736,
        -0.24810304,
        -0.25562924,
        -0.25107595,
        -0.24906301,
        -0.2906206,
        -0.31138268,
        -0.31135738,
        -0.2857242,
        -0.25362855,
        -0.19825509,
        -0.105185665,
        -0.007903308,
        0.067561574,
        0.15024287,
        0.19740814,
        0.26671618,
        0.2889584,
        0.3191919,
        0.3024935,
        0.30122772,
        0.30574682,
        0.25119418,
        0.2279526,
        0.18087415,
        0.18132018,
        0.116444275
    ],
    "y": [
        0.049171448,
        -0.016088963,
        -0.1114521,
        -0.1725936,
        -0.24972916,
        -0.3973837,
        -0.5484319,
        -0.7573643,
        -0.9810195,
        -1.2239776,
        -1.5217113,
        -1.8643782,
        -2.2777543,
        -2.7280695,
        -3.210401,
        -3.729435,
        -4.2677107,
        -4.765058,
        -5.1688595,
        -5.4243174,
        -5.505303,
        -5.4143248,
        -5.0700054,
        -4.4961047,
        -3.7690096,
        -2.9387329,
        -2.084211,
        -1.2150667,
        -0.36971474,
        0.41108847,
        1.1011238,
        1.7196698,
        2.307561,
        2.8195357,
        3.3252997,
        3.7581468,
        4.242614,
        4.697302,
        5.1005163,
        5.528477,
        5.8851237,
        6.172778,
        6.388831,
        6.466045,
        6.4014726,
        6.1994658,
        5.940988,
        5.5920258,
        5.1879225,
        4.783153,
        4.329332,
        3.799807,
        3.215816,
        2.5844793,
        1.9610443,
        1.2815161,
        0.6566825,
        0.099280834,
        -0.38031435,
        -0.7265439,
        -0.998698,
        -1.2419248,
        -1.4775081,
        -1.7052603,
        -1.824666,
        -1.924259,
        -1.9919887,
        -2.00399,
        -2.029758,
        -2.0095832,
        -2.0296655,
        -1.989713,
        -1.9951446,
        -1.9480491,
        -1.8916132,
        -1.7852755,
        -1.6697445,
        -1.5474405,
        -1.4064503,
        -1.3113191,
        -1.2308164,
        -1.1431241,
        -1.055222,
        -0.95952034,
        -0.9083915,
        -0.83203316,
        -0.76374435,
        -0.655416,
        -0.56179476,
        -0.5137892,
        -0.46826077,
        -0.44187593,
        -0.3963127,
        -0.34369946,
        -0.25800848,
        -0.1803155,
        -0.11802435,
        -0.09055519,
        -0.069506645,
        -0.0407629,
        -0.033386707,
        -0.021337986,
        -0.016817093,
        -0.00080537796,
        0.012194157,
        0.0031313896,
        0.038938522,
        0.028793335,
        0.08037758,
        0.09811497,
        0.15155458,
        0.17138386,
        0.17449951,
        0.17546177,
        0.17924738,
        0.1381979,
        0.10509443,
        0.09671116,
        0.10828686,
        0.14672899,
        0.15464258,
        0.1582942,
        0.16232681,
        0.12836218,
        0.104148865,
        0.08716488,
        0.11546612,
        0.117117405,
        0.13746071,
        0.14284992,
        0.1450901,
        0.12515354,
        0.09504843,
        0.08352995,
        0.045315742,
        0.052318573,
        0.035240173,
        0.049227238,
        0.04658985,
        0.084879875,
        0.08035612,
        0.071379185,
        0.08891535,
        0.07547188,
        0.109846115,
        0.10799742,
        0.120060444,
        0.14828539,
        0.10393572
    ],