{
    "class": "ypos",
    "duration_ms": 700,
    "x": [
        0.34057456,
        0.3572748,
        0.35985976,
        0.3680799,
        0.32280478,
        0.20337005,
        0.07208043,
        -0.12351254,
        -0.3095684,
        -0.47213116,
        -0.6901921,
        -0.94990015,
        -1.2874162,
        -1.581392,
        -1.8684392,
        -2.0946717,
        -2.2519011,
        -2.3415165,
        -2.3578696,
        -2.2342336,
        -2.0299816,
        -1.4977256,
        -0.70772344,
        0.16764063,
        1.1091714,
        2.1266515,
        3.2009995,
        4.211967,
        5.0891213,
        5.7899165,
        6.2687125,
        6.553329,
        6.6114097,
        6.470868,
        6.0373635,
        5.3958144,
        4.659562,
        3.8339548,
        2.9550676,
        2.0681012,
        1.1420076,
        0.23061827,
        -0.602952,
        -1.302284,
        -1.7572317,
        -1.9617081,
        -1.9663187,
        -1.9504892,
        -1.9096705,
        -1.9472175,
        -2.0088155,
        -1.8110044,
        -1.7719595,
        -1.982702,
        -2.0528562,
        -2.3624668,
        -2.673346,
        -2.9159188,
        -3.1357036,
        -3.30393,
        -3.4325838,
        -3.3203483,
        -3.0716007,
        -2.8088305,
        -2.48577,
        -2.0699096,
        -1.6002944,
        -1.1732872,
        -0.7488557,
        -0.3683759,
        -0.061414063,
        0.28364038,
        0.5727519,
        0.8338983,
        1.03445,
        1.1936586,
        1.2706016,
        1.3172221,
        1.3302217,
        1.3299475,
        1.3270277,
        1.289096,
        1.2944849,
        1.2737296,
        1.2317334,
        1.2310873,
        1.217165,
        1.2119404,
        1.1873032,
        1.1553646,
        1.1301694,
        1.0896462,
        1.0307252,
        0.93595266,
        0.85975075,
        0.8015479,
        0.82073414,
        0.8499367,
        0.88203025,
        0.9005804,
        0.922873,
        0.87525487,
        0.77750754,
        0.6874916,
        0.5817454,
        0.45346785,
        0.3387287,
        0.20894498,
        0.10690588,
        -0.0058885217,
        -0.09387535,
        -0.14775074,
        -0.20372313,
        -0.19767755,
        -0.18269962,
        -0.16147524,
        -0.13905352,
        -0.110921025,
        -0.062924385,
        0.016933918,
        0.102528155,
        0.17982647,
        0.22758421,
        0.2556991,
        0.24039882,
        0.22008887,
        0.1782186,
        0.102999926,
        0.0661782,
        0.089149415,
        0.11667979,
        0.14406085,
        0.18094736,
        0.18664312,
        0.17999113,
        0.1967332,
        0.19110459,
        0.21588051,
        0.24982888,
        0.29348725,
        0.3229233,
        0.32386625,
        0.29162067,
        0.276373,
        0.2588544,
        0.21045607,
        0.18151882,
        0.13363451,
        0.08818281
    ],
    "y": [
        -0.22906685,
        -0.25851202,
        -0.25199652,
        -0.25472784,
        -0.23789835,
        -0.23221779,
        -0.22097588,
        -0.2258563,
        -0.23741484,
        -0.22966576,
        -0.24325466,
        -0.18554974,
        -0.04076147,
        0.2733345,
        0.66290903,
        1.1231303,
        1.6802826,
        2.414947,
        3.2591128,
        4.2222576,
        5.2806926,
        6.269892,
        7.039842,
        7.598405,
        7.888588,
        7.8865385,
        7.6923423,
        7.369948,
        7.009342,
        6.62359,
        6.2113457,
        5.7329884,
        5.206342,
        4.5654373,
        3.7800837,
        2.9204445,
        1.9109302,
        0.7624359,
        -0.5119066,
        -1.8651738,
        -3.1759005,
        -4.4587593,
        -5.658408,
        -6.737616,
        -7.684726,
        -8.530384,
        -9.299938,
        -9.858751,
        -10.230455,
        -10.343633,
        -10.32825,
        -10.216265,
        -10.174162,
        -10.1249695,
        -10.013731,
        -9.788458,
        -9.406916,
        -8.929789,
        -8.307751,
        -7.6041646,
        -6.812986,
        -6.0164165,
        -5.2939367,
        -4.6078186,
        -3.9632115,
        -3.3649187,
        -2.7697983,
        -2.1275344,
        -1.3830519,
        -0.57924366,
        0.18853474,
        0.9208493,
        1.5894198,
        2.1466432,
        2.6189604,
        3.022931,
        3.3175573,
        3.5715966,
        3.7912717,
        3.9086833,
        3.9756217,
        3.993711,
        3.9887037,
        3.9576197,
        3.8614554,
        3.7975993,
        3.6579251,
        3.4829035,
        3.2962341,
        3.1241364,
        2.94972,
        2.756341,
        2.553813,
        2.2899919,
        2.0396194,
        1.7984753,
        1.5981159,
        1.3935246,
        1.1517153,
        0.93546534,
        0.7261858,
        0.5770612,
        0.48377132,
        0.40373564,
        0.31829548,
        0.27575874,
        0.19747686,
        0.15769958,
        0.06324816,
        0.028960228,
        -0.019441605,
        -0.07723284,
        -0.12779045,
        -0.13315535,
        -0.21331072,
        -0.2657528,
        -0.3125534,
        -0.33996773,
        -0.40828753,
        -0.44376612,
        -0.4945526,
        -0.51774454,
        -0.5636902,
        -0.5773268,
        -0.59198856,
        -0.5931468,
        -0.580616,
        -0.53984547,
        -0.49475098,
        -0.4834981,
        -0.5179429,
        -0.53104925,
        -0.54912996,
        -0.5053859,
        -0.46211815,
        -0.43114328,
        -0.40274477,
        -0.3718791,
        -0.36936235,
        -0.2992158,
        -0.2639718,
        -0.21313524,
        -0.18255758,
        -0.13869143,
        -0.17246532,
        -0.17167234,
        -0.1724577,
        -0.13442755,
        -0.09138727
    ],