{
    "class": "ypos",
    "duration_ms": 700,
    "x": [
        -0.060273528,
        -0.05232957,
        -0.0067275465,
        0.052899256,
        0.174602,
        0.23033583,
        0.29484168,
        0.33542907,
        0.3528927,
        0.38596624,
        0.43496114,
        0.47403678,
        0.47028804,
        0.4787106,
        0.4776856,
        0.445548,
        0.42703646,
        0.34987205,
        0.23723757,
        0.08609402,
        -0.06851351,
        -0.18440488,
        -0.23582315,
        -0.23492143,
        -0.17461833,
        -0.04977268,
        0.11191133,
        0.2542286,
        0.2784493,
        0.1272138,
        -0.22616708,
        -0.7208103,
        -1.270253,
        -1.7498616,
        -2.044018,
        -2.0718958,
        -1.858747,
        -1.2141869,
        -0.94396144,
        -0.50314426,
        0.31344154,
        1.4394625,
        2.5989408,
        3.4816127,
        3.9038455,
        3.9960463,
        3.881681,
        3.5514345,
        3.1108618,
        2.7204375,
        2.4668472,
        2.2621927,
        2.1002922,
        1.9755006,
        1.8654301,
        1.7910087,
        1.740214,
        1.7470973,
        1.8222394,
        2.0672126,
        2.2776358,
        2.4024398,
        2.304438,
        2.068119,
        1.7176127,
        1.5076017,
        1.2687452,
        0.930376,
        0.54925257,
        0.24001187,
        0.14590043,
        -0.008261204,
        -0.37837744,
        -0.91478467,
        -1.4001086,
        -1.9614406,
        -2.4699035,
        -2.9812603,
        -3.642233,
        -4.425183,
        -5.244949,
        -5.885002,
        -6.0983844,
        -5.690833,
        -4.7962456,
        -3.8834198,
        -3.202457,
        -2.703126,
        -2.3414645,
        -2.1148195,
        -1.9297817,
        -1.7807176,
        -1.5871708,
        -1.3642089,
        -1.094429,
        -0.88314396,
        -0.7095914,
        -0.574784,
        -0.42228335,
        -0.27432078,
        -0.081113994,
        0.101995856,
        0.284517,
        0.44734168,
        0.61948025,
        0.76780003,
        0.90229887,
        0.9541738,
        0.9383567,
        0.9148135,
        0.8788587,
        0.82567716,
        0.7695324,
        0.67945814,
        0.62471306,
        0.540709,
        0.48462474,
        0.4012293,
        0.3549179,
        0.30492377,
        0.24179694,
        0.20143053,
        0.1644119,
        0.14247276,
        0.14718099,
        0.13992542,
        0.19926642,
        0.25331134,
        0.36197692,
        0.4946105,
        0.5918689,
        0.6639087,
        0.69947606,
        0.7227129,
        0.69554174,
        0.6681789,
        0.57555926,
        0.41221282,
        0.23950544,
        0.061302394,
        -0.13529164,
        -0.26963884,
        -0.40916735,
        -0.47035754,
        -0.4745363,
        -0.43327874,
        -0.38175702,
        -0.31471825
    ],
    "y": [
        -0.25650454,
        -0.25392437,
        -0.2581048,
        -0.30970335,
        -0.39670134,
        -0.47613811,
        -0.5717459,
        -0.61680126,
        -0.66390085,
        -0.693902,
        -0.75681925,
        -0.8474755,
        -0.9300728,
        -1.0356331,
        -1.1521888,
        -1.2441149,
        -1.3661909,
        -1.4207678,
        -1.3442512,
        -1.1758294,
        -0.92344,
        -0.5760112,
        -0.20325327,
        0.21836042,
        0.7406559,
        1.2679448,
        1.786304,
        2.3745775,
        3.0776129,
        4.042086,
        5.3414893,
        6.863233,
        8.420885,
        9.878492,
        11.080909,
        11.710172,
        11.8928995,
        11.066532,
        11.4866085,
        11.579115,
        10.665783,
        9.250816,
        7.850129,
        6.7184553,
        5.722699,
        4.8639474,
        3.940518,
        2.926033,
        1.7896023,
        0.5176029,
        -0.94139814,
        -2.4090986,
        -3.8435223,
        -5.283845,
        -6.6040564,
        -7.8721232,
        -9.0151415,
        -10.056101,
        -10.931901,
        -11.751492,
        -12.468014,
        -13.075098,
        -13.516369,
        -13.740614,
        -13.763973,
        -13.693747,
        -13.543943,
        -13.276406,
        -12.970518,
        -12.615057,
        -11.833216,
        -11.563567,
        -11.160461,
        -10.469103,
        -9.523713,
        -8.420721,
        -7.048454,
        -5.4938173,
        -3.7362547,
        -1.6791091,
        0.6159096,
        2.874332,
        4.528477,
        4.9501286,
        4.2675853,
        3.316454,
        2.6895542,
        2.584488,
        2.962109,
        3.6258068,
        4.266862,
        4.768251,
        4.9868493,
        5.028523,
        4.99181,
        4.9345603,
        4.885774,
        4.812111,
        4.718426,
        4.554577,
        4.411728,
        4.2376037,
        4.0444217,
        3.8516884,
        3.6140995,
        3.3509374,
        3.0791078,
        2.7868447,
        2.5316758,
        2.3039951,
        2.0940676,
        1.887198,
        1.7141395,
        1.5504489,
        1.357295,
        1.1486154,
        0.91679955,
        0.7163696,
        0.5731859,
        0.44857407,
        0.3280754,
        0.2093296,
        0.11646652,
        0.054550648,
        0.0070433617,
        -0.025754452,
        -0.07930374,
        -0.1339984,
        -0.16058874,
        -0.14653444,
        -0.14155054,
        -0.121147156,
        -0.09207106,
        -0.09473467,
        -0.10271263,
        -0.14233875,
        -0.18738031,
        -0.17360687,
        -0.19484997,
        -0.15829134,
        -0.1458087,
        -0.10272026,
        -0.074692726,
        -0.061874866,
        -0.05474043,
        -0.050874233,
        -0.038301945,
        -0.0073275566
    ],