{
    "class": "ypos",
    "duration_ms": 700,
    "x": [
        0.15987515,
        0.20533486,
        0.20618834,
        0.22693557,
        0.2245587,
        0.18744332,
        0.12996534,
        0.07802138,
        0.00751457,
        -0.012942724,
        -0.045555778,
        -0.047534704,
        -0.023894615,
        -0.0105337575,
        0.044676866,
        0.06793658,
        0.07146932,
        0.09346325,
        0.09583506,
        0.052821763,
        0.014833245,
        -0.02723876,
        -0.080339745,
        -0.16581632,
        -0.3099445,
        -0.5010403,
        -0.75411564,
        -1.0837207,
        -1.4638723,
        -1.9141641,
        -2.3068283,
        -2.6195085,
        -2.7793689,
        -2.7318168,
        -2.3995254,
        -1.8119806,
        -0.98384404,
        -0.058707774,
        0.9733577,
        2.1005597,
        3.245628,
        4.299721,
        5.1820464,
        5.842409,
        6.254545,
        6.3586555,
        6.2523594,
        5.929437,
        5.340282,
        4.6627326,
        4.0029516,
        3.3119867,
        2.6387525,
        2.0179646,
        1.420263,
        0.8623315,
        0.34907442,
        -0.1333982,
        -0.57220215,
        -0.9396859,
        -1.248666,
        -1.52919,
        -1.7540534,
        -2.0038614,
        -2.2467713,
        -2.5084915,
        -2.7291193,
        -2.9572556,
        -3.110383,
        -3.2449286,
        -3.3048415,
        -3.236559,
        -3.0485945,
        -2.746931,
        -2.404193,
        -1.9966182,
        -1.5881957,
        -1.2042508,
        -0.8985543,
        -0.65364766,
        -0.52450013,
        -0.49919507,
        -0.5301291,
        -0.5650605,
        -0.5467355,
        -0.47024482,
        -0.32304135,
        -0.0994156,
        0.1083467,
        0.3106235,
        0.4577107,
        0.5713917,
        0.6614792,
        0.71143365,
        0.7738211,
        0.8193859,
        0.8423871,
        0.8516289,
        0.8679952,
        0.91021097,
        0.9683023,
        1.0250533,
        1.0275557,
        1.0090215,
        0.9619858,
        0.9558633,
        0.91653055,
        0.8896731,
        0.80847245,
        0.7234877,
        0.6399602,
        0.55354893,
        0.47166985,
        0.44973207,
        0.44044328,
        0.387016,
        0.36166686,
        0.317003,
        0.21724553,
        0.12946886,
        0.029541671,
        -0.071219966,
        -0.17850575,
        -0.30532008,
        -0.4049854,
        -0.4687516,
        -0.48075634,
        -0.40998533,
        -0.253753,
        -0.07841535,
        0.10014439,
        0.223068,
        0.27440417,
        0.2807771,
        0.24712986,
        0.20214435,
        0.15783054,
        0.09259051,
        -0.0011468828,
        -0.06389004,
        -0.1296089,
        -0.15066011,
        -0.15597682,
        -0.18828699,
        -0.22578898,
        -0.24890986,
        -0.271784,
        -0.27521336,
        -0.26627946
    ],
    "y": [
        -0.023123503,
        -0.03488946,
        -0.06667709,
        -0.09228468,
        -0.06932068,
        -0.05788684,
        -0.041744947,
        -0.030827522,
        -0.049203634,
        -0.06368184,
        -0.1314609,
        -0.15960956,
        -0.193542,
        -0.25214887,
        -0.2946,
        -0.3304193,
        -0.34275055,
        -0.35299563,
        -0.36336064,
        -0.3877716,
        -0.4493537,
        -0.5021899,
        -0.5363867,
        -0.5212927,
        -0.42666888,
        -0.25834966,
        0.03950405,
        0.5365658,
        1.2592199,
        2.2504606,
        3.4772635,
        4.7818108,
        6.0105925,
        7.0280886,
        7.8039756,
        8.274487,
        8.557379,
        8.641078,
        8.485004,
        8.179863,
        7.808633,
        7.3293953,
        6.7814136,
        6.177581,
        5.509301,
        4.83761,
        4.1041536,
        3.3706515,
        2.5412202,
        1.6374793,
        0.5853572,
        -0.5525093,
        -1.7319486,
        -2.999089,
        -4.220485,
        -5.370249,
        -6.4487658,
        -7.399314,
        -8.239391,
        -8.891132,
        -9.398914,
        -9.771556,
        -10.082516,
        -10.281063,
        -10.371951,
        -10.379412,
        -10.306728,
        -10.143436,
        -9.927448,
        -9.682498,
        -9.43005,
        -9.1602745,
        -8.908377,
        -8.610687,
        -8.210346,
        -7.699996,
        -7.0860386,
        -6.3433256,
        -5.48006,
        -4.483128,
        -3.3445172,
        -2.0779717,
        -0.7451782,
        0.46792555,
        1.4930587,
        2.259634,
        2.7303019,
        3.0183034,
        3.2366443,
        3.392766,
        3.5702744,
        3.7949886,
        3.9895864,
        4.1578445,
        4.2554264,
        4.2642016,
        4.211324,
        4.092622,
        3.963783,
        3.8066428,
        3.6438944,
        3.474549,
        3.2524185,
        3.0704,
        2.808877,
        2.556807,
        2.2264528,
        1.9098449,
        1.6344819,
        1.4062891,
        1.2573795,
        1.1337264,
        1.0123742,
        0.88691735,
        0.77229357,
        0.65459347,
        0.5628605,
        0.49738455,
        0.3843627,
        0.31708908,
        0.26421976,
        0.23243856,
        0.17815137,
        0.15351534,
        0.13383436,
        0.14218378,
        0.16821003,
        0.18021226,
        0.14434981,
        0.10578418,
        0.071442604,
        0.007837772,
        -0.025086164,
        -0.0390563,
        -0.01708889,
        0.000497818,
        0.04264474,
        0.08100414,
        0.041858435,
        0.05227399,
        0.040752888,
        0.002806425,
        -0.049202204,
        -0.12675786,
        -0.20785403,
        -0.28031635,
        -0.31514502,
        -0.34073496,
        -0.3544755
    ],