{
    "class": "ypos",
    "duration_ms": 700,
    "x": [
        0.05665402,
        0.09250288,
        0.10970847,
        0.12000552,
        0.12828358,
        0.09433521,
        0.0968703,
        0.078657895,
        0.0872556,
        0.04400623,
        0.01811637,
        0.018843353,
        0.01732798,
        0.03936495,
        0.020233393,
        0.009930253,
        0.00805077,
        0.00466688,
        0.07810119,
        0.13766335,
        0.21946324,
        0.2860196,
        0.35229647,
        0.414075,
        0.46486312,
        0.5742388,
        0.67813253,
        0.82432127,
        0.93878675,
        1.0546176,
        1.1572392,
        1.2537401,
        1.3107607,
        1.3468899,
        1.3396317,
        1.2328804,
        1.0423476,
        0.8513008,
        0.6841519,
        0.5488571,
        0.45682144,
        0.4851782,
        0.6548076,
        0.93006825,
        1.3713688,
        1.7949646,
        2.117573,
        2.4203577,
        2.683443,
        2.9799457,
        3.2579465,
        3.4022694,
        3.3998048,
        3.136391,
        2.6744723,
        2.0141392,
        1.3516334,
        0.6748483,
        0.03285244,
        -0.5926538,
        -1.020571,
        -1.033884,
        -0.759784,
        -0.46468267,
        -0.2925319,
        -0.2653298,
        -0.44125003,
        -0.80262524,
        -1.2706333,
        -1.7626456,
        -2.2212765,
        -2.609399,
        -3.0126038,
        -3.4123013,
        -3.7734458,
        -4.1108303,
        -4.4103637,
        -4.5950093,
        -4.63004,
        -4.478237,
        -4.1448517,
        -3.6678243,
        -3.051006,
        -2.4342806,
        -1.8471949,
        -1.34809,
        -0.9380002,
        -0.60152835,
        -0.31158185,
        -0.034012944,
        0.18407959,
        0.3956231,
        0.5552722,
        0.679415,
        0.7507815,
        0.71374446,
        0.6418552,
        0.54170364,
        0.45602953,
        0.36081797,
        0.28020203,
        0.1810407,
        0.056309283,
        -0.05785276,
        -0.16625589,
        -0.2763044,
        -0.30466506,
        -0.34531236,
        -0.3392564,
        -0.24201272,
        -0.1473071,
        -0.019597724,
        0.13148174,
        0.27025276,
        0.43575847,
        0.5761262,
        0.7374592,
        0.9201983,
        1.0483903,
        1.1944144,
        1.3083894,
        1.3187759,
        1.2806485,
        1.15552,
        0.9383832,
        0.74364257,
        0.51588464,
        0.28320032,
        0.037639618,
        -0.20701124,
        -0.4058988,
        -0.56644034,
        -0.65257037,
        -0.7189213,
        -0.72190034,
        -0.6730982,
        -0.631446,
        -0.572545,
        -0.52712256,
        -0.48071298,
        -0.46217588,
        -0.43131572,
        -0.42948118,
        -0.36151537,
        -0.301704,
        -0.22348699,
        -0.14072892,
        -0.07691029,
        0.0022137463
    ],
    "y": [
        -0.052627802,
        -0.051339865,
        -0.02548027,
        -0.008467197,
        0.009190798,
        -0.032076597,
        -0.048790693,
        -0.048357725,
        -0.04049468,
        -0.08232117,
        -0.10219717,
        -0.12655354,
        -0.14361525,
        -0.18689108,
        -0.22551012,
        -0.29773355,
        -0.36545038,
        -0.44070005,
        -0.5282726,
        -0.6400404,
        -0.768651,
        -0.9255464,
        -1.0507927,
        -1.0943208,
        -1.0777822,
        -1.0773325,
        -1.0568051,
        -1.0138147,
        -0.95800066,
        -0.8468752,
        -0.693115,
        -0.39532733,
        -0.0048832893,
        0.5294447,
        1.2728322,
        2.1330128,
        3.2321084,
        4.4881687,
        5.8323784,
        7.17879,
        8.527961,
        9.686815,
        10.512869,
        10.990504,
        11.087023,
        10.967897,
        10.66907,
        10.267003,
        9.7450695,
        9.055517,
        8.205128,
        7.2308125,
        6.194561,
        5.0571156,
        3.8244672,
        2.517458,
        0.9928303,
        -0.6623285,
        -2.3862088,
        -4.137301,
        -5.8559465,
        -7.509594,
        -8.947472,
        -10.05486,
        -10.789217,
        -11.082001,
        -11.102015,
        -10.913112,
        -10.716511,
        -10.611553,
        -10.5980835,
        -10.672059,
        -10.813808,
        -10.903936,
        -10.7736435,
        -10.483924,
        -9.973445,
        -9.295374,
        -8.49048,
        -7.665656,
        -6.838455,
        -6.061648,
        -5.4066076,
        -4.734045,
        -4.1126227,
        -3.486302,
        -2.8396406,
        -2.2240968,
        -1.624263,
        -1.0437577,
        -0.49341488,
        0.094370365,
        0.63135815,
        1.2038612,
        1.747386,
        2.2402377,
        2.6820602,
        3.0244107,
        3.250126,
        3.3730612,
        3.4141593,
        3.4204974,
        3.4699392,
        3.5324183,
        3.558919,
        3.522194,
        3.447688,
        3.3226533,
        3.1511617,
        2.9423766,
        2.7294881,
        2.5198443,
        2.2852957,
        2.086518,
        1.9005611,
        1.737931,
        1.5707645,
        1.3903058,
        1.2259631,
        1.0616784,
        0.96263194,
        0.8741019,
        0.8225262,
        0.78151083,
        0.73413277,
        0.6489384,
        0.5588651,
        0.48006558,
        0.3714714,
        0.2854271,
        0.24559021,
        0.2492609,
        0.2317524,
        0.19312,
        0.17419624,
        0.12991858,
        0.086904526,
        0.05037546,
        0.011068821,
        -0.013864517,
        -0.05043602,
        -0.0695281,
        -0.104282856,
        -0.1209054,
        -0.15271997,
        -0.17793512,
        -0.2298379,
        -0.29616928,
        -0.32182813
    ],