{
    "class": "ypos",
    "duration_ms": 700,
    "x": [
        0.32286614,
        0.31131402,
        0.38641304,
        0.50379694,
        0.6384779,
        0.76231194,
        0.8045981,
        0.77292067,
        0.72902036,
        0.6888236,
        0.64994216,
        0.66943634,
        0.63489974,
        0.5408486,
        0.40312117,
        0.21737298,
        0.029270917,
        -0.1415323,
        -0.11888158,
        0.109105736,
        0.4977392,
        0.9524146,
        1.4408104,
        1.9550903,
        2.6648276,
        3.479666,
        4.2096806,
        4.7433624,
        5.0160627,
        4.962309,
        4.6764555,
        4.0984664,
        3.3895051,
        2.5692146,
        1.7120576,
        0.9209598,
        0.18335718,
        -0.45090044,
        -0.91018873,
        -1.1100628,
        -0.82884324,
        -0.011843771,
        1.0158702,
        1.7841691,
        2.2371085,
        2.3614664,
        2.2197104,
        1.9451673,
        1.522593,
        0.91818714,
        0.29948297,
        -0.30718893,
        -0.8561418,
        -1.363691,
        -1.8796102,
        -2.331781,
        -2.78264,
        -3.2040746,
        -3.5636854,
        -3.8554006,
        -4.0179567,
        -4.0469084,
        -3.9898381,
        -3.7819633,
        -3.4661508,
        -3.1261482,
        -2.7908237,
        -2.5316014,
        -2.2862794,
        -2.0503814,
        -1.8500254,
        -1.6680268,
        -1.4417051,
        -1.2010387,
        -0.8871647,
        -0.5414657,
        -0.19835564,
        0.1579821,
        0.4833669,
        0.7333034,
        0.9512426,
        1.06794,
        1.120951,
        1.1045412,
        1.0844941,
        1.0499375,
        1.0184963,
        1.0414606,
        1.0461714,
        1.0560896,
        1.0471902,
        0.98375344,
        0.84222835,
        0.694641,
        0.5342082,
        0.33030447,
        0.11928186,
        -0.08661497,
        -0.25835013,
        -0.359824,
        -0.45508972,
        -0.47677746,
        -0.4221035,
        -0.34340334,
        -0.22369197,
        -0.15144455,
        -0.10755801,
        -0.087498575,
        -0.09434283,
        -0.15310666,
        -0.2052149,
        -0.24701665,
        -0.30343342,
        -0.3964509,
        -0.43297383,
        -0.44195822,
        -0.43051434,
        -0.44599676,
        -0.44944486,
        -0.4113729,
        -0.3286106,
        -0.27696916,
        -0.22444996,
        -0.2325754,
        -0.25092894,
        -0.24856952,
        -0.23995522,
        -0.20117709,
        -0.15841839,
        -0.1045278,
        -0.039589077,
        -0.009221226,
        -0.015844285,
        -0.0715161,
        -0.14081028,
        -0.24339691,
        -0.30565295,
        -0.3855569,
        -0.46678618,
        -0.53798074,
        -0.62115604,
        -0.6993772,
        -0.71519905,
        -0.7401616,
        -0.7331978,
        -0.6863313,
        -0.5632573,
        -0.41346663
    ],
    "y": [
        -0.07533407,
        0.07203531,
        0.105566025,
        0.051288605,
        -0.055062294,
        -0.11958027,
        -0.09560728,
        -0.00057411194,
        0.2242794,
        0.4923396,
        0.7771311,
        1.0809784,
        1.4776273,
        2.0618849,
        2.8565817,
        3.9020982,
        5.1071396,
        6.342028,
        7.3720407,
        8.137385,
        8.602378,
        8.920313,
        9.093677,
        9.201614,
        9.06979,
        8.626952,
        8.01458,
        7.4168677,
        6.8884215,
        6.4429216,
        5.945531,
        5.2977204,
        4.528092,
        3.713194,
        2.843186,
        1.9606843,
        1.12008,
        0.2012825,
        -0.79105806,
        -1.8686795,
        -3.0905077,
        -4.5530357,
        -6.1679893,
        -7.7203336,
        -9.077077,
        -10.110345,
        -10.754702,
        -11.090489,
        -11.205206,
        -11.270231,
        -11.287541,
        -11.266784,
        -11.280065,
        -11.330515,
        -11.354695,
        -11.301491,
        -11.151075,
        -10.898032,
        -10.484389,
        -9.983713,
        -9.383322,
        -8.75401,
        -8.101599,
        -7.4027042,
        -6.6787786,
        -5.862432,
        -4.9934607,
        -4.0516577,
        -3.0263762,
        -1.9286218,
        -0.7958813,
        0.34385204,
        1.4480639,
        2.3928623,
        3.051754,
        3.4990387,
        3.7512507,
        3.8199325,
        3.8409548,
        3.840064,
        3.8813052,
        3.950027,
        4.091476,
        4.231162,
        4.37591,
        4.472537,
        4.465588,
        4.3570185,
        4.1490912,
        3.875229,
        3.6217933,
        3.3819013,
        3.1177535,
        2.9087687,
        2.7122545,
        2.4881382,
        2.20607,
        1.8810854,
        1.5902543,
        1.3674912,
        1.2012372,
        1.0990939,
        0.95871353,
        0.8237386,
        0.68503237,
        0.6216974,
        0.54751825,
        0.4978881,
        0.38367748,
        0.25927305,
        0.090547085,
        -0.08966446,
        -0.21259165,
        -0.27655077,
        -0.30602264,
        -0.33236885,
        -0.39401054,
        -0.4573717,
        -0.5033908,
        -0.5391965,
        -0.56707096,
        -0.6082916,
        -0.6552048,
        -0.68356085,
        -0.644989,
        -0.630064,
        -0.5807915,
        -0.4823656,
        -0.3942151,
        -0.32322264,
        -0.28586388,
        -0.2985897,
        -0.28226328,
        -0.26580334,
        -0.22109842,
        -0.17531013,
        -0.16531086,
        -0.21820354,
        -0.20566273,
        -0.18572044,
        -0.17304325,
        -0.12941837,
        -0.078667164,
        -0.042300224,
        0.027852535,
        0.05330324,
        0.041817665,
        -0.0059370995
    ],