{
    "class": "ypos",
    "duration_ms": 700,
    "x": [
        0.010736674,
        0.020088881,
        0.04119116,
        0.07412073,
        0.064300895,
        0.07146618,
        0.040830553,
        0.013094187,
        -0.0261541,
        -0.06729779,
        -0.06997678,
        -0.072419465,
        -0.079345316,
        -0.07151097,
        -0.05143732,
        -0.0669778,
        -0.07293171,
        -0.055378467,
        -0.05738285,
        -0.02899599,
        -0.008433878,
        0.035295755,
        0.083188325,
        0.12350428,
        0.14937413,
        0.14678398,
        0.11130169,
        0.100283444,
        0.07791275,
        0.10123181,
        0.08204746,
        0.09893423,
        0.10157654,
        0.09942433,
        0.08534011,
        0.066498995,
        0.028680563,
        -0.023153663,
        -0.107533574,
        -0.1546304,
        -0.26141012,
        -0.42226452,
        -0.6609316,
        -0.970718,
        -1.3406353,
        -1.7489613,
        -2.043306,
        -2.1646385,
        -2.0079117,
        -1.7161754,
        -1.3077563,
        -0.82488865,
        -0.2836488,
        0.46528527,
        1.287362,
        2.0721943,
        2.709273,
        3.3794217,
        3.8780408,
        4.242029,
        4.471968,
        4.479595,
        4.312214,
        3.9786923,
        3.4854171,
        2.951364,
        2.3854437,
        1.868387,
        1.3661265,
        0.894692,
        0.4891507,
        0.12476128,
        -0.23276144,
        -0.55313075,
        -0.72453755,
        -0.78598225,
        -0.79043996,
        -0.6662816,
        -0.5041262,
        -0.26009005,
        -0.023697153,
        0.16596144,
        0.25749537,
        0.28991517,
        0.2584969,
        0.19652778,
        0.074837856,
        -0.08336655,
        -0.2310556,
        -0.35006195,
        -0.44843692,
        -0.5292703,
        -0.6290872,
        -0.71724874,
        -0.8658546,
        -1.0487635,
        -1.1370614,
        -1.202681,
        -1.2575186,
        -1.2584862,
        -1.2199265,
        -1.1705098,
        -1.1340266,
        -1.098388,
        -1.10859,
        -1.125396,
        -1.0835159,
        -1.0804136,
        -1.0700345,
        -0.96359813,
        -0.8396937,
        -0.65479183,
        -0.4922857,
        -0.39979106,
        -0.36539376,
        -0.40146053,
        -0.5134629,
        -0.56331503,
        -0.5756376,
        -0.5840899,
        -0.51730907,
        -0.44705284,
        -0.29917026,
        -0.14309818,
        0.045467332,
        0.27652818,
        0.4452846,
        0.55694515,
        0.62133414,
        0.63391644,
        0.6545271,
        0.6353164,
        0.59770167,
        0.5488028,
        0.46214694,
        0.36389732,
        0.27293923,
        0.19152899,
        0.12682907,
        0.04330552,
        -0.07804501,
        -0.19183964,
        -0.28172323,
        -0.32179216,
        -0.34814686,
        -0.35150126,
        -0.3392554,
        -0.287582,
        -0.18719184
    ],
    "y": [
        0.02460289,
        0.06344223,
        0.09956837,
        0.085422516,
        0.0759325,
        0.037773132,
        -0.005086899,
        -0.028767586,
        -0.019014359,
        -0.023359299,
        -0.029586792,
        -0.03280449,
        -0.054341316,
        -0.051330566,
        -0.040683746,
        -0.04164505,
        -0.03053379,
        -0.05039215,
        -0.06069374,
        -0.06165886,
        -0.089058876,
        -0.09044838,
        -0.1396637,
        -0.16269493,
        -0.18105412,
        -0.19229698,
        -0.1773777,
        -0.20526695,
        -0.2399149,
        -0.2526908,
        -0.25800705,
        -0.22032452,
        -0.18284416,
        -0.11475849,
        -0.059122086,
        0.024525642,
        0.1264801,
        0.24438667,
        0.41393948,
        0.62549496,
        0.90519047,
        1.2718,
        1.8339844,
        2.5831966,
        3.3897066,
        4.419035,
        5.451174,
        6.315051,
        6.917014,
        7.2400513,
        7.3724165,
        7.443219,
        7.4525385,
        7.307332,
        7.0079575,
        6.635747,
        6.3076887,
        5.831934,
        5.298814,
        4.798587,
        4.3187017,
        3.839569,
        3.3228168,
        2.78298,
        2.2588043,
        1.7006903,
        1.1212273,
        0.46369648,
        -0.25452518,
        -0.9587307,
        -1.7057905,
        -2.4163313,
        -3.1377854,
        -3.8266826,
        -4.4561715,
        -5.12844,
        -5.708822,
        -6.223118,
        -6.728288,
        -7.1976643,
        -7.647741,
        -8.03536,
        -8.372529,
        -8.657063,
        -8.901239,
        -9.079258,
        -9.196433,
        -9.255773,
        -9.305855,
        -9.333082,
        -9.314272,
        -9.274111,
        -9.189409,
        -9.0559225,
        -8.852614,
        -8.615652,
        -8.285322,
        -7.8925376,
        -7.4584327,
        -6.9108305,
        -6.2876935,
        -5.562496,
        -4.7637205,
        -3.9198403,
        -3.0593805,
        -2.112883,
        -1.0995655,
        -0.13664913,
        0.68025875,
        1.3274698,
        1.7287111,
        1.9920311,
        2.1296883,
        2.2997923,
        2.526288,
        2.7923765,
        3.0835743,
        3.380476,
        3.6062899,
        3.7535725,
        3.8171997,
        3.8900776,
        3.9169111,
        3.8830242,
        3.7809467,
        3.684657,
        3.5438719,
        3.447094,
        3.310585,
        3.2300625,
        3.1625128,
        3.0649834,
        2.9519014,
        2.8352652,
        2.71978,
        2.5934992,
        2.432682,
        2.2399511,
        2.029972,
        1.826971,
        1.6145344,
        1.4360037,
        1.308363,
        1.1672182,
        0.98891735,
        0.85025597,
        0.7369671,
        0.6777592,
        0.6056595
    ],