{
    "class": "ypos",
    "duration_ms": 700,
    "x": [
        0.12879501,
        0.12807229,
        0.1105711,
        0.105088726,
        0.068907484,
        0.014357746,
        -0.020405293,
        -0.07590696,
        -0.068900734,
        -0.07847151,
        -0.11185005,
        -0.13808739,
        -0.18824144,
        -0.23378754,
        -0.25331354,
        -0.23271285,
        -0.21030596,
        -0.17166632,
        -0.08585708,
        -0.040917903,
        0.039489895,
        0.0863086,
        0.17351654,
        0.23679295,
        0.2903747,
        0.36030394,
        0.42487592,
        0.47427917,
        0.5179332,
        0.5961617,
        0.75448155,
        0.9698315,
        1.2210965,
        1.5113168,
        1.7741921,
        2.0105846,
        2.1778007,
        2.2951505,
        2.3625412,
        2.353498,
        2.2746053,
        2.1563437,
        1.9764453,
        1.7963587,
        1.5508335,
        1.3280174,
        1.053363,
        0.8173468,
        0.5431466,
        0.25447968,
        -0.04142347,
        -0.24364,
        -0.36827075,
        -0.4101788,
        -0.3613655,
        -0.23730028,
        -0.04154843,
        0.09525251,
        0.12306519,
        -0.008790761,
        -0.23914112,
        -0.60978484,
        -1.009444,
        -1.4103642,
        -1.8109155,
        -2.1684222,
        -2.4472573,
        -2.6641812,
        -2.7540176,
        -2.8259103,
        -2.828973,
        -2.7890866,
        -2.6820705,
        -2.57938,
        -2.4138103,
        -2.2187114,
        -1.9700537,
        -1.7208233,
        -1.447296,
        -1.2215865,
        -0.9941143,
        -0.7029348,
        -0.40109193,
        -0.093586475,
        0.1813991,
        0.39081252,
        0.57831717,
        0.7035861,
        0.80504084,
        0.8657747,
        0.90030247,
        0.9375573,
        0.9276575,
        0.9232718,
        0.93852526,
        0.91609955,
        0.90881675,
        0.91198313,
        0.87765276,
        0.8680066,
        0.87348133,
        0.8653,
        0.8360384,
        0.8191018,
        0.79028505,
        0.80690694,
        0.80199134,
        0.83535814,
        0.84251827,
        0.85956955,
        0.8409381,
        0.7718581,
        0.71400833,
        0.57633626,
        0.49529254,
        0.37752646,
        0.27325433,
        0.17778426,
        0.08892717,
        0.011470608,
        -0.0210912,
        -0.075726196,
        -0.051853713,
        0.024587624,
        0.067871585,
        0.114395924,
        0.13118432,
        0.13296877,
        0.15315242,
        0.18205169,
        0.20982596,
        0.253103,
        0.27323273,
        0.3200546,
        0.31666857,
        0.30815592,
        0.25597093,
        0.20078054,
        0.13759345,
        0.06645293,
        0.009074649,
        -0.0031359438,
        -0.017603345,
        -0.036445487,
        -0.07864444,
        -0.0938945,
        -0.101307705,
        -0.03638719
    ],
    "y": [
        -0.091659546,
        -0.09851885,
        -0.10083914,
        -0.084338665,
        -0.07289362,
        -0.07570553,
        -0.049795628,
        -0.01424408,
        0.009650707,
        0.048203945,
        0.094343185,
        0.1551776,
        0.22578382,
        0.27988815,
        0.39344454,
        0.45894432,
        0.5881953,
        0.72854257,
        0.8467655,
        1.023926,
        1.231225,
        1.4545016,
        1.7223976,
        1.9539838,
        2.1900337,
        2.4660249,
        2.705376,
        2.9294856,
        3.100221,
        3.1938539,
        3.2406733,
        3.1743603,
        3.1070724,
        2.9713867,
        2.8483717,
        2.732806,
        2.6242592,
        2.522274,
        2.40251,
        2.283623,
        2.1605442,
        2.0043304,
        1.8269577,
        1.5784843,
        1.3119464,
        0.9966285,
        0.6688509,
        0.31244087,
        -0.05304718,
        -0.42014694,
        -0.7861366,
        -1.1532612,
        -1.5640895,
        -1.9868264,
        -2.459101,
        -2.9514418,
        -3.448759,
        -3.9480424,
        -4.3771286,
        -4.7000594,
        -4.947904,
        -5.1303153,
        -5.235532,
        -5.2780156,
        -5.272421,
        -5.221478,
        -5.178072,
        -5.1543107,
        -5.1048856,
        -5.037086,
        -4.953526,
        -4.8043876,
        -4.621106,
        -4.459014,
        -4.294266,
        -4.1220455,
        -3.8704355,
        -3.5562112,
        -3.1887238,
        -2.734426,
        -2.2696736,
        -1.8420289,
        -1.4558768,
        -1.106103,
        -0.7637639,
        -0.39049387,
        -0.014984131,
        0.31726694,
        0.63485956,
        0.9088168,
        1.1460385,
        1.3629246,
        1.5399618,
        1.657835,
        1.7402716,
        1.8350091,
        1.8912988,
        1.9685745,
        2.0041685,
        2.023934,
        1.9795909,
        1.9114156,
        1.8692739,
        1.8096385,
        1.7873051,
        1.7878182,
        1.7155483,
        1.6735034,
        1.6116655,
        1.5469255,
        1.4700632,
        1.4077353,
        1.329339,
        1.2733872,
        1.2185669,
        1.1196804,
        1.0152483,
        0.9294753,
        0.8505392,
        0.81926346,
        0.78311396,
        0.73019457,
        0.6700659,
        0.6027651,
        0.49508667,
        0.37595797,
        0.31733465,
        0.2619357,
        0.19065571,
        0.14421415,
        0.043671608,
        -0.010632992,
        -0.09774256,
        -0.17247057,
        -0.21585941,
        -0.27119565,
        -0.30750942,
        -0.3369348,
        -0.36439252,
        -0.38520694,
        -0.39691782,
        -0.43535066,
        -0.4332626,
        -0.41679955,
        -0.41677856,
        -0.39960074,
        -0.36531258,
        -0.40973663
    ],