{
    "class": "ypos",
    "duration_ms": 700,
    "x": [
        0.25104362,
        0.36988375,
        0.49626723,
        0.6024626,
        0.6846752,
        0.7604948,
        0.7258812,
        0.66485333,
        0.57048863,
        0.42862976,
        0.2534517,
        0.066042304,
        -0.1722631,
        -0.39752913,
        -0.6152719,
        -0.8024467,
        -0.9407764,
        -0.9810457,
        -0.98345965,
        -0.95325506,
        -0.8260598,
        -0.6714721,
        -0.40316844,
        -0.012927353,
        0.5341848,
        1.1399367,
        1.7347742,
        2.263397,
        2.62865,
        2.8905065,
        2.9859488,
        2.8895676,
        2.6877394,
        2.3686805,
        1.9903961,
        1.5730343,
        1.1563196,
        0.7658305,
        0.3603892,
        0.073896945,
        0.012388438,
        0.34060913,
        0.9588877,
        1.6406827,
        2.177788,
        2.5163038,
        2.5198426,
        2.2166798,
        1.69921,
        1.0217538,
        0.3387039,
        -0.29848012,
        -0.8762392,
        -1.3857366,
        -1.8422022,
        -2.227395,
        -2.5327122,
        -2.75667,
        -2.9241447,
        -3.071718,
        -3.1376903,
        -3.1293035,
        -3.0679545,
        -2.936431,
        -2.7699132,
        -2.5460267,
        -2.3141797,
        -2.126455,
        -1.9441868,
        -1.762442,
        -1.5593663,
        -1.3990996,
        -1.1858116,
        -0.919313,
        -0.64926004,
        -0.37260658,
        -0.08645761,
        0.21386433,
        0.49703822,
        0.7436513,
        0.9366406,
        1.0518819,
        1.1513875,
        1.1894011,
        1.1755317,
        1.1216018,
        1.0969436,
        1.0008551,
        0.8808405,
        0.71956664,
        0.55014974,
        0.4776986,
        0.5048946,
        0.63196033,
        0.78750396,
        0.97403175,
        1.1629299,
        1.3112704,
        1.3786507,
        1.3437332,
        1.2662601,
        1.1272326,
        0.97926927,
        0.7888411,
        0.60121936,
        0.42829198,
        0.2530693,
        0.09220018,
        -0.08548589,
        -0.2229124,
        -0.3036259,
        -0.36599737,
        -0.38845986,
        -0.40464377,
        -0.39305344,
        -0.3871118,
        -0.32931376,
        -0.26008573,
        -0.1601293,
        -0.08660577,
        -0.008166717,
        0.0635924,
        0.074010216,
        0.121404715,
        0.17241187,
        0.16237889,
        0.13175088,
        0.05145315,
        -0.026143722,
        -0.13198422,
        -0.20883712,
        -0.2975222,
        -0.35982937,
        -0.45341608,
        -0.4970479,
        -0.48846683,
        -0.482709,
        -0.4462316,
        -0.3934592,
        -0.3195989,
        -0.2534749,
        -0.21438348,
        -0.1811068,
        -0.17545311,
        -0.1783225,
        -0.16052358,
        -0.08776066,
        -0.0024400353
    ],
    "y": [
        -0.2103281,
        -0.19384861,
        -0.21975327,
        -0.22826672,
        -0.2858219,
        -0.3397107,
        -0.39934206,
        -0.40301418,
        -0.37747526,
        -0.25917816,
        -0.08711672,
        0.19982576,
        0.5887594,
        1.1073799,
        1.7358193,
        2.4616652,
        3.2513871,
        3.9791398,
        4.6887136,
        5.371104,
        6.014526,
        6.5257926,
        6.878612,
        7.0346847,
        6.986783,
        6.7346888,
        6.3855987,
        5.9867983,
        5.5541797,
        5.168235,
        4.7944174,
        4.369471,
        3.9473186,
        3.5006776,
        2.9689221,
        2.3034859,
        1.6044931,
        0.7305541,
        -0.20579338,
        -1.1970148,
        -2.3020751,
        -3.476659,
        -4.73575,
        -5.972447,
        -7.046665,
        -7.9093466,
        -8.43956,
        -8.686256,
        -8.710298,
        -8.544349,
        -8.350659,
        -8.150627,
        -7.992244,
        -7.8784657,
        -7.779313,
        -7.64835,
        -7.4561305,
        -7.1969724,
        -6.8913345,
        -6.549679,
        -6.191559,
        -5.812177,
        -5.415896,
        -4.97094,
        -4.502916,
        -3.9416847,
        -3.322395,
        -2.6227891,
        -1.8304255,
        -0.99507284,
        -0.17833328,
        0.60843134,
        1.2198381,
        1.6851273,
        2.00465,
        2.1975694,
        2.2637124,
        2.2674346,
        2.2463412,
        2.1972027,
        2.2196522,
        2.2529173,
        2.291501,
        2.3465586,
        2.4052405,
        2.4356494,
        2.3941035,
        2.2945752,
        2.1702452,
        2.0447345,
        1.974966,
        1.900723,
        1.7956247,
        1.5953813,
        1.3696842,
        1.1427097,
        1.0105815,
        0.8804078,
        0.80786467,
        0.7745533,
        0.77654743,
        0.74765205,
        0.7483883,
        0.71459675,
        0.7399373,
        0.7072911,
        0.67184687,
        0.6741357,
        0.670948,
        0.6307492,
        0.6152754,
        0.59795,
        0.52841616,
        0.4257679,
        0.35689926,
        0.28582716,
        0.30095196,
        0.31369305,
        0.26915312,
        0.22256613,
        0.1526041,
        0.0665431,
        -0.030693531,
        -0.11271763,
        -0.16283226,
        -0.2170825,
        -0.25167084,
        -0.29794216,
        -0.3489232,
        -0.3425827,
        -0.36763144,
        -0.38099432,
        -0.3827343,
        -0.38241196,
        -0.38947773,
        -0.34642124,
        -0.3536377,
        -0.36790323,
        -0.39160204,
        -0.40561533,
        -0.42437124,
        -0.43839025,
        -0.4645362,
        -0.45262957,
        -0.44805574,
        -0.44095564,
        -0.45031452,
        -0.44483232
    ],