{
    "class": "ypos",
    "duration_ms": 700,
    "x": [
        0.38918346,
        0.4606362,
        0.50936806,
        0.57633185,
        0.56930995,
        0.5507656,
        0.48522022,
        0.4159469,
        0.32666382,
        0.2107361,
        0.037437096,
        -0.14777184,
        -0.3095681,
        -0.49858284,
        -0.65593904,
        -0.80034447,
        -0.88942677,
        -0.9759124,
        -0.98766077,
        -0.8860533,
        -0.68737197,
        -0.37882316,
        0.036106355,
        0.49917632,
        0.939753,
        1.4140235,
        1.8178499,
        2.0798755,
        2.2093723,
        2.1554995,
        1.9220413,
        1.572006,
        1.1464095,
        0.6814848,
        0.19725342,
        -0.18342187,
        -0.52890825,
        -0.80212736,
        -1.0064558,
        -1.09701,
        -1.0020614,
        -0.7661886,
        -0.37827396,
        0.2835942,
        1.1407071,
        1.9896374,
        2.6617923,
        3.1379616,
        3.3431106,
        3.3191707,
        3.0986192,
        2.7812304,
        2.3261886,
        1.7320262,
        1.1123996,
        0.564226,
        0.01192414,
        -0.51255757,
        -1.0085704,
        -1.458985,
        -1.8135625,
        -2.0295584,
        -2.169529,
        -2.2651186,
        -2.3221858,
        -2.3300734,
        -2.364368,
        -2.3068929,
        -2.197396,
        -2.0129507,
        -1.8068933,
        -1.6344405,
        -1.4498656,
        -1.2359154,
        -1.059058,
        -0.911885,
        -0.7844813,
        -0.7240778,
        -0.70593125,
        -0.70303667,
        -0.7411649,
        -0.7669804,
        -0.7921554,
        -0.8211968,
        -0.8205957,
        -0.8379617,
        -0.8395812,
        -0.84205675,
        -0.79758704,
        -0.75645065,
        -0.74492586,
        -0.7582618,
        -0.7129416,
        -0.61877763,
        -0.5119596,
        -0.36630866,
        -0.2081846,
        -0.030275065,
        0.17000897,
        0.36623743,
        0.50796926,
        0.6192918,
        0.68593967,
        0.73650223,
        0.7302963,
        0.70077527,
        0.6214813,
        0.5207419,
        0.38372287,
        0.2604369,
        0.1413849,
        0.007595539,
        -0.0714609,
        -0.10283539,
        -0.12227394,
        -0.10328554,
        -0.047925856,
        0.092057616,
        0.20921054,
        0.33717233,
        0.39450002,
        0.46212205,
        0.45352095,
        0.49491376,
        0.49730083,
        0.4867724,
        0.44892228,
        0.42674038,
        0.3459447,
        0.2568731,
        0.17881098,
        0.14542587,
        0.13073789,
        0.123056,
        0.13249864,
        0.15486248,
        0.22159669,
        0.26356572,
        0.29511967,
        0.34958264,
        0.3814113,
        0.41158608,
        0.39894384,
        0.3575039,
        0.29679468,
        0.24054089,
        0.14790212,
        0.021187939
    ],
    "y": [
        -0.32854176,
        -0.33358574,
        -0.2620988,
        -0.15245962,
        0.0071291924,
        0.20707655,
        0.3879366,
        0.61169434,
        0.868845,
        1.1689343,
        1.5594378,
        2.0041494,
        2.4814363,
        2.9722252,
        3.4406657,
        3.9623303,
        4.495608,
        4.990045,
        5.4764104,
        5.942457,
        6.323432,
        6.5736413,
        6.6642985,
        6.6479983,
        6.543888,
        6.2129216,
        5.838608,
        5.4389367,
        5.093686,
        4.734122,
        4.411356,
        4.0643926,
        3.7069435,
        3.3097396,
        2.9201298,
        2.4565234,
        1.9044108,
        1.3454299,
        0.6963992,
        -0.05850506,
        -0.9348359,
        -1.952502,
        -3.0735524,
        -4.21435,
        -5.343841,
        -6.3905373,
        -7.311927,
        -8.120818,
        -8.703371,
        -9.027595,
        -9.133625,
        -9.045009,
        -8.857538,
        -8.628844,
        -8.373803,
        -8.124266,
        -7.893133,
        -7.6479864,
        -7.3998494,
        -7.169585,
        -6.937627,
        -6.72547,
        -6.542545,
        -6.3456993,
        -6.1247606,
        -5.809475,
        -5.4821978,
        -5.085847,
        -4.6726847,
        -4.2799644,
        -3.8416486,
        -3.4400914,
        -3.0619142,
        -2.7249198,
        -2.4013643,
        -2.0420873,
        -1.686676,
        -1.2674143,
        -0.8173604,
        -0.3552947,
        0.09266901,
        0.47658682,
        0.8182602,
        1.1060138,
        1.3591514,
        1.5514498,
        1.7020087,
        1.8201666,
        1.9223313,
        2.0175447,
        2.0741377,
        2.1155024,
        2.1506538,
        2.1338468,
        2.0649219,
        1.9986901,
        1.9374084,
        1.9070921,
        1.9051499,
        1.8955703,
        1.8326459,
        1.780613,
        1.7175512,
        1.6719604,
        1.5790272,
        1.4889979,
        1.4304352,
        1.3650446,
        1.3238974,
        1.2950096,
        1.2282319,
        1.1787891,
        1.1087346,
        1.0494585,
        1.0157294,
        0.93122625,
        0.8775902,
        0.7952814,
        0.7299905,
        0.6698904,
        0.622221,
        0.5845504,
        0.56139565,
        0.542923,
        0.47876406,
        0.3785429,
        0.27339125,
        0.18725395,
        0.18683004,
        0.21674252,
        0.19779587,
        0.15620613,
        0.06567621,
        -0.047301292,
        -0.15130949,
        -0.21968031,
        -0.2568636,
        -0.2433443,
        -0.19089365,
        -0.20207882,
        -0.22399378,
        -0.26375008,
        -0.29243422,
        -0.28864193,
        -0.29555464,
        -0.29166555,
        -0.31995726,
        -0.33981848
    ],