{
    "class": "ypos",
    "duration_ms": 700,
    "x": [
        -0.037475057,
        -0.0038922727,
        0.066680044,
        0.08843085,
        0.10434355,
        0.12135006,
        0.13435507,
        0.13346377,
        0.1325157,
        0.116769,
        0.12165562,
        0.10875428,
        0.09959328,
        0.10349897,
        0.11812213,
        0.12237456,
        0.15228727,
        0.15586576,
        0.1669388,
        0.17845315,
        0.18593696,
        0.2061121,
        0.1913334,
        0.19164824,
        0.20205468,
        0.25074372,
        0.3135771,
        0.38812155,
        0.49565092,
        0.5812313,
        0.6473671,
        0.67025256,
        0.6478016,
        0.584948,
        0.4914831,
        0.3463994,
        0.2210861,
        0.10584303,
        -0.02287002,
        -0.15770184,
        -0.2797481,
        -0.3538906,
        -0.37480345,
        -0.39594257,
        -0.4680069,
        -0.5168292,
        -0.5590887,
        -0.5398642,
        -0.4545831,
        -0.27728078,
        -0.051031932,
        0.15471005,
        0.39043295,
        0.63034713,
        0.8203778,
        0.9781507,
        1.1502422,
        1.2466629,
        1.3520625,
        1.4461741,
        1.5878847,
        1.7258376,
        1.8704435,
        1.9237145,
        1.841909,
        1.5642211,
        1.134493,
        0.57937396,
        0.021234512,
        -0.5034734,
        -0.9838387,
        -1.3867949,
        -1.6792132,
        -1.760257,
        -1.583898,
        -1.0583562,
        -0.37625673,
        0.27296793,
        0.8287175,
        1.3437185,
        1.5351034,
        1.4069473,
        1.1068217,
        0.6989248,
        0.22951514,
        -0.33886555,
        -0.91008127,
        -1.5175185,
        -2.1014605,
        -2.6142242,
        -3.0726888,
        -3.4698753,
        -3.7700086,
        -4.009222,
        -4.1088667,
        -4.0787344,
        -3.9550362,
        -3.668541,
        -3.2861552,
        -2.8220122,
        -2.3146038,
        -1.8314211,
        -1.4016411,
        -0.94696224,
        -0.4847414,
        -0.0800693,
        0.35299808,
        0.78358996,
        1.2051375,
        1.6236473,
        1.9137208,
        2.1654854,
        2.341673,
        2.4742923,
        2.4898033,
        2.46765,
        2.3792133,
        2.2051187,
        1.9828197,
        1.6869873,
        1.3611264,
        1.0465673,
        0.76554817,
        0.51420665,
        0.3203371,
        0.20726323,
        0.17725438,
        0.18537334,
        0.18269607,
        0.19695976,
        0.21518582,
        0.28368044,
        0.3406806,
        0.3936002,
        0.40691146,
        0.39263913,
        0.35775015,
        0.3115123,
        0.27036354,
        0.20788714,
        0.17425036,
        0.15741625,
        0.16465333,
        0.15760994,
        0.14342183,
        0.16010183,
        0.118661106,
        0.10254088,
        0.05623457
    ],
    "y": [
        0.028747559,
        0.05528736,
        0.09252763,
        0.11412883,
        0.1104002,
        0.09304595,
        0.0735116,
        0.06554866,
        0.016344309,
        -0.021931887,
        -0.061618567,
        -0.07440472,
        -0.11512065,
        -0.14773345,
        -0.18159246,
        -0.22348475,
        -0.21131778,
        -0.20923758,
        -0.22401166,
        -0.27894258,
        -0.31887388,
        -0.36054778,
        -0.3752699,
        -0.45342827,
        -0.54930425,
        -0.6079848,
        -0.71301246,
        -0.83087516,
        -0.9760649,
        -1.1440914,
        -1.2923278,
        -1.4591395,
        -1.5612773,
        -1.6181355,
        -1.636913,
        -1.5938334,
        -1.5197871,
        -1.3883765,
        -1.2064818,
        -0.91933537,
        -0.5156045,
        -0.105345726,
        0.34219527,
        0.8995049,
        1.5544474,
        2.3521023,
        3.2203305,
        4.0632763,
        4.799572,
        5.4580774,
        6.1177487,
        6.72585,
        7.2246523,
        7.7238674,
        8.117618,
        8.369505,
        8.407457,
        8.28177,
        8.047545,
        7.7740917,
        7.441988,
        7.002715,
        6.4455805,
        5.8000574,
        5.1073303,
        4.403749,
        3.7403178,
        3.04142,
        2.2827005,
        1.4449995,
        0.5337918,
        -0.47364402,
        -1.5783486,
        -2.7359788,
        -4.007334,
        -5.3767834,
        -6.7473593,
        -7.991089,
        -9.07822,
        -10.134022,
        -10.886178,
        -11.337896,
        -11.538231,
        -11.550871,
        -11.465729,
        -11.317537,
        -11.167575,
        -10.952864,
        -10.703938,
        -10.40136,
        -9.980667,
        -9.470888,
        -8.8678,
        -8.124285,
        -7.277085,
        -6.401161,
        -5.5283756,
        -4.669085,
        -3.816927,
        -2.9225662,
        -2.0250757,
        -1.0559492,
        -0.05452299,
        0.9590211,
        1.8689365,
        2.655806,
        3.1716757,
        3.4532216,
        3.5088556,
        3.471154,
        3.4485025,
        3.417189,
        3.4557037,
        3.5416386,
        3.6377566,
        3.7045128,
        3.685627,
        3.6375186,
        3.5283942,
        3.41993,
        3.2711117,
        3.1079733,
        2.8634968,
        2.6310337,
        2.3557918,
        2.1078193,
        1.861512,
        1.6773345,
        1.5604315,
        1.4703255,
        1.3546569,
        1.290344,
        1.1988397,
        1.1236224,
        1.0625174,
        1.0372438,
        1.0550661,
        1.0371783,
        1.0387816,
        1.0027308,
        0.98411846,
        0.97102094,
        0.9442482,
        0.9134071,
        0.8448086,
        0.74784636,
        0.63426733,
        0.5371802,
        0.43480158
    ],