{
    "class": "ypos",
    "duration_ms": 700,
    "x": [
        -0.08818853,
        -0.121143326,
        -0.15404664,
        -0.2028713,
        -0.26664156,
        -0.32540923,
        -0.36416146,
        -0.37983948,
        -0.3646899,
        -0.42063978,
        -0.5352584,
        -0.62553155,
        -0.7802842,
        -1.0092573,
        -1.3222494,
        -1.6725391,
        -1.8591979,
        -1.8679966,
        -1.6094966,
        -1.0600876,
        -0.28519565,
        0.60758674,
        1.4010918,
        2.105186,
        2.7437801,
        3.1674428,
        3.3145676,
        3.2423828,
        2.9379985,
        2.4978402,
        1.953061,
        1.3850477,
        0.8994688,
        0.4090238,
        -0.026544094,
        -0.41213188,
        -0.6261169,
        -0.58964753,
        -0.2658953,
        0.26323766,
        0.9644019,
        1.754483,
        2.3921423,
        2.8310404,
        3.0525246,
        3.046957,
        2.8187356,
        2.4534218,
        1.978854,
        1.4515344,
        0.9565148,
        0.41401124,
        -0.098003626,
        -0.52083826,
        -0.8936983,
        -1.1740937,
        -1.4172432,
        -1.6014831,
        -1.7601871,
        -1.8504546,
        -1.927462,
        -1.8838238,
        -1.825347,
        -1.6924462,
        -1.4613504,
        -1.151171,
        -0.7999104,
        -0.4649191,
        -0.10306695,
        0.23806503,
        0.5398223,
        0.8171185,
        1.0323615,
        1.1696243,
        1.2201025,
        1.1727731,
        0.9972279,
        0.7177282,
        0.35814905,
        -0.009918749,
        -0.35836095,
        -0.69493747,
        -0.90544796,
        -1.0669664,
        -1.197115,
        -1.2825849,
        -1.3648312,
        -1.4231069,
        -1.4652494,
        -1.4057803,
        -1.2618599,
        -1.0620399,
        -0.83924806,
        -0.63843983,
        -0.41601282,
        -0.23837869,
        -0.07373153,
        0.037939608,
        0.0922485,
        0.11103159,
        0.077472776,
        0.027327955,
        -0.030225754,
        -0.11674115,
        -0.18443058,
        -0.23350042,
        -0.24527594,
        -0.21504988,
        -0.15729842,
        -0.0930748,
        -0.00011822581,
        0.081677794,
        0.17905027,
        0.27796113,
        0.31892267,
        0.35708523,
        0.3279923,
        0.25791815,
        0.19687149,
        0.12529114,
        0.04736924,
        -0.030316383,
        -0.10331154,
        -0.20046087,
        -0.2622735,
        -0.2939289,
        -0.31736785,
        -0.33776182,
        -0.3245253,
        -0.30385512,
        -0.25113052,
        -0.18472975,
        -0.17073151,
        -0.18925622,
        -0.2112577,
        -0.26759562,
        -0.3249523,
        -0.40520903,
        -0.4440764,
        -0.46093416,
        -0.48006874,
        -0.43661597,
        -0.36861855,
        -0.27578902,
        -0.19649377,
        -0.1883271,
        -0.201567,
        -0.2175442
    ],
    "y": [
        -0.6708238,
        -0.6184392,
        -0.48051834,
        -0.41902208,
        -0.30003357,
        -0.15931559,
        0.034089565,
        0.17790222,
        0.39596367,
        0.6378541,
        0.99102473,
        1.437542,
        2.0141697,
        2.795215,
        3.825878,
        5.0421653,
        6.2823586,
        7.2955947,
        7.934478,
        8.083076,
        7.838622,
        7.441455,
        7.071247,
        6.691553,
        6.2605953,
        5.860637,
        5.590398,
        5.39311,
        5.2119017,
        5.0065155,
        4.6818933,
        4.2269783,
        3.6450684,
        2.8944514,
        2.123089,
        1.2739174,
        0.25758362,
        -0.88768554,
        -2.2140918,
        -3.5707495,
        -4.9577746,
        -6.2703075,
        -7.3606224,
        -8.21496,
        -8.9005375,
        -9.333547,
        -9.655064,
        -9.762409,
        -9.780739,
        -9.74028,
        -9.662552,
        -9.543745,
        -9.38063,
        -9.204126,
        -9.0309725,
        -8.853798,
        -8.603189,
        -8.247812,
        -7.758575,
        -7.1441154,
        -6.395939,
        -5.5456133,
        -4.660274,
        -3.768429,
        -2.9413838,
        -2.1545548,
        -1.3404756,
        -0.5704665,
        0.15360546,
        0.7652724,
        1.2578306,
        1.6271212,
        1.8379982,
        1.9726832,
        2.0773473,
        2.2241938,
        2.372711,
        2.5874639,
        2.7821786,
        2.9279678,
        3.0197458,
        3.0496528,
        3.002397,
        2.9175744,
        2.7986786,
        2.6658373,
        2.5056565,
        2.340799,
        2.1463377,
        1.9864213,
        1.8251016,
        1.6624832,
        1.5085609,
        1.3854189,
        1.2790852,
        1.1756701,
        1.1140428,
        1.0398052,
        0.9680333,
        0.8923433,
        0.8492179,
        0.80806255,
        0.7383747,
        0.69093156,
        0.65892196,
        0.62111187,
        0.56352067,
        0.47199178,
        0.40628624,
        0.32805467,
        0.25379872,
        0.18078136,
        0.061068058,
        -0.026573181,
        -0.13022637,
        -0.21188903,
        -0.23850083,
        -0.26095343,
        -0.2605903,
        -0.2641542,
        -0.27663898,
        -0.30281162,
        -0.3474338,
        -0.34809136,
        -0.37395453,
        -0.3576467,
        -0.33472562,
        -0.33373308,
        -0.36401367,
        -0.3656695,
        -0.4081037,
        -0.44324875,
        -0.49733424,
        -0.49855208,
        -0.5138886,
        -0.47147822,
        -0.46931243,
        -0.43779206,
        -0.38634062,
        -0.33396482,
        -0.24702287,
        -0.20927477,
        -0.16335392,
        -0.10455084,
        -0.085473776,
        -0.089297295,
        -0.0776937,
        -0.05557871
    ],