{
    "class": "ypos",
    "duration_ms": 700,
    "x": [
        -0.009322807,
        0.063825056,
        0.06833978,
        0.085479006,
        0.11078747,
        0.08293074,
        0.095543474,
        0.122784436,
        0.23681651,
        0.35245693,
        0.42735678,
        0.48275852,
        0.43982017,
        0.31737843,
        0.15469144,
        -0.07894182,
        -0.35272515,
        -0.69013923,
        -1.0547988,
        -1.428603,
        -1.6322603,
        -1.7122878,
        -1.603847,
        -1.2658063,
        -0.8029445,
        -0.2721597,
        0.33622718,
        0.99056715,
        1.5752567,
        2.0458813,
        2.362184,
        2.4924092,
        2.4306047,
        2.1269317,
        1.6861919,
        1.1845982,
        0.7515242,
        0.39523938,
        0.24465293,
        0.2549088,
        0.4792613,
        0.7940902,
        1.1311204,
        1.4581939,
        1.762094,
        1.9532396,
        2.1234336,
        2.2634788,
        2.2041776,
        1.9584122,
        1.4908032,
        0.9309575,
        0.28168368,
        -0.36597916,
        -0.9833853,
        -1.4940231,
        -1.8839953,
        -2.1657467,
        -2.3637023,
        -2.4548,
        -2.4354348,
        -2.3858492,
        -2.269202,
        -2.1513858,
        -1.935482,
        -1.6941147,
        -1.4040909,
        -1.1308126,
        -0.86031854,
        -0.6215278,
        -0.52192605,
        -0.4963956,
        -0.51792943,
        -0.53057605,
        -0.49257728,
        -0.43124762,
        -0.35691154,
        -0.30377543,
        -0.26591092,
        -0.28596675,
        -0.36678582,
        -0.40895563,
        -0.46135625,
        -0.5033521,
        -0.56907344,
        -0.6299602,
        -0.6500631,
        -0.6223232,
        -0.44624937,
        -0.19125547,
        0.12862483,
        0.41530108,
        0.64680994,
        0.82966524,
        0.898584,
        0.80997515,
        0.6134187,
        0.34194496,
        0.069272965,
        -0.1927419,
        -0.39131495,
        -0.4877347,
        -0.5147967,
        -0.4715217,
        -0.4070623,
        -0.34714687,
        -0.2700953,
        -0.15693319,
        0.015936017,
        0.16450202,
        0.3701638,
        0.54663146,
        0.68658763,
        0.80444396,
        0.8407097,
        0.86257845,
        0.79612184,
        0.7107519,
        0.6135527,
        0.55459166,
        0.51265335,
        0.47867545,
        0.4384922,
        0.34190118,
        0.29390523,
        0.20089473,
        0.15345639,
        0.11778425,
        0.14355916,
        0.21398115,
        0.31954944,
        0.3983942,
        0.42687365,
        0.46755353,
        0.46806476,
        0.4719313,
        0.48183912,
        0.47879153,
        0.4485186,
        0.39804032,
        0.35348433,
        0.26192915,
        0.20668694,
        0.15384749,
        0.09607178,
        0.07888547,
        0.08554575,
        0.07295853
    ],
    "y": [
        -0.22864723,
        -0.28015852,
        -0.24280357,
        -0.17647028,
        -0.0050940514,
        0.25881147,
        0.5055165,
        0.73102665,
        0.92405796,
        1.0921903,
        1.295147,
        1.6180701,
        2.1166196,
        2.703589,
        3.3134875,
        3.9430447,
        4.645567,
        5.4589705,
        6.37294,
        7.279351,
        8.029958,
        8.5797825,
        8.9554825,
        9.202957,
        9.329483,
        9.385297,
        9.372403,
        9.225121,
        8.887103,
        8.368812,
        7.7598176,
        7.044823,
        6.2523174,
        5.4185457,
        4.651995,
        3.879438,
        3.0395408,
        2.0017815,
        0.8131752,
        -0.50034904,
        -1.8962483,
        -3.358754,
        -4.781951,
        -6.1345105,
        -7.4212837,
        -8.613573,
        -9.747238,
        -10.889207,
        -11.929426,
        -12.772337,
        -13.346287,
        -13.646671,
        -13.829044,
        -13.850121,
        -13.795853,
        -13.692553,
        -13.576529,
        -13.434434,
        -13.188765,
        -12.877187,
        -12.467831,
        -11.980806,
        -11.41399,
        -10.769743,
        -10.0742035,
        -9.32936,
        -8.553813,
        -7.7466044,
        -6.920983,
        -6.0327253,
        -5.0640893,
        -4.016626,
        -2.887341,
        -1.78094,
        -0.78517437,
        0.09850407,
        0.7753906,
        1.308424,
        1.7264662,
        2.1176853,
        2.5051923,
        2.887848,
        3.2071218,
        3.4644175,
        3.7283025,
        3.998001,
        4.2967043,
        4.571236,
        4.7230983,
        4.7042413,
        4.543224,
        4.309128,
        3.9968262,
        3.73981,
        3.458817,
        3.235189,
        3.078702,
        3.0039186,
        3.0015926,
        3.0168943,
        3.0021305,
        2.9239507,
        2.8039093,
        2.6087008,
        2.3913174,
        2.137876,
        1.9111204,
        1.7351727,
        1.5694227,
        1.4186273,
        1.2802434,
        1.1351113,
        0.9474764,
        0.7939105,
        0.703238,
        0.6684694,
        0.6729369,
        0.656785,
        0.6341443,
        0.5904069,
        0.52760124,
        0.45014572,
        0.37935543,
        0.28140402,
        0.23998451,
        0.24033356,
        0.25089312,
        0.2330718,
        0.19402504,
        0.109913826,
        0.033740997,
        -0.01244545,
        0.014819622,
        0.05847454,
        0.116642,
        0.14187193,
        0.17273188,
        0.16634512,
        0.16831255,
        0.1475153,
        0.09434605,
        0.07086754,
        0.036128044,
        0.0018773079,
        -0.04181719,
        -0.10724163,
        -0.15399027,
        -0.18457651
    ],