{
    "class": "ypos",
    "duration_ms": 700,
    "x": [
        -0.11693738,
        -0.068664044,
        -0.010978922,
        0.051533923,
        0.14529291,
        0.17989925,
        0.21038407,
        0.21759295,
        0.19911262,
        0.19060317,
        0.13465443,
        0.10503557,
        0.06587713,
        0.03372318,
        -0.005701266,
        -0.049952462,
        -0.039648183,
        -0.04889662,
        -0.05151142,
        -0.038322866,
        -0.033293873,
        -0.010519408,
        0.017734028,
        0.06571357,
        0.16455275,
        0.31664017,
        0.4080846,
        0.43061352,
        0.45871037,
        0.5805091,
        0.5849655,
        0.49158716,
        0.36323428,
        0.20369579,
        -0.00014142082,
        -0.22285545,
        -0.4225472,
        -0.6313833,
        -0.84071136,
        -1.020486,
        -1.0228969,
        -0.79518825,
        -0.4655689,
        -0.11623199,
        0.1758768,
        0.37166125,
        0.42900208,
        0.3863995,
        0.24607675,
        0.07230407,
        -0.10202949,
        -0.16782373,
        -0.027982257,
        0.2687202,
        0.6838268,
        1.2226344,
        1.7043688,
        2.1060734,
        2.3376796,
        2.3783686,
        2.2094092,
        1.8452773,
        1.4224735,
        0.8956146,
        0.35537782,
        -0.052988518,
        -0.48117974,
        -0.8247958,
        -1.1396917,
        -1.3739374,
        -1.5595005,
        -1.699697,
        -1.8507341,
        -1.9657334,
        -2.0287538,
        -2.078695,
        -2.1015015,
        -2.0779994,
        -2.0484245,
        -1.9713047,
        -1.8793341,
        -1.737997,
        -1.5679008,
        -1.3849217,
        -1.178706,
        -0.99170524,
        -0.79684085,
        -0.5193012,
        -0.17026225,
        0.17713255,
        0.51435393,
        0.8422657,
        1.0706209,
        1.159241,
        1.1152766,
        0.97871965,
        0.76486635,
        0.5725901,
        0.4170599,
        0.30657792,
        0.25212833,
        0.25777075,
        0.2776058,
        0.30438763,
        0.32149184,
        0.36268926,
        0.34698385,
        0.32981673,
        0.27569193,
        0.26174814,
        0.26926792,
        0.32269928,
        0.4321881,
        0.50719476,
        0.57681465,
        0.6388613,
        0.6335883,
        0.63041794,
        0.59118056,
        0.5588333,
        0.5402882,
        0.51352197,
        0.48286164,
        0.41205055,
        0.32714373,
        0.2373212,
        0.16623107,
        0.113583505,
        0.04576923,
        -0.020525731,
        -0.04472527,
        -0.045970343,
        -0.038753033,
        -0.025171362,
        -3.103167e-05,
        -0.006287642,
        0.028112717,
        0.08176344,
        0.10449351,
        0.12752973,
        0.14144927,
        0.13426432,
        0.12747951,
        0.0993712,
        0.0736116,
        0.047523536,
        0.013751628,
        -0.023033991,
        -0.10824
    ],
    "y": [
        -0.16333294,
        -0.15076256,
        -0.12352753,
        -0.07695961,
        -0.05876398,
        -0.06870413,
        -0.08282471,
        -0.075059414,
        -0.119292736,
        -0.11323261,
        -0.15253735,
        -0.16806221,
        -0.22660875,
        -0.23287487,
        -0.28230524,
        -0.31275034,
        -0.35533953,
        -0.34357738,
        -0.2945814,
        -0.24904442,
        -0.116699696,
        0.021050453,
        0.13577795,
        0.33699512,
        0.5269561,
        0.7656369,
        1.1598048,
        1.7582726,
        2.5263047,
        3.424829,
        4.4458394,
        5.5518556,
        6.596524,
        7.4370446,
        8.01458,
        8.248797,
        8.23325,
        8.020173,
        7.682739,
        7.3176684,
        6.7989283,
        6.177444,
        5.46616,
        4.706927,
        3.944223,
        3.2751746,
        2.6057448,
        1.930645,
        1.2112775,
        0.40939188,
        -0.44596767,
        -1.466279,
        -2.5832386,
        -3.814249,
        -5.1167803,
        -6.3287907,
        -7.3889136,
        -8.15244,
        -8.697255,
        -8.983918,
        -9.193054,
        -9.299698,
        -9.384515,
        -9.435423,
        -9.445571,
        -9.525523,
        -9.642579,
        -9.740557,
        -9.811379,
        -9.813604,
        -9.751117,
        -9.601156,
        -9.292794,
        -8.867155,
        -8.300278,
        -7.5869594,
        -6.7742767,
        -5.828017,
        -4.8550973,
        -3.7878413,
        -2.747867,
        -1.7060566,
        -0.74825335,
        0.089746475,
        0.82002544,
        1.3542252,
        1.7498636,
        1.9806681,
        2.147111,
        2.3661127,
        2.6229658,
        2.9459696,
        3.2437315,
        3.5970826,
        3.8954506,
        4.1862783,
        4.4333715,
        4.631615,
        4.7496676,
        4.775219,
        4.6935687,
        4.5451307,
        4.3585405,
        4.1864223,
        3.9835167,
        3.7979765,
        3.5824304,
        3.351739,
        3.1135798,
        2.8778696,
        2.6783772,
        2.4506063,
        2.213717,
        1.99407,
        1.7413626,
        1.4604697,
        1.1946001,
        0.9367776,
        0.7013588,
        0.49790812,
        0.3240981,
        0.14407015,
        -0.054136753,
        -0.16058016,
        -0.28071356,
        -0.36206484,
        -0.4430709,
        -0.5501871,
        -0.6141348,
        -0.6854172,
        -0.7499747,
        -0.7937918,
        -0.8600588,
        -0.9081869,
        -0.9357343,
        -0.8899865,
        -0.8402815,
        -0.79356194,
        -0.75219774,
        -0.73529243,
        -0.74036455,
        -0.7004161,
        -0.6968579,
        -0.66267395,
        -0.63842964,
        -0.63116646,
        -0.6169119,
        -0.58838224,
        -0.5477853
    ],