{
    "class": "ypos",
    "duration_ms": 700,
    "x": [
        -0.19427267,
        -0.18021718,
        -0.16533491,
        -0.14660263,
        -0.13295814,
        -0.11659011,
        -0.10175595,
        -0.09058875,
        -0.0853641,
        -0.081312,
        -0.07139042,
        -0.053500414,
        -0.030349225,
        9.6052885e-05,
        0.032616615,
        0.05965087,
        0.0785003,
        0.08173886,
        0.06908101,
        0.043159485,
        0.0064520836,
        -0.033716977,
        -0.08419514,
        -0.13046664,
        -0.1793473,
        -0.21870798,
        -0.24844307,
        -0.25884157,
        -0.2524556,
        -0.21770051,
        -0.16948411,
        -0.11560109,
        -0.061214924,
        0.0004797578,
        0.07149507,
        0.16579881,
        0.28119043,
        0.4186681,
        0.5721377,
        0.7446688,
        0.92735416,
        1.1159728,
        1.291849,
        1.4503235,
        1.5793,
        1.66402,
        1.6919094,
        1.66942,
        1.5888823,
        1.4547931,
        1.2670548,
        1.0396101,
        0.7864147,
        0.52377987,
        0.2659598,
        0.027744234,
        -0.16865197,
        -0.27905872,
        -0.27844542,
        -0.16038066,
        0.050527424,
        0.3103318,
        0.57445896,
        0.7979163,
        0.9470851,
        1.0141737,
        0.99824345,
        0.9004937,
        0.736323,
        0.5163884,
        0.2562809,
        -0.033202052,
        -0.3434925,
        -0.65620327,
        -0.957426,
        -1.2351818,
        -1.4747102,
        -1.6709654,
        -1.8211973,
        -1.9273809,
        -1.9891672,
        -2.0039506,
        -1.9714537,
        -1.8964969,
        -1.7910525,
        -1.6624932,
        -1.5107845,
        -1.3431895,
        -1.171714,
        -0.9988508,
        -0.836528,
        -0.6846386,
        -0.55501634,
        -0.44036785,
        -0.34316432,
        -0.2634886,
        -0.20357391,
        -0.15108788,
        -0.11529249,
        -0.09822172,
        -0.090036154,
        -0.095199265,
        -0.1065442,
        -0.116884485,
        -0.11906066,
        -0.11817877,
        -0.10760373,
        -0.090130135,
        -0.06634797,
        -0.043709774,
        -0.022421993,
        0.00010255724,
        0.019206159,
        0.039832056,
        0.052685566,
        0.07247447,
        0.09453848,
        0.116909556,
        0.1373513,
        0.15122151,
        0.15160513,
        0.14118844,
        0.12986903,
        0.12506413,
        0.12916762,
        0.1298013,
        0.121767245,
        0.10694742,
        0.078007944,
        0.044186354,
        0.005348295,
        -0.0411041,
        -0.097717114,
        -0.1504936,
        -0.20433697,
        -0.2568118,
        -0.30323553,
        -0.34369484,
        -0.3636193,
        -0.35533443,
        -0.31343317,
        -0.24453384,
        -0.1601216,
        -0.06716348,
        0.021997705,
        0.0998894,
        0.1638417
    ],
    "y": [
        -0.13651085,
        -0.16657948,
        -0.18636894,
        -0.20492506,
        -0.21005392,
        -0.20871115,
        -0.20573235,
        -0.20586228,
        -0.21875882,
        -0.23502612,
        -0.25732517,
        -0.28833938,
        -0.32584953,
        -0.37247753,
        -0.4237051,
        -0.47254944,
        -0.51924515,
        -0.559067,
        -0.5897622,
        -0.6043687,
        -0.59111285,
        -0.5383189,
        -0.4365921,
        -0.29553366,
        -0.11735153,
        0.098190784,
        0.34177876,
        0.61120605,
        0.8850579,
        1.1658931,
        1.4727826,
        1.8006396,
        2.1680036,
        2.5621972,
        2.9683557,
        3.3551192,
        3.6960306,
        3.9900465,
        4.196646,
        4.31794,
        4.358768,
        4.326189,
        4.2462997,
        4.12109,
        3.9641833,
        3.7770464,
        3.563322,
        3.319267,
        3.0483222,
        2.754146,
        2.433476,
        2.0764318,
        1.6861005,
        1.2493958,
        0.7705097,
        0.25841188,
        -0.2873397,
        -0.8647177,
        -1.4836001,
        -2.1372852,
        -2.8049738,
        -3.4638243,
        -4.0815926,
        -4.6356735,
        -5.1084976,
        -5.487517,
        -5.784441,
        -6.0163326,
        -6.1864476,
        -6.303431,
        -6.3713326,
        -6.3942766,
        -6.378716,
        -6.328517,
        -6.2424746,
        -6.128729,
        -5.973445,
        -5.781611,
        -5.5531216,
        -5.2806206,
        -4.966021,
        -4.6183276,
        -4.246456,
        -3.8568442,
        -3.4584308,
        -3.0553596,
        -2.6447647,
        -2.2309008,
        -1.8229461,
        -1.4208217,
        -1.017549,
        -0.61590004,
        -0.22118378,
        0.1637106,
        0.5381794,
        0.8825655,
        1.2035818,
        1.4935837,
        1.7520514,
        1.9759889,
        2.164947,
        2.320757,
        2.4335241,
        2.5124612,
        2.5596237,
        2.5746412,
        2.5644755,
        2.5384445,
        2.4919283,
        2.425122,
        2.3502846,
        2.2700982,
        2.1870852,
        2.1015866,
        2.0092676,
        1.9057999,
        1.7869139,
        1.6555715,
        1.5266583,
        1.3958087,
        1.2752428,
        1.167551,
        1.0729828,
        0.9895272,
        0.90547633,
        0.8305018,
        0.7667458,
        0.7185037,
        0.6803138,
        0.6467743,
        0.60770607,
        0.56731296,
        0.517838,
        0.4613924,
        0.39301658,
        0.31740332,
        0.246732,
        0.19085646,
        0.15257931,
        0.12531877,
        0.10959196,
        0.103411674,
        0.0975132,
        0.10628605,
        0.12250543,
        0.15107346,
        0.18007064
    ],