{
    "class": "ypos",
    "duration_ms": 700,
    "x": [
        0.017067388,
        0.055379063,
        0.08246611,
        0.12008387,
        0.14959499,
        0.14790788,
        0.15125778,
        0.11522403,
        0.07139983,
        0.015328079,
        -0.0789281,
        -0.13054207,
        -0.22582696,
        -0.31062797,
        -0.4092105,
        -0.51961017,
        -0.6113011,
        -0.6590372,
        -0.67085856,
        -0.6143273,
        -0.49973702,
        -0.39381307,
        -0.23444949,
        -0.08338685,
        0.03362152,
        0.13401234,
        0.19499034,
        0.23890607,
        0.30902496,
        0.41862726,
        0.56368387,
        0.7545242,
        0.93142265,
        1.0796076,
        1.179265,
        1.2321284,
        1.2449293,
        1.2650942,
        1.3044124,
        1.3464267,
        1.437518,
        1.5550663,
        1.6475445,
        1.6796951,
        1.5536237,
        1.3071901,
        0.92684895,
        0.4799522,
        0.017282693,
        -0.35020164,
        -0.5806693,
        -0.5123299,
        -0.18092446,
        0.28482294,
        0.8544652,
        1.4113067,
        1.9226493,
        2.183652,
        2.2313886,
        2.0767672,
        1.7139038,
        1.1920997,
        0.55351573,
        -0.17007917,
        -0.8495464,
        -1.5168109,
        -2.134785,
        -2.6591654,
        -3.0313017,
        -3.2428055,
        -3.330528,
        -3.2404673,
        -2.9901028,
        -2.5893538,
        -2.0719712,
        -1.5456836,
        -1.0435814,
        -0.6010075,
        -0.1532249,
        0.20407416,
        0.4782353,
        0.6771997,
        0.7970161,
        0.85272324,
        0.8566949,
        0.783142,
        0.68031704,
        0.5485996,
        0.41669333,
        0.21008313,
        -0.01909981,
        -0.14938739,
        -0.28400826,
        -0.34195417,
        -0.38580555,
        -0.3924702,
        -0.3937352,
        -0.35888135,
        -0.2857614,
        -0.20535298,
        -0.05312994,
        0.13496432,
        0.31604743,
        0.4975805,
        0.6415484,
        0.79123604,
        0.867792,
        0.88822854,
        0.8816235,
        0.85101074,
        0.7902099,
        0.7619056,
        0.7043005,
        0.61027515,
        0.47241038,
        0.3025352,
        0.16254826,
        -0.021785602,
        -0.14034018,
        -0.2675339,
        -0.3414361,
        -0.37665462,
        -0.35425138,
        -0.24794133,
        -0.13655028,
        0.0016856566,
        0.121220335,
        0.25805098,
        0.33330405,
        0.34717107,
        0.35460943,
        0.3579642,
        0.38114744,
        0.4050793,
        0.4130868,
        0.42894188,
        0.4019706,
        0.3462345,
        0.2688012,
        0.19113904,
        0.13944644,
        0.106437735,
        0.02011197,
        -0.033415385,
        -0.09002182,
        -0.070589826,
        -0.041878097,
        -0.05156888,
        -0.065962255
    ],
    "y": [
        -0.52424526,
        -0.6136873,
        -0.6899779,
        -0.7366798,
        -0.7895758,
        -0.84371424,
        -0.87999487,
        -0.97454596,
        -1.0794806,
        -1.1757264,
        -1.2587638,
        -1.2789016,
        -1.277055,
        -1.1250567,
        -0.9168515,
        -0.62891746,
        -0.30240726,
        -0.008895397,
        0.2066145,
        0.392159,
        0.54997253,
        0.7011905,
        0.88114357,
        1.0678868,
        1.3373437,
        1.812489,
        2.4018245,
        3.1526184,
        3.9712725,
        4.7450085,
        5.4672437,
        6.0952067,
        6.626537,
        7.0208297,
        7.405106,
        7.6982636,
        7.8313117,
        7.7756915,
        7.5290847,
        7.117663,
        6.665159,
        6.175199,
        5.624705,
        5.0523615,
        4.4892035,
        3.9782193,
        3.4433315,
        2.8568778,
        2.1132758,
        1.2771716,
        0.3373494,
        -0.824764,
        -2.1217487,
        -3.5547242,
        -5.0552278,
        -6.516144,
        -7.877955,
        -9.011656,
        -9.93902,
        -10.619765,
        -11.044784,
        -11.169458,
        -11.080929,
        -10.771374,
        -10.314718,
        -9.730541,
        -9.124746,
        -8.498859,
        -7.8692713,
        -7.3049107,
        -6.7241044,
        -6.174201,
        -5.627835,
        -5.0814476,
        -4.561612,
        -4.0156994,
        -3.412236,
        -2.7342303,
        -1.9549501,
        -1.1268754,
        -0.27582788,
        0.50295925,
        1.2030811,
        1.806098,
        2.3009167,
        2.6619325,
        2.9304037,
        3.0851464,
        3.145533,
        3.1521125,
        3.1497922,
        3.218965,
        3.2366729,
        3.2189403,
        3.1673012,
        3.0953054,
        3.0115514,
        2.9485817,
        2.8673887,
        2.7315068,
        2.607535,
        2.4116077,
        2.2465568,
        2.0813384,
        1.9090676,
        1.7278032,
        1.5982862,
        1.4520826,
        1.3860312,
        1.2910061,
        1.232563,
        1.1659803,
        1.0725083,
        0.98580027,
        0.88187695,
        0.7822237,
        0.6725626,
        0.6174879,
        0.5428314,
        0.49641562,
        0.46599722,
        0.4250784,
        0.3493328,
        0.28159094,
        0.1686573,
        0.08682299,
        0.01646471,
        -0.061942577,
        -0.11508989,
        -0.17895126,
        -0.21502781,
        -0.28046083,
        -0.30788183,
        -0.33053398,
        -0.32655048,
        -0.3124237,
        -0.28325653,
        -0.22001505,
        -0.14954615,
        -0.15585041,
        -0.18159723,
        -0.21973944,
        -0.23912811,
        -0.24940348,
        -0.23638296,
        -0.2143178,
        -0.22364378,
        -0.21380568,
        -0.1869402
    ],