{
    "class": "ypos",
    "duration_ms": 700,
    "x": [
        0.17909317,
        0.26058528,
        0.3060146,
        0.38279203,
        0.43418387,
        0.4821728,
        0.4960241,
        0.49495992,
        0.43373302,
        0.3647099,
        0.28521743,
        0.22558177,
        0.1854237,
        0.15982366,
        0.11769272,
        0.06615783,
        -0.004457753,
        -0.015743926,
        -0.032531954,
        -0.064263925,
        -0.07015607,
        -0.07848197,
        -0.12702742,
        -0.16795868,
        -0.21337473,
        -0.25646842,
        -0.28816992,
        -0.26363027,
        -0.20455346,
        -0.06119155,
        0.1494068,
        0.35811228,
        0.53673255,
        0.69503903,
        0.797245,
        0.8428538,
        0.85138226,
        0.70600253,
        0.56944644,
        0.48213038,
        0.4487113,
        0.5484874,
        0.7677719,
        1.105625,
        1.5708054,
        2.136486,
        2.7804048,
        3.3773358,
        3.8830857,
        4.221599,
        4.320901,
        4.105875,
        3.565565,
        2.9179814,
        2.20397,
        1.4407333,
        0.71761006,
        0.024482273,
        -0.5643079,
        -1.0172781,
        -1.2835647,
        -1.3455002,
        -1.2015947,
        -0.97481024,
        -0.66419274,
        -0.41505748,
        -0.3370855,
        -0.44697672,
        -0.7163342,
        -1.1481004,
        -1.7460405,
        -2.4540699,
        -3.1802619,
        -3.768423,
        -4.084115,
        -4.3844337,
        -4.592949,
        -4.6926904,
        -4.6901293,
        -4.589479,
        -4.3452983,
        -4.005766,
        -3.5613098,
        -3.0308297,
        -2.3494189,
        -1.6384141,
        -0.9686937,
        -0.40090913,
        -0.0023845062,
        0.27832532,
        0.45563215,
        0.74423426,
        0.9621158,
        0.99254835,
        1.2302709,
        1.4673084,
        1.66795,
        1.7650591,
        1.7464362,
        1.657271,
        1.5548812,
        1.5733273,
        1.6794531,
        1.806715,
        1.9844761,
        2.1440983,
        2.2409933,
        2.309164,
        2.3461237,
        2.3538222,
        2.2912223,
        2.2294822,
        2.1677663,
        2.1051867,
        2.0099049,
        1.9124671,
        1.742961,
        1.5893681,
        1.4153694,
        1.246959,
        1.0410875,
        0.8623072,
        0.6940867,
        0.5270622,
        0.32083333,
        0.1112192,
        -0.11850828,
        -0.3515779,
        -0.61197174,
        -0.83751976,
        -1.0185928,
        -1.1335306,
        -1.1843163,
        -1.1371256,
        -0.998661,
        -0.830377,
        -0.6556294,
        -0.49559247,
        -0.40291488,
        -0.35367796,
        -0.3410998,
        -0.37527433,
        -0.39216033,
        -0.43300605,
        -0.43858126,
        -0.41178998,
        -0.3818153,
        -0.33473283,
        -0.26129508
    ],
    "y": [
        -0.13401985,
        -0.14736032,
        -0.14214754,
        -0.12570667,
        -0.14580297,
        -0.19996738,
        -0.2858219,
        -0.35831785,
        -0.41556454,
        -0.48645496,
        -0.51666546,
        -0.5732441,
        -0.6679349,
        -0.71507025,
        -0.7744713,
        -0.8080764,
        -0.8398428,
        -0.8793087,
        -0.8859358,
        -0.9218669,
        -0.906302,
        -0.84930944,
        -0.798646,
        -0.69006443,
        -0.5119171,
        -0.3048916,
        -0.0947814,
        0.14981127,
        0.3815136,
        0.6578107,
        0.94307375,
        1.2611394,
        1.6734214,
        2.1433425,
        2.6962628,
        3.3406677,
        4.161778,
        5.1326647,
        6.1760573,
        7.1935515,
        8.084691,
        8.64666,
        8.954335,
        9.027428,
        8.942975,
        8.7107935,
        8.319103,
        7.7965837,
        7.1886444,
        6.4805593,
        5.7340117,
        4.9508343,
        4.2429204,
        3.5642395,
        2.8375797,
        2.0910678,
        1.3072224,
        0.47560692,
        -0.36152363,
        -1.3171611,
        -2.3485188,
        -3.543992,
        -4.8122215,
        -6.1000066,
        -7.3848996,
        -8.582144,
        -9.594835,
        -10.376217,
        -10.9297495,
        -11.222961,
        -11.307136,
        -11.20031,
        -10.980657,
        -10.690645,
        -10.459055,
        -10.154009,
        -9.845188,
        -9.494768,
        -9.048487,
        -8.495225,
        -7.931401,
        -7.3143997,
        -6.697039,
        -6.091272,
        -5.5066605,
        -4.905036,
        -4.1648808,
        -3.3252552,
        -2.274488,
        -1.0970955,
        0.07990122,
        1.0606575,
        1.7909145,
        2.3093786,
        2.5947914,
        2.721456,
        2.7970529,
        2.9126887,
        3.1233273,
        3.4624066,
        3.8555355,
        4.214004,
        4.535218,
        4.7038817,
        4.74339,
        4.686724,
        4.595561,
        4.4814477,
        4.3321543,
        4.1618185,
        3.946682,
        3.7633147,
        3.539844,
        3.3024545,
        3.0198298,
        2.734973,
        2.4074073,
        2.0973225,
        1.8051934,
        1.5959468,
        1.4245243,
        1.2625756,
        1.1343021,
        0.99707794,
        0.84413195,
        0.678319,
        0.5214534,
        0.39512157,
        0.31132078,
        0.20779371,
        0.15614223,
        0.09144211,
        0.018321514,
        -0.09918308,
        -0.23958445,
        -0.36456394,
        -0.46700478,
        -0.542294,
        -0.54751587,
        -0.5164437,
        -0.46613455,
        -0.37523556,
        -0.29690504,
        -0.23882818,
        -0.19902372,
        -0.20909071,
        -0.25736284,
        -0.32502508,
        -0.4098711
    ],