{
    "class": "ypos",
    "duration_ms": 700,
    "x": [
        0.01473242,
        0.01709947,
        0.021929413,
        0.027096212,
        0.046973526,
        0.031739622,
        0.026696801,
        0.02461347,
        -0.0102748275,
        -0.016265392,
        -0.017496526,
        -0.025912642,
        -0.055869877,
        -0.073930696,
        -0.11364399,
        -0.13452326,
        -0.15334977,
        -0.1819676,
        -0.16314343,
        -0.16592668,
        -0.16138248,
        -0.13999689,
        -0.13267618,
        -0.1320875,
        -0.100050956,
        -0.10828313,
        -0.13053839,
        -0.1812382,
        -0.23423527,
        -0.2564924,
        -0.30049708,
        -0.2876869,
        -0.28460985,
        -0.23365085,
        -0.18252149,
        -0.14061329,
        -0.1936362,
        -0.263072,
        -0.3683769,
        -0.45778453,
        -0.51771736,
        -0.55356616,
        -0.5170339,
        -0.45191205,
        -0.3485335,
        -0.18490726,
        0.0444012,
        0.39319453,
        0.865295,
        1.394958,
        1.9215045,
        2.335786,
        2.719878,
        3.045489,
        3.171459,
        3.063738,
        2.8001409,
        2.427197,
        2.0272374,
        1.6183137,
        1.2401497,
        0.8724425,
        0.5881112,
        0.302037,
        0.0010692626,
        -0.3012672,
        -0.49530536,
        -0.6402221,
        -0.6868855,
        -0.64763016,
        -0.59186304,
        -0.54877484,
        -0.5027608,
        -0.4845488,
        -0.53721964,
        -0.62528694,
        -0.7754284,
        -0.89973056,
        -1.0705557,
        -1.2429242,
        -1.3766178,
        -1.5558211,
        -1.7258775,
        -1.8920338,
        -1.990028,
        -2.0156014,
        -1.9740298,
        -1.8485212,
        -1.684475,
        -1.4984689,
        -1.2738171,
        -1.0464647,
        -0.81880116,
        -0.56667864,
        -0.38051963,
        -0.22396755,
        -0.11327969,
        -0.06515217,
        0.0017873496,
        -0.0008083135,
        0.011084884,
        0.018695384,
        0.05592552,
        0.10908201,
        0.15225273,
        0.12596238,
        0.06595364,
        -0.006420642,
        -0.12502432,
        -0.23265731,
        -0.34638897,
        -0.40659893,
        -0.39438057,
        -0.34836972,
        -0.21878384,
        -0.070716545,
        0.08828324,
        0.26738077,
        0.45908308,
        0.6489042,
        0.8488436,
        1.0377117,
        1.2160071,
        1.3913767,
        1.547575,
        1.7375755,
        1.8875363,
        1.9908109,
        2.0168042,
        1.9442372,
        1.8065848,
        1.6275002,
        1.4951013,
        1.3231955,
        1.138066,
        0.96353066,
        0.8304651,
        0.6403225,
        0.5338551,
        0.4269368,
        0.3600534,
        0.29242575,
        0.25261253,
        0.24779299,
        0.27562952,
        0.35781863,
        0.5018631,
        0.6604037,
        0.7764123
    ],
    "y": [
        0.013293743,
        0.009387493,
        -0.035312653,
        -0.058640957,
        -0.07012606,
        -0.10056305,
        -0.10920954,
        -0.096075535,
        -0.08735943,
        -0.099640846,
        -0.09010935,
        -0.12554502,
        -0.1463418,
        -0.17408895,
        -0.16136217,
        -0.1465826,
        -0.17024708,
        -0.18697405,
        -0.23481321,
        -0.263649,
        -0.29253674,
        -0.2809906,
        -0.28135443,
        -0.2600689,
        -0.2860179,
        -0.2517228,
        -0.17418385,
        -0.048989296,
        0.10207033,
        0.28350353,
        0.42370796,
        0.56808805,
        0.67627335,
        0.72967577,
        0.8236799,
        0.98877525,
        1.2577152,
        1.6274066,
        2.1419263,
        2.6693301,
        3.263771,
        3.8461137,
        4.4261646,
        5.0025716,
        5.539435,
        5.998546,
        6.2918057,
        6.374423,
        6.1945457,
        5.8726645,
        5.4785814,
        5.019643,
        4.490704,
        3.9485397,
        3.4185896,
        3.0144844,
        2.6821728,
        2.3557467,
        1.9574695,
        1.4600368,
        0.88425016,
        0.2366848,
        -0.4565773,
        -1.2048013,
        -1.897325,
        -2.5214393,
        -3.095258,
        -3.6794722,
        -4.32502,
        -5.0012255,
        -5.6679792,
        -6.3117723,
        -6.8547907,
        -7.308003,
        -7.653927,
        -7.8994284,
        -8.054002,
        -8.115643,
        -8.118645,
        -8.109444,
        -8.053426,
        -7.925792,
        -7.778165,
        -7.5544295,
        -7.3394027,
        -7.081165,
        -6.8064294,
        -6.5247087,
        -6.163966,
        -5.7765913,
        -5.3408523,
        -4.899412,
        -4.441991,
        -4.0418277,
        -3.5378475,
        -3.0033953,
        -2.3659282,
        -1.6867542,
        -0.9962568,
        -0.31303167,
        0.3083744,
        0.81328106,
        1.2423759,
        1.53091,
        1.7692914,
        1.9925113,
        2.2400603,
        2.4915996,
        2.7196527,
        2.961564,
        3.161563,
        3.26644,
        3.3164153,
        3.2944598,
        3.257678,
        3.2177715,
        3.176859,
        3.1418328,
        3.0813737,
        2.9978676,
        2.858108,
        2.6960359,
        2.502542,
        2.383255,
        2.223713,
        2.0315752,
        1.8193417,
        1.5972056,
        1.3848395,
        1.2855511,
        1.235156,
        1.2315817,
        1.1961141,
        1.1577125,
        1.128355,
        1.0480704,
        1.0074224,
        0.97018576,
        0.93596363,
        0.87813807,
        0.84192467,
        0.77678347,
        0.6922116,
        0.5879512,
        0.49004507,
        0.38637352,
        0.2912016,
        0.20933485,
        0.1407876
    ],