{
    "class": "ypos",
    "duration_ms": 700,
    "x": [
        -0.17878729,
        -0.08628616,
        0.021819174,
        0.14885432,
        0.269629,
        0.35922652,
        0.41655895,
        0.44772297,
        0.43202257,
        0.37924922,
        0.30347878,
        0.21606608,
        0.13978186,
        0.030655801,
        -0.05250883,
        -0.108240575,
        -0.12055352,
        -0.07809058,
        0.033055097,
        0.17230085,
        0.34464574,
        0.5221451,
        0.6224296,
        0.6558542,
        0.5919462,
        0.44290593,
        0.2660212,
        0.025589526,
        -0.21068904,
        -0.47637647,
        -0.76164806,
        -1.0758882,
        -1.3924077,
        -1.7038336,
        -1.9647225,
        -2.168301,
        -2.3226645,
        -2.3979878,
        -2.4579127,
        -2.3720605,
        -2.1532476,
        -1.8377793,
        -1.4878341,
        -1.069432,
        -0.53372896,
        0.060839072,
        0.68963796,
        1.3401624,
        1.976258,
        2.6575382,
        3.2665637,
        3.784782,
        4.2124314,
        4.441678,
        4.2950716,
        3.9378865,
        3.5329187,
        3.1053636,
        2.6942027,
        2.2497134,
        1.8268312,
        1.3754098,
        0.99696314,
        0.7424279,
        0.5884783,
        0.48129568,
        0.48510593,
        0.63838714,
        0.92303073,
        1.2566302,
        1.5906075,
        1.7953014,
        1.8149462,
        1.6533775,
        1.3693345,
        0.9735464,
        0.5307467,
        0.013959765,
        -0.5448154,
        -1.0873954,
        -1.5983956,
        -2.0814195,
        -2.460956,
        -2.7453704,
        -2.9860573,
        -3.1122036,
        -3.0721264,
        -2.9404495,
        -2.6788087,
        -2.3751893,
        -2.0382905,
        -1.7844429,
        -1.5006199,
        -1.2628126,
        -0.9866992,
        -0.7645451,
        -0.5115814,
        -0.32254046,
        -0.15356445,
        -0.01625657,
        0.036782563,
        0.053310007,
        0.03781739,
        0.042555094,
        0.0023381412,
        0.007632971,
        0.0053696036,
        0.024161518,
        0.085544795,
        0.16594458,
        0.30425268,
        0.43677032,
        0.5427589,
        0.6132519,
        0.7062038,
        0.8001137,
        0.88535565,
        0.9926199,
        1.0591103,
        1.1247866,
        1.1526384,
        1.117796,
        0.990793,
        0.81405824,
        0.56823164,
        0.30836052,
        0.063292146,
        -0.11659831,
        -0.28594065,
        -0.4729504,
        -0.61728585,
        -0.7566828,
        -0.81903684,
        -0.8185464,
        -0.81031007,
        -0.7824157,
        -0.7516719,
        -0.7207712,
        -0.65662986,
        -0.6407234,
        -0.54406935,
        -0.40457428,
        -0.24569768,
        -0.055455625,
        0.11590946,
        0.15357503,
        0.145663,
        0.12297909
    ],
    "y": [
        -0.055303097,
        -0.04650116,
        -0.060260296,
        -0.03695059,
        -0.07612991,
        -0.10771036,
        -0.15721321,
        -0.18134594,
        -0.17299604,
        -0.15163517,
        -0.15102339,
        -0.18572521,
        -0.24196625,
        -0.31070995,
        -0.3686471,
        -0.39503813,
        -0.41401863,
        -0.49227953,
        -0.61255074,
        -0.7673969,
        -1.0086615,
        -1.2903521,
        -1.6071715,
        -1.9323902,
        -2.2300599,
        -2.5141845,
        -2.7439303,
        -2.9710348,
        -3.1118772,
        -3.1106362,
        -2.9686675,
        -2.620565,
        -2.1399274,
        -1.5216208,
        -0.7656796,
        0.06788063,
        0.9547224,
        1.9157596,
        2.9429417,
        3.9635978,
        4.945618,
        5.878295,
        6.7367125,
        7.446042,
        7.934296,
        8.177507,
        8.25733,
        8.238468,
        8.1281395,
        7.9693437,
        7.745131,
        7.3047395,
        6.8757167,
        6.51289,
        6.409355,
        6.1884212,
        5.679307,
        4.989215,
        4.2510114,
        3.5135303,
        2.7994077,
        2.1554048,
        1.5034716,
        0.8305907,
        0.040695667,
        -0.74427986,
        -1.5886405,
        -2.4408824,
        -3.311029,
        -4.2325897,
        -5.1741676,
        -6.0158668,
        -6.7625504,
        -7.388179,
        -7.8384156,
        -8.152752,
        -8.287249,
        -8.351795,
        -8.305754,
        -8.173353,
        -7.962354,
        -7.7022,
        -7.424959,
        -7.160324,
        -6.825463,
        -6.476396,
        -6.161737,
        -5.800805,
        -5.408372,
        -4.972587,
        -4.478877,
        -3.931643,
        -3.3711665,
        -2.7753506,
        -2.1842906,
        -1.5949707,
        -1.0713048,
        -0.57211256,
        -0.13041592,
        0.2661624,
        0.672894,
        1.0921121,
        1.5237117,
        1.9266481,
        2.2643962,
        2.5601964,
        2.777163,
        2.9071174,
        3.0112653,
        3.0407338,
        2.9707503,
        2.90827,
        2.8216643,
        2.6938062,
        2.5961537,
        2.4567814,
        2.263589,
        2.102284,
        1.8863344,
        1.6632481,
        1.4352407,
        1.2166371,
        1.0267668,
        0.88027525,
        0.78976345,
        0.7106509,
        0.69178724,
        0.6841216,
        0.6672535,
        0.680357,
        0.7359357,
        0.76472855,
        0.77141714,
        0.73421097,
        0.65292025,
        0.51049566,
        0.43120575,
        0.36710167,
        0.31813717,
        0.24837732,
        0.21285343,
        0.23288918,
        0.23889685,
        0.2713704,
        0.26559258,
        0.24550438,
        0.3069167,
        0.2802825
    ],