{
    "class": "ypos",
    "duration_ms": 700,
    "x": [
        -0.010866657,
        0.010419801,
        0.06975284,
        0.08620393,
        0.09811674,
        0.10318829,
        0.08488695,
        0.08839479,
        0.0635542,
        0.06027311,
        0.056898043,
        0.07249902,
        0.045183897,
        0.013153791,
        -0.014137611,
        -0.022411942,
        -0.092521414,
        -0.10982777,
        -0.11518642,
        -0.07775125,
        -0.083245054,
        -0.081222296,
        -0.0859699,
        -0.090197034,
        -0.10107629,
        -0.071060255,
        -0.048050933,
        -0.044172123,
        -0.085670486,
        -0.10128544,
        -0.16023721,
        -0.1982166,
        -0.22013402,
        -0.28304145,
        -0.37209168,
        -0.4846714,
        -0.59934473,
        -0.6926416,
        -0.79564464,
        -0.9055961,
        -1.058105,
        -1.2676206,
        -1.5505078,
        -1.8292568,
        -2.0065246,
        -2.0033884,
        -1.7979418,
        -1.4274482,
        -0.96477044,
        -0.36024395,
        0.37187752,
        1.1477957,
        1.8806663,
        2.5259314,
        3.055044,
        3.5267634,
        3.9205058,
        4.246111,
        4.5962663,
        4.7856536,
        4.6169,
        4.464248,
        4.236348,
        3.5248837,
        2.8076584,
        2.3158731,
        1.469924,
        0.5915772,
        -0.30352798,
        -1.155498,
        -1.892833,
        -2.4535613,
        -2.9251096,
        -3.336006,
        -3.631796,
        -3.8518627,
        -3.9231274,
        -3.8869278,
        -3.790857,
        -3.6770658,
        -3.5371099,
        -3.3354511,
        -3.0476453,
        -2.617528,
        -2.0529163,
        -1.459374,
        -0.9368074,
        -0.4727323,
        -0.14665063,
        0.14935687,
        0.3739706,
        0.5857956,
        0.7881567,
        0.94881034,
        1.0570859,
        1.1404614,
        1.1307164,
        1.0457617,
        0.90143335,
        0.7404367,
        0.7063143,
        0.6987483,
        0.72786844,
        0.78478086,
        0.803773,
        0.7429845,
        0.63469976,
        0.48466277,
        0.3011397,
        0.08489358,
        -0.06822184,
        -0.25648582,
        -0.40397158,
        -0.5212089,
        -0.65935105,
        -0.7115953,
        -0.7001543,
        -0.55881846,
        -0.436339,
        -0.30905217,
        -0.13839689,
        0.049891464,
        0.2660483,
        0.48913604,
        0.71021426,
        0.91060716,
        1.0860226,
        1.2156085,
        1.2829098,
        1.3548808,
        1.3857145,
        1.3559644,
        1.3345602,
        1.2755812,
        1.1880597,
        1.0524637,
        0.86636645,
        0.6299187,
        0.37438864,
        0.14520949,
        -0.045824856,
        -0.16765967,
        -0.27305597,
        -0.35488492,
        -0.42258376,
        -0.4354015,
        -0.4269831,
        -0.41393203
    ],
    "y": [
        0.009025097,
        0.005352497,
        -0.029302597,
        -0.061493397,
        -0.08167124,
        -0.07809019,
        -0.06044483,
        -0.059789658,
        -0.02619648,
        -0.04306078,
        -0.0648036,
        -0.09150839,
        -0.07082939,
        -0.07435942,
        -0.037668705,
        -0.029846668,
        -0.02208805,
        -0.021369457,
        -0.006067753,
        -0.030789852,
        -0.049923897,
        -0.08488655,
        -0.11420107,
        -0.14263868,
        -0.14639187,
        -0.20171261,
        -0.24424171,
        -0.2932496,
        -0.32763004,
        -0.36920738,
        -0.43475914,
        -0.47199678,
        -0.488204,
        -0.39074612,
        -0.18982458,
        0.14252901,
        0.61021185,
        1.1579514,
        1.7452769,
        2.4031787,
        3.205029,
        4.152515,
        5.2800374,
        6.481698,
        7.66682,
        8.572323,
        8.992548,
        8.865121,
        8.330931,
        7.61414,
        6.8282685,
        6.067246,
        5.3312225,
        4.452378,
        3.4181013,
        2.130155,
        0.5370178,
        -1.2679012,
        -3.2235668,
        -5.194342,
        -6.901329,
        -8.331303,
        -9.640593,
        -10.533659,
        -11.123789,
        -11.559134,
        -11.624046,
        -11.476778,
        -11.232682,
        -10.902075,
        -10.577109,
        -10.216515,
        -9.825382,
        -9.313836,
        -8.671223,
        -7.936963,
        -7.008951,
        -5.9498935,
        -4.6881304,
        -3.2592154,
        -1.7607155,
        -0.2616024,
        1.0446692,
        2.0505085,
        2.633768,
        2.92353,
        3.0411701,
        3.165204,
        3.3158884,
        3.5228524,
        3.7582278,
        3.9082427,
        3.9453034,
        3.8132539,
        3.6426663,
        3.4278865,
        3.1754808,
        2.9019036,
        2.6262264,
        2.3868632,
        2.122024,
        1.8563409,
        1.5501575,
        1.2642746,
        1.0070801,
        0.8134556,
        0.5915022,
        0.46216202,
        0.33087873,
        0.2845888,
        0.30488873,
        0.3851471,
        0.4707179,
        0.5570307,
        0.64153576,
        0.7762561,
        0.8335705,
        0.78145933,
        0.6311164,
        0.4582324,
        0.26907873,
        0.11319971,
        0.030785084,
        -0.0071907043,
        -0.024641514,
        -0.01209259,
        0.018671513,
        0.041402817,
        0.072972775,
        0.060918808,
        0.014833927,
        -0.06059742,
        -0.12976933,
        -0.19299316,
        -0.32451725,
        -0.38582563,
        -0.4297719,
        -0.42519188,
        -0.3982296,
        -0.37719727,
        -0.34726572,
        -0.3389864,
        -0.337564,
        -0.32585478,
        -0.2485733,
        -0.18470812,
        -0.09830809,
        -0.051757812
    ],