{
    "class": "ypos",
    "duration_ms": 700,
    "x": [
        0.019164294,
        0.037271827,
        0.048674703,
        0.04649368,
        0.07113978,
        0.0843268,
        0.07401568,
        0.052004665,
        0.02046594,
        0.007677853,
        -0.01996404,
        -0.048162997,
        -0.08157334,
        -0.14161196,
        -0.1900692,
        -0.23671915,
        -0.27670217,
        -0.2790079,
        -0.28649688,
        -0.2680343,
        -0.24993438,
        -0.25567797,
        -0.2517014,
        -0.24989103,
        -0.3240999,
        -0.41450334,
        -0.5949966,
        -0.765732,
        -0.8773743,
        -0.8849472,
        -0.83082175,
        -0.703811,
        -0.48947567,
        -0.26895523,
        -0.02772531,
        0.26538998,
        0.5795211,
        0.9751621,
        1.374666,
        1.7888721,
        2.163712,
        2.473246,
        2.6694543,
        2.7399814,
        2.7056303,
        2.5395465,
        2.255814,
        1.9020531,
        1.5351588,
        1.1954079,
        0.85875356,
        0.51274484,
        0.23068702,
        -0.01955825,
        -0.19097084,
        -0.25978592,
        -0.16856301,
        0.056892157,
        0.41275632,
        0.7924609,
        1.1854308,
        1.4469671,
        1.5639954,
        1.5420016,
        1.392998,
        1.1454731,
        0.8896676,
        0.6272085,
        0.38364533,
        0.17964667,
        0.021439254,
        -0.16810444,
        -0.33907694,
        -0.44890815,
        -0.49777687,
        -0.5070896,
        -0.48145178,
        -0.4396788,
        -0.45347095,
        -0.48474145,
        -0.5171926,
        -0.6112205,
        -0.68337905,
        -0.76291466,
        -0.8670293,
        -0.9909477,
        -1.0913906,
        -1.184936,
        -1.2475518,
        -1.2694088,
        -1.2954831,
        -1.3084674,
        -1.2842216,
        -1.2462716,
        -1.1608813,
        -1.0518368,
        -0.9477223,
        -0.83879876,
        -0.7826677,
        -0.6838406,
        -0.60005194,
        -0.5386772,
        -0.4566931,
        -0.3804335,
        -0.3023454,
        -0.22449541,
        -0.11056638,
        0.0113705695,
        0.13982016,
        0.29905725,
        0.4245756,
        0.55719095,
        0.651314,
        0.69934654,
        0.7103853,
        0.7077943,
        0.6814393,
        0.5854101,
        0.44084972,
        0.2951082,
        0.16205704,
        0.0105699375,
        -0.10408385,
        -0.21252632,
        -0.25434545,
        -0.28912255,
        -0.28298295,
        -0.2785849,
        -0.24931012,
        -0.22403145,
        -0.20065388,
        -0.19643274,
        -0.10917255,
        0.03690221,
        0.20363238,
        0.3746669,
        0.5336875,
        0.65484774,
        0.7266177,
        0.7683485,
        0.772879,
        0.77354294,
        0.7628464,
        0.7023426,
        0.6494364,
        0.58477914,
        0.4843642,
        0.40329164
    ],
    "y": [
        -0.054786682,
        -0.0663352,
        -0.09145975,
        -0.12783241,
        -0.13750648,
        -0.14218521,
        -0.14918804,
        -0.14911032,
        -0.14693546,
        -0.135849,
        -0.12790394,
        -0.16361618,
        -0.1690445,
        -0.17294979,
        -0.14920044,
        -0.11685324,
        -0.09017563,
        -0.011870861,
        0.04674387,
        0.09089565,
        0.18986607,
        0.35052252,
        0.515749,
        0.68825054,
        0.96322393,
        1.43963,
        2.0637674,
        2.8344455,
        3.6530557,
        4.326776,
        4.8910637,
        5.3671145,
        5.778309,
        6.107281,
        6.322347,
        6.406312,
        6.358982,
        6.1918745,
        5.9545965,
        5.686913,
        5.3688474,
        5.0547366,
        4.6819243,
        4.295766,
        3.8916445,
        3.5155668,
        3.1205082,
        2.7099762,
        2.2372546,
        1.734652,
        1.2292767,
        0.7217727,
        0.13370848,
        -0.4385929,
        -1.1356053,
        -1.834465,
        -2.5176997,
        -3.1869655,
        -3.82011,
        -4.4477367,
        -4.999873,
        -5.4593945,
        -5.802,
        -6.0442314,
        -6.142801,
        -6.169458,
        -6.2079883,
        -6.2515645,
        -6.3510485,
        -6.4786496,
        -6.6234727,
        -6.741444,
        -6.8506355,
        -6.8783927,
        -6.9050508,
        -6.931888,
        -6.955291,
        -6.971382,
        -6.9568834,
        -6.864494,
        -6.6969366,
        -6.3992248,
        -6.0786247,
        -5.648266,
        -5.1934485,
        -4.703801,
        -4.1475363,
        -3.6196737,
        -3.1194975,
        -2.6201224,
        -2.1639743,
        -1.6835933,
        -1.2263784,
        -0.75361586,
        -0.36054468,
        -0.04664135,
        0.18137503,
        0.42174911,
        0.62190056,
        0.87966156,
        1.127799,
        1.3899045,
        1.6344995,
        1.8659496,
        2.0957813,
        2.316638,
        2.4518867,
        2.5445237,
        2.561143,
        2.4659257,
        2.3402371,
        2.2031293,
        2.0925183,
        2.0366879,
        1.9826303,
        1.8868341,
        1.7969036,
        1.7028394,
        1.6474838,
        1.6497588,
        1.6664834,
        1.6691008,
        1.6220284,
        1.5495515,
        1.4806643,
        1.3918076,
        1.3120809,
        1.1844649,
        1.133666,
        1.0283246,
        0.97369146,
        0.9216585,
        0.8767605,
        0.8005967,
        0.74574137,
        0.6787753,
        0.6286912,
        0.63881445,
        0.6828513,
        0.7319989,
        0.75263834,
        0.6776333,
        0.5881586,
        0.4720335,
        0.4247384,
        0.37901735,
        0.3086357,
        0.2663641
    ],