{
    "class": "ypos",
    "duration_ms": 700,
    "x": [
        -0.23925537,
        -0.29845607,
        -0.39582267,
        -0.4721868,
        -0.5926273,
        -0.7224581,
        -0.91253895,
        -1.1321065,
        -1.280752,
        -1.3020167,
        -1.2474134,
        -1.1510055,
        -0.9275068,
        -0.67619795,
        -0.39347327,
        -0.023054197,
        0.46267718,
        1.0911918,
        1.7916839,
        2.557644,
        3.308542,
        3.9679632,
        4.4884644,
        4.920403,
        5.0989594,
        5.132185,
        4.941436,
        4.5673585,
        4.0474133,
        3.4760942,
        2.9190247,
        2.4156475,
        1.9242059,
        1.4816397,
        1.0456705,
        0.6766396,
        0.34621078,
        -0.0075385645,
        -0.34067634,
        -0.5943309,
        -0.8401233,
        -0.9909033,
        -1.1473575,
        -1.2808868,
        -1.386766,
        -1.4964291,
        -1.6823027,
        -1.8760494,
        -2.1320946,
        -2.4171658,
        -2.7035842,
        -2.9592261,
        -3.1425583,
        -3.1855416,
        -3.1159654,
        -2.951889,
        -2.7351105,
        -2.4806545,
        -2.1935802,
        -1.8954028,
        -1.6002038,
        -1.3552858,
        -1.1312951,
        -0.96346664,
        -0.808007,
        -0.5919918,
        -0.3859039,
        -0.0828679,
        0.196771,
        0.4644372,
        0.6496181,
        0.80547214,
        0.92690516,
        0.99181193,
        1.054593,
        1.0952467,
        1.179613,
        1.2324237,
        1.2743442,
        1.2662358,
        1.2788602,
        1.2922717,
        1.3272618,
        1.3620222,
        1.4134072,
        1.5082774,
        1.5850269,
        1.68265,
        1.7469192,
        1.7446806,
        1.6905309,
        1.5413414,
        1.3636626,
        1.1808001,
        1.0234331,
        0.91075957,
        0.7946658,
        0.7181293,
        0.65931183,
        0.55357856,
        0.460567,
        0.3683135,
        0.21936804,
        0.06471492,
        -0.09975845,
        -0.20647125,
        -0.23831797,
        -0.26932648,
        -0.28964165,
        -0.29170892,
        -0.2776231,
        -0.2712447,
        -0.26095337,
        -0.23046987,
        -0.24028395,
        -0.26469168,
        -0.2947932,
        -0.28815064,
        -0.2118326,
        -0.10893001,
        0.03282619,
        0.16851406,
        0.29893532,
        0.41532233,
        0.48481503,
        0.50277704,
        0.45242473,
        0.38847384,
        0.29839018,
        0.21033685,
        0.064366534,
        -0.017256014,
        -0.093799,
        -0.13819249,
        -0.11647077,
        -0.119537145,
        -0.12845989,
        -0.09310202,
        -0.087711945,
        -0.07669117,
        -0.10117344,
        -0.10647646,
        -0.08821449,
        -0.049257793,
        0.010030784,
        0.12288912,
        0.22700636,
        0.327135,
        0.4283062,
        0.5213686
    ],
    "y": [
        0.1692605,
        0.29251528,
        0.33161116,
        0.38593197,
        0.5423527,
        0.8588586,
        1.4357591,
        2.2681746,
        3.2436247,
        4.3050914,
        5.319127,
        6.2698517,
        7.084429,
        7.8480835,
        8.502398,
        9.043758,
        9.369898,
        9.323263,
        9.016378,
        8.499261,
        7.8767333,
        7.124531,
        6.388666,
        5.611783,
        4.849128,
        4.1417704,
        3.475906,
        2.8734007,
        2.277018,
        1.6101117,
        0.85294724,
        0.018872261,
        -0.9195428,
        -1.968235,
        -3.1403134,
        -4.4032445,
        -5.654726,
        -6.930605,
        -8.117736,
        -9.257927,
        -10.282313,
        -11.162343,
        -11.910208,
        -12.414009,
        -12.750992,
        -12.898292,
        -12.926651,
        -12.825928,
        -12.648693,
        -12.2902565,
        -11.856831,
        -11.361616,
        -10.765332,
        -10.114956,
        -9.428554,
        -8.735952,
        -8.102604,
        -7.426113,
        -6.7807918,
        -6.032389,
        -5.178149,
        -4.210655,
        -3.1200078,
        -1.9825029,
        -0.8503046,
        0.22930908,
        1.163774,
        1.9179325,
        2.4710107,
        2.8115997,
        3.0929832,
        3.3050647,
        3.4781232,
        3.67095,
        3.8082538,
        3.896,
        3.902008,
        3.8757114,
        3.8977485,
        3.9124212,
        3.9502277,
        3.9722505,
        3.9469352,
        3.821321,
        3.65726,
        3.502252,
        3.3032398,
        3.124772,
        2.885697,
        2.6296582,
        2.3881993,
        2.2072768,
        2.0875144,
        1.9865241,
        1.914679,
        1.8679938,
        1.7873445,
        1.6542754,
        1.4981751,
        1.2884388,
        1.1141529,
        0.95669556,
        0.7974911,
        0.76578856,
        0.77275753,
        0.8105483,
        0.8186941,
        0.76534224,
        0.6641631,
        0.5169234,
        0.4137826,
        0.29918098,
        0.23016119,
        0.15639925,
        0.0972085,
        0.09812498,
        0.13315535,
        0.17381573,
        0.1895752,
        0.24558449,
        0.2588396,
        0.27530527,
        0.2545786,
        0.25889683,
        0.21885824,
        0.19887114,
        0.1770606,
        0.17466974,
        0.13416147,
        0.08213806,
        0.011620522,
        -0.08207178,
        -0.11519241,
        -0.16893196,
        -0.13792372,
        -0.1561184,
        -0.13734722,
        -0.1391921,
        -0.083049774,
        -0.014778614,
        0.050876617,
        0.06818247,
        0.11595106,
        0.1604104,
        0.17976141,
        0.1930089,
        0.16441727,
        0.0847249,
        -0.014262199,
        -0.06264639
    ],