{
    "class": "ypos",
    "duration_ms": 700,
    "x": [
        -0.24110812,
        -0.18403277,
        -0.13233656,
        -0.06651149,
        0.013539545,
        0.105479404,
        0.17590481,
        0.22725466,
        0.2738273,
        0.3130495,
        0.3519385,
        0.43081078,
        0.5041467,
        0.55300474,
        0.5540549,
        0.52475154,
        0.41809946,
        0.29165617,
        0.15727708,
        0.019734815,
        -0.13756618,
        -0.22276066,
        -0.27540788,
        -0.3577904,
        -0.44011664,
        -0.44929618,
        -0.2685357,
        0.08121577,
        0.5464762,
        1.0211604,
        1.5313296,
        2.000388,
        2.3895414,
        2.6829991,
        2.8667831,
        2.9575515,
        2.8732386,
        2.6604118,
        2.3414989,
        1.9917699,
        1.6483905,
        1.3416612,
        1.0663776,
        0.8153013,
        0.57186496,
        0.30049846,
        0.046789557,
        -0.27733836,
        -0.5449421,
        -0.80607903,
        -0.93115413,
        -0.90774786,
        -0.7491108,
        -0.5113366,
        -0.22174284,
        0.08496681,
        0.39039025,
        0.6276524,
        0.8679112,
        1.079049,
        1.2048025,
        1.2294798,
        1.1373436,
        0.9583082,
        0.69627213,
        0.37950835,
        0.00062833726,
        -0.39011765,
        -0.7928924,
        -1.1526849,
        -1.4309003,
        -1.6511825,
        -1.8608917,
        -2.018756,
        -2.1456635,
        -2.1976995,
        -2.2242754,
        -2.2129188,
        -2.2025886,
        -2.1629057,
        -2.0755131,
        -1.9245262,
        -1.7462935,
        -1.6174859,
        -1.4731486,
        -1.3750129,
        -1.2796215,
        -1.2179909,
        -1.2236564,
        -1.2509208,
        -1.2687536,
        -1.3301154,
        -1.3493673,
        -1.3127538,
        -1.29466,
        -1.2999434,
        -1.2711636,
        -1.2130433,
        -1.1470882,
        -1.0612581,
        -0.9938809,
        -0.883128,
        -0.7462365,
        -0.57398635,
        -0.4023255,
        -0.19498715,
        0.06795588,
        0.29156065,
        0.50999355,
        0.70493627,
        0.8460735,
        0.9677418,
        1.0418671,
        1.030364,
        0.9713477,
        0.8953683,
        0.7778889,
        0.7165334,
        0.59148556,
        0.5248811,
        0.45933452,
        0.3689459,
        0.28246176,
        0.1522719,
        0.11254412,
        0.093789786,
        0.074180335,
        0.08951864,
        0.06562486,
        0.05979672,
        -0.0071683526,
        -0.047298282,
        -0.05642453,
        -0.05405301,
        -0.0069123507,
        0.022919342,
        0.0976859,
        0.13163565,
        0.16342291,
        0.19557947,
        0.21858992,
        0.25632274,
        0.27771544,
        0.30909675,
        0.2809603,
        0.25056094,
        0.23198226,
        0.20129871
    ],
    "y": [
        -0.42449284,
        -0.39525843,
        -0.3683715,
        -0.28668976,
        -0.24079323,
        -0.20884895,
        -0.18815565,
        -0.1549263,
        -0.07370329,
        0.016816616,
        0.080534935,
        0.107694626,
        0.11008549,
        0.13273144,
        0.20858145,
        0.3704033,
        0.6083226,
        0.8935785,
        1.2309132,
        1.6061802,
        2.029163,
        2.4384122,
        2.8573594,
        3.319552,
        3.7703166,
        4.2287216,
        4.59844,
        4.7997074,
        4.8173823,
        4.7705183,
        4.6609,
        4.62663,
        4.6741114,
        4.6688595,
        4.677445,
        4.625537,
        4.532465,
        4.446106,
        4.375861,
        4.2519827,
        4.006949,
        3.687911,
        3.2391438,
        2.7771287,
        2.2704587,
        1.7478046,
        1.2380228,
        0.8298931,
        0.46629906,
        0.09034681,
        -0.3544259,
        -0.8739672,
        -1.4743032,
        -2.13757,
        -2.8391502,
        -3.5307412,
        -4.1953335,
        -4.863741,
        -5.4876223,
        -6.147592,
        -6.7544146,
        -7.343088,
        -7.9195757,
        -8.454193,
        -8.905283,
        -9.216945,
        -9.414885,
        -9.486758,
        -9.489998,
        -9.384149,
        -9.210352,
        -8.993131,
        -8.690147,
        -8.342875,
        -7.9282885,
        -7.423153,
        -6.851977,
        -6.167547,
        -5.4138503,
        -4.6158733,
        -3.788889,
        -3.045788,
        -2.3292274,
        -1.679862,
        -1.0306273,
        -0.3959055,
        0.2819376,
        0.96002054,
        1.6195207,
        2.219964,
        2.7781801,
        3.303505,
        3.685566,
        3.9218793,
        4.0505385,
        4.1500225,
        4.1600447,
        4.1997576,
        4.1920238,
        4.136285,
        4.056127,
        3.998992,
        3.9478693,
        3.8524432,
        3.7199697,
        3.5697541,
        3.4165592,
        3.2175488,
        2.9680986,
        2.7065248,
        2.4828835,
        2.2443686,
        1.9861908,
        1.7468052,
        1.5121474,
        1.3521376,
        1.2219391,
        1.1174703,
        1.0060549,
        0.85015345,
        0.7629876,
        0.6398735,
        0.5649414,
        0.47852755,
        0.44277048,
        0.3783393,
        0.27761078,
        0.17346573,
        0.053212643,
        -0.033629417,
        -0.08051586,
        -0.14083242,
        -0.2126627,
        -0.24858809,
        -0.31089783,
        -0.39465523,
        -0.43021917,
        -0.469841,
        -0.47242355,
        -0.4448905,
        -0.40369797,
        -0.35339546,
        -0.3654337,
        -0.3079028,
        -0.2954626,
        -0.2633729,
        -0.2236085,
        -0.21924019
    ],