{
    "class": "ypos",
    "duration_ms": 700,
    "x": [
        0.06379129,
        0.14125104,
        0.20082822,
        0.2644319,
        0.2637961,
        0.30206144,
        0.30567575,
        0.28461084,
        0.24866539,
        0.2098493,
        0.13695866,
        0.039384812,
        -0.04764238,
        -0.1081332,
        -0.11177871,
        -0.12573576,
        -0.08595218,
        -0.059478983,
        0.008335948,
        0.07228279,
        0.14222455,
        0.2136882,
        0.25372943,
        0.26775625,
        0.2727959,
        0.2313461,
        0.21287176,
        0.2006895,
        0.18294045,
        0.14536345,
        0.099799484,
        0.024663627,
        -0.0708826,
        -0.1847416,
        -0.25957578,
        -0.29547137,
        -0.35642672,
        -0.46798968,
        -0.62796474,
        -0.8729077,
        -1.1681569,
        -1.5261015,
        -1.8330404,
        -2.0098875,
        -1.8957176,
        -1.5505645,
        -0.9565565,
        -0.3847652,
        0.0753116,
        0.68077135,
        1.4219143,
        2.2348578,
        3.1686704,
        4.0672855,
        4.748767,
        5.1184053,
        5.086165,
        4.6647024,
        3.9504766,
        3.118747,
        2.3805091,
        1.6834741,
        0.96927327,
        0.2948485,
        -0.31828105,
        -0.8573492,
        -1.1474186,
        -1.1693068,
        -0.98566973,
        -0.7137298,
        -0.4908021,
        -0.37896118,
        -0.4122327,
        -0.5584459,
        -0.8359578,
        -1.1416683,
        -1.4762865,
        -1.7886144,
        -2.1065016,
        -2.3838735,
        -2.5485702,
        -2.6502948,
        -2.6907418,
        -2.6360123,
        -2.516727,
        -2.3485594,
        -2.2085667,
        -2.043627,
        -1.8960817,
        -1.7130291,
        -1.5088253,
        -1.2713692,
        -0.9759725,
        -0.6689021,
        -0.36286175,
        -0.0130131245,
        0.35583425,
        0.7041868,
        1.0422363,
        1.3845909,
        1.6408374,
        1.7608552,
        1.8327281,
        1.881691,
        1.8876332,
        1.8786297,
        1.8468843,
        1.7750225,
        1.6623166,
        1.5267221,
        1.3789037,
        1.2054784,
        1.0105857,
        0.8492085,
        0.67156506,
        0.5285059,
        0.40617445,
        0.27406624,
        0.16420034,
        0.091887504,
        0.031811178,
        -0.008058161,
        -0.026801497,
        -0.014466763,
        0.048074424,
        0.1534419,
        0.22911301,
        0.3035289,
        0.34997535,
        0.34420925,
        0.30008522,
        0.2720627,
        0.18793306,
        0.14787477,
        0.060589492,
        -0.004665792,
        -0.10048321,
        -0.14291304,
        -0.16273761,
        -0.17361763,
        -0.19412667,
        -0.17371199,
        -0.15035617,
        -0.10718113,
        -0.11588296,
        -0.09029099,
        -0.06636962,
        -0.015114754,
        0.004151702
    ],
    "y": [
        -0.11498833,
        -0.12777305,
        -0.1131475,
        -0.09001541,
        -0.072482586,
        -0.012730598,
        -0.0013091564,
        0.021377802,
        0.019355536,
        -0.02432394,
        -0.081275225,
        -0.15197444,
        -0.21536183,
        -0.2648034,
        -0.32693052,
        -0.3709607,
        -0.47062516,
        -0.54455376,
        -0.5856259,
        -0.6295397,
        -0.6903837,
        -0.76777506,
        -0.83751416,
        -0.90403485,
        -0.9102979,
        -0.9516039,
        -1.0038095,
        -1.0263009,
        -1.0667522,
        -1.079933,
        -1.0044187,
        -0.8860514,
        -0.6847682,
        -0.43425107,
        -0.16080737,
        0.17360234,
        0.50913334,
        0.9764848,
        1.5888,
        2.4184198,
        3.487026,
        4.747579,
        6.121787,
        7.3888564,
        8.416602,
        9.132914,
        9.59955,
        9.906649,
        10.094283,
        10.002027,
        9.637137,
        9.021751,
        8.237799,
        7.3383884,
        6.464606,
        5.5608673,
        4.707779,
        3.8754256,
        3.014663,
        2.0261102,
        0.7727251,
        -0.6666148,
        -2.1554022,
        -3.6072114,
        -4.9733906,
        -6.262048,
        -7.492423,
        -8.561255,
        -9.516012,
        -10.334459,
        -10.951551,
        -11.450756,
        -11.789108,
        -11.953213,
        -11.995157,
        -11.908021,
        -11.776569,
        -11.556908,
        -11.260464,
        -10.932116,
        -10.477968,
        -9.94747,
        -9.279752,
        -8.566735,
        -7.76373,
        -6.9407125,
        -6.049946,
        -5.103479,
        -4.0915456,
        -3.0189242,
        -1.8928711,
        -0.7780831,
        0.3300848,
        1.3408122,
        2.268918,
        3.0026984,
        3.5240319,
        3.8457415,
        4.00193,
        4.09313,
        4.1452866,
        4.1887703,
        4.217764,
        4.1953716,
        4.1207848,
        4.067115,
        4.011556,
        3.9453912,
        3.8407671,
        3.717993,
        3.5545456,
        3.3571305,
        3.142338,
        2.900925,
        2.6934237,
        2.446747,
        2.2289622,
        2.019312,
        1.8064654,
        1.6579342,
        1.4833524,
        1.307467,
        1.1503949,
        1.0488572,
        0.9389298,
        0.86411476,
        0.81505585,
        0.7631068,
        0.7774024,
        0.77401924,
        0.7693541,
        0.74631476,
        0.6732719,
        0.62148213,
        0.5140562,
        0.3841083,
        0.29106998,
        0.17972064,
        0.11460018,
        0.07177806,
        0.025259733,
        -0.034184456,
        -0.063393354,
        -0.11699629,
        -0.18258166,
        -0.17594099,
        -0.2042594,
        -0.21432185,
        -0.20808363
    ],