{
    "class": "ypos",
    "duration_ms": 700,
    "x": [
        -0.17272928,
        -0.18522905,
        -0.20056632,
        -0.24657458,
        -0.2654774,
        -0.3139606,
        -0.2989598,
        -0.27310595,
        -0.22915451,
        -0.21229126,
        -0.22714555,
        -0.23576173,
        -0.2815401,
        -0.37679735,
        -0.45883954,
        -0.5331458,
        -0.52917475,
        -0.4192655,
        -0.20662984,
        0.022674665,
        0.29310802,
        0.74895597,
        1.3339913,
        2.0452867,
        2.756136,
        3.3568308,
        3.7728608,
        3.966772,
        3.9572725,
        3.7833827,
        3.4404473,
        2.9979453,
        2.453959,
        1.9427587,
        1.3975866,
        0.8929745,
        0.37709242,
        -0.07169534,
        -0.46709,
        -0.6495658,
        -0.6764588,
        -0.5612554,
        -0.42269737,
        -0.33969486,
        -0.3511041,
        -0.4504988,
        -0.6869482,
        -0.9905349,
        -1.3256264,
        -1.6884131,
        -2.0301282,
        -2.3047032,
        -2.4825153,
        -2.5573845,
        -2.537519,
        -2.4837391,
        -2.373448,
        -2.236691,
        -1.9813694,
        -1.7184987,
        -1.3910056,
        -1.0372673,
        -0.71188545,
        -0.36636946,
        -0.038081795,
        0.24071053,
        0.4115747,
        0.55931544,
        0.60764253,
        0.59244925,
        0.51622856,
        0.4581484,
        0.44673532,
        0.4529477,
        0.471609,
        0.50034547,
        0.47251406,
        0.42920315,
        0.32260698,
        0.19328806,
        -0.02117449,
        -0.24209835,
        -0.4532235,
        -0.58812195,
        -0.62593895,
        -0.6035884,
        -0.54574656,
        -0.47189805,
        -0.3723704,
        -0.2782966,
        -0.11755186,
        0.07918501,
        0.29341817,
        0.52578443,
        0.68855596,
        0.82985866,
        0.9282508,
        0.9741497,
        0.9745775,
        0.9054643,
        0.8502171,
        0.7442936,
        0.62134916,
        0.47698027,
        0.30875978,
        0.114295095,
        -0.08700825,
        -0.29480785,
        -0.46810526,
        -0.60445106,
        -0.7326602,
        -0.79775524,
        -0.82149184,
        -0.81590044,
        -0.74271846,
        -0.6211163,
        -0.46298325,
        -0.28008983,
        -0.09383494,
        0.07467255,
        0.19710466,
        0.27576947,
        0.3391546,
        0.40133762,
        0.40688235,
        0.39820594,
        0.36754298,
        0.35978454,
        0.2884794,
        0.21091276,
        0.14866391,
        0.01322481,
        -0.087724105,
        -0.18286781,
        -0.3031994,
        -0.36950892,
        -0.35262796,
        -0.35478264,
        -0.2963901,
        -0.2700764,
        -0.26841304,
        -0.27697402,
        -0.27636114,
        -0.2953904,
        -0.31065086,
        -0.3156499,
        -0.31837574,
        -0.28602505,
        -0.25273153
    ],
    "y": [
        -0.7343563,
        -0.69651043,
        -0.5591035,
        -0.3724612,
        -0.089262486,
        0.18795967,
        0.49997377,
        0.84201574,
        1.2092783,
        1.6183622,
        2.0925732,
        2.6336555,
        3.231113,
        3.9244466,
        4.734008,
        5.554826,
        6.2648296,
        6.7973776,
        7.1646023,
        7.438346,
        7.611262,
        7.628193,
        7.3645763,
        6.9591722,
        6.483109,
        5.997693,
        5.5372176,
        5.126184,
        4.6572123,
        4.1259108,
        3.5113552,
        2.7597868,
        1.9281414,
        0.98064566,
        -0.038954973,
        -1.1194146,
        -2.2201695,
        -3.3191743,
        -4.3655224,
        -5.3940535,
        -6.3845234,
        -7.261625,
        -8.022184,
        -8.685027,
        -9.138298,
        -9.405016,
        -9.454091,
        -9.357927,
        -9.201246,
        -9.035886,
        -8.849861,
        -8.6700325,
        -8.492368,
        -8.313083,
        -8.125859,
        -7.871382,
        -7.542547,
        -7.1147127,
        -6.5838423,
        -6.0334115,
        -5.4384074,
        -4.8739023,
        -4.3406014,
        -3.8509738,
        -3.3506644,
        -2.8236291,
        -2.2396755,
        -1.5734657,
        -0.8713448,
        -0.14627957,
        0.56699824,
        1.2165115,
        1.8000119,
        2.1261532,
        2.3456132,
        2.4505892,
        2.435604,
        2.4791164,
        2.529615,
        2.602816,
        2.8076317,
        3.035261,
        3.2628078,
        3.4002924,
        3.4606752,
        3.4354744,
        3.3403418,
        3.179056,
        3.0246751,
        2.838036,
        2.6784463,
        2.4481144,
        2.2124724,
        1.9559999,
        1.7062962,
        1.5770378,
        1.4543273,
        1.4013515,
        1.3303287,
        1.2348824,
        1.1420393,
        0.9949627,
        0.84201336,
        0.6956279,
        0.47979498,
        0.4197116,
        0.3072846,
        0.25976253,
        0.17173743,
        0.1170969,
        0.04287696,
        -0.022444487,
        -0.086466074,
        -0.15446782,
        -0.21982765,
        -0.25438952,
        -0.26103973,
        -0.30931163,
        -0.31565928,
        -0.2802453,
        -0.24126363,
        -0.16745663,
        -0.09224343,
        -0.046571255,
        -0.023146868,
        -0.057720423,
        -0.080987215,
        -0.12662935,
        -0.19008636,
        -0.22139859,
        -0.24937725,
        -0.27401972,
        -0.3024366,
        -0.3245728,
        -0.31867814,
        -0.3059888,
        -0.29809213,
        -0.28741002,
        -0.25689483,
        -0.21588612,
        -0.18347645,
        -0.15004325,
        -0.079889774,
        -0.01619196,
        0.031380415,
        0.03398037,
        0.005894661,
        -0.024204254,
        -0.058900595
    ],