{
    "class": "ypos",
    "duration_ms": 700,
    "x": [
        -0.1537824,
        -0.13755754,
        -0.11904706,
        -0.08372961,
        -0.01478824,
        0.030702055,
        0.050545305,
        0.030737907,
        0.014130205,
        -0.0018761456,
        -0.05303648,
        -0.115428686,
        -0.17494501,
        -0.25294107,
        -0.3206783,
        -0.3971977,
        -0.4632435,
        -0.53544474,
        -0.52572286,
        -0.44667083,
        -0.44442028,
        -0.5622272,
        -0.71247995,
        -0.84119177,
        -0.9562342,
        -0.9672678,
        -0.8840521,
        -0.77821445,
        -0.7039708,
        -0.62746584,
        -0.61021185,
        -0.6348685,
        -0.7093719,
        -0.77885854,
        -0.78581727,
        -0.7256277,
        -0.51166785,
        -0.28863323,
        -0.115398824,
        0.13539642,
        0.50016147,
        0.9961446,
        1.519101,
        2.1354427,
        2.717874,
        3.1437323,
        3.418521,
        3.4099314,
        3.2141123,
        2.847386,
        2.3711655,
        1.9161353,
        1.6538706,
        1.541577,
        1.6647047,
        1.9933527,
        2.4775329,
        3.1297228,
        3.9079013,
        4.552361,
        4.89144,
        4.8408666,
        4.623783,
        3.7450066,
        3.205985,
        2.873527,
        2.5021453,
        1.9134873,
        1.1666585,
        0.36407316,
        -0.32558563,
        -0.90875936,
        -1.4087944,
        -1.880014,
        -2.278086,
        -2.6707108,
        -2.9719324,
        -3.0739202,
        -3.4334645,
        -3.9620323,
        -4.547654,
        -5.1605473,
        -5.7980895,
        -6.098785,
        -5.896296,
        -5.3694844,
        -4.6384044,
        -3.889637,
        -3.2866378,
        -2.8142576,
        -2.3905873,
        -1.9837445,
        -1.484869,
        -0.92604756,
        -0.39434144,
        0.11843157,
        0.5842321,
        0.9890571,
        1.3212155,
        1.6045086,
        1.8506215,
        2.0017064,
        2.0646691,
        2.077386,
        2.0179362,
        1.8953013,
        1.7160184,
        1.548821,
        1.4005579,
        1.2902223,
        1.1629643,
        1.1339654,
        1.0935787,
        1.1092106,
        1.1501763,
        1.1881285,
        1.2212461,
        1.221076,
        1.1971793,
        1.1155803,
        1.018735,
        0.87239826,
        0.7382936,
        0.61330104,
        0.48747373,
        0.3125431,
        0.14088854,
        -0.006159492,
        -0.12641838,
        -0.222138,
        -0.2978074,
        -0.3266683,
        -0.3253139,
        -0.34130687,
        -0.33366615,
        -0.2950678,
        -0.25405443,
        -0.19848381,
        -0.14005527,
        -0.09052958,
        -0.06386643,
        -0.059881315,
        -0.073627904,
        -0.148337,
        -0.21046121,
        -0.28679988,
        -0.36356026,
        -0.42429596,
        -0.49547467
    ],
    "y": [
        -0.13912868,
        -0.116280556,
        -0.1193099,
        -0.16935444,
        -0.19715738,
        -0.25271177,
        -0.27407885,
        -0.28300953,
        -0.2630639,
        -0.2597232,
        -0.2635789,
        -0.3078103,
        -0.32568026,
        -0.30800486,
        -0.31447315,
        -0.32596588,
        -0.34954405,
        -0.42307377,
        -0.48182726,
        -0.5899143,
        -0.63776684,
        -0.552197,
        -0.34382868,
        -0.011266708,
        0.3210268,
        0.61022806,
        0.9827118,
        1.4831548,
        2.089343,
        2.8623676,
        3.7915473,
        4.903442,
        6.0993166,
        7.226257,
        8.215282,
        8.973506,
        9.427082,
        9.700624,
        9.868046,
        9.789991,
        9.544775,
        9.117229,
        8.492169,
        7.7046857,
        6.8998203,
        6.0191336,
        5.181262,
        4.3422585,
        3.4895773,
        2.6181064,
        1.7470417,
        0.716475,
        -0.5041332,
        -1.9021454,
        -3.4290257,
        -5.1124372,
        -6.800515,
        -8.496785,
        -10.187656,
        -11.673034,
        -12.865358,
        -13.71565,
        -14.335246,
        -14.214136,
        -14.151046,
        -14.291109,
        -14.475988,
        -14.588733,
        -14.414829,
        -13.9674,
        -13.367113,
        -12.712924,
        -11.979104,
        -11.213839,
        -10.37435,
        -9.408293,
        -8.304015,
        -7.1861115,
        -5.8300633,
        -4.231857,
        -2.4520226,
        -0.41237354,
        1.6854396,
        3.3345246,
        4.043018,
        3.895586,
        3.3804407,
        3.0183954,
        3.1478095,
        3.602378,
        4.216169,
        4.742346,
        5.092474,
        5.286221,
        5.4006925,
        5.505767,
        5.5946836,
        5.632056,
        5.6231813,
        5.4775853,
        5.257838,
        4.995179,
        4.7542195,
        4.5014095,
        4.224714,
        3.936079,
        3.623478,
        3.325078,
        3.0361533,
        2.768806,
        2.5089245,
        2.2855282,
        2.0606265,
        1.8083038,
        1.5672016,
        1.3065214,
        1.0814228,
        0.8535242,
        0.62496805,
        0.46234846,
        0.29823875,
        0.14175558,
        -0.026729107,
        -0.21006966,
        -0.39665127,
        -0.5389242,
        -0.6395397,
        -0.672317,
        -0.7185588,
        -0.7495103,
        -0.77220917,
        -0.798604,
        -0.8405905,
        -0.8789463,
        -0.9254656,
        -0.96328926,
        -1.0232382,
        -1.0858502,
        -1.1030121,
        -1.0792394,
        -1.0405669,
        -0.9747205,
        -0.88162994,
        -0.7899885,
        -0.72624254,
        -0.6594868,
        -0.6306615,
        -0.5993204,
        -0.56086636
    ],