{
    "class": "ypos",
    "duration_ms": 700,
    "x": [
        -0.106736496,
        -0.12107868,
        -0.10746293,
        -0.108280435,
        -0.089381725,
        -0.06947155,
        -0.10521581,
        -0.14846879,
        -0.15881643,
        -0.17474222,
        -0.21570408,
        -0.28908816,
        -0.34994102,
        -0.4389423,
        -0.54195243,
        -0.62602013,
        -0.758346,
        -0.91045487,
        -1.0087831,
        -1.1204141,
        -1.1596111,
        -1.1196513,
        -1.03638,
        -0.8836295,
        -0.70223427,
        -0.45936558,
        -0.18169159,
        0.04467419,
        0.22217944,
        0.31734574,
        0.4112371,
        0.5156584,
        0.6761501,
        0.8696892,
        1.1522732,
        1.4551322,
        1.7885194,
        2.1655474,
        2.618779,
        3.107007,
        3.6273637,
        4.049151,
        4.336168,
        4.386769,
        4.235288,
        3.9374704,
        3.4676638,
        2.9462748,
        2.4339938,
        1.9265587,
        1.4717255,
        1.0882028,
        0.8454199,
        0.6802243,
        0.5689297,
        0.47263497,
        0.2983725,
        0.0038983822,
        -0.4484347,
        -1.0321658,
        -1.704758,
        -2.4577336,
        -3.158442,
        -3.7156568,
        -4.048412,
        -4.4310164,
        -5.0233793,
        -5.3586454,
        -5.5803237,
        -5.65496,
        -5.450456,
        -4.8292627,
        -4.2797775,
        -3.7294974,
        -3.1848104,
        -2.6427166,
        -2.1459846,
        -1.6440932,
        -1.201371,
        -0.80074537,
        -0.3914374,
        0.02973041,
        0.49519217,
        0.95373636,
        1.4642768,
        1.90864,
        2.2615156,
        2.542635,
        2.7665443,
        2.8637388,
        2.9013162,
        2.8889356,
        2.8047965,
        2.6890292,
        2.4879198,
        2.247949,
        1.9676503,
        1.7174724,
        1.5012085,
        1.2775023,
        1.12042,
        0.97985715,
        0.8467175,
        0.73842716,
        0.6726359,
        0.6046433,
        0.5255326,
        0.43558457,
        0.35395288,
        0.2949186,
        0.2559964,
        0.2418159,
        0.22569206,
        0.21460027,
        0.1960919,
        0.19864038,
        0.21468058,
        0.21553871,
        0.21341433,
        0.19646679,
        0.21519122,
        0.20528506,
        0.20795225,
        0.18052849,
        0.12533072,
        0.1066617,
        0.08357632,
        0.04397302,
        0.0044137985,
        -0.04242483,
        -0.048861526,
        -0.060527585,
        -0.053755496,
        -0.04309107,
        -0.04752976,
        -0.045381304,
        -0.065184265,
        -0.078020334,
        -0.073986515,
        -0.08607906,
        -0.1092212,
        -0.104942136,
        -0.09240258,
        -0.095525004,
        -0.088155836,
        -0.11346249,
        -0.15503088,
        -0.17959446,
        -0.1995711
    ],
    "y": [
        -0.67753506,
        -0.6827378,
        -0.70553684,
        -0.74548626,
        -0.7665601,
        -0.79735804,
        -0.8759377,
        -0.9403739,
        -1.0552826,
        -1.2038202,
        -1.3504181,
        -1.5072126,
        -1.598494,
        -1.6798608,
        -1.7255783,
        -1.7053545,
        -1.6103671,
        -1.417449,
        -1.0844603,
        -0.6595576,
        -0.1668024,
        0.3985839,
        0.93925524,
        1.5319419,
        2.1253395,
        2.7352386,
        3.3859963,
        4.080194,
        4.9253945,
        5.897262,
        6.890145,
        7.829428,
        8.540238,
        8.96487,
        9.021828,
        8.852135,
        8.50822,
        8.054445,
        7.552613,
        6.95662,
        6.3253827,
        5.6578636,
        4.945816,
        4.2356815,
        3.5499609,
        2.7916586,
        2.0053513,
        1.0967426,
        0.124940395,
        -1.0253346,
        -2.2940035,
        -3.647198,
        -5.0410185,
        -6.354682,
        -7.622486,
        -8.686943,
        -9.51474,
        -10.060379,
        -10.30931,
        -10.364276,
        -10.270692,
        -10.045752,
        -9.755375,
        -9.451679,
        -9.240057,
        -9.02097,
        -8.621484,
        -8.105831,
        -7.57146,
        -7.014967,
        -6.3584166,
        -5.750449,
        -5.1194305,
        -4.37463,
        -3.5733514,
        -2.7156498,
        -1.8157332,
        -0.9381356,
        -0.11381674,
        0.6330199,
        1.2233853,
        1.6191192,
        1.8851476,
        2.0505052,
        2.1827226,
        2.3298845,
        2.4823513,
        2.735403,
        2.9307208,
        3.058433,
        3.099152,
        3.0405655,
        2.9180613,
        2.7501702,
        2.6078596,
        2.4852705,
        2.4555755,
        2.4604387,
        2.477655,
        2.4614086,
        2.437973,
        2.3979268,
        2.327156,
        2.2381234,
        2.140914,
        2.0336213,
        1.9166617,
        1.8288093,
        1.7178574,
        1.5437937,
        1.3980684,
        1.233429,
        1.1126208,
        0.98811674,
        0.90313625,
        0.7788968,
        0.6682272,
        0.5688944,
        0.4546051,
        0.38971186,
        0.3379593,
        0.28216696,
        0.23142433,
        0.21394205,
        0.15039444,
        0.09085417,
        0.02811575,
        0.0076680183,
        -0.04945278,
        -0.04277277,
        -0.05840063,
        -0.06036663,
        -0.091551304,
        -0.1540842,
        -0.19046211,
        -0.19342184,
        -0.1795659,
        -0.14151669,
        -0.11733532,
        -0.054300785,
        -0.01465416,
        0.01842165,
        0.006776333,
        0.007903099,
        -0.009171486,
        -0.044474125,
        -0.071704865,
        -0.10531807,
        -0.10948849
    ],