{
    "class": "ypos",
    "duration_ms": 700,
    "x": [
        0.085862875,
        0.054933667,
        0.027719676,
        0.0020821989,
        -0.021623522,
        -0.045547783,
        -0.062364906,
        -0.0719524,
        -0.071541786,
        -0.06347972,
        -0.054879546,
        -0.04106936,
        -0.034044415,
        -0.026785403,
        -0.028924286,
        -0.033367425,
        -0.030729681,
        -0.028434694,
        -0.028969765,
        -0.032332152,
        -0.033792317,
        -0.035796463,
        -0.03831795,
        -0.04123801,
        -0.04452008,
        -0.052800655,
        -0.06120658,
        -0.07450029,
        -0.090452045,
        -0.08989802,
        -0.08460379,
        -0.079093695,
        -0.07305461,
        -0.06638318,
        -0.05669731,
        -0.048793405,
        -0.035627663,
        -0.009952575,
        0.013848096,
        0.033444166,
        0.036821604,
        0.0237948,
        -0.011050433,
        -0.073319376,
        -0.16365123,
        -0.27286786,
        -0.389616,
        -0.4925795,
        -0.55511963,
        -0.5645821,
        -0.5247349,
        -0.42041183,
        -0.25093928,
        -0.018229783,
        0.24229044,
        0.5286851,
        0.8272059,
        1.1216998,
        1.3861439,
        1.5868964,
        1.7065412,
        1.7322841,
        1.6607728,
        1.4981878,
        1.2865949,
        1.0682988,
        0.87442285,
        -0.004568577,
        0.0064722896,
        0.07292801,
        0.1480987,
        0.2641269,
        0.4123087,
        0.53597194,
        0.59486663,
        0.56030136,
        0.40351075,
        0.15505624,
        -0.17129067,
        -0.48572344,
        -0.67964065,
        -0.9692088,
        -1.2972741,
        -1.428076,
        -1.5299135,
        -1.7180643,
        -1.8281792,
        -1.872747,
        -2.1195164,
        -2.2097862,
        -2.1989496,
        -2.0683835,
        -1.9186673,
        -1.7685887,
        -1.5099488,
        -1.1924789,
        -0.8155697,
        -0.44047982,
        -0.13820136,
        0.18048541,
        0.43262485,
        0.6669084,
        0.8193507,
        0.87111914,
        0.8705043,
        0.7891256,
        0.6630556,
        0.48987854,
        0.29316506,
        0.050817072,
        -0.18056405,
        -0.38525036,
        -0.55935234,
        -0.69180137,
        -0.75932527,
        -0.71686983,
        -0.6026639,
        -0.44035906,
        -0.16754189,
        0.08686665,
        0.38518167,
        0.6675793,
        0.9605577,
        1.1998775,
        1.4004233,
        1.5244869,
        1.55825,
        1.490129,
        1.2869121,
        1.0610187,
        0.8005156,
        0.53877544,
        0.3357398,
        0.18411568,
        0.0576424,
        -0.0055960417,
        -0.046414584,
        -0.033987105,
        0.007587731,
        0.0997445,
        0.23512852,
        0.33933395,
        0.41227588,
        0.4849457,
        0.52134395,
        0.5453764,
        0.5402553,
        0.5443059,
        0.5360775
    ],
    "y": [
        -0.03523302,
        -0.030763626,
        -0.021769524,
        -0.020196438,
        -0.023629665,
        -0.02486229,
        -0.021533012,
        -0.016067982,
        -0.027410507,
        -0.0434618,
        -0.06177807,
        -0.079949856,
        -0.09554529,
        -0.10368109,
        -0.10204649,
        -0.10024071,
        -0.09855318,
        -0.10668039,
        -0.11990547,
        -0.14059591,
        -0.1686492,
        -0.19676542,
        -0.22226906,
        -0.24495316,
        -0.25741577,
        -0.2714777,
        -0.28002548,
        -0.28562546,
        -0.29097033,
        -0.29862309,
        -0.30634117,
        -0.304739,
        -0.2821331,
        -0.22676086,
        -0.13644934,
        -0.0065174103,
        0.15109825,
        0.33171797,
        0.5352211,
        0.7849941,
        1.0921764,
        1.4677291,
        1.913094,
        2.4130507,
        2.9573812,
        3.5335822,
        4.1493697,
        4.748474,
        5.285652,
        5.7349124,
        6.079826,
        6.323149,
        6.465232,
        6.513448,
        6.4749637,
        6.3495717,
        6.1320415,
        5.826404,
        5.429516,
        4.9430585,
        4.3904595,
        3.7761974,
        3.124168,
        2.43462,
        1.7103357,
        0.96385765,
        0.19333267,
        -3.503491,
        -4.3740816,
        -5.22602,
        -6.077627,
        -6.901884,
        -7.6981297,
        -8.48957,
        -9.206018,
        -9.820408,
        -10.334527,
        -10.645095,
        -10.819009,
        -10.837062,
        -10.845034,
        -10.768605,
        -10.64133,
        -10.394017,
        -10.146351,
        -9.829058,
        -9.454358,
        -9.049048,
        -8.517888,
        -7.8733597,
        -7.166181,
        -6.478083,
        -5.7066355,
        -4.9242215,
        -4.138627,
        -3.29077,
        -2.4291348,
        -1.5279007,
        -0.6878567,
        0.11490345,
        0.8110466,
        1.4175386,
        1.9704485,
        2.438898,
        2.8806238,
        3.2672262,
        3.5942144,
        3.8380146,
        3.9988527,
        4.1268644,
        4.255272,
        4.3549185,
        4.449278,
        4.4852276,
        4.514929,
        4.482995,
        4.3940935,
        4.272073,
        4.095189,
        3.8825507,
        3.6269298,
        3.3953052,
        3.132811,
        2.8707533,
        2.6046557,
        2.354035,
        2.1694937,
        2.015541,
        1.8828902,
        1.7480397,
        1.5588098,
        1.4208899,
        1.2675142,
        1.1419249,
        1.0273967,
        0.94542646,
        0.8504057,
        0.761363,
        0.6995287,
        0.6190591,
        0.53165627,
        0.42500877,
        0.3012538,
        0.2080102,
        0.116429806,
        0.052717686,
        0.009625912,
        -0.022508621,
        -0.048464775
    ],