{
    "class": "ypos",
    "duration_ms": 700,
    "x": [
        0.13701037,
        0.113361955,
        0.06754619,
        0.044920444,
        0.033513248,
        0.0073710084,
        0.002882719,
        0.020320952,
        0.021518648,
        0.04724884,
        0.076064885,
        0.13200045,
        0.21029466,
        0.26777267,
        0.29431954,
        0.32021108,
        0.33768657,
        0.29825234,
        0.28770837,
        0.26515618,
        0.22571424,
        0.16015881,
        0.13374284,
        0.15644735,
        0.21210763,
        0.2535009,
        0.28845036,
        0.3223283,
        0.35537174,
        0.4451476,
        0.5226205,
        0.6096055,
        0.67519903,
        0.71471226,
        0.7374518,
        0.71892333,
        0.6704048,
        0.5555197,
        0.39061868,
        0.23024473,
        0.11699045,
        -0.0021500587,
        -0.13465917,
        -0.27856976,
        -0.41534734,
        -0.55754787,
        -0.6506164,
        -0.7257869,
        -0.761135,
        -0.7585346,
        -0.67441326,
        -0.60395044,
        -0.5081608,
        -0.46276864,
        -0.49352446,
        -0.58594966,
        -0.7381946,
        -0.89835685,
        -1.0216943,
        -1.0850322,
        -1.0912559,
        -0.9417987,
        -0.66876763,
        -0.2800497,
        0.14204884,
        0.64892036,
        1.180087,
        1.656463,
        2.0699837,
        2.3177252,
        2.3963852,
        2.2832487,
        1.9145422,
        1.3931239,
        0.8187454,
        0.3078276,
        -0.17801996,
        -0.48311174,
        -0.5495531,
        -0.3521164,
        0.15943602,
        0.8883623,
        1.6442713,
        2.352276,
        2.851009,
        3.2363257,
        3.4620028,
        3.5103478,
        3.2772334,
        3.0848598,
        2.6594932,
        2.1440253,
        1.4615096,
        0.6451285,
        -0.16466303,
        -0.95742095,
        -1.6941477,
        -2.290142,
        -2.8089023,
        -3.2465398,
        -3.594345,
        -3.7670338,
        -3.7656145,
        -3.6244528,
        -3.298297,
        -2.8848317,
        -2.4597416,
        -2.0147877,
        -1.6013258,
        -1.1918318,
        -0.84248585,
        -0.5571338,
        -0.33773762,
        -0.16496474,
        -0.045643985,
        0.054131806,
        0.09390694,
        0.21739352,
        0.32895654,
        0.44784158,
        0.5240706,
        0.51469064,
        0.4365274,
        0.2917074,
        0.13036445,
        -0.06427494,
        -0.28285962,
        -0.49234766,
        -0.70811397,
        -0.89307034,
        -0.95946676,
        -0.8741475,
        -0.64889574,
        -0.33595794,
        0.06476456,
        0.421877,
        0.7546793,
        1.022306,
        1.2387855,
        1.3753915,
        1.441853,
        1.466995,
        1.477479,
        1.4643023,
        1.37546,
        1.2329534,
        1.0703579,
        0.86873823
    ],
    "y": [
        -0.26521635,
        -0.17962074,
        -0.085244656,
        0.0054941177,
        0.11125612,
        0.15271139,
        0.19898081,
        0.18279934,
        0.15431976,
        0.118115425,
        0.09788036,
        0.057421207,
        0.0394001,
        0.014904022,
        -0.013961315,
        -0.06653452,
        -0.14045143,
        -0.15442324,
        -0.17294455,
        -0.20304632,
        -0.23979759,
        -0.27575064,
        -0.26758337,
        -0.29616547,
        -0.26271057,
        -0.21670008,
        -0.17160988,
        -0.13875437,
        -0.13648558,
        -0.1738019,
        -0.22153568,
        -0.327291,
        -0.46237278,
        -0.5624256,
        -0.69504166,
        -0.7962122,
        -0.9025223,
        -0.9620843,
        -1.0069838,
        -0.9902475,
        -0.9724746,
        -0.9472048,
        -0.88626933,
        -0.7518904,
        -0.53704786,
        -0.23441029,
        0.14201975,
        0.4635167,
        0.8095813,
        1.1066084,
        1.4460745,
        1.7495227,
        2.0820894,
        2.4848099,
        3.0057306,
        3.5732312,
        4.3120284,
        5.109807,
        5.9427705,
        6.6985993,
        7.339127,
        7.773503,
        7.927522,
        7.877637,
        7.7481165,
        7.528856,
        7.238236,
        6.8419266,
        6.3748126,
        5.8551297,
        5.36074,
        4.8884077,
        4.446912,
        3.9760466,
        3.4374008,
        2.7801151,
        2.0079813,
        1.1055765,
        0.04576397,
        -1.1501491,
        -2.529676,
        -4.012342,
        -5.4738994,
        -6.775441,
        -7.826055,
        -8.676219,
        -9.335836,
        -9.786382,
        -10.062387,
        -10.270233,
        -10.423346,
        -10.5427475,
        -10.489712,
        -10.286287,
        -9.945439,
        -9.585798,
        -9.1993265,
        -8.773605,
        -8.279453,
        -7.7428045,
        -7.1104817,
        -6.458136,
        -5.760332,
        -5.1224036,
        -4.5318413,
        -3.9613848,
        -3.3861678,
        -2.764721,
        -2.0937736,
        -1.3988211,
        -0.5999713,
        0.2437625,
        1.0687399,
        1.7778435,
        2.3789892,
        2.824998,
        3.0924325,
        3.2079387,
        3.1693807,
        3.0773292,
        2.9910426,
        2.9718509,
        3.028152,
        3.0916424,
        3.1968136,
        3.2444472,
        3.224011,
        3.1992388,
        3.16929,
        3.1406112,
        3.081604,
        2.9776511,
        2.8069477,
        2.5118356,
        2.1999197,
        1.8948011,
        1.6107287,
        1.3717418,
        1.170959,
        1.013526,
        0.8639107,
        0.7704768,
        0.7027736,
        0.65435266,
        0.5709257,
        0.5632858,
        0.5315933,
        0.46926022
    ],