{
    "class": "ypos",
    "duration_ms": 700,
    "x": [
        -1.1764773,
        -0.9071691,
        -0.4679382,
        0.14204378,
        0.8661868,
        1.5826885,
        2.2240677,
        2.832478,
        3.3301542,
        3.6392665,
        3.7504842,
        3.6441202,
        3.37855,
        2.9710622,
        2.4860635,
        1.9929581,
        1.5685085,
        1.1822797,
        0.80676335,
        0.43404835,
        0.09196145,
        -0.16084489,
        -0.2606713,
        -0.18118137,
        -0.016710818,
        0.21302506,
        0.50277996,
        0.8209152,
        1.1209733,
        1.3321115,
        1.3833926,
        1.3277327,
        1.1675247,
        0.96230173,
        0.6399871,
        0.20483841,
        -0.34364447,
        -0.91279805,
        -1.515486,
        -2.1116755,
        -2.62073,
        -2.9761918,
        -3.1474788,
        -3.113036,
        -2.910519,
        -2.5679142,
        -2.1202865,
        -1.6215587,
        -1.106483,
        -0.6246113,
        -0.2402984,
        0.053726017,
        0.2880814,
        0.38311127,
        0.3426484,
        0.16534749,
        -0.119163886,
        -0.5120019,
        -0.8775101,
        -1.2422326,
        -1.532049,
        -1.7873571,
        -1.9550889,
        -2.020281,
        -1.9817919,
        -1.7997622,
        -1.5827086,
        -1.3270609,
        -1.0514005,
        -0.8013974,
        -0.5851277,
        -0.32946238,
        -0.02349843,
        0.32965142,
        0.7248858,
        1.1526054,
        1.5673437,
        1.8829869,
        2.1089962,
        2.2237363,
        2.1914682,
        2.012663,
        1.7335005,
        1.3237026,
        0.89138377,
        0.48468453,
        0.16601914,
        -0.085989445,
        -0.30489707,
        -0.54373604,
        -0.7526281,
        -0.88393116,
        -0.947495,
        -0.90518844,
        -0.7857351,
        -0.5792171,
        -0.32827777,
        -0.008775473,
        0.24044286,
        0.4239099,
        0.54350746,
        0.62981397,
        0.67042303,
        0.74413955,
        0.81736875,
        0.8784069,
        0.9872283,
        1.0077536,
        0.9756693,
        0.8931419,
        0.7431939,
        0.5852775,
        0.44063276,
        0.2827987,
        0.1452542,
        0.0091042,
        -0.11567584,
        -0.20954119,
        -0.27220333,
        -0.31546488,
        -0.30790555,
        -0.30682907,
        -0.28136,
        -0.2678194,
        -0.24502099,
        -0.24448858,
        -0.22836417,
        -0.20878279,
        -0.20488262,
        -0.18565318,
        -0.18212378,
        -0.16054069,
        -0.1371922,
        -0.14258426,
        -0.12121415,
        -0.13026914,
        -0.078899555,
        -0.03898046,
        0.027445398,
        0.036370546,
        0.042581506,
        -0.016451217,
        -0.057082437,
        -0.12968218,
        -0.22256692,
        -0.29508036,
        -0.3208968,
        -0.36446586,
        -0.39452833
    ],
    "y": [
        6.0177536,
        6.584008,
        6.9016,
        7.016714,
        6.9394865,
        6.768285,
        6.4861803,
        6.0686874,
        5.608251,
        5.1039042,
        4.693393,
        4.35891,
        4.1066346,
        3.8831077,
        3.6208038,
        3.1854172,
        2.5886655,
        1.8757472,
        1.1083732,
        0.37951326,
        -0.32988644,
        -1.1554117,
        -2.0906606,
        -3.1452816,
        -4.1567197,
        -5.0917816,
        -5.917675,
        -6.7215686,
        -7.4355516,
        -8.183562,
        -8.898556,
        -9.592616,
        -10.229931,
        -10.870335,
        -11.394157,
        -11.782352,
        -11.966061,
        -11.955608,
        -11.665842,
        -11.172077,
        -10.475531,
        -9.694491,
        -8.88686,
        -8.117213,
        -7.46868,
        -6.866263,
        -6.3785906,
        -5.8735323,
        -5.3917356,
        -4.794515,
        -4.087005,
        -3.2982852,
        -2.4219136,
        -1.5399714,
        -0.7178116,
        0.09169912,
        0.81867504,
        1.4867687,
        2.079112,
        2.5743966,
        3.042181,
        3.506579,
        3.9748926,
        4.399358,
        4.7514963,
        4.974315,
        5.1066074,
        5.1511474,
        5.155791,
        5.110332,
        5.040041,
        4.900729,
        4.66267,
        4.3345685,
        3.9635954,
        3.5300245,
        3.1385922,
        2.7554245,
        2.4665728,
        2.2603326,
        2.0847545,
        1.9338713,
        1.8211184,
        1.7286649,
        1.6601725,
        1.5232325,
        1.3641772,
        1.1503253,
        0.9687109,
        0.88449526,
        0.8477063,
        0.8700471,
        0.9010339,
        0.8613715,
        0.7650423,
        0.6018281,
        0.42121887,
        0.24870157,
        0.12422657,
        0.066274166,
        0.05512476,
        0.06862259,
        0.13505363,
        0.11778164,
        0.06465721,
        -0.019396782,
        -0.12458134,
        -0.21719503,
        -0.25408316,
        -0.2637744,
        -0.25085163,
        -0.2341609,
        -0.29223204,
        -0.40075684,
        -0.45662642,
        -0.49786472,
        -0.5409522,
        -0.5402565,
        -0.50514793,
        -0.4474516,
        -0.41250515,
        -0.37652016,
        -0.35887766,
        -0.38159895,
        -0.39013767,
        -0.41582108,
        -0.42540264,
        -0.38316154,
        -0.3226657,
        -0.27970457,
        -0.22050571,
        -0.17084599,
        -0.1326809,
        -0.062483788,
        -0.019923687,
        0.02848339,
        0.051645756,
        0.0041399,
        -0.032698154,
        -0.11883354,
        -0.1755209,
        -0.23667145,
        -0.2521906,
        -0.2821865,
        -0.28143406,
        -0.27881622,
        -0.25074673,
        -0.23548937,
        -0.23292732
    ],