{
    "class": "ypos",
    "duration_ms": 700,
    "x": [
        0.0028582737,
        0.0765788,
        0.20976663,
        0.2888535,
        0.3482884,
        0.33430222,
        0.28817984,
        0.2148807,
        0.12666583,
        -0.0071997494,
        -0.12022772,
        -0.20795113,
        -0.3017011,
        -0.35436502,
        -0.39773703,
        -0.4277451,
        -0.38072646,
        -0.25491586,
        -0.08866801,
        0.12268815,
        0.31977013,
        0.48651788,
        0.62622815,
        0.72748935,
        0.7956089,
        0.8096998,
        0.7513849,
        0.71374196,
        0.6726373,
        0.5778514,
        0.47687933,
        0.40045533,
        0.3267138,
        0.1960087,
        0.0015055984,
        -0.27514452,
        -0.5752994,
        -0.89464146,
        -1.173603,
        -1.4219701,
        -1.5875217,
        -1.6728195,
        -1.6973288,
        -1.6376276,
        -1.4987116,
        -1.1891621,
        -0.7387016,
        -0.1382464,
        0.44429004,
        0.9770404,
        1.3962524,
        1.6733512,
        1.8075123,
        1.816424,
        1.7434399,
        1.6036754,
        1.4600017,
        1.3420215,
        1.3035768,
        1.2722746,
        1.2146057,
        1.1976149,
        1.2336824,
        1.3118514,
        1.4142025,
        1.5347735,
        1.5574528,
        1.5238227,
        1.3913016,
        1.1672302,
        0.8827277,
        0.47829452,
        0.002019845,
        -0.5390401,
        -1.0421569,
        -1.5123284,
        -1.8685484,
        -2.144664,
        -2.321928,
        -2.4322746,
        -2.464467,
        -2.483756,
        -2.4669023,
        -2.4217315,
        -2.391722,
        -2.2717712,
        -2.1740456,
        -2.0523562,
        -1.9225446,
        -1.7670801,
        -1.6309309,
        -1.5019535,
        -1.4038152,
        -1.3099382,
        -1.1315415,
        -0.98566616,
        -0.8459171,
        -0.69533765,
        -0.5456248,
        -0.43495065,
        -0.31847802,
        -0.20430379,
        -0.102748,
        0.0073705465,
        0.123560324,
        0.26735044,
        0.45054433,
        0.6420024,
        0.8323407,
        1.038602,
        1.2014735,
        1.3408424,
        1.4022373,
        1.450837,
        1.4703879,
        1.4277272,
        1.3300879,
        1.2177733,
        1.0857364,
        0.92660844,
        0.7738138,
        0.6416013,
        0.52732533,
        0.41631338,
        0.2675276,
        0.15030098,
        0.1003868,
        0.09136392,
        0.10390513,
        0.20973182,
        0.2799124,
        0.3265198,
        0.38342053,
        0.39579082,
        0.33766496,
        0.29290673,
        0.23766902,
        0.22901486,
        0.22570768,
        0.23690361,
        0.22860034,
        0.25288466,
        0.26854733,
        0.24412346,
        0.21782897,
        0.14914337,
        0.08855873,
        0.029602345,
        -0.041464902
    ],
    "y": [
        0.04576111,
        0.03385353,
        0.0081653595,
        -0.016483307,
        -0.008658886,
        0.03892374,
        0.11662817,
        0.1981616,
        0.27130795,
        0.30719185,
        0.3316884,
        0.3465438,
        0.33921862,
        0.29514265,
        0.21183252,
        0.0751729,
        -0.033699036,
        -0.14328861,
        -0.23193121,
        -0.24470758,
        -0.22217035,
        -0.21652699,
        -0.13007784,
        -0.015560627,
        0.11024141,
        0.23061228,
        0.3242979,
        0.42482853,
        0.5393677,
        0.68686485,
        0.9120598,
        1.2119064,
        1.5596714,
        2.0237565,
        2.5841036,
        3.2896738,
        4.128002,
        4.9628906,
        5.710802,
        6.2979684,
        6.6818023,
        6.886503,
        6.8260045,
        6.6319437,
        6.3258514,
        5.993859,
        5.6383853,
        5.23311,
        4.7828717,
        4.351817,
        3.9609308,
        3.5494075,
        3.1042314,
        2.564373,
        1.9717789,
        1.3276744,
        0.61202097,
        -0.21401405,
        -1.2651696,
        -2.4525363,
        -3.6917853,
        -4.97961,
        -6.2356453,
        -7.4797473,
        -8.65974,
        -9.673382,
        -10.566897,
        -11.29575,
        -11.801529,
        -12.124144,
        -12.212797,
        -12.07661,
        -11.737116,
        -11.196877,
        -10.4925,
        -9.7565565,
        -8.920822,
        -8.067982,
        -7.1991754,
        -6.3391933,
        -5.4669414,
        -4.604085,
        -3.7624834,
        -2.8963776,
        -2.0911574,
        -1.3051858,
        -0.58044624,
        0.093486786,
        0.78625345,
        1.4401512,
        1.9830184,
        2.5005012,
        2.886662,
        3.2318058,
        3.518537,
        3.7654324,
        3.9863243,
        4.173285,
        4.2991095,
        4.36057,
        4.3451343,
        4.28342,
        4.191733,
        4.0721035,
        3.955326,
        3.7764883,
        3.5330758,
        3.2778215,
        2.9581847,
        2.6916103,
        2.4686985,
        2.2179894,
        1.9997811,
        1.7594051,
        1.5978327,
        1.412869,
        1.2006245,
        1.0862422,
        0.96733046,
        0.90424633,
        0.82565784,
        0.72490263,
        0.6548357,
        0.5438118,
        0.4661832,
        0.39073133,
        0.32446527,
        0.24314547,
        0.15613317,
        0.063302994,
        -0.05466795,
        -0.13082933,
        -0.16758299,
        -0.17430162,
        -0.18652248,
        -0.106054306,
        -0.00010108948,
        0.0783906,
        0.047871113,
        0.0038084984,
        -0.046823025,
        -0.09968948,
        -0.15271091,
        -0.17975283,
        -0.23825884,
        -0.29464197,
        -0.30821085,
        -0.29566145,
        -0.28076935
    ],