{
    "class": "ypos",
    "duration_ms": 700,
    "x": [
        0.25277275,
        0.27097112,
        0.29951435,
        0.29581627,
        0.236312,
        0.15221237,
        0.088575915,
        0.032977477,
        0.042013913,
        0.019914597,
        0.0142581165,
        0.008155033,
        0.015809089,
        0.06098038,
        0.10751131,
        0.1481597,
        0.18754278,
        0.24460387,
        0.33345106,
        0.43981305,
        0.55915636,
        0.70355797,
        0.792643,
        0.9150501,
        0.99455196,
        1.0386674,
        1.0142843,
        0.9403372,
        0.8378144,
        0.66071314,
        0.48978758,
        0.31499648,
        0.1435434,
        0.061708484,
        0.07708652,
        0.10637607,
        0.19126895,
        0.2923119,
        0.41269842,
        0.45009142,
        0.40916735,
        0.27996248,
        0.054397374,
        -0.17296338,
        -0.41776875,
        -0.5855057,
        -0.67216045,
        -0.704405,
        -0.77077997,
        -0.8113778,
        -0.83094704,
        -0.7287274,
        -0.4826901,
        -0.058588866,
        0.5062935,
        1.1150712,
        1.6896101,
        2.1057703,
        2.3873022,
        2.6034763,
        2.7468293,
        2.8362973,
        2.8121386,
        2.617236,
        2.2497232,
        1.7173153,
        1.058636,
        0.37660244,
        -0.295735,
        -0.9489261,
        -1.5854927,
        -2.196129,
        -2.6855776,
        -3.0714576,
        -3.2207854,
        -3.089044,
        -3.4475672,
        -3.7013109,
        -3.7549942,
        -3.662244,
        -3.1823397,
        -2.7727218,
        -2.454261,
        -2.1397984,
        -1.8785539,
        -1.6821487,
        -1.5242108,
        -1.3663214,
        -1.1743932,
        -0.9590449,
        -0.81460124,
        -0.706707,
        -0.6492829,
        -0.5752908,
        -0.5182196,
        -0.4422349,
        -0.37391824,
        -0.22950433,
        -0.09737392,
        0.13230048,
        0.33013391,
        0.59184015,
        0.8768037,
        1.1420325,
        1.3972358,
        1.5825138,
        1.7142947,
        1.7323914,
        1.7271736,
        1.6501654,
        1.4745765,
        1.3076007,
        1.1061364,
        0.870211,
        0.63375485,
        0.3752537,
        0.097227916,
        -0.11160602,
        -0.31098402,
        -0.48621148,
        -0.5987133,
        -0.7343928,
        -0.7591446,
        -0.7017231,
        -0.57151973,
        -0.38758916,
        -0.17110497,
        0.015822664,
        0.15169121,
        0.22914723,
        0.26710695,
        0.26976264,
        0.27005595,
        0.2576941,
        0.23442627,
        0.18307458,
        0.12000849,
        0.035422526,
        -0.058594376,
        -0.13293205,
        -0.13440368,
        -0.060051907,
        0.031136252,
        0.15413463,
        0.26870126,
        0.41355473,
        0.52207345,
        0.6088363,
        0.66648346
    ],
    "y": [
        -0.039503574,
        -0.08580589,
        -0.05942726,
        -0.025011063,
        0.038799286,
        0.09369898,
        0.122982025,
        0.16211271,
        0.13476849,
        0.14090538,
        0.12770414,
        0.15206051,
        0.17312384,
        0.21213102,
        0.28319597,
        0.40981102,
        0.5844765,
        0.8305726,
        1.1334376,
        1.4262171,
        1.7233624,
        2.0107417,
        2.2765317,
        2.5326815,
        2.7008815,
        2.8150811,
        2.956356,
        3.1323543,
        3.3815374,
        3.7491698,
        4.2016697,
        4.6601715,
        5.077048,
        5.3761015,
        5.5720515,
        5.6268125,
        5.583668,
        5.433157,
        5.268486,
        5.0320907,
        4.769021,
        4.449948,
        4.136394,
        3.7701836,
        3.3937774,
        2.927781,
        2.434165,
        1.869626,
        1.2434039,
        0.6030431,
        -0.0635767,
        -0.7753887,
        -1.577456,
        -2.4906769,
        -3.4303472,
        -4.448162,
        -5.4738326,
        -6.5305195,
        -7.5240555,
        -8.544433,
        -9.499788,
        -10.43722,
        -11.260351,
        -11.971001,
        -12.45866,
        -12.7325535,
        -12.708813,
        -12.514231,
        -12.160651,
        -11.657553,
        -11.040901,
        -10.380339,
        -9.681033,
        -9.022453,
        -8.426677,
        -7.86556,
        -7.3376727,
        -6.6885133,
        -5.9904685,
        -5.2771273,
        -4.6579556,
        -3.9912972,
        -3.2315507,
        -2.3883853,
        -1.497726,
        -0.6026554,
        0.1796484,
        0.7895217,
        1.2245498,
        1.5564537,
        1.8377385,
        2.1924877,
        2.6155744,
        3.061226,
        3.4574318,
        3.7467203,
        3.924241,
        4.061603,
        4.194422,
        4.2793083,
        4.351628,
        4.379536,
        4.314324,
        4.203029,
        4.0232706,
        3.8627467,
        3.6897535,
        3.492138,
        3.2841892,
        3.1017814,
        2.942686,
        2.7905664,
        2.6414208,
        2.4936404,
        2.3407917,
        2.1837425,
        1.9922833,
        1.889205,
        1.7650719,
        1.7233238,
        1.635169,
        1.5417461,
        1.4075131,
        1.2592053,
        1.0994983,
        0.89729357,
        0.71931267,
        0.56971836,
        0.4312377,
        0.28883648,
        0.196836,
        0.13537121,
        0.04651642,
        -0.031985283,
        -0.081408024,
        -0.0949173,
        -0.12778473,
        -0.17525387,
        -0.20137215,
        -0.23226309,
        -0.2746582,
        -0.3162651,
        -0.36139154,
        -0.4024291,
        -0.4725418,
        -0.54978657,
        -0.6219282,
        -0.6527672,
        -0.69473267
    ],