{
    "class": "ypos",
    "duration_ms": 700,
    "x": [
        0.03658268,
        0.10315502,
        0.13850829,
        0.19811383,
        0.21120507,
        0.19250333,
        0.17801017,
        0.15573171,
        0.080373734,
        0.06815028,
        0.027819335,
        0.02073118,
        0.015488267,
        0.019078553,
        0.057476968,
        0.11620337,
        0.18327728,
        0.26352832,
        0.33770946,
        0.36066267,
        0.39190242,
        0.40499777,
        0.44328123,
        0.5071296,
        0.57555115,
        0.60146034,
        0.6307658,
        0.606884,
        0.53287804,
        0.4471093,
        0.36345273,
        0.23394662,
        0.063240975,
        -0.16062622,
        -0.4262672,
        -0.7081044,
        -1.0237626,
        -1.3671153,
        -1.7442732,
        -2.1430993,
        -2.5138226,
        -2.7281196,
        -2.7864017,
        -2.5708754,
        -2.0896986,
        -1.4463243,
        -0.65762377,
        0.2576114,
        1.1968005,
        2.1000805,
        2.983736,
        3.8069224,
        4.554998,
        5.102935,
        5.379731,
        5.3178387,
        4.912995,
        4.21773,
        3.3562279,
        2.4626365,
        1.5783966,
        0.6827028,
        -0.13816917,
        -0.8841984,
        -1.5626817,
        -2.1163137,
        -2.3823256,
        -2.2153046,
        -1.7046368,
        -1.0050738,
        -0.2637372,
        0.3599621,
        0.81619084,
        1.0258346,
        1.040751,
        0.87178254,
        0.54076636,
        0.15960366,
        -0.26571476,
        -0.6288944,
        -0.926756,
        -1.2178733,
        -1.4653218,
        -1.6724825,
        -1.8240492,
        -1.926292,
        -1.9395348,
        -1.9123785,
        -1.8764262,
        -1.7432425,
        -1.6012547,
        -1.3904277,
        -1.1701308,
        -0.90593696,
        -0.62990844,
        -0.3836081,
        -0.09641677,
        0.17040962,
        0.4176244,
        0.64604056,
        0.82059497,
        0.9681137,
        1.05049,
        1.0868556,
        1.0506468,
        0.9986686,
        0.90863436,
        0.7988778,
        0.7115578,
        0.66032696,
        0.58240974,
        0.49171174,
        0.38283068,
        0.30020505,
        0.2267338,
        0.18658692,
        0.18520397,
        0.23041368,
        0.33707935,
        0.4364738,
        0.50260735,
        0.47371107,
        0.40729564,
        0.34885836,
        0.24804676,
        0.22195011,
        0.19610304,
        0.16818112,
        0.10943666,
        0.048618644,
        -0.021521091,
        -0.11788082,
        -0.20207131,
        -0.27887335,
        -0.31964207,
        -0.3532919,
        -0.42303023,
        -0.4573424,
        -0.4923675,
        -0.4968407,
        -0.47510284,
        -0.4362905,
        -0.37501308,
        -0.2912474,
        -0.22351333,
        -0.16248271,
        -0.10389054,
        -0.103372216
    ],
    "y": [
        -0.1526761,
        -0.115627766,
        -0.055851936,
        -0.013958693,
        0.024496555,
        0.042732716,
        0.05251503,
        0.025068521,
        -0.025680542,
        -0.07623196,
        -0.110514164,
        -0.16211891,
        -0.2074349,
        -0.25377512,
        -0.31049109,
        -0.3512144,
        -0.42096758,
        -0.509712,
        -0.5933299,
        -0.6742439,
        -0.73113656,
        -0.8165208,
        -0.8995185,
        -0.98495233,
        -1.0753106,
        -1.1537977,
        -1.2298719,
        -1.2557691,
        -1.300536,
        -1.3354443,
        -1.3819697,
        -1.3832561,
        -1.3589141,
        -1.266546,
        -1.0280844,
        -0.6607125,
        -0.1384139,
        0.57157755,
        1.5420811,
        2.7699046,
        4.2440443,
        5.803978,
        7.2581835,
        8.379537,
        9.185212,
        9.687918,
        9.917221,
        9.885627,
        9.577016,
        9.096515,
        8.520178,
        7.9160757,
        7.2990265,
        6.613738,
        5.842942,
        5.062666,
        4.2895555,
        3.605253,
        2.8884025,
        2.0972078,
        1.2144916,
        0.29104018,
        -0.6239619,
        -1.5692251,
        -2.4610379,
        -3.3066313,
        -4.2326603,
        -5.260171,
        -6.3836803,
        -7.4901953,
        -8.515093,
        -9.382278,
        -10.040029,
        -10.436951,
        -10.622466,
        -10.601192,
        -10.411856,
        -10.129772,
        -9.8211775,
        -9.56704,
        -9.3195715,
        -9.055093,
        -8.740423,
        -8.310695,
        -7.71719,
        -7.068078,
        -6.2912498,
        -5.488751,
        -4.599594,
        -3.7661085,
        -2.974936,
        -2.2057247,
        -1.4434316,
        -0.67348886,
        0.06354618,
        0.7847464,
        1.406975,
        1.9286718,
        2.3554099,
        2.7091818,
        3.025974,
        3.3009102,
        3.5289025,
        3.6879513,
        3.7941902,
        3.853793,
        3.8513064,
        3.82126,
        3.7191648,
        3.6270363,
        3.4929607,
        3.322671,
        3.1819673,
        3.0151112,
        2.8480659,
        2.6400568,
        2.4079647,
        2.1950538,
        1.9537838,
        1.6753695,
        1.4017498,
        1.1964998,
        1.0560827,
        0.9982145,
        0.99489784,
        0.92963076,
        0.8483982,
        0.7562766,
        0.617718,
        0.51668715,
        0.39125085,
        0.3492744,
        0.3021431,
        0.26161313,
        0.20586038,
        0.17998433,
        0.13087106,
        0.11997771,
        0.12502217,
        0.11173272,
        0.13928914,
        0.14274263,
        0.114825964,
        0.065158606,
        0.041662693,
        0.04448819,
        0.018878698,
        -0.0013093948
    ],