{
    "class": "ypos",
    "duration_ms": 700,
    "x": [
        0.048507676,
        0.09749949,
        0.18855794,
        0.24613109,
        0.2852298,
        0.3017017,
        0.31715718,
        0.33385658,
        0.2826743,
        0.2256786,
        0.16485992,
        0.09748313,
        0.039769694,
        -0.015793532,
        -0.019476637,
        -0.040543497,
        -0.050124183,
        -0.0028519183,
        0.029983282,
        0.077217996,
        0.05796191,
        0.032014757,
        -0.03637685,
        -0.09010108,
        -0.13182151,
        -0.14991975,
        -0.16606814,
        -0.15184696,
        -0.11454349,
        -0.101695225,
        -0.09868677,
        -0.1077174,
        -0.14035657,
        -0.18914904,
        -0.20878291,
        -0.23042905,
        -0.28287473,
        -0.3400032,
        -0.34496334,
        -0.3244777,
        -0.21020985,
        -0.017479315,
        0.12414777,
        0.17403089,
        0.13045517,
        -0.0246595,
        -0.25675723,
        -0.59823465,
        -0.96493626,
        -1.3616941,
        -1.7466774,
        -2.0626235,
        -2.2734714,
        -2.2811418,
        -2.1028361,
        -1.7385914,
        -1.2589462,
        -0.5856817,
        0.14221919,
        0.90076065,
        1.5607449,
        2.2075443,
        2.73911,
        3.0908356,
        3.3050442,
        3.42336,
        3.4367416,
        3.3935666,
        3.2439165,
        3.0336833,
        2.7087865,
        2.342669,
        1.9801798,
        1.6498544,
        1.406645,
        1.2650036,
        1.1270998,
        1.0198531,
        0.89839995,
        0.79181826,
        0.6763325,
        0.6456361,
        0.6982423,
        0.79239273,
        0.8601453,
        0.900077,
        0.8152685,
        0.52321494,
        0.12371063,
        -0.30061245,
        -0.8230301,
        -1.2098045,
        -1.5753386,
        -1.9837412,
        -2.4132464,
        -2.8037834,
        -3.097469,
        -3.3226104,
        -3.4229786,
        -3.485542,
        -3.462977,
        -3.3532138,
        -3.1058912,
        -2.847026,
        -2.5972404,
        -2.3990443,
        -2.2713258,
        -2.2090595,
        -2.1331322,
        -2.0671463,
        -1.9318929,
        -1.7917958,
        -1.5798172,
        -1.2839829,
        -0.89894116,
        -0.474325,
        -0.045676798,
        0.32726547,
        0.7111208,
        1.0648496,
        1.4073706,
        1.77935,
        2.0806394,
        2.3716214,
        2.5669277,
        2.700661,
        2.706372,
        2.7089393,
        2.6344447,
        2.5284743,
        2.4078605,
        2.277606,
        2.1499104,
        1.9795443,
        1.7594147,
        1.5517305,
        1.3420255,
        1.154294,
        0.9789082,
        0.78224266,
        0.54736733,
        0.3311633,
        0.12580332,
        -0.04558626,
        -0.16232102,
        -0.2634325,
        -0.30147934,
        -0.28166977,
        -0.2687293
    ],
    "y": [
        0.105321884,
        0.10585165,
        0.10439634,
        0.1226778,
        0.13470507,
        0.1382494,
        0.12868023,
        0.11785269,
        0.107886314,
        0.08888483,
        0.069984436,
        0.053143978,
        0.04280424,
        0.0126748085,
        0.01737976,
        -0.00032520294,
        0.0001540184,
        0.01638794,
        -0.017965317,
        -0.031091213,
        -0.011169434,
        -0.008235455,
        -0.019770145,
        -0.01478529,
        -0.045598507,
        -0.07867336,
        -0.10684061,
        -0.17030382,
        -0.24013042,
        -0.27796078,
        -0.27216864,
        -0.25155592,
        -0.22106886,
        -0.18093586,
        -0.16462374,
        -0.100831985,
        -0.027961731,
        0.056290627,
        0.14938784,
        0.22049284,
        0.25094175,
        0.27464628,
        0.3131938,
        0.49012566,
        0.8019819,
        1.2666249,
        1.8591995,
        2.5194774,
        3.2328272,
        3.930356,
        4.6191216,
        5.1996374,
        5.6864085,
        5.99321,
        6.170015,
        6.2428784,
        6.2137485,
        6.1420474,
        6.039443,
        5.8460956,
        5.581095,
        5.1796727,
        4.7130175,
        4.33063,
        3.9472375,
        3.5085297,
        2.9601288,
        2.3602476,
        1.7074337,
        1.1177964,
        0.5786667,
        0.0134010315,
        -0.5538192,
        -1.2516794,
        -2.0076208,
        -2.9208655,
        -3.946666,
        -5.0688415,
        -6.2354407,
        -7.392312,
        -8.525935,
        -9.579601,
        -10.50342,
        -11.261877,
        -11.864994,
        -12.3252735,
        -12.67944,
        -12.825765,
        -12.837592,
        -12.676552,
        -12.383829,
        -12.003335,
        -11.550314,
        -11.049741,
        -10.385799,
        -9.564979,
        -8.619951,
        -7.5711017,
        -6.4000683,
        -5.162412,
        -3.9421735,
        -2.792221,
        -1.8272643,
        -0.97532606,
        -0.24117136,
        0.45642138,
        1.1386876,
        1.83177,
        2.5546894,
        3.2571874,
        3.917832,
        4.4837346,
        4.985581,
        5.3010235,
        5.4608817,
        5.4794097,
        5.4997463,
        5.504443,
        5.48542,
        5.4610043,
        5.3873634,
        5.2445126,
        4.950454,
        4.6434984,
        4.3259397,
        4.009934,
        3.7344122,
        3.4833097,
        3.238368,
        3.029138,
        2.7799115,
        2.4652076,
        2.1386375,
        1.7483296,
        1.4384727,
        1.125781,
        0.8417053,
        0.57458687,
        0.33654737,
        0.11069107,
        -0.031531334,
        -0.1599431,
        -0.23438787,
        -0.3151183,
        -0.40010548,
        -0.50151205,
        -0.58123493,
        -0.67054033,
        -0.69076395
    ],