{
    "class": "ypos",
    "duration_ms": 700,
    "x": [
        -0.09558028,
        -0.04474096,
        -0.0043059736,
        -0.012197554,
        0.003191471,
        0.03472759,
        0.06592032,
        0.11612919,
        0.15219894,
        0.17893152,
        0.16551717,
        0.11224878,
        0.08356275,
        0.0362992,
        -0.0011955202,
        -0.050766215,
        -0.12222573,
        -0.21108016,
        -0.28650025,
        -0.37962136,
        -0.46176398,
        -0.51173383,
        -0.53906095,
        -0.5409847,
        -0.56464726,
        -0.5927535,
        -0.68913066,
        -0.87007034,
        -1.0855968,
        -1.3576721,
        -1.6246452,
        -1.8304768,
        -1.9025844,
        -1.8229934,
        -1.4628677,
        -0.82874465,
        -0.06967459,
        0.74240965,
        1.5119586,
        2.2752156,
        2.9603505,
        3.45207,
        3.768376,
        3.8691282,
        3.7831452,
        3.5813446,
        3.2840738,
        2.9617467,
        2.6561992,
        2.4166644,
        2.2109268,
        1.9966556,
        1.7308944,
        1.4544193,
        1.1656443,
        0.87326896,
        0.6395188,
        0.43868577,
        0.27405065,
        0.17569014,
        0.04684353,
        -0.06802091,
        -0.19844559,
        -0.30721983,
        -0.45584992,
        -0.59891653,
        -0.7227264,
        -0.8736151,
        -1.0165744,
        -1.1141015,
        -1.1981435,
        -1.2598606,
        -1.3236066,
        -1.4516572,
        -1.5743825,
        -1.7441052,
        -1.8555088,
        -1.8875598,
        -1.9361393,
        -1.9392583,
        -1.9592371,
        -1.9385649,
        -1.9464936,
        -1.9517958,
        -1.9496269,
        -1.9330279,
        -1.8758146,
        -1.8041953,
        -1.6338867,
        -1.4527458,
        -1.238104,
        -1.0082995,
        -0.7457971,
        -0.4617542,
        -0.14369732,
        0.09624089,
        0.3275109,
        0.5044188,
        0.63616365,
        0.6960721,
        0.76280355,
        0.802256,
        0.8760843,
        0.9190616,
        0.9163078,
        0.85765517,
        0.7906193,
        0.7389613,
        0.6811436,
        0.64866424,
        0.6036642,
        0.55866545,
        0.51908225,
        0.47097188,
        0.43878797,
        0.41348115,
        0.40249565,
        0.4107158,
        0.41430748,
        0.40592027,
        0.39985576,
        0.3550676,
        0.25660324,
        0.17088231,
        0.056481063,
        -0.05140134,
        -0.12932663,
        -0.20627166,
        -0.27309948,
        -0.23190951,
        -0.15239707,
        -0.034383178,
        0.10094946,
        0.2278267,
        0.3756417,
        0.53054875,
        0.65245813,
        0.7225477,
        0.71960896,
        0.7297528,
        0.65239316,
        0.5997775,
        0.5307378,
        0.44968605,
        0.39718044,
        0.35402524,
        0.3059536,
        0.2386784,
        0.2000014
    ],
    "y": [
        -0.37090826,
        -0.37928963,
        -0.401752,
        -0.36203718,
        -0.3435545,
        -0.31033278,
        -0.29562616,
        -0.30161095,
        -0.3470831,
        -0.39847136,
        -0.4559064,
        -0.46509838,
        -0.46244907,
        -0.4840641,
        -0.5158491,
        -0.5223856,
        -0.53248596,
        -0.46311712,
        -0.3504567,
        -0.13291454,
        0.16517878,
        0.5031576,
        0.8715677,
        1.2707777,
        1.6704097,
        2.1304722,
        2.6509528,
        3.2696705,
        3.9789042,
        4.7761197,
        5.5825305,
        6.251898,
        6.7790403,
        7.077397,
        7.153592,
        7.0335383,
        6.7767015,
        6.432961,
        5.9995785,
        5.4259934,
        4.821818,
        4.210472,
        3.6752996,
        3.186956,
        2.6419668,
        2.0828238,
        1.4537044,
        0.6893177,
        -0.17513657,
        -1.2479391,
        -2.4216356,
        -3.6385496,
        -4.8116856,
        -5.856008,
        -6.6862297,
        -7.3676424,
        -7.822026,
        -8.119542,
        -8.337564,
        -8.412421,
        -8.508004,
        -8.496596,
        -8.43761,
        -8.347772,
        -8.213116,
        -8.051026,
        -7.8168006,
        -7.578221,
        -7.304732,
        -7.039978,
        -6.7054963,
        -6.330315,
        -5.888253,
        -5.3268185,
        -4.658138,
        -3.8992596,
        -3.134264,
        -2.3635063,
        -1.620841,
        -1.0260015,
        -0.5334587,
        -0.13112688,
        0.22666597,
        0.59989977,
        0.9981561,
        1.4093947,
        1.8024988,
        2.1224513,
        2.4003463,
        2.6337128,
        2.8391294,
        3.0402827,
        3.1938448,
        3.2612557,
        3.3115296,
        3.291637,
        3.2203956,
        3.1430163,
        3.0639849,
        2.9902682,
        2.9383373,
        2.819663,
        2.6511102,
        2.4568086,
        2.2798996,
        2.1466584,
        1.9971905,
        1.8578172,
        1.702282,
        1.490273,
        1.2892056,
        1.1234922,
        1.0078702,
        0.8781934,
        0.77791405,
        0.6594877,
        0.50637627,
        0.34028196,
        0.13976192,
        0.009937286,
        -0.11644268,
        -0.19651508,
        -0.22594738,
        -0.2194624,
        -0.20380163,
        -0.19826412,
        -0.23164988,
        -0.22998714,
        -0.22217321,
        -0.2633357,
        -0.32225227,
        -0.38669062,
        -0.46118927,
        -0.519197,
        -0.53660774,
        -0.5443783,
        -0.54955864,
        -0.52331924,
        -0.46333122,
        -0.4222393,
        -0.3881011,
        -0.3251977,
        -0.28622532,
        -0.28310585,
        -0.2870593,
        -0.32662868,
        -0.35147476,
        -0.32331944,
        -0.323565
    ],