{
    "class": "ypos",
    "duration_ms": 700,
    "x": [
        -0.15150993,
        -0.10904763,
        -0.05747459,
        -0.037184153,
        -0.019357596,
        0.031666044,
        0.035058457,
        0.029347103,
        0.0052256286,
        -0.08690897,
        -0.19423026,
        -0.32847688,
        -0.5324984,
        -0.69942266,
        -0.84422857,
        -0.9292887,
        -0.96479607,
        -0.92986083,
        -0.8343587,
        -0.6710868,
        -0.4407443,
        -0.17152353,
        0.12275907,
        0.38974148,
        0.62465626,
        0.8652739,
        1.0776031,
        1.2229651,
        1.3899533,
        1.5812281,
        1.7562112,
        1.9053508,
        2.02166,
        2.1313872,
        2.172017,
        2.1675215,
        2.1107447,
        2.0471299,
        1.9311951,
        1.8084899,
        1.6743414,
        1.5145584,
        1.3436328,
        1.1849929,
        0.97080797,
        0.7046916,
        0.4093989,
        0.08365992,
        -0.23776957,
        -0.46532494,
        -0.51115906,
        -0.3769669,
        -0.077731535,
        0.3128259,
        0.7548236,
        1.1651717,
        1.4650607,
        1.5700264,
        1.4333425,
        1.1345476,
        0.5877664,
        -0.09788177,
        -0.8386454,
        -1.5274893,
        -2.1649947,
        -2.6867614,
        -3.1428823,
        -3.5040975,
        -3.7718716,
        -3.9495819,
        -4.032645,
        -4.0300994,
        -3.998495,
        -3.8506753,
        -3.6236503,
        -3.2970042,
        -2.9146774,
        -2.5396726,
        -2.1392517,
        -1.685797,
        -1.1836035,
        -0.649194,
        -0.0994429,
        0.42732495,
        0.9117502,
        1.3460507,
        1.6883124,
        1.9302298,
        2.0274863,
        2.0319562,
        1.9286911,
        1.750857,
        1.5464722,
        1.3613787,
        1.2751093,
        1.2357409,
        1.1888613,
        1.1518735,
        1.0772333,
        0.9364441,
        0.7990338,
        0.6534188,
        0.5812569,
        0.53244144,
        0.53341055,
        0.5266079,
        0.5213441,
        0.51756424,
        0.49107766,
        0.4632045,
        0.41931176,
        0.39744347,
        0.3496632,
        0.35228533,
        0.3524281,
        0.37389934,
        0.36395702,
        0.3752252,
        0.41241843,
        0.40632188,
        0.38106412,
        0.35841632,
        0.3024821,
        0.2368707,
        0.18991323,
        0.111120604,
        0.10574624,
        0.08261733,
        0.07045475,
        0.057807177,
        0.06896567,
        0.06632791,
        0.030930482,
        -0.01570332,
        -0.03529723,
        -0.042283356,
        -0.017877996,
        -0.014908791,
        0.019001812,
        0.071659185,
        0.14767125,
        0.21347041,
        0.25224727,
        0.27119094,
        0.30370584,
        0.2491715,
        0.22249061,
        0.19254042
    ],
    "y": [
        -0.43499184,
        -0.4600973,
        -0.4921112,
        -0.5193844,
        -0.5399089,
        -0.603899,
        -0.68510175,
        -0.7904663,
        -0.9007435,
        -1.0035915,
        -1.0606318,
        -1.0481286,
        -0.87817264,
        -0.6940832,
        -0.46678066,
        -0.23167944,
        0.013912678,
        0.23957491,
        0.48154688,
        0.7351384,
        0.94288874,
        1.1399493,
        1.4023972,
        1.7130799,
        2.1073222,
        2.5823698,
        3.094625,
        3.6172814,
        4.132773,
        4.563799,
        4.9193583,
        5.1200852,
        5.220715,
        5.2352285,
        5.1751447,
        5.071009,
        4.9055023,
        4.6375155,
        4.331174,
        4.0003357,
        3.6397104,
        3.2340975,
        2.8181,
        2.3473907,
        1.8111401,
        1.1633611,
        0.4710927,
        -0.21453524,
        -0.90162134,
        -1.6521962,
        -2.5035725,
        -3.449483,
        -4.352294,
        -5.259481,
        -6.1094675,
        -6.90145,
        -7.561531,
        -8.073887,
        -8.387258,
        -8.500696,
        -8.372263,
        -8.093482,
        -7.705447,
        -7.289874,
        -6.821024,
        -6.30685,
        -5.7673697,
        -5.2079296,
        -4.647791,
        -4.0677013,
        -3.471973,
        -2.8551986,
        -2.2047918,
        -1.5512922,
        -0.9516921,
        -0.35058498,
        0.27120638,
        0.9231396,
        1.5450568,
        2.1220584,
        2.622601,
        3.0055318,
        3.2272224,
        3.320581,
        3.280177,
        3.205172,
        3.082224,
        2.9171739,
        2.7760086,
        2.686688,
        2.6368074,
        2.6308146,
        2.6469016,
        2.5728555,
        2.3997746,
        2.138332,
        1.8185697,
        1.5087762,
        1.3060145,
        1.1994243,
        1.1397929,
        1.1830277,
        1.1503901,
        1.1166272,
        0.96949625,
        0.85021067,
        0.6675272,
        0.53336954,
        0.41608095,
        0.35094643,
        0.3086462,
        0.25284433,
        0.19280577,
        0.09954977,
        -0.0056324005,
        -0.10859823,
        -0.20957422,
        -0.23700047,
        -0.28671503,
        -0.28939486,
        -0.33356905,
        -0.2997055,
        -0.29316044,
        -0.2854557,
        -0.2648902,
        -0.2676263,
        -0.29368687,
        -0.3454404,
        -0.3748622,
        -0.403327,
        -0.44241953,
        -0.3913989,
        -0.33604097,
        -0.26160622,
        -0.21315289,
        -0.16160727,
        -0.09716034,
        -0.06989241,
        -0.04857254,
        -0.0258708,
        -0.040044308,
        -0.045811176,
        -0.02422285,
        0.005261898,
        0.03975153,
        0.093485355,
        0.15438032,
        0.22464037
    ],