{
    "class": "ypos",
    "duration_ms": 700,
    "x": [
        0.03208852,
        0.08977491,
        0.09953749,
        0.13812429,
        0.16773206,
        0.18395934,
        0.19907457,
        0.19182071,
        0.20734197,
        0.20682052,
        0.14247745,
        0.121295124,
        0.11885989,
        0.1113576,
        0.115358576,
        0.12146199,
        0.1462614,
        0.15879282,
        0.15228306,
        0.12703241,
        0.08312009,
        0.04914476,
        0.015330881,
        -0.01611878,
        -0.050040737,
        -0.12644312,
        -0.15913385,
        -0.29027522,
        -0.3973502,
        -0.5017233,
        -0.6077242,
        -0.7120049,
        -0.82435477,
        -0.85165834,
        -0.8086335,
        -0.72668546,
        -0.5415479,
        -0.3610735,
        -0.1421001,
        0.0673805,
        0.20467694,
        0.23030394,
        0.1450696,
        -0.07179847,
        -0.26407966,
        -0.42098114,
        -0.497499,
        -0.44791758,
        -0.26404583,
        -0.0013807565,
        0.332615,
        0.6585839,
        0.94994736,
        1.2708895,
        1.7072824,
        2.2253299,
        2.77885,
        3.280365,
        3.5360317,
        3.5253594,
        3.243864,
        2.7703745,
        2.2071626,
        1.6829079,
        1.3499798,
        1.1075644,
        0.88878345,
        0.6368198,
        0.42772794,
        0.29845524,
        0.35002068,
        0.3830564,
        0.3010434,
        0.031012952,
        -0.35002556,
        -0.8064394,
        -1.2957534,
        -1.8550235,
        -2.390746,
        -2.9466214,
        -3.428261,
        -3.8833873,
        -4.243056,
        -4.515399,
        -4.641386,
        -4.638083,
        -4.4975696,
        -4.1968985,
        -3.777248,
        -3.2935853,
        -2.8407578,
        -2.3009484,
        -1.7214123,
        -1.104074,
        -0.45962566,
        0.14026812,
        0.6265744,
        1.0250602,
        1.3132321,
        1.5182636,
        1.5587271,
        1.6087923,
        1.6796216,
        1.7700715,
        1.8860731,
        1.9834383,
        2.006189,
        1.9819499,
        1.8878748,
        1.7588046,
        1.6157024,
        1.5161071,
        1.44637,
        1.3767333,
        1.2921802,
        1.1489294,
        0.97229004,
        0.7414632,
        0.525984,
        0.3639648,
        0.17809805,
        0.043971747,
        0.032133073,
        0.065124795,
        0.21177329,
        0.43113905,
        0.6874078,
        0.8829173,
        1.0515293,
        1.0954189,
        1.0769575,
        0.98175424,
        0.8576547,
        0.7118434,
        0.57337725,
        0.42111552,
        0.23630492,
        0.057498574,
        -0.11298678,
        -0.2587548,
        -0.38508505,
        -0.4683324,
        -0.5493579,
        -0.64266276,
        -0.6908417,
        -0.7298387,
        -0.7716688,
        -0.7994865,
        -0.85359204
    ],
    "y": [
        -0.14239359,
        -0.118700504,
        -0.1157763,
        -0.12841296,
        -0.10398674,
        -0.08280206,
        -0.090872765,
        -0.07570195,
        -0.051839113,
        -0.021887302,
        -0.06690717,
        -0.12024641,
        -0.1658206,
        -0.22313786,
        -0.31393933,
        -0.43359494,
        -0.58671975,
        -0.7231288,
        -0.84763026,
        -0.995909,
        -1.146344,
        -1.2989378,
        -1.4869652,
        -1.6864116,
        -1.9303081,
        -2.0828476,
        -2.2204924,
        -2.283504,
        -2.2935452,
        -2.2577777,
        -2.2037864,
        -2.0338335,
        -1.817143,
        -1.5342851,
        -1.1562707,
        -0.72102547,
        -0.2401216,
        0.28931117,
        0.92474914,
        1.6350315,
        2.4149544,
        3.24971,
        4.2105107,
        5.284891,
        6.464889,
        7.563344,
        8.4748955,
        9.194819,
        9.55358,
        9.680978,
        9.684947,
        9.5084305,
        9.223512,
        8.801761,
        8.245447,
        7.5368547,
        6.7003083,
        5.711323,
        4.6072693,
        3.4401474,
        2.3342547,
        1.2449234,
        0.19763756,
        -0.8892226,
        -2.106069,
        -3.3946817,
        -4.7348485,
        -6.146714,
        -7.4560404,
        -8.7462015,
        -9.9751625,
        -11.100564,
        -12.061056,
        -12.776615,
        -13.246731,
        -13.39261,
        -13.263213,
        -12.852971,
        -12.267366,
        -11.521701,
        -10.574402,
        -9.508341,
        -8.37779,
        -7.215315,
        -6.0676646,
        -5.0123706,
        -4.0115213,
        -3.0148234,
        -1.9909871,
        -0.9398916,
        0.1286211,
        1.2068195,
        2.155221,
        2.8438683,
        3.2671828,
        3.5199857,
        3.6922827,
        3.8454518,
        4.0243745,
        4.321826,
        4.5290813,
        4.7028065,
        4.760805,
        4.635397,
        4.4049673,
        4.116847,
        3.8377793,
        3.6083138,
        3.4381115,
        3.3082356,
        3.1212437,
        2.8974342,
        2.6357527,
        2.3397496,
        2.0966916,
        1.907212,
        1.7383165,
        1.6237676,
        1.4629524,
        1.3321884,
        1.1974607,
        1.089108,
        0.9440119,
        0.83055353,
        0.68319964,
        0.49635172,
        0.36274767,
        0.22219539,
        0.18690324,
        0.21852374,
        0.29805565,
        0.33756328,
        0.36391783,
        0.37782264,
        0.3181095,
        0.29804778,
        0.20833659,
        0.15710449,
        0.13977599,
        0.09667468,
        0.03527999,
        -0.015609026,
        -0.06068039,
        -0.09293032,
        -0.12674856,
        -0.1477902,
        -0.16786695,
        -0.18209267,
        -0.21414495
    ],