{
    "class": "ypos",
    "duration_ms": 700,
    "x": [
        0.388227,
        0.4974842,
        0.5296101,
        0.55286324,
        0.52048326,
        0.43090495,
        0.25385562,
        0.03951128,
        -0.19805118,
        -0.39254117,
        -0.5850842,
        -0.76174015,
        -0.8965358,
        -1.0375757,
        -1.1785737,
        -1.3339026,
        -1.4490166,
        -1.4981705,
        -1.4554734,
        -1.3017106,
        -1.0219082,
        -0.65097374,
        -0.23542026,
        0.16386275,
        0.5167643,
        0.7853193,
        0.9618848,
        1.1126789,
        1.1886592,
        1.1527399,
        1.0874684,
        0.9771458,
        0.84451973,
        0.7221666,
        0.6620161,
        0.6707743,
        0.71981853,
        0.8309885,
        0.97620875,
        1.1345575,
        1.2876339,
        1.3644732,
        1.3635564,
        1.3454924,
        1.2635789,
        1.0899991,
        0.8327029,
        0.5088502,
        0.12112224,
        -0.28002542,
        -0.6566388,
        -0.9540248,
        -1.1629374,
        -1.236122,
        -1.2483542,
        -1.2429339,
        -1.2127703,
        -1.2107667,
        -1.2205371,
        -1.264205,
        -1.3184001,
        -1.3665109,
        -1.3655393,
        -1.2554955,
        -1.0501086,
        -0.8060118,
        -0.57494277,
        -0.40397397,
        -0.27379128,
        -0.2062869,
        -0.21653399,
        -0.24316534,
        -0.3082748,
        -0.4170395,
        -0.5219379,
        -0.5850058,
        -0.6279494,
        -0.59318745,
        -0.5187075,
        -0.39206725,
        -0.25082168,
        -0.12076332,
        0.02701217,
        0.19729912,
        0.3037477,
        0.39377505,
        0.4597986,
        0.48475128,
        0.51362497,
        0.4885737,
        0.46445972,
        0.5155789,
        0.5322807,
        0.55844605,
        0.5972543,
        0.61324525,
        0.5973755,
        0.593138,
        0.5837738,
        0.4854633,
        0.43910974,
        0.40114337,
        0.33516487,
        0.29808015,
        0.27248675,
        0.27945355,
        0.27304634,
        0.2865288,
        0.31747538,
        0.35198438,
        0.38090882,
        0.37369782,
        0.38583168,
        0.38422427,
        0.35474786,
        0.36449257,
        0.41125825,
        0.41852683,
        0.4103684,
        0.4103499,
        0.3895171,
        0.39781198,
        0.377592,
        0.37415326,
        0.35162327,
        0.3195759,
        0.26402202,
        0.2039611,
        0.15846492,
        0.084366664,
        0.01755096,
        -0.047006637,
        -0.09271501,
        -0.13426779,
        -0.18632025,
        -0.19383277,
        -0.20698254,
        -0.21118976,
        -0.21565992,
        -0.22006515,
        -0.18122691,
        -0.14934206,
        -0.13868724,
        -0.09420724,
        -0.042260285,
        0.009906702,
        0.028475516,
        0.04455173,
        0.031542078,
        0.05618839
    ],
    "y": [
        0.42377043,
        0.5334959,
        0.617373,
        0.71594715,
        0.8100071,
        0.9612942,
        1.136075,
        1.4099979,
        1.8248205,
        2.2345114,
        2.6245775,
        3.0021682,
        3.3104358,
        3.6566634,
        4.060334,
        4.442635,
        4.8182087,
        5.112994,
        5.3080683,
        5.3774085,
        5.3667283,
        5.2356067,
        5.0224314,
        4.7462845,
        4.4977818,
        4.2478476,
        3.955338,
        3.5957804,
        3.175428,
        2.6717825,
        2.0742993,
        1.477602,
        0.86144114,
        0.20810747,
        -0.55956507,
        -1.4682515,
        -2.5777125,
        -3.718099,
        -4.893841,
        -5.9822073,
        -6.972514,
        -7.8727894,
        -8.575962,
        -8.965456,
        -9.152086,
        -9.153378,
        -8.994152,
        -8.718607,
        -8.354432,
        -7.9537444,
        -7.5140476,
        -7.1004577,
        -6.7521152,
        -6.4699388,
        -6.231127,
        -5.981883,
        -5.678006,
        -5.2466574,
        -4.684042,
        -3.9764786,
        -3.1650162,
        -2.321765,
        -1.4395843,
        -0.68327093,
        -0.04248047,
        0.45957088,
        0.91441584,
        1.2243261,
        1.578454,
        1.890667,
        2.2063704,
        2.441782,
        2.6254907,
        2.742721,
        2.8147936,
        2.9154606,
        3.0060625,
        3.0790925,
        3.1152716,
        3.095242,
        3.045208,
        2.9242244,
        2.789503,
        2.5857291,
        2.4108605,
        2.1930165,
        1.9918222,
        1.7664981,
        1.5985413,
        1.4546313,
        1.3471632,
        1.2359862,
        1.164763,
        1.1172557,
        1.0293531,
        1.0067282,
        0.9994416,
        0.98858786,
        0.9456725,
        0.904233,
        0.8450146,
        0.75111866,
        0.66532135,
        0.5515332,
        0.48360682,
        0.41815615,
        0.38587284,
        0.35775375,
        0.31932402,
        0.25863457,
        0.2308073,
        0.19053984,
        0.15248823,
        0.13599634,
        0.16031265,
        0.15367603,
        0.10650444,
        0.06908035,
        0.034189224,
        -0.034083366,
        -0.056760788,
        -0.06978464,
        -0.113741875,
        -0.11449337,
        -0.15809917,
        -0.16315508,
        -0.16557693,
        -0.15821409,
        -0.14590502,
        -0.12877893,
        -0.123799324,
        -0.12884903,
        -0.15840626,
        -0.210073,
        -0.2622261,
        -0.2957816,
        -0.3418002,
        -0.37610674,
        -0.40574217,
        -0.411314,
        -0.39729452,
        -0.3730302,
        -0.36461926,
        -0.33598185,
        -0.28482962,
        -0.24469233,
        -0.24434471,
        -0.21934891,
        -0.20809078,
        -0.21296644
    ],