{
    "class": "ypos",
    "duration_ms": 700,
    "x": [
        -0.1350485,
        -0.10780829,
        -0.0808582,
        -0.041782543,
        -0.0069817305,
        0.028326929,
        0.056993492,
        0.07667923,
        0.08035105,
        0.07013454,
        0.04326027,
        0.01377295,
        -0.027929306,
        -0.07499954,
        -0.13226639,
        -0.19977078,
        -0.26785392,
        -0.33619747,
        -0.3949367,
        -0.4389524,
        -0.46557474,
        -0.47694963,
        -0.47075915,
        -0.43976668,
        -0.40300134,
        -0.35813433,
        -0.312644,
        -0.26948434,
        -0.21728629,
        -0.15674938,
        -0.09061508,
        -0.01920259,
        0.06696819,
        0.16303608,
        0.2784893,
        0.3968565,
        0.5345259,
        0.6870301,
        0.8575809,
        1.0301851,
        1.1957178,
        1.3352102,
        1.4388189,
        1.5135798,
        1.5493913,
        1.5503842,
        1.5134989,
        1.4404709,
        1.3449415,
        1.2171556,
        1.0711017,
        0.9087379,
        0.7413492,
        0.5830763,
        0.4511393,
        0.34155312,
        0.2794301,
        0.2635136,
        0.2898068,
        0.3466,
        0.41480577,
        0.47962517,
        0.5285377,
        0.54183507,
        0.50950915,
        0.43146783,
        0.31516752,
        0.17987984,
        0.030548543,
        -0.1206539,
        -0.2734542,
        -0.40830582,
        -0.5345908,
        -0.642676,
        -0.7326745,
        -0.80000496,
        -0.84018326,
        -0.8535867,
        -0.8453492,
        -0.8180624,
        -0.77206254,
        -0.71728903,
        -0.6612582,
        -0.59968597,
        -0.53271735,
        -0.46276736,
        -0.38987643,
        -0.3139997,
        -0.24011984,
        -0.16839784,
        -0.12029013,
        -0.10274851,
        -0.10594916,
        -0.13433567,
        -0.1829387,
        -0.24676615,
        -0.31582394,
        -0.38724563,
        -0.45806453,
        -0.5329007,
        -0.6020714,
        -0.6653613,
        -0.7011705,
        -0.70690715,
        -0.6729312,
        -0.6089258,
        -0.5104792,
        -0.39243856,
        -0.26009086,
        -0.12106523,
        0.016827822,
        0.14837924,
        0.2734625,
        0.38987917,
        0.50054616,
        0.60143524,
        0.6904315,
        0.76298183,
        0.82417494,
        0.86713064,
        0.8943559,
        0.90098757,
        0.8845209,
        0.8470421,
        0.7858929,
        0.7008008,
        0.60344315,
        0.5009659,
        0.40285254,
        0.31394088,
        0.24615353,
        0.18281126,
        0.12883823,
        0.08441999,
        0.047419667,
        0.015693001,
        -0.0056227073,
        -0.016154595,
        -0.018309325,
        -0.01452519,
        -0.0073021203,
        0.008112565,
        0.031549864,
        0.06034452,
        0.08703978,
        0.11643365,
        0.14134958,
        0.15945657,
        0.17296427
    ],
    "y": [
        -0.20960331,
        -0.2179761,
        -0.222471,
        -0.22538042,
        -0.2336731,
        -0.24018312,
        -0.2501204,
        -0.2544055,
        -0.26076865,
        -0.26718426,
        -0.27859855,
        -0.2973745,
        -0.32105148,
        -0.34467554,
        -0.35861397,
        -0.353289,
        -0.32635188,
        -0.27801454,
        -0.21088648,
        -0.13696706,
        -0.053797126,
        0.031592846,
        0.12884879,
        0.24742353,
        0.38959825,
        0.56461835,
        0.77936137,
        1.0359857,
        1.3344852,
        1.667651,
        2.0282564,
        2.406622,
        2.7882047,
        3.1560972,
        3.4885817,
        3.768812,
        4.0083084,
        4.167592,
        4.241184,
        4.2523932,
        4.210232,
        4.131163,
        4.0338745,
        3.915287,
        3.772122,
        3.6105824,
        3.4273,
        3.2096262,
        2.9641447,
        2.6953514,
        2.4031615,
        2.0928106,
        1.7557569,
        1.3888471,
        0.99139166,
        0.57927155,
        0.15616798,
        -0.27438474,
        -0.69706464,
        -1.1180114,
        -1.5362207,
        -1.9527568,
        -2.3449554,
        -2.7117472,
        -3.0380704,
        -3.318884,
        -3.559189,
        -3.7618966,
        -3.949002,
        -4.12117,
        -4.2837534,
        -4.43495,
        -4.5750422,
        -4.692603,
        -4.7858415,
        -4.855521,
        -4.9000654,
        -4.922759,
        -4.929101,
        -4.919794,
        -4.880973,
        -4.8153286,
        -4.722829,
        -4.603247,
        -4.456271,
        -4.3102818,
        -4.16003,
        -4.0144553,
        -3.8776197,
        -3.7319283,
        -3.5670247,
        -3.3701828,
        -3.1337059,
        -2.8573833,
        -2.5555365,
        -2.2330158,
        -1.8971285,
        -1.5716661,
        -1.2541964,
        -0.9471518,
        -0.650542,
        -0.35756612,
        -0.07346392,
        0.18925214,
        0.4325161,
        0.6532905,
        0.8605554,
        1.044256,
        1.2109184,
        1.364578,
        1.4973917,
        1.60391,
        1.6931472,
        1.7575564,
        1.8064451,
        1.8374047,
        1.8602316,
        1.8750403,
        1.8796036,
        1.8762596,
        1.8672545,
        1.8404586,
        1.7958517,
        1.7335553,
        1.6610057,
        1.5834107,
        1.5011611,
        1.4193752,
        1.3406079,
        1.2578208,
        1.1663778,
        1.0759115,
        0.97938967,
        0.879436,
        0.7787311,
        0.6801722,
        0.58434844,
        0.49176335,
        0.40770197,
        0.32970572,
        0.26007485,
        0.19638085,
        0.13867354,
        0.084584236,
        0.036417007,
        -0.0012500286,
        -0.021340609,
        -0.026716232,
        -0.027268887
    ],