{
    "class": "ypos",
    "duration_ms": 700,
    "x": [
        -0.070369154,
        -0.041034073,
        -0.033116907,
        0.020324558,
        0.09067616,
        0.13275233,
        0.17533644,
        0.16849993,
        0.17895426,
        0.14188826,
        0.08088401,
        0.028835505,
        0.013952881,
        0.03828907,
        0.06840336,
        0.12132913,
        0.17837289,
        0.21845627,
        0.22282867,
        0.26535997,
        0.24581066,
        0.19548427,
        0.15511334,
        0.124820635,
        0.078538,
        0.052150637,
        0.06202525,
        0.06044033,
        0.061627254,
        0.048783556,
        0.045574516,
        0.03014779,
        -0.0023669004,
        0.012028217,
        0.023165107,
        0.043085173,
        0.026823819,
        0.048554778,
        0.07268378,
        0.05884318,
        0.03826298,
        -0.008050978,
        -0.03485936,
        -0.013961852,
        -0.0026909113,
        0.020311981,
        0.024122968,
        0.054071352,
        0.038928762,
        0.002999112,
        -0.04409817,
        -0.097343236,
        -0.14698148,
        -0.22375321,
        -0.3106564,
        -0.36242694,
        -0.38170353,
        -0.39966196,
        -0.44290066,
        -0.4737161,
        -0.5497223,
        -0.649982,
        -0.6871444,
        -0.73108816,
        -0.70600694,
        -0.6219975,
        -0.46494734,
        -0.2940892,
        -0.061145425,
        0.25094384,
        0.5942385,
        0.94137585,
        1.2569658,
        1.5628561,
        1.8301388,
        2.0726333,
        2.2396832,
        2.2925434,
        2.2405186,
        2.147813,
        1.9829199,
        1.7721776,
        1.5156553,
        1.2612586,
        0.93485385,
        0.56547576,
        0.13639787,
        -0.2810723,
        -0.62034357,
        -0.9008026,
        -1.0463545,
        -1.0863392,
        -1.0235002,
        -0.92241305,
        -0.78000677,
        -0.5976361,
        -0.4916861,
        -0.43235844,
        -0.40168905,
        -0.43211037,
        -0.56344485,
        -0.76446974,
        -1.011622,
        -1.2863847,
        -1.5419971,
        -1.739032,
        -1.9360468,
        -2.060009,
        -2.1165817,
        -2.07546,
        -2.0015194,
        -1.8921903,
        -1.7829468,
        -1.6400328,
        -1.5327075,
        -1.4348221,
        -1.3612361,
        -1.2527083,
        -1.085588,
        -0.86715364,
        -0.5110463,
        -0.030940518,
        0.52884823,
        1.1241959,
        1.74679,
        2.321334,
        2.8247185,
        3.240792,
        3.5365152,
        3.6784613,
        3.675757,
        3.549315,
        3.281549,
        2.9193215,
        2.4974577,
        2.0175705,
        1.5437962,
        1.1235095,
        0.7492867,
        0.43547344,
        0.11783828,
        -0.13107589,
        -0.24826671,
        -0.36953554,
        -0.47293013,
        -0.5558945,
        -0.6300906,
        -0.71449643,
        -0.7947514
    ],
    "y": [
        0.118830204,
        0.11479497,
        0.094494104,
        0.09370422,
        0.0575819,
        0.012164593,
        -0.011924028,
        -0.043622732,
        -0.052137613,
        -0.04003954,
        -0.0075569153,
        0.021365881,
        0.058630228,
        0.061457634,
        0.04702854,
        0.027551413,
        0.019933939,
        0.038463354,
        0.064037085,
        0.06338501,
        0.07020116,
        0.051314354,
        0.023657799,
        -0.0008299351,
        0.008682251,
        -0.014594555,
        -0.022902012,
        -0.025913954,
        -0.047466278,
        -0.03527975,
        -0.01580286,
        -0.019989252,
        -0.02406168,
        -0.044878244,
        -0.06829524,
        -0.09925175,
        -0.13298845,
        -0.20730948,
        -0.23632407,
        -0.2630148,
        -0.29196358,
        -0.32544827,
        -0.33243513,
        -0.34158325,
        -0.37653136,
        -0.389683,
        -0.39305902,
        -0.39404607,
        -0.4164281,
        -0.4458301,
        -0.54616165,
        -0.6168225,
        -0.66508293,
        -0.7146652,
        -0.7346444,
        -0.7132139,
        -0.64354515,
        -0.5164137,
        -0.3511603,
        -0.19065642,
        0.031571865,
        0.28388906,
        0.5872271,
        0.9410877,
        1.3046491,
        1.7871144,
        2.3233972,
        2.9390514,
        3.4862018,
        3.9512792,
        4.3256035,
        4.602906,
        4.7644005,
        4.733801,
        4.5615225,
        4.247434,
        3.8127801,
        3.3502898,
        2.8686955,
        2.4244208,
        1.9923198,
        1.5806994,
        1.1594553,
        0.7247958,
        0.24920297,
        -0.23236322,
        -0.70362353,
        -1.1718173,
        -1.6797044,
        -2.157403,
        -2.6997342,
        -3.2622137,
        -3.8381162,
        -4.3798647,
        -4.902229,
        -5.303158,
        -5.660384,
        -5.946557,
        -6.1823645,
        -6.285878,
        -6.2616024,
        -6.1524324,
        -5.9465675,
        -5.675503,
        -5.3374577,
        -4.978654,
        -4.604626,
        -4.2688956,
        -3.9339826,
        -3.622042,
        -3.2905526,
        -2.9136713,
        -2.4677207,
        -1.9144166,
        -1.1986275,
        -0.3894465,
        0.5276065,
        1.4690738,
        2.404265,
        3.1735277,
        3.7322664,
        3.9951386,
        4.034507,
        3.8506298,
        3.5582643,
        3.2575545,
        3.0292733,
        2.798557,
        2.655382,
        2.5459328,
        2.4143608,
        2.3340602,
        2.2398653,
        2.1337757,
        2.0274324,
        1.8535011,
        1.66434,
        1.462425,
        1.2049565,
        0.95461273,
        0.721339,
        0.5413203,
        0.41013193,
        0.2802379,
        0.14218116,
        0.039253473,
        -0.07380462,
        -0.18722677,
        -0.2792766
    ],