{
    "class": "ypos",
    "duration_ms": 700,
    "x": [
        0.41282374,
        0.466415,
        0.51830727,
        0.56409836,
        0.52797616,
        0.52013755,
        0.43833813,
        0.29491267,
        0.13248688,
        -0.05157175,
        -0.17633735,
        -0.2469119,
        -0.3370333,
        -0.44892612,
        -0.6897694,
        -1.0575328,
        -1.5306745,
        -2.0795925,
        -2.6439385,
        -3.1819897,
        -3.611088,
        -3.9320168,
        -4.137484,
        -4.276645,
        -4.235191,
        -4.142996,
        -3.9342911,
        -3.4814444,
        -2.8582387,
        -1.9990052,
        -0.9567219,
        0.25164664,
        1.5294871,
        2.7826526,
        4.009701,
        5.209013,
        6.130667,
        7.2610645,
        8.164413,
        8.808361,
        8.999945,
        8.685314,
        7.956251,
        7.0116796,
        6.012421,
        5.0551186,
        4.1572647,
        3.2193587,
        2.3601112,
        1.5884663,
        0.8850862,
        0.30237952,
        -0.039437532,
        0.058038503,
        0.49270076,
        0.98727524,
        1.3935401,
        1.5533217,
        1.4124037,
        1.217713,
        0.71083856,
        0.022684366,
        -0.87997556,
        -1.9882677,
        -3.0358226,
        -4.147291,
        -5.250456,
        -6.1395793,
        -6.785383,
        -6.98066,
        -6.761877,
        -6.5694304,
        -6.3761883,
        -5.984303,
        -5.535473,
        -5.0304384,
        -4.5058675,
        -3.977327,
        -3.4441218,
        -2.8959794,
        -2.3437905,
        -1.8005958,
        -1.2840077,
        -0.78785104,
        -0.28226668,
        0.26462865,
        0.822253,
        1.3857987,
        1.9286141,
        2.414574,
        2.797742,
        3.120525,
        3.300966,
        3.39572,
        3.35141,
        3.2269814,
        3.0433645,
        2.8575687,
        2.7198706,
        2.680904,
        2.721993,
        2.8316102,
        2.934044,
        2.9629607,
        2.8851237,
        2.6693335,
        2.3942318,
        2.088302,
        1.7680964,
        1.4501314,
        1.1007254,
        0.7723239,
        0.45502388,
        0.16746432,
        -0.045533955,
        -0.25147814,
        -0.3838075,
        -0.4763695,
        -0.56292975,
        -0.6243654,
        -0.5912088,
        -0.4705152,
        -0.32902244,
        -0.2095738,
        -0.09772849,
        0.01844871,
        0.048278153,
        0.06842846,
        0.110152006,
        0.099459946,
        0.055772185,
        -0.040015608,
        -0.1042051,
        -0.20412138,
        -0.33538187,
        -0.47681612,
        -0.5449783,
        -0.60977745,
        -0.5974686,
        -0.5323506,
        -0.4265412,
        -0.29885596,
        -0.16804564,
        -0.062212586,
        -0.028645158,
        -0.04540965,
        -0.06442326,
        -0.09515339,
        -0.094363004
    ],
    "y": [
        -0.30259323,
        -0.28154612,
        -0.31104803,
        -0.34313154,
        -0.40147495,
        -0.49556637,
        -0.5849848,
        -0.6749544,
        -0.7540183,
        -0.81795454,
        -0.93126965,
        -1.0985312,
        -1.3526859,
        -1.6742368,
        -1.9961534,
        -2.2185357,
        -2.2775645,
        -2.1049497,
        -1.7416093,
        -1.3215013,
        -0.82751274,
        -0.30205393,
        0.39962482,
        1.3388515,
        2.5864468,
        4.095869,
        5.7246656,
        7.315767,
        8.587165,
        9.481571,
        9.895747,
        10.003647,
        9.890045,
        9.701326,
        9.434796,
        9.039638,
        8.575048,
        7.9852853,
        7.2169785,
        6.401308,
        5.663069,
        5.0539446,
        4.56665,
        4.175286,
        3.6173072,
        2.8646483,
        1.9512563,
        0.9110975,
        -0.24799204,
        -1.5155358,
        -2.8854482,
        -4.3723807,
        -5.8946667,
        -7.48464,
        -9.107128,
        -10.597614,
        -11.859045,
        -12.773268,
        -13.263721,
        -13.6518955,
        -13.697927,
        -13.627056,
        -13.464085,
        -13.117291,
        -12.734819,
        -12.357651,
        -11.909753,
        -11.360466,
        -10.735947,
        -10.07831,
        -9.560236,
        -8.935095,
        -8.217094,
        -7.3505287,
        -6.465897,
        -5.5188465,
        -4.5657635,
        -3.5915365,
        -2.5717998,
        -1.5660315,
        -0.65271187,
        0.18791819,
        0.82717514,
        1.3705964,
        1.827846,
        2.2990632,
        2.7451472,
        3.1981964,
        3.5582948,
        3.840137,
        4.070409,
        4.18711,
        4.212297,
        4.2687726,
        4.336319,
        4.3977165,
        4.4147177,
        4.4355726,
        4.39406,
        4.3485327,
        4.230533,
        4.0316586,
        3.7673173,
        3.462338,
        3.1678166,
        2.8868365,
        2.5983715,
        2.3625474,
        2.0862913,
        1.803319,
        1.568954,
        1.3354812,
        1.1556334,
        0.96009827,
        0.8157444,
        0.6817069,
        0.5458622,
        0.38639307,
        0.23421717,
        0.12025547,
        0.041860104,
        -0.07994318,
        -0.16862822,
        -0.23384619,
        -0.28026438,
        -0.30541992,
        -0.34720993,
        -0.35741472,
        -0.4146123,
        -0.42279482,
        -0.441638,
        -0.41848755,
        -0.3533578,
        -0.29647827,
        -0.24079752,
        -0.20341444,
        -0.12743187,
        -0.09963417,
        -0.13014889,
        -0.17885447,
        -0.28916025,
        -0.37753248,
        -0.42495394,
        -0.46699762,
        -0.45535755,
        -0.4156456,
        -0.34228516,
        -0.25849724,
        -0.20671797
    ],