{
    "class": "ypos",
    "duration_ms": 700,
    "x": [
        -0.014328636,
        -0.0013605207,
        0.0206579,
        0.028178848,
        0.05234972,
        0.017288964,
        -0.014736481,
        -0.06059876,
        -0.061065987,
        -0.0666478,
        -0.09650242,
        -0.12471203,
        -0.1490328,
        -0.19328219,
        -0.22855432,
        -0.24031852,
        -0.25240684,
        -0.25789833,
        -0.26415122,
        -0.24784192,
        -0.22380704,
        -0.19489488,
        -0.18991324,
        -0.12570633,
        0.0021244623,
        0.21161667,
        0.4767388,
        0.8244205,
        1.1212188,
        1.3986638,
        1.6978921,
        2.0147753,
        2.2781646,
        2.527018,
        2.7621746,
        2.869053,
        2.9235415,
        2.757015,
        2.3699548,
        1.8360591,
        1.3173193,
        0.8113482,
        0.36001226,
        -0.041781276,
        -0.38909754,
        -0.55423975,
        -0.32182273,
        0.27467155,
        1.0542486,
        1.7967122,
        2.3258293,
        2.653152,
        2.606821,
        2.2075326,
        1.5251286,
        0.789369,
        0.009731412,
        -0.7990999,
        -1.5527556,
        -2.2358694,
        -2.7994719,
        -3.2711458,
        -3.6443846,
        -3.8957245,
        -4.0466294,
        -4.0750585,
        -3.9775357,
        -3.7653065,
        -3.4712343,
        -3.1618514,
        -2.8298972,
        -2.5255823,
        -2.2368183,
        -1.9612346,
        -1.6487365,
        -1.3140682,
        -0.9766354,
        -0.6652298,
        -0.37046745,
        -0.11398506,
        0.02528572,
        0.07152796,
        0.10121858,
        0.12653202,
        0.12607032,
        0.15003616,
        0.2513091,
        0.387276,
        0.50084686,
        0.5441525,
        0.5240607,
        0.45243105,
        0.41508368,
        0.36871573,
        0.332258,
        0.31749046,
        0.27156743,
        0.2417199,
        0.2128925,
        0.21083063,
        0.24945395,
        0.29985663,
        0.37380332,
        0.46894032,
        0.5256331,
        0.6251933,
        0.672097,
        0.7385512,
        0.75571626,
        0.7575171,
        0.74682945,
        0.7334158,
        0.6647544,
        0.5814996,
        0.5410679,
        0.45958832,
        0.37539452,
        0.2643348,
        0.16690975,
        0.044699833,
        -0.06168443,
        -0.13051979,
        -0.14468959,
        -0.13476512,
        -0.10511361,
        -0.041055396,
        0.03848414,
        0.09769091,
        0.20829342,
        0.30071574,
        0.4014079,
        0.44318584,
        0.47851795,
        0.45925254,
        0.44466376,
        0.4081049,
        0.35639635,
        0.28699252,
        0.21668723,
        0.13363102,
        0.07409201,
        -0.016605921,
        -0.08069047,
        -0.13942042,
        -0.19277549,
        -0.22165748,
        -0.2669552,
        -0.30010206,
        -0.328554,
        -0.32137358
    ],
    "y": [
        -0.5032549,
        -0.49540997,
        -0.49365973,
        -0.45513964,
        -0.4394064,
        -0.467793,
        -0.49281502,
        -0.5624776,
        -0.6864524,
        -0.7958524,
        -0.9197056,
        -0.99162483,
        -0.97170734,
        -0.8676598,
        -0.6539874,
        -0.41448784,
        -0.13497257,
        0.14871979,
        0.4749074,
        0.8531227,
        1.2834005,
        1.7849226,
        2.4146962,
        3.0772347,
        3.7678127,
        4.4632864,
        5.0457845,
        5.5198693,
        5.947581,
        6.3715415,
        6.6453657,
        6.895438,
        7.049626,
        7.0839915,
        7.029754,
        6.875084,
        6.560132,
        6.1874576,
        5.8042455,
        5.4596176,
        5.0659876,
        4.463945,
        3.652153,
        2.682137,
        1.6157546,
        0.5323229,
        -0.6125808,
        -1.7889748,
        -3.0052958,
        -4.265375,
        -5.3986597,
        -6.392516,
        -7.1144257,
        -7.5275135,
        -7.645171,
        -7.7151213,
        -7.75053,
        -7.8315487,
        -7.8998528,
        -7.959441,
        -7.964388,
        -7.9025574,
        -7.776827,
        -7.662216,
        -7.4882183,
        -7.258649,
        -7.0011396,
        -6.673884,
        -6.337759,
        -5.979112,
        -5.560033,
        -5.082972,
        -4.605265,
        -4.0739207,
        -3.5507717,
        -3.059267,
        -2.5437915,
        -2.0157444,
        -1.4649718,
        -0.8357315,
        -0.1894741,
        0.53195524,
        1.2357602,
        1.8554163,
        2.3698554,
        2.664259,
        2.7576165,
        2.7213082,
        2.6001377,
        2.4794903,
        2.4063258,
        2.4612021,
        2.5381637,
        2.6055737,
        2.6510472,
        2.674158,
        2.712628,
        2.727634,
        2.6731195,
        2.6202793,
        2.4705186,
        2.331173,
        2.1611948,
        1.9986758,
        1.8508363,
        1.6866598,
        1.561305,
        1.4393401,
        1.3502235,
        1.2900066,
        1.2356176,
        1.1878481,
        1.1305442,
        1.0570092,
        0.9936452,
        0.87821865,
        0.7440419,
        0.6100116,
        0.47600174,
        0.34440708,
        0.23921585,
        0.17484856,
        0.11549759,
        0.09239483,
        0.024248123,
        -0.03145027,
        -0.053203106,
        -0.09381676,
        -0.13671541,
        -0.1771717,
        -0.23671484,
        -0.24857807,
        -0.24410772,
        -0.25934458,
        -0.28472328,
        -0.32735014,
        -0.37043858,
        -0.3828516,
        -0.38136005,
        -0.38505507,
        -0.3911562,
        -0.4089198,
        -0.39493513,
        -0.39431906,
        -0.34956646,
        -0.32760715,
        -0.3236823,
        -0.3187647,
        -0.32264948,
        -0.3091998
    ],