{
    "class": "ypos",
    "duration_ms": 700,
    "x": [
        0.042695433,
        0.06689429,
        0.11213297,
        0.1759682,
        0.21335536,
        0.2746215,
        0.3100565,
        0.35585812,
        0.3528508,
        0.3274653,
        0.27476248,
        0.2278744,
        0.14836314,
        0.0787963,
        -0.012319893,
        -0.10636181,
        -0.19409195,
        -0.24964002,
        -0.3136116,
        -0.35747162,
        -0.41233826,
        -0.44703802,
        -0.51152813,
        -0.5581737,
        -0.6464591,
        -0.70727193,
        -0.681234,
        -0.6515986,
        -0.59406376,
        -0.50111,
        -0.44199964,
        -0.36039722,
        -0.2442714,
        -0.055984586,
        0.21050796,
        0.47799623,
        0.78955364,
        1.1052097,
        1.3942654,
        1.6997695,
        1.9330461,
        2.1390476,
        2.2961848,
        2.3999565,
        2.4722826,
        2.5326033,
        2.5405126,
        2.5230763,
        2.4046264,
        2.2552493,
        2.048887,
        1.7687606,
        1.484104,
        1.218483,
        0.93066883,
        0.6464362,
        0.3626156,
        0.09046249,
        -0.13693532,
        -0.36309892,
        -0.504379,
        -0.57532203,
        -0.64309204,
        -0.6786695,
        -0.6620482,
        -0.51315576,
        -0.21662754,
        0.14233325,
        0.5787053,
        0.97537637,
        1.2627757,
        1.4045331,
        1.3952808,
        1.1031098,
        0.8101905,
        0.52744275,
        0.13662449,
        -0.18912819,
        -0.52779126,
        -0.9583144,
        -1.3747668,
        -1.8500664,
        -2.3162084,
        -2.6414247,
        -2.7173629,
        -2.7472804,
        -2.7527804,
        -2.760179,
        -2.7144933,
        -2.6611898,
        -2.5883977,
        -2.4893355,
        -2.3620002,
        -2.1875112,
        -1.9903246,
        -1.7137258,
        -1.4327037,
        -1.1072367,
        -0.73728645,
        -0.35828066,
        -0.046133816,
        0.17340067,
        0.33202,
        0.4517102,
        0.51146203,
        0.5497772,
        0.57401466,
        0.6275714,
        0.6388878,
        0.6604166,
        0.7177098,
        0.78624755,
        0.8681561,
        0.9083142,
        0.97865134,
        1.0026368,
        1.047384,
        1.1038978,
        1.2156442,
        1.3468293,
        1.4832281,
        1.5535803,
        1.5942985,
        1.5457075,
        1.4075832,
        1.2132206,
        0.97209954,
        0.715299,
        0.4449198,
        0.21820486,
        0.013448834,
        -0.15981758,
        -0.3157573,
        -0.39680797,
        -0.457977,
        -0.504059,
        -0.4822054,
        -0.4712941,
        -0.46201566,
        -0.44044825,
        -0.39264804,
        -0.26123065,
        -0.10836449,
        0.020396382,
        0.16341726,
        0.21321322,
        0.2129713,
        0.16023701,
        0.069341004
    ],
    "y": [
        -0.15509081,
        -0.15334368,
        -0.14526701,
        -0.21449709,
        -0.27075958,
        -0.36698675,
        -0.4486351,
        -0.5231676,
        -0.5811939,
        -0.6892264,
        -0.77318215,
        -0.8403101,
        -0.9310472,
        -1.0521286,
        -1.1532965,
        -1.2585211,
        -1.2942853,
        -1.322911,
        -1.3232613,
        -1.3504701,
        -1.3404062,
        -1.3076887,
        -1.2193019,
        -1.0447292,
        -0.7725096,
        -0.46230507,
        -0.14916563,
        0.19409847,
        0.50900364,
        0.796782,
        1.125803,
        1.5051112,
        1.8987551,
        2.2442636,
        2.5241194,
        2.7875376,
        3.0643096,
        3.3268638,
        3.6052113,
        3.8411064,
        4.0987062,
        4.351444,
        4.6613207,
        4.9609995,
        5.161765,
        5.2782164,
        5.296565,
        5.2197843,
        5.124873,
        4.9712343,
        4.825733,
        4.645005,
        4.402222,
        4.149391,
        3.8594177,
        3.5340657,
        3.2251725,
        2.8360558,
        2.416146,
        1.9406893,
        1.4258928,
        0.85230637,
        0.21050835,
        -0.499084,
        -1.2110066,
        -1.9813528,
        -2.8058646,
        -3.7591302,
        -4.74581,
        -5.787896,
        -6.8119717,
        -7.7878942,
        -8.594999,
        -8.912281,
        -9.322969,
        -9.728056,
        -9.97632,
        -10.053329,
        -10.028694,
        -9.792751,
        -9.37026,
        -8.805159,
        -8.1628,
        -7.5131474,
        -6.839964,
        -6.1509795,
        -5.5065665,
        -4.8307133,
        -4.1669664,
        -3.4916704,
        -2.707126,
        -1.9165394,
        -1.0842302,
        -0.26048994,
        0.48284483,
        1.1578493,
        1.6548004,
        2.0673122,
        2.3429995,
        2.5393796,
        2.7399,
        2.9368901,
        3.1130176,
        3.3276134,
        3.5250359,
        3.6616788,
        3.799034,
        3.943407,
        4.0079184,
        4.037438,
        3.9503288,
        3.806185,
        3.6263258,
        3.393992,
        3.1692524,
        2.9619122,
        2.7316446,
        2.5052376,
        2.2354558,
        1.9492602,
        1.6473098,
        1.4140332,
        1.2477107,
        1.1607859,
        1.1057713,
        1.0972943,
        1.0518727,
        0.99357367,
        0.8889899,
        0.7763889,
        0.67717505,
        0.60289645,
        0.5432427,
        0.48560095,
        0.36727405,
        0.24527669,
        0.13123178,
        0.034534216,
        -0.05923605,
        -0.12367797,
        -0.22551894,
        -0.299783,
        -0.3532529,
        -0.38788676,
        -0.40799928,
        -0.3868506,
        -0.30031562,
        -0.16284442,
        0.0015633106
    ],