{
    "class": "ypos",
    "duration_ms": 700,
    "x": [
        -0.1481353,
        -0.099136725,
        -0.11020751,
        -0.090346694,
        -0.12266779,
        -0.08077015,
        -0.05533556,
        -0.039288737,
        -0.01843521,
        -0.009711258,
        -0.0036278889,
        -0.0026299134,
        0.009917818,
        0.041032583,
        0.06915751,
        0.1276362,
        0.19021708,
        0.26392245,
        0.31081814,
        0.2908035,
        0.26135546,
        0.21064916,
        0.1457785,
        0.08361172,
        0.02895217,
        -0.018207457,
        -0.03643414,
        -0.04966423,
        -0.043570984,
        -0.0016894117,
        0.011766076,
        0.054078728,
        0.060824174,
        0.0653038,
        0.07234909,
        0.053191092,
        0.033765554,
        0.05669632,
        0.100222684,
        0.14048752,
        0.22733149,
        0.29653165,
        0.35812908,
        0.4195269,
        0.5055679,
        0.5334198,
        0.51900125,
        0.5073568,
        0.5867814,
        0.7094829,
        0.9209656,
        1.1691017,
        1.3971246,
        1.5455928,
        1.6838161,
        1.7611208,
        1.8249664,
        1.8413321,
        1.8002696,
        1.5914837,
        1.3177401,
        0.9743322,
        0.5642717,
        0.16473106,
        -0.12534833,
        -0.1852878,
        -0.020756781,
        0.32432204,
        0.74833846,
        1.1227627,
        1.4305228,
        1.684998,
        1.7845795,
        1.6926708,
        1.4139555,
        1.0846987,
        0.74542737,
        0.4034419,
        0.018518865,
        -0.3773345,
        -0.7906721,
        -1.2403282,
        -1.6597724,
        -2.047424,
        -2.382709,
        -2.6234343,
        -2.7918615,
        -2.8286977,
        -2.6818385,
        -2.4094021,
        -2.0504348,
        -1.713252,
        -1.4194119,
        -1.0991986,
        -0.87171817,
        -0.7315518,
        -0.6663932,
        -0.664166,
        -0.67718834,
        -0.69357777,
        -0.62965274,
        -0.520807,
        -0.37117046,
        -0.2017037,
        -0.035925895,
        0.030680746,
        0.055521786,
        0.002627045,
        -0.10658577,
        -0.24120419,
        -0.4087787,
        -0.5714444,
        -0.7441823,
        -0.8657402,
        -0.9083295,
        -0.90589887,
        -0.82743144,
        -0.6392894,
        -0.3627041,
        -0.018848807,
        0.32353938,
        0.6221422,
        0.8466129,
        0.95662475,
        0.96650195,
        0.8761813,
        0.72134393,
        0.5162988,
        0.32304174,
        0.124674976,
        -0.07146889,
        -0.22702852,
        -0.30379093,
        -0.32324907,
        -0.34011513,
        -0.29653144,
        -0.22062725,
        -0.15980676,
        -0.09473635,
        -0.06141168,
        -0.033961505,
        -0.0033500046,
        0.03458053,
        0.07688914,
        0.15424967,
        0.2283018,
        0.31581944,
        0.37388852,
        0.39098033
    ],
    "y": [
        -0.12283993,
        -0.11052251,
        -0.06667781,
        -0.082004786,
        -0.09690404,
        -0.07372117,
        -0.098406315,
        -0.09002924,
        -0.106092215,
        -0.1347382,
        -0.17111492,
        -0.20568824,
        -0.21464968,
        -0.20760131,
        -0.22757506,
        -0.2765274,
        -0.32793498,
        -0.4099357,
        -0.44373584,
        -0.42714286,
        -0.42208838,
        -0.35970998,
        -0.34713268,
        -0.33403182,
        -0.33689713,
        -0.33883953,
        -0.27800488,
        -0.1690805,
        -0.043303728,
        0.09691787,
        0.20166183,
        0.33300495,
        0.4741056,
        0.6155479,
        0.7597568,
        0.93983865,
        1.1316733,
        1.3349481,
        1.5326812,
        1.8100393,
        2.1139705,
        2.5604565,
        3.1292684,
        3.714954,
        4.30284,
        4.923897,
        5.5518665,
        6.179432,
        6.698891,
        7.02647,
        7.164356,
        7.219716,
        7.2229457,
        7.1206255,
        6.998028,
        6.6869946,
        6.241539,
        5.6796236,
        5.0505743,
        4.3774185,
        3.6859186,
        2.9949803,
        2.206673,
        1.3578169,
        0.3971219,
        -0.68293166,
        -1.8347075,
        -3.037109,
        -4.2575145,
        -5.4182754,
        -6.5042677,
        -7.464265,
        -8.332748,
        -9.06487,
        -9.637695,
        -10.1361065,
        -10.4707775,
        -10.782445,
        -10.994684,
        -11.084494,
        -11.144243,
        -11.068409,
        -10.899874,
        -10.62892,
        -10.2767725,
        -9.759399,
        -9.191076,
        -8.561036,
        -7.891555,
        -7.237416,
        -6.5955114,
        -5.9313517,
        -5.2676997,
        -4.515073,
        -3.667877,
        -2.6988132,
        -1.635632,
        -0.5848644,
        0.40662384,
        1.3252861,
        2.0473754,
        2.5591059,
        2.8180082,
        2.900916,
        2.8629236,
        2.8709798,
        2.9147315,
        3.0149083,
        3.1205509,
        3.2738743,
        3.462095,
        3.6701021,
        3.8827655,
        4.020568,
        4.042313,
        3.9808352,
        3.8403862,
        3.624992,
        3.3340733,
        3.0292163,
        2.7193432,
        2.385025,
        2.1002712,
        1.853498,
        1.6382864,
        1.4938323,
        1.375848,
        1.261354,
        1.1753047,
        1.1112137,
        1.0695875,
        0.99332833,
        0.8685036,
        0.78156424,
        0.6560588,
        0.568414,
        0.5087693,
        0.41945338,
        0.35280156,
        0.29655385,
        0.22854519,
        0.16508484,
        0.0674634,
        -0.0024437904,
        -0.095163345,
        -0.18211603,
        -0.25385833,
        -0.26742792,
        -0.26349497
    ],