{
    "class": "ypos",
    "duration_ms": 700,
    "x": [
        -0.25122583,
        -0.28115004,
        -0.33833814,
        -0.41016313,
        -0.53419507,
        -0.683846,
        -0.84975135,
        -0.9755532,
        -1.0551664,
        -1.0468587,
        -1.0086273,
        -0.9192422,
        -0.7336832,
        -0.43812037,
        -0.07059181,
        0.30692557,
        0.64460635,
        0.9587234,
        1.2345961,
        1.5006678,
        1.8499202,
        2.186031,
        2.5039825,
        2.796795,
        3.0365784,
        3.2290874,
        3.3345077,
        3.3438606,
        3.266887,
        3.0820084,
        2.7865775,
        2.457034,
        2.07874,
        1.6728308,
        1.2867724,
        0.8531219,
        0.36183324,
        -0.15958375,
        -0.70117027,
        -1.2198671,
        -1.6626532,
        -1.877231,
        -1.788958,
        -1.4582127,
        -0.946616,
        -0.4182617,
        0.05586823,
        0.39687252,
        0.47455707,
        0.3612983,
        0.08828458,
        -0.30371928,
        -0.7384461,
        -1.1928582,
        -1.5897139,
        -1.9478824,
        -2.2120023,
        -2.3790786,
        -2.4698884,
        -2.4549296,
        -2.4118056,
        -2.235812,
        -1.9987297,
        -1.7236524,
        -1.419235,
        -1.1038408,
        -0.8099892,
        -0.5270496,
        -0.2444236,
        0.060261384,
        0.35173848,
        0.6421631,
        0.91506714,
        1.1923131,
        1.4383458,
        1.646383,
        1.816556,
        1.8866265,
        1.9329659,
        1.8572501,
        1.6590722,
        1.3571029,
        0.962579,
        0.57736117,
        0.22435145,
        -0.08052918,
        -0.3281147,
        -0.5283601,
        -0.62399447,
        -0.61254984,
        -0.5125773,
        -0.39037526,
        -0.22111,
        -0.03263697,
        0.12533937,
        0.24621466,
        0.34683138,
        0.3718616,
        0.38528273,
        0.35523337,
        0.35091445,
        0.34841976,
        0.3529026,
        0.36433893,
        0.35642824,
        0.352951,
        0.31324154,
        0.21346654,
        0.10389415,
        -0.025068447,
        -0.13517758,
        -0.21422923,
        -0.29059651,
        -0.28989893,
        -0.24998139,
        -0.20186314,
        -0.16975336,
        -0.13469517,
        -0.039404355,
        0.010848384,
        0.047260065,
        0.09617968,
        0.11688839,
        0.1285876,
        0.15027738,
        0.13880345,
        0.15623471,
        0.1257602,
        0.10423321,
        0.06022288,
        0.03877872,
        0.03023643,
        0.0109565,
        0.043496437,
        0.08042082,
        0.11996424,
        0.15541449,
        0.20380947,
        0.2198564,
        0.21780042,
        0.23806792,
        0.1942547,
        0.19133873,
        0.17634133,
        0.12267879,
        0.11150279,
        0.11606092,
        0.0859768,
        0.083516225
    ],
    "y": [
        -1.2609231,
        -1.3441939,
        -1.3600852,
        -1.3376722,
        -1.210712,
        -1.037152,
        -0.83410287,
        -0.6279783,
        -0.43548083,
        -0.21611595,
        0.10372281,
        0.5187869,
        0.96449184,
        1.4197109,
        1.9061742,
        2.4168396,
        3.0181925,
        3.791078,
        4.586879,
        5.29776,
        5.901965,
        6.413768,
        6.742242,
        6.923196,
        6.8896794,
        6.69664,
        6.3747015,
        5.9590716,
        5.5135336,
        5.0871944,
        4.6308537,
        4.1790257,
        3.725693,
        3.2431355,
        2.6394873,
        1.9310575,
        1.1846251,
        0.4602034,
        -0.26579452,
        -0.96206546,
        -1.7068741,
        -2.553855,
        -3.4554706,
        -4.466588,
        -5.450482,
        -6.3496013,
        -7.032635,
        -7.4834743,
        -7.726944,
        -7.7834854,
        -7.678447,
        -7.433012,
        -7.1454153,
        -6.8714685,
        -6.6126385,
        -6.4260154,
        -6.2805023,
        -6.1927233,
        -6.0524573,
        -5.871114,
        -5.6286917,
        -5.26878,
        -4.8157125,
        -4.31227,
        -3.7362573,
        -3.1035867,
        -2.4204109,
        -1.7287014,
        -1.0156183,
        -0.28498793,
        0.4258585,
        1.0581284,
        1.6104383,
        2.0810294,
        2.3890667,
        2.544362,
        2.5925384,
        2.6028848,
        2.5631638,
        2.4824028,
        2.4079037,
        2.3484445,
        2.379662,
        2.4383006,
        2.4826927,
        2.4620018,
        2.4017582,
        2.2415004,
        2.0787206,
        1.8841143,
        1.6548185,
        1.4025345,
        1.1986547,
        1.0620575,
        0.9594116,
        0.8554759,
        0.7967644,
        0.75090885,
        0.7787318,
        0.7851453,
        0.78017855,
        0.685071,
        0.57398033,
        0.41329765,
        0.2578721,
        0.12898159,
        0.018977165,
        -0.07008982,
        -0.13130951,
        -0.15042591,
        -0.18727374,
        -0.17964005,
        -0.16334438,
        -0.21478462,
        -0.2501347,
        -0.25251937,
        -0.2315166,
        -0.18237066,
        -0.11707115,
        -0.037896633,
        0.028862476,
        0.10242939,
        0.17325878,
        0.2055912,
        0.21613598,
        0.21224928,
        0.18453836,
        0.14756346,
        0.103777885,
        0.06761408,
        0.08924818,
        0.089800835,
        0.0812273,
        0.10176945,
        0.12043524,
        0.08948374,
        0.07608223,
        0.068357944,
        0.0853796,
        0.05525446,
        0.06155014,
        0.046628,
        0.0008468628,
        -0.04485035,
        -0.06434202,
        -0.06496477,
        -0.023012638,
        -0.003332615,
        0.010842323
    ],