{
    "class": "ypos",
    "duration_ms": 700,
    "x": [
        0.09029347,
        0.111296296,
        0.1298022,
        0.16741945,
        0.19336879,
        0.19363576,
        0.1921909,
        0.18882832,
        0.19295993,
        0.15454775,
        0.14250235,
        0.123286024,
        0.094338655,
        0.088804774,
        0.09448378,
        0.09008171,
        0.106784634,
        0.116100125,
        0.11828795,
        0.1134149,
        0.13006946,
        0.10396269,
        0.120905235,
        0.068975896,
        0.062635444,
        0.03736213,
        0.019374497,
        0.027534023,
        0.054501683,
        0.08590837,
        0.107489705,
        0.13126326,
        0.12885407,
        0.13139771,
        0.14366321,
        0.1560007,
        0.15431634,
        0.1433731,
        0.13984339,
        0.13630539,
        0.11850545,
        0.11274232,
        0.09492716,
        0.09832858,
        0.11801286,
        0.115794584,
        0.14188735,
        0.15826568,
        0.14130045,
        0.14574018,
        0.13104695,
        0.1496749,
        0.17554837,
        0.21115592,
        0.22814023,
        0.25038946,
        0.22072826,
        0.15598544,
        0.13208579,
        0.041261926,
        -0.092665344,
        -0.2795674,
        -0.4574652,
        -0.5881912,
        -0.70024925,
        -0.76962924,
        -0.81076735,
        -0.8022977,
        -0.7752639,
        -0.67986923,
        -0.5998848,
        -0.46622124,
        -0.3363499,
        -0.21476306,
        -0.060986925,
        0.09191072,
        0.17479591,
        0.2615292,
        0.3113746,
        0.39130098,
        0.4774922,
        0.5438554,
        0.6292231,
        0.7291354,
        0.86339337,
        1.0038515,
        1.1705627,
        1.3839599,
        1.633681,
        1.9499983,
        2.2721364,
        2.5316005,
        2.7067626,
        2.7443247,
        2.588148,
        2.2294781,
        1.6758932,
        1.1043527,
        0.5167384,
        -0.030394241,
        -0.43782103,
        -0.7304194,
        -0.80511516,
        -0.72275025,
        -0.5186374,
        -0.12593895,
        0.44215196,
        1.0492138,
        1.6401223,
        2.0346391,
        2.1255991,
        1.9433001,
        1.5739565,
        1.0596958,
        0.47084785,
        -0.16054219,
        -0.7238681,
        -1.2040548,
        -1.612423,
        -1.9456152,
        -2.1976466,
        -2.3310652,
        -2.4083018,
        -2.3552713,
        -2.284176,
        -2.168117,
        -2.06167,
        -1.9237839,
        -1.8115376,
        -1.7988088,
        -1.7415137,
        -1.650952,
        -1.569191,
        -1.3973606,
        -1.2090065,
        -1.0208342,
        -0.87143105,
        -0.68471193,
        -0.53057164,
        -0.3424955,
        -0.18285814,
        -0.030589517,
        0.10443774,
        0.20496815,
        0.28008705,
        0.4035265,
        0.5706039,
        0.8008792,
        1.0281504
    ],
    "y": [
        -0.031347275,
        -0.025223255,
        -0.023585796,
        -0.024047852,
        -0.038557053,
        -0.033807278,
        -0.031350613,
        -0.036152363,
        -0.036445618,
        -0.039437294,
        -0.061727047,
        -0.060349464,
        -0.075862885,
        -0.058247566,
        -0.04562378,
        -0.08065939,
        -0.06552076,
        -0.0481081,
        -0.026163101,
        -0.028234959,
        -0.037552834,
        -0.013694763,
        -0.011399746,
        -0.016315937,
        -0.0046191216,
        0.045013905,
        0.08250427,
        0.08416557,
        0.10734701,
        0.111533165,
        0.09690714,
        0.07791996,
        0.08321476,
        0.06982803,
        0.06412649,
        0.025707722,
        -0.014338493,
        -0.048923016,
        -0.07092047,
        -0.08530474,
        -0.1303134,
        -0.09899521,
        -0.129879,
        -0.13481331,
        -0.1378994,
        -0.16533947,
        -0.20273256,
        -0.22143555,
        -0.27359915,
        -0.3231449,
        -0.3462572,
        -0.42615795,
        -0.53865194,
        -0.7142596,
        -0.9003391,
        -1.1110954,
        -1.3059869,
        -1.4853344,
        -1.6089311,
        -1.6797354,
        -1.6791043,
        -1.5909956,
        -1.4254489,
        -1.1685863,
        -0.88240576,
        -0.6094427,
        -0.3821745,
        -0.18795824,
        -0.004896641,
        0.22887516,
        0.49166107,
        0.7878566,
        1.1195645,
        1.5506935,
        2.0162997,
        2.5771914,
        3.2429776,
        3.9657927,
        4.793405,
        5.7040424,
        6.577991,
        7.39602,
        8.064604,
        8.590618,
        8.858757,
        8.935615,
        8.823296,
        8.564695,
        8.22658,
        7.779777,
        7.2687955,
        6.692176,
        6.017072,
        5.2968483,
        4.5013714,
        3.6678638,
        2.8817344,
        2.063519,
        1.2298708,
        0.2971692,
        -0.7341571,
        -1.887542,
        -3.1477556,
        -4.513383,
        -5.905793,
        -7.243701,
        -8.472099,
        -9.497564,
        -10.353468,
        -10.984747,
        -11.353552,
        -11.503901,
        -11.430145,
        -11.201382,
        -10.856396,
        -10.441804,
        -10.004568,
        -9.606132,
        -9.185942,
        -8.75533,
        -8.222716,
        -7.6636233,
        -7.0934463,
        -6.58433,
        -6.098062,
        -5.617745,
        -5.073858,
        -4.511715,
        -3.7828107,
        -2.9920638,
        -2.13159,
        -1.2270164,
        -0.27529,
        0.580668,
        1.3367791,
        1.9886379,
        2.4694405,
        2.776648,
        2.9958906,
        3.1241016,
        3.2275343,
        3.2768593,
        3.3504524,
        3.4408422,
        3.5834866,
        3.713488,
        3.7875924,
        3.7745218,
        3.688439
    ],