{
    "class": "ypos",
    "duration_ms": 700,
    "x": [
        -0.1528701,
        -0.18329075,
        -0.15731412,
        -0.05836469,
        0.13506544,
        0.44715586,
        0.84247035,
        1.2329581,
        1.5184431,
        1.7662935,
        1.9415613,
        2.0164235,
        1.9482679,
        1.7895749,
        1.4681047,
        1.1238426,
        0.7266154,
        0.36312544,
        0.021686107,
        -0.26610565,
        -0.49163863,
        -0.6050235,
        -0.5940322,
        -0.1772039,
        0.6145948,
        1.5477377,
        2.3447566,
        2.8488674,
        3.1002574,
        3.0307593,
        2.701352,
        2.163352,
        1.5236702,
        0.85383254,
        0.20711797,
        -0.44876826,
        -1.062639,
        -1.6169306,
        -2.046206,
        -2.3041627,
        -2.4595404,
        -2.519153,
        -2.5139382,
        -2.4396296,
        -2.3044317,
        -2.0976887,
        -1.8493552,
        -1.5417032,
        -1.1161036,
        -0.7003089,
        -0.3159832,
        -0.017975152,
        0.23982155,
        0.41503382,
        0.5464274,
        0.548141,
        0.43711317,
        0.29744065,
        0.122588396,
        -0.06032279,
        -0.24111125,
        -0.38104895,
        -0.518101,
        -0.61414343,
        -0.6864595,
        -0.78125906,
        -0.81298876,
        -0.81104106,
        -0.7593746,
        -0.62991273,
        -0.50176054,
        -0.3197031,
        -0.119526625,
        0.08051267,
        0.29072464,
        0.44433364,
        0.548345,
        0.6477673,
        0.7179675,
        0.72956157,
        0.7250645,
        0.6894202,
        0.5768238,
        0.42056847,
        0.27338204,
        0.10435888,
        -0.028350681,
        -0.14996158,
        -0.22609225,
        -0.29203957,
        -0.35224026,
        -0.43036464,
        -0.46399948,
        -0.5059017,
        -0.549451,
        -0.5519655,
        -0.55720747,
        -0.53678447,
        -0.5366012,
        -0.497113,
        -0.4280265,
        -0.30527616,
        -0.20976831,
        -0.064531356,
        0.06617206,
        0.18972024,
        0.30398253,
        0.35655418,
        0.37390107,
        0.38010973,
        0.38739893,
        0.3913062,
        0.3726064,
        0.36492136,
        0.3154312,
        0.22875553,
        0.11667946,
        0.003102094,
        -0.037894487,
        -0.047219664,
        -0.06803751,
        -0.02654314,
        0.012363166,
        0.041260093,
        0.107842445,
        0.15473291,
        0.1941435,
        0.21914032,
        0.23464283,
        0.23848447,
        0.17814833,
        0.12990865,
        0.07675421,
        0.044686407,
        0.0051353276,
        -0.04207495,
        -0.07074219,
        -0.10262862,
        -0.118574426,
        -0.120735526,
        -0.13991374,
        -0.14711025,
        -0.1469962,
        -0.16808121,
        -0.1817627,
        -0.17373635,
        -0.18241581,
        -0.18371508
    ],
    "y": [
        5.302707,
        6.099805,
        6.7269053,
        7.0992904,
        7.2637014,
        7.2208524,
        7.023061,
        6.7864704,
        6.569245,
        6.312188,
        6.0326757,
        5.793867,
        5.591954,
        5.3804097,
        5.139019,
        4.833214,
        4.4811816,
        4.036491,
        3.4862685,
        2.8369837,
        2.1119509,
        1.2986379,
        0.29888868,
        -0.938802,
        -2.5100996,
        -4.192141,
        -5.864982,
        -7.353633,
        -8.600427,
        -9.633614,
        -10.484019,
        -11.19967,
        -11.738504,
        -12.1617775,
        -12.430626,
        -12.6117115,
        -12.640615,
        -12.546818,
        -12.384214,
        -12.140148,
        -11.862305,
        -11.527069,
        -11.110954,
        -10.557064,
        -9.868094,
        -9.053231,
        -8.125505,
        -7.161516,
        -6.239566,
        -5.3418026,
        -4.4882555,
        -3.5650494,
        -2.5830326,
        -1.507679,
        -0.43631315,
        0.6389439,
        1.6136293,
        2.4075522,
        2.9787426,
        3.3351738,
        3.4631827,
        3.4706316,
        3.4340227,
        3.4534924,
        3.5427134,
        3.7100146,
        3.8557103,
        3.992644,
        4.054879,
        4.0768046,
        4.0044107,
        3.8626788,
        3.6839411,
        3.4720674,
        3.1904984,
        2.8817692,
        2.5671735,
        2.2683492,
        1.9976895,
        1.7512808,
        1.5182688,
        1.3405874,
        1.1928174,
        1.1094599,
        1.0315592,
        0.94577837,
        0.8483875,
        0.79557514,
        0.7333517,
        0.7101891,
        0.6833861,
        0.6529734,
        0.59924555,
        0.58373785,
        0.50284195,
        0.39170718,
        0.2785387,
        0.2274816,
        0.17587376,
        0.17359352,
        0.18462491,
        0.18492341,
        0.20332336,
        0.23998308,
        0.31891346,
        0.32059908,
        0.33856773,
        0.3348596,
        0.34080148,
        0.3470893,
        0.29652882,
        0.26807308,
        0.20433998,
        0.09100413,
        0.0024757385,
        -0.075417995,
        -0.094824314,
        -0.12286234,
        -0.1117661,
        -0.109451294,
        -0.1278882,
        -0.12635589,
        -0.12178707,
        -0.11438656,
        -0.097242355,
        -0.12541962,
        -0.13911986,
        -0.16232944,
        -0.13088846,
        -0.1122036,
        -0.096939564,
        -0.1186707,
        -0.13919497,
        -0.16320276,
        -0.19524264,
        -0.24934626,
        -0.2725258,
        -0.2164247,
        -0.18833208,
        -0.16386652,
        -0.10441184,
        -0.05542016,
        -0.00011229515,
        0.011259317,
        0.023933649,
        0.027985811,
        -0.024721146,
        -0.06268239
    ],