{
    "class": "ypos",
    "duration_ms": 700,
    "x": [
        -0.19061135,
        -0.13913658,
        -0.05991152,
        -0.0074542165,
        0.04474926,
        0.085054085,
        0.11862208,
        0.16448973,
        0.186778,
        0.16932744,
        0.19770184,
        0.18820862,
        0.18862148,
        0.17731969,
        0.146871,
        0.10918909,
        0.08786452,
        0.06845808,
        0.048685655,
        -0.0020280331,
        -0.019261807,
        -0.026898459,
        -0.0012641996,
        0.024206221,
        0.04969348,
        0.06807479,
        0.07942331,
        0.10301405,
        0.11985635,
        0.12292363,
        0.105213925,
        0.08825509,
        0.11946048,
        0.08691472,
        0.026723146,
        -0.09655374,
        -0.2232129,
        -0.3722922,
        -0.50343394,
        -0.664611,
        -0.7991415,
        -0.86561584,
        -0.87020063,
        -0.75415695,
        -0.56096005,
        -0.30955812,
        -0.096687794,
        0.029479265,
        0.10677193,
        0.022855282,
        -0.23973262,
        -0.6370292,
        -1.1723634,
        -1.7452577,
        -2.2701259,
        -2.6386156,
        -2.6642642,
        -2.2619324,
        -1.312159,
        0.22267085,
        1.9930077,
        3.5365207,
        4.7615824,
        5.5619445,
        5.866923,
        5.6246276,
        4.9534125,
        4.1665587,
        3.5026658,
        3.0644324,
        2.8147783,
        2.7324877,
        2.8103344,
        3.0737948,
        3.418233,
        3.716267,
        3.7305553,
        3.4092705,
        3.2578998,
        2.9777048,
        2.583952,
        2.1108377,
        1.5444376,
        0.89887774,
        0.17081371,
        -0.49563843,
        -1.0866568,
        -1.6008683,
        -2.0006645,
        -2.298401,
        -2.5056438,
        -2.6593387,
        -2.6905901,
        -2.7236354,
        -2.7678423,
        -2.7801156,
        -2.79666,
        -2.7842185,
        -2.7830536,
        -2.7494946,
        -2.6999712,
        -2.6602755,
        -2.5892446,
        -2.4408655,
        -2.3288417,
        -2.1591725,
        -1.9264644,
        -1.6539359,
        -1.3168054,
        -0.95235926,
        -0.57393974,
        -0.20461264,
        0.079640776,
        0.25031275,
        0.31698695,
        0.2455943,
        0.13562876,
        -0.0021370351,
        -0.10880914,
        -0.16351959,
        -0.22386011,
        -0.280466,
        -0.30951682,
        -0.3160229,
        -0.3217505,
        -0.27870274,
        -0.21026447,
        -0.12772182,
        -0.09523857,
        -0.057435423,
        6.5267086e-05,
        0.08200133,
        0.12589225,
        0.1724101,
        0.15680715,
        0.08125502,
        -0.023596436,
        -0.14159983,
        -0.23747429,
        -0.31159002,
        -0.38317406,
        -0.4042461,
        -0.35277212,
        -0.27073574,
        -0.20507804,
        -0.20055139,
        -0.21356511,
        -0.25367764,
        -0.29711053
    ],
    "y": [
        -0.098130226,
        -0.12480116,
        -0.079764366,
        -0.044353962,
        -0.006726742,
        0.01646185,
        0.032437325,
        0.046011448,
        0.08795738,
        0.08455086,
        0.06696463,
        0.09228039,
        0.06269312,
        0.03075409,
        -0.005964756,
        -0.03573227,
        -0.06580067,
        -0.09381819,
        -0.107931614,
        -0.10104513,
        -0.12538719,
        -0.1639247,
        -0.1571207,
        -0.19308329,
        -0.24058962,
        -0.28050518,
        -0.3413825,
        -0.40642452,
        -0.47315073,
        -0.54625034,
        -0.66602945,
        -0.78232765,
        -0.9235754,
        -1.0467834,
        -1.1947703,
        -1.2794628,
        -1.3559523,
        -1.3721051,
        -1.3331223,
        -1.175252,
        -0.9398055,
        -0.6415992,
        -0.27648258,
        0.069550514,
        0.436934,
        0.8255367,
        1.2970357,
        1.9530683,
        2.8755217,
        4.0605483,
        5.516651,
        7.1775074,
        8.962525,
        10.83634,
        12.65316,
        14.192431,
        15.108902,
        15.392252,
        15.09203,
        14.319553,
        13.273945,
        12.225349,
        10.939258,
        9.5937195,
        8.219427,
        6.8267183,
        5.5244994,
        4.2490973,
        2.8478408,
        1.2563267,
        -0.48463488,
        -2.2147498,
        -3.9314327,
        -5.6769586,
        -7.2632356,
        -8.702724,
        -9.868835,
        -10.702057,
        -11.372457,
        -11.863471,
        -12.16819,
        -12.339876,
        -12.427423,
        -12.454006,
        -12.440926,
        -12.402855,
        -12.335908,
        -12.215314,
        -12.086184,
        -11.962778,
        -11.873707,
        -11.706524,
        -11.509228,
        -11.219594,
        -10.791805,
        -10.172493,
        -9.391281,
        -8.515255,
        -7.5822334,
        -6.6749306,
        -5.763428,
        -4.815403,
        -3.8057358,
        -2.836131,
        -1.7620397,
        -0.66883373,
        0.329556,
        1.2220216,
        1.9256043,
        2.3717866,
        2.664,
        2.8146586,
        2.9197001,
        3.0486345,
        3.2635756,
        3.5451126,
        3.8832865,
        4.20834,
        4.421818,
        4.5043244,
        4.5461555,
        4.5248384,
        4.4942317,
        4.43394,
        4.357116,
        4.21958,
        4.068249,
        3.8857117,
        3.688323,
        3.475821,
        3.2769012,
        3.0391135,
        2.793901,
        2.558537,
        2.2929807,
        2.0459094,
        1.841908,
        1.6935248,
        1.4937291,
        1.3269796,
        1.1484895,
        0.9828644,
        0.8068156,
        0.68328094,
        0.57457304,
        0.49063826,
        0.43628168,
        0.39455986,
        0.37701654
    ],