{
    "class": "ypos",
    "duration_ms": 700,
    "x": [
        0.087594464,
        0.12559713,
        0.16926296,
        0.20964183,
        0.24990961,
        0.27647206,
        0.29465377,
        0.2643254,
        0.20488337,
        0.14225158,
        0.073496774,
        0.0005212426,
        -0.06757644,
        -0.05284542,
        -0.04877445,
        -0.021957994,
        0.03967987,
        0.09825283,
        0.123091474,
        0.15733056,
        0.16055594,
        0.14495581,
        0.12025188,
        0.12444778,
        0.10017468,
        0.049906388,
        -0.00016364455,
        -0.026325345,
        -0.07157788,
        -0.059730798,
        -0.055410624,
        -0.05125937,
        -0.04272282,
        -0.07018298,
        -0.10487437,
        -0.07796529,
        -0.08250654,
        -0.075574756,
        -0.03568773,
        0.053671375,
        0.111678824,
        0.14608608,
        0.19041201,
        0.18747613,
        0.1922597,
        0.1737513,
        0.12260437,
        0.060349107,
        0.027314574,
        -0.038662434,
        -0.05210331,
        -0.04659757,
        -0.03861898,
        -0.004070133,
        0.026198685,
        0.011956558,
        0.010476708,
        0.016616061,
        -0.0032405853,
        -0.034837663,
        -0.056793362,
        -0.062247157,
        -0.06338927,
        -0.043606848,
        -0.024495214,
        0.0036101937,
        0.03602475,
        0.08472209,
        0.12133381,
        0.14107387,
        0.12041463,
        0.1545943,
        0.17904362,
        0.23172477,
        0.25523895,
        0.24269664,
        0.2205419,
        0.18891701,
        0.10510637,
        -0.023366213,
        -0.21017283,
        -0.43100867,
        -0.69305086,
        -0.98267007,
        -1.2870384,
        -1.6247172,
        -1.9183905,
        -2.083714,
        -1.8888284,
        -1.270756,
        -0.27778363,
        0.91557324,
        2.0804744,
        3.2106369,
        4.333095,
        5.144382,
        5.6681514,
        5.893645,
        5.775303,
        5.3549614,
        4.618589,
        3.740753,
        2.8836894,
        2.0783288,
        1.3270161,
        0.6567325,
        0.057055563,
        -0.40834898,
        -0.7717109,
        -1.0052454,
        -1.1044278,
        -1.1480763,
        -1.1475844,
        -1.0829011,
        -1.0150348,
        -0.94027764,
        -0.9268253,
        -0.9132973,
        -0.90328336,
        -0.9412621,
        -0.96714294,
        -0.99283576,
        -1.0235311,
        -1.0359328,
        -1.023443,
        -0.9721473,
        -0.8704693,
        -0.7644776,
        -0.66163695,
        -0.5358207,
        -0.37975353,
        -0.24852714,
        -0.20428634,
        -0.17778537,
        -0.18375894,
        -0.22964825,
        -0.35389498,
        -0.5325051,
        -0.72457457,
        -0.8935781,
        -1.0435641,
        -1.0998092,
        -1.1315043,
        -1.1527582,
        -1.1057947,
        -1.0857495,
        -1.0683837,
        -1.0944389
    ],
    "y": [
        -0.011595249,
        0.013662815,
        0.056197643,
        0.037527084,
        0.043631077,
        0.033869267,
        0.0059461594,
        0.0119223595,
        0.0014081001,
        0.014650345,
        0.015664577,
        -0.005194664,
        -0.045544624,
        -0.10057783,
        -0.1084404,
        -0.13122892,
        -0.13298035,
        -0.12069082,
        -0.10597229,
        -0.07675028,
        -0.056764603,
        -0.034070015,
        -0.034977913,
        -0.033199787,
        -0.057202816,
        -0.06888485,
        -0.037465572,
        -0.010836601,
        -0.022079945,
        -0.011478424,
        -0.019499302,
        -0.041238308,
        -0.048163414,
        0.004491806,
        0.025841713,
        0.07290459,
        0.104961395,
        0.12686253,
        0.10797405,
        0.09152269,
        0.10620022,
        0.14000368,
        0.17400074,
        0.19416332,
        0.2269454,
        0.22008467,
        0.27118015,
        0.30837488,
        0.32202005,
        0.33820486,
        0.32342625,
        0.26842022,
        0.20436287,
        0.15267372,
        0.101302624,
        0.076263905,
        0.07951355,
        0.05846119,
        0.013426781,
        -0.06253719,
        -0.10025549,
        -0.16177702,
        -0.20192385,
        -0.19483232,
        -0.21694565,
        -0.21343708,
        -0.23905182,
        -0.23889256,
        -0.23928595,
        -0.22111225,
        -0.22958279,
        -0.19569874,
        -0.15305233,
        -0.118132114,
        -0.045616627,
        0.080827236,
        0.2323389,
        0.39919662,
        0.5766783,
        0.76232195,
        0.9939923,
        1.2002711,
        1.5191774,
        1.9284768,
        2.6031375,
        3.6451244,
        5.0392127,
        6.643814,
        8.051823,
        9.129633,
        9.7583885,
        10.015306,
        10.063257,
        9.684139,
        8.834145,
        7.799505,
        6.7609963,
        5.8109827,
        4.9224663,
        4.1597624,
        3.4224172,
        2.6893601,
        1.8249927,
        0.81590605,
        -0.3203163,
        -1.5112324,
        -2.734712,
        -3.9588017,
        -5.134335,
        -6.164093,
        -7.0654364,
        -7.807869,
        -8.344411,
        -8.707371,
        -8.910179,
        -8.964137,
        -8.928521,
        -8.838942,
        -8.810316,
        -8.80967,
        -8.826033,
        -8.896769,
        -8.985252,
        -9.033858,
        -9.042415,
        -8.994108,
        -8.831202,
        -8.603418,
        -8.266707,
        -7.8316135,
        -7.3846607,
        -6.834641,
        -6.243146,
        -5.5592113,
        -4.8488173,
        -4.0867357,
        -3.2787902,
        -2.4167058,
        -1.516233,
        -0.6194987,
        0.17386723,
        0.8525958,
        1.3382659,
        1.5835295,
        1.6794772,
        1.7123561,
        1.7442756,
        1.8803859
    ],