{
    "class": "ypos",
    "duration_ms": 700,
    "x": [
        -0.042952422,
        -0.0601752,
        -0.09319407,
        -0.09658658,
        -0.09422211,
        -0.071856976,
        -0.044165477,
        -0.01371032,
        0.016830727,
        0.032976255,
        0.08221099,
        0.11196361,
        0.11975753,
        0.122111246,
        0.10459663,
        0.09591417,
        0.058094807,
        0.029549986,
        0.02693142,
        0.05022324,
        0.06392575,
        0.07318596,
        0.09485111,
        0.08858393,
        0.07829391,
        0.08760039,
        0.049891293,
        0.03407202,
        -0.00063696504,
        -0.0020921081,
        -0.011003081,
        -0.013243724,
        0.026598163,
        0.096310936,
        0.15054622,
        0.20844486,
        0.25830513,
        0.34070873,
        0.40104166,
        0.572829,
        0.76074535,
        0.9248732,
        1.0160303,
        1.0298029,
        0.9426225,
        0.7712814,
        0.53961027,
        0.25706124,
        -0.014797702,
        -0.19829226,
        -0.18260023,
        -0.01389683,
        0.14353584,
        0.22153525,
        0.18505296,
        0.039171994,
        -0.18804556,
        -0.47398216,
        -0.78023994,
        -1.0879924,
        -1.2975214,
        -1.3322265,
        -1.2483299,
        -1.1229633,
        -0.9854007,
        -0.8629106,
        -0.64430517,
        -0.38795382,
        -0.08751014,
        0.33260876,
        0.784995,
        1.1099329,
        1.297497,
        1.2314739,
        0.98131907,
        0.5821441,
        0.18389744,
        -0.15868175,
        -0.28971592,
        -0.14095068,
        0.32631218,
        1.1790948,
        2.2137816,
        3.1101623,
        3.7764149,
        4.0596714,
        3.971262,
        3.519021,
        2.888834,
        2.208662,
        1.5137985,
        0.8250426,
        0.18920755,
        -0.38085228,
        -0.90111065,
        -1.3681788,
        -1.8192475,
        -2.255467,
        -2.6180272,
        -2.8843172,
        -3.0914855,
        -3.2045896,
        -3.2195733,
        -3.0842888,
        -2.8948047,
        -2.6557686,
        -2.397964,
        -2.0969849,
        -1.8361129,
        -1.5642952,
        -1.3259304,
        -1.0864666,
        -0.8307123,
        -0.56005156,
        -0.28993636,
        -0.048027217,
        0.11390638,
        0.2298029,
        0.31410563,
        0.27315542,
        0.20688757,
        0.131004,
        0.04201895,
        0.010479599,
        0.013497114,
        -0.007273674,
        -0.03590864,
        -0.06591618,
        -0.097664505,
        -0.131219,
        -0.19712561,
        -0.23255014,
        -0.21535958,
        -0.114120975,
        0.071721435,
        0.29760182,
        0.5235571,
        0.7428047,
        0.9388058,
        1.0566207,
        1.148824,
        1.1365054,
        1.0913501,
        0.9628253,
        0.78664327,
        0.555493,
        0.37936336,
        0.19368052,
        0.017663777
    ],
    "y": [
        -0.057053566,
        -0.03695345,
        -0.020976067,
        0.019348621,
        -0.0017604828,
        -0.022364378,
        -0.018915176,
        -0.030036926,
        -0.010773182,
        -0.030638218,
        -0.03497529,
        -0.04801178,
        -0.057807446,
        -0.04523158,
        -0.052904844,
        -0.05175829,
        -0.048630953,
        -0.062176228,
        -0.049191713,
        -0.04993081,
        -0.06646299,
        -0.06531119,
        -0.075140715,
        -0.08412671,
        -0.08280635,
        -0.1260066,
        -0.12794304,
        -0.1650405,
        -0.17066407,
        -0.19032168,
        -0.2264061,
        -0.24084878,
        -0.25770807,
        -0.29366446,
        -0.34626675,
        -0.398921,
        -0.4491992,
        -0.5017886,
        -0.5756099,
        -0.6419449,
        -0.6890695,
        -0.7336862,
        -0.7546716,
        -0.72384524,
        -0.6062174,
        -0.47599673,
        -0.2427361,
        -0.05650258,
        0.20235658,
        0.40086174,
        0.5303247,
        0.6723347,
        0.8908818,
        1.2208743,
        1.6779642,
        2.3109183,
        3.0968246,
        3.9630582,
        4.87694,
        5.8027186,
        6.6111135,
        7.208845,
        7.5745034,
        7.7462993,
        7.793312,
        7.7320967,
        7.5814962,
        7.355255,
        7.0597363,
        6.6437902,
        6.1111097,
        5.500685,
        4.8297176,
        4.15624,
        3.464664,
        2.7329633,
        1.8345973,
        0.7345116,
        -0.5062115,
        -1.916874,
        -3.411599,
        -4.9877586,
        -6.5041146,
        -7.795608,
        -8.76455,
        -9.549716,
        -10.038345,
        -10.256611,
        -10.317616,
        -10.32585,
        -10.334173,
        -10.348326,
        -10.38645,
        -10.462433,
        -10.470737,
        -10.408925,
        -10.210006,
        -9.782994,
        -9.175533,
        -8.463538,
        -7.6075716,
        -6.6917753,
        -5.7423325,
        -4.82088,
        -3.9336073,
        -3.0436301,
        -2.1380174,
        -1.2206111,
        -0.27626228,
        0.6241336,
        1.5053754,
        2.2154412,
        2.7124758,
        2.9472256,
        2.9584975,
        2.913932,
        2.8300586,
        2.8069117,
        2.8271563,
        2.875832,
        3.0213094,
        3.1596234,
        3.2751265,
        3.3304605,
        3.3002207,
        3.180633,
        3.0447006,
        2.9058418,
        2.7301977,
        2.5870256,
        2.4573498,
        2.3510814,
        2.223212,
        2.0623937,
        1.826319,
        1.5778279,
        1.3508246,
        1.1335738,
        1.0002933,
        0.87189007,
        0.78184104,
        0.6656349,
        0.6120646,
        0.5567906,
        0.5457454,
        0.5484071,
        0.531929,
        0.47543216,
        0.40102553
    ],