{
    "class": "ypos",
    "duration_ms": 700,
    "x": [
        -0.5376323,
        -0.6715079,
        -0.806818,
        -0.93399686,
        -1.0104898,
        -1.0486654,
        -1.0679868,
        -1.0261229,
        -0.8715154,
        -0.57185465,
        -0.20910123,
        0.15542644,
        0.48261583,
        0.83197683,
        1.2465479,
        1.6450117,
        2.039376,
        2.4369338,
        2.8048453,
        3.1773112,
        3.5553868,
        3.9185653,
        4.2083464,
        4.4477916,
        4.5040174,
        4.3706393,
        4.0666723,
        3.6557722,
        3.1459954,
        2.6435275,
        2.140131,
        1.7521325,
        1.3514991,
        0.965731,
        0.7085829,
        0.578763,
        0.4870036,
        0.3972742,
        0.25275385,
        0.040104613,
        -0.24646129,
        -0.6413634,
        -1.1669887,
        -1.6904521,
        -2.2465067,
        -2.8464658,
        -3.3994524,
        -3.8751628,
        -4.2768283,
        -4.5670767,
        -4.747016,
        -4.7627325,
        -4.6532345,
        -4.4380264,
        -4.0718703,
        -3.5886233,
        -3.0866685,
        -2.5708542,
        -2.0602548,
        -1.6119051,
        -1.2491257,
        -0.9233307,
        -0.6507257,
        -0.3544065,
        -0.084566094,
        0.20430121,
        0.47430027,
        0.7497769,
        0.9929212,
        1.1900337,
        1.3560531,
        1.507933,
        1.6027529,
        1.6407278,
        1.5761209,
        1.4828005,
        1.3601114,
        1.2694632,
        1.1933546,
        1.0905718,
        1.0374025,
        0.99783677,
        0.94073325,
        0.89238685,
        0.890801,
        0.90237296,
        0.90803003,
        0.91753685,
        0.89507324,
        0.8618248,
        0.82953763,
        0.81494606,
        0.7967757,
        0.8037448,
        0.79521954,
        0.7545751,
        0.72289264,
        0.6573846,
        0.591873,
        0.5339262,
        0.49342754,
        0.4660793,
        0.4282478,
        0.39180115,
        0.32529265,
        0.2807606,
        0.23835698,
        0.19302087,
        0.1972133,
        0.279437,
        0.36291414,
        0.49799925,
        0.63483876,
        0.728449,
        0.8249363,
        0.8624986,
        0.8676557,
        0.80721176,
        0.695466,
        0.56104434,
        0.424989,
        0.28920192,
        0.12702978,
        -0.013532132,
        -0.106276594,
        -0.17296267,
        -0.20926584,
        -0.253922,
        -0.29298842,
        -0.25967607,
        -0.22821097,
        -0.15282618,
        -0.10261084,
        -0.043775305,
        0.004926175,
        0.015121192,
        0.028094947,
        0.032577842,
        0.045520425,
        0.04086265,
        0.08052382,
        0.11630413,
        0.1360462,
        0.15851402,
        0.14282385,
        0.09616965,
        0.049520254,
        0.028947204,
        -0.0064483583
    ],
    "y": [
        -1.5104461,
        -1.2921395,
        -1.0177782,
        -0.66863394,
        -0.2878616,
        0.0769434,
        0.47120237,
        0.8948755,
        1.4311247,
        2.0602627,
        2.810184,
        3.7516305,
        4.7804785,
        5.769725,
        6.5806675,
        7.160906,
        7.5320625,
        7.7059336,
        7.7705975,
        7.746648,
        7.539995,
        7.190636,
        6.750703,
        6.276749,
        5.7655888,
        5.247326,
        4.775734,
        4.339986,
        3.848291,
        3.1517239,
        2.2382143,
        1.2082844,
        0.12416673,
        -0.9830086,
        -2.1413898,
        -3.383074,
        -4.6319733,
        -5.7759275,
        -6.757836,
        -7.5181756,
        -8.074123,
        -8.464566,
        -8.716768,
        -8.813053,
        -8.839121,
        -8.792624,
        -8.726797,
        -8.613886,
        -8.452579,
        -8.215391,
        -7.9131327,
        -7.635577,
        -7.3046255,
        -6.9209948,
        -6.5352545,
        -6.1259418,
        -5.6786084,
        -5.1572995,
        -4.609439,
        -4.015218,
        -3.3355293,
        -2.5816624,
        -1.7962301,
        -1.0410509,
        -0.33004284,
        0.27245712,
        0.69006157,
        1.0566983,
        1.3362384,
        1.5641799,
        1.7689023,
        1.9478726,
        2.1487546,
        2.3283372,
        2.5151029,
        2.6631484,
        2.7932806,
        2.847165,
        2.8429923,
        2.7749057,
        2.677691,
        2.5791364,
        2.4616623,
        2.3654757,
        2.2496734,
        2.1499453,
        2.0545812,
        1.9400935,
        1.8119287,
        1.7042761,
        1.5819435,
        1.4814396,
        1.3936138,
        1.3095374,
        1.2369237,
        1.162034,
        1.1237001,
        1.0983777,
        1.06001,
        0.9966841,
        0.93715334,
        0.8336172,
        0.72659874,
        0.611166,
        0.54682446,
        0.4471469,
        0.3620329,
        0.32213306,
        0.30560923,
        0.22138453,
        0.19847775,
        0.16743994,
        0.13544416,
        0.09777832,
        0.08570385,
        0.05866337,
        0.014436722,
        0.003364563,
        -0.03683424,
        -0.036800385,
        -0.051570415,
        -0.05946827,
        -0.08422375,
        -0.06839371,
        -0.04778433,
        -0.03908539,
        -0.030402184,
        -0.031455517,
        -0.06632805,
        -0.063477516,
        -0.080619335,
        -0.10099268,
        -0.083845615,
        -0.12214327,
        -0.1055212,
        -0.088656425,
        -0.01128912,
        0.0647912,
        0.10649252,
        0.1427803,
        0.1951809,
        0.17749071,
        0.17813683,
        0.12525702,
        0.07381153,
        0.052290916,
        0.03896618,
        0.026407242,
        0.03598547
    ],