{
    "class": "ypos",
    "duration_ms": 700,
    "x": [
        0.96108437,
        0.9634286,
        0.95089376,
        0.95702946,
        0.955475,
        0.927199,
        0.9202982,
        0.870552,
        0.7541932,
        0.6381452,
        0.5243712,
        0.4936338,
        0.4761935,
        0.40727943,
        0.41850567,
        0.37107474,
        0.36061287,
        0.35101473,
        0.40449512,
        0.38032854,
        0.4202476,
        0.47436368,
        0.5263381,
        0.5430846,
        0.48659348,
        0.38105577,
        0.19760501,
        -0.06183988,
        -0.3117385,
        -0.5839436,
        -0.8361822,
        -1.1028941,
        -1.386781,
        -1.5636786,
        -1.6648766,
        -1.7239001,
        -1.7287333,
        -1.7268656,
        -1.8037395,
        -1.9037365,
        -1.9688419,
        -1.9985726,
        -1.9133028,
        -1.7291993,
        -1.4456966,
        -1.1365063,
        -0.8518404,
        -0.62559414,
        -0.39153573,
        -0.06180939,
        0.3707216,
        0.8690157,
        1.2695665,
        1.4899198,
        1.5594261,
        1.4023867,
        1.1243879,
        0.8460808,
        0.55218244,
        0.29930544,
        0.1651545,
        0.25574237,
        0.5935735,
        1.1447582,
        1.8429778,
        2.571985,
        3.1245227,
        3.551487,
        3.841053,
        3.9764168,
        3.957478,
        3.7913148,
        3.5092108,
        3.1332247,
        2.6900678,
        2.1704369,
        1.8319894,
        1.6138573,
        1.3624694,
        1.1019279,
        0.8109567,
        0.5783006,
        0.3588581,
        0.14318508,
        -0.058952987,
        -0.27634674,
        -0.5139167,
        -0.8053422,
        -1.1512854,
        -1.4666102,
        -1.7713913,
        -2.0306766,
        -2.2145429,
        -2.398192,
        -2.5275817,
        -2.5608258,
        -2.5105848,
        -2.3557034,
        -2.1507454,
        -1.9207003,
        -1.7907896,
        -1.7455208,
        -1.7050692,
        -1.6783364,
        -1.5640706,
        -1.4567479,
        -1.3262211,
        -1.1331362,
        -0.907834,
        -0.6761772,
        -0.4498545,
        -0.21724385,
        -0.07722819,
        0.07200444,
        0.20050043,
        0.28124464,
        0.35440183,
        0.44847026,
        0.5753645,
        0.70922244,
        0.8317148,
        0.8697343,
        0.82661533,
        0.719776,
        0.57326573,
        0.40871012,
        0.26886475,
        0.0838702,
        -0.089615464,
        -0.319489,
        -0.50850624,
        -0.6122425,
        -0.65092593,
        -0.5989994,
        -0.480869,
        -0.24633127,
        0.006891966,
        0.31532422,
        0.6343298,
        0.90503955,
        1.1162543,
        1.230423,
        1.3007383,
        1.3323836,
        1.3089731,
        1.2712839,
        1.2001038,
        1.1145658,
        0.9880811
    ],
    "y": [
        -1.7286425,
        -1.7844915,
        -1.820301,
        -1.8455982,
        -1.8865795,
        -1.8618078,
        -1.8741117,
        -1.8492455,
        -1.8495555,
        -1.8729806,
        -1.9607372,
        -2.1038246,
        -2.2956142,
        -2.4911313,
        -2.6572642,
        -2.830008,
        -2.9375973,
        -2.9441013,
        -2.918693,
        -2.8586965,
        -2.8424697,
        -2.8861732,
        -2.9724584,
        -2.9910421,
        -2.963305,
        -2.8007865,
        -2.4914317,
        -2.023118,
        -1.4481673,
        -0.7494216,
        -0.012570381,
        0.77021027,
        1.5304327,
        2.2687726,
        3.023705,
        3.7615633,
        4.462875,
        5.170152,
        5.9854903,
        6.8482084,
        7.719326,
        8.48353,
        9.020809,
        9.328555,
        9.399622,
        9.332258,
        9.212622,
        9.064306,
        8.877021,
        8.609048,
        8.160696,
        7.553825,
        6.8148346,
        6.0350747,
        5.2823243,
        4.710701,
        4.2641945,
        3.7087755,
        3.0837493,
        2.3948922,
        1.5860405,
        0.63243914,
        -0.38744783,
        -1.5147018,
        -2.596963,
        -3.6377096,
        -4.6093926,
        -5.5515494,
        -6.479618,
        -7.368331,
        -8.20193,
        -8.943366,
        -9.54141,
        -10.0455675,
        -10.4241905,
        -10.708179,
        -10.959667,
        -11.193011,
        -11.384464,
        -11.4485235,
        -11.402921,
        -11.294111,
        -11.063339,
        -10.747381,
        -10.382856,
        -9.874629,
        -9.242126,
        -8.5021925,
        -7.5809255,
        -6.5028205,
        -5.280612,
        -3.9318533,
        -2.5458026,
        -1.1420784,
        0.15462399,
        1.1984553,
        1.8869429,
        2.2828717,
        2.45607,
        2.5550914,
        2.7306094,
        2.9847875,
        3.3268967,
        3.715869,
        4.0437894,
        4.2363343,
        4.31485,
        4.2911863,
        4.162849,
        3.9778008,
        3.7888212,
        3.644033,
        3.5987706,
        3.6055546,
        3.6910377,
        3.7692537,
        3.8068895,
        3.7610683,
        3.629496,
        3.4506936,
        3.2894974,
        3.1364207,
        3.0034618,
        2.8690848,
        2.7333484,
        2.5677247,
        2.3554583,
        2.1325288,
        1.9323087,
        1.7067857,
        1.529841,
        1.3579011,
        1.2024732,
        1.0153136,
        0.8629494,
        0.6588454,
        0.49582386,
        0.30170918,
        0.16236162,
        0.0060153008,
        -0.1214633,
        -0.23873901,
        -0.26871872,
        -0.28267527,
        -0.22749758,
        -0.22471285,
        -0.21387911,
        -0.1993599,
        -0.17376566
    ],