{
    "class": "ypos",
    "duration_ms": 700,
    "x": [
        0.11355518,
        0.15845978,
        0.18620434,
        0.15643612,
        0.15271491,
        0.094144344,
        0.042805478,
        -0.010635629,
        -0.044648916,
        -0.04967603,
        -0.0684585,
        -0.06034331,
        -0.058707252,
        -0.03508088,
        -0.023102269,
        -0.023022115,
        0.00059761107,
        0.006869763,
        0.01937455,
        0.02579476,
        0.049857765,
        0.06300454,
        0.11813263,
        0.15126923,
        0.15375832,
        0.097883396,
        0.03201905,
        -0.088578716,
        -0.17791554,
        -0.3007089,
        -0.4430075,
        -0.5604875,
        -0.63999975,
        -0.69470006,
        -0.7253552,
        -0.753936,
        -0.78535175,
        -0.8125273,
        -0.876454,
        -0.96043444,
        -0.88135374,
        -0.7304689,
        -0.5053135,
        -0.26511735,
        -0.0011134185,
        0.2673238,
        0.57841265,
        0.8578271,
        1.0399741,
        1.0462949,
        0.8761327,
        0.56164104,
        0.11765315,
        -0.3459614,
        -0.76754653,
        -1.178743,
        -1.5471065,
        -1.7824194,
        -1.8073219,
        -1.2361202,
        -0.0004988313,
        1.5360998,
        3.0966122,
        4.4638295,
        5.4444213,
        5.4850755,
        5.098339,
        4.445271,
        4.265112,
        3.8972287,
        3.2812343,
        2.3750324,
        1.3910029,
        0.42006654,
        -0.30096537,
        -0.8563932,
        -1.2914371,
        -1.6508887,
        -1.9413223,
        -2.181397,
        -2.3398705,
        -2.399037,
        -2.3738494,
        -2.2427156,
        -2.0574217,
        -1.8621844,
        -1.6581855,
        -1.5398982,
        -1.3863894,
        -1.217492,
        -1.0746206,
        -0.96179855,
        -0.86946964,
        -0.8196383,
        -0.80606735,
        -0.76534617,
        -0.71266615,
        -0.7014965,
        -0.7159114,
        -0.7207266,
        -0.7500028,
        -0.7823944,
        -0.784294,
        -0.76755565,
        -0.66732323,
        -0.56683373,
        -0.48675233,
        -0.35667872,
        -0.25708833,
        -0.20652118,
        -0.19282167,
        -0.23073745,
        -0.2298308,
        -0.26748788,
        -0.2844938,
        -0.29325104,
        -0.2964651,
        -0.27273196,
        -0.23639958,
        -0.19453533,
        -0.12047553,
        -0.09043085,
        -0.0013257973,
        0.11358936,
        0.22349837,
        0.29023805,
        0.3043709,
        0.29209152,
        0.23174189,
        0.1709849,
        0.12651353,
        0.08410084,
        0.091824375,
        0.056514718,
        0.04070379,
        0.06136982,
        0.14271356,
        0.21584614,
        0.31257594,
        0.38573477,
        0.43125743,
        0.43698812,
        0.4549336,
        0.46526805,
        0.43386272,
        0.37684745,
        0.3390538,
        0.29597756,
        0.22778165
    ],
    "y": [
        -0.16610813,
        -0.18403149,
        -0.1395874,
        -0.16652012,
        -0.1669712,
        -0.18167353,
        -0.16783047,
        -0.1803894,
        -0.18117523,
        -0.18916082,
        -0.1757474,
        -0.17664814,
        -0.18216944,
        -0.14956236,
        -0.15279102,
        -0.15841818,
        -0.18304205,
        -0.18391752,
        -0.22081757,
        -0.29596233,
        -0.33785677,
        -0.4203248,
        -0.46700382,
        -0.53732157,
        -0.6143122,
        -0.66918564,
        -0.6708956,
        -0.6503849,
        -0.64549017,
        -0.57732534,
        -0.45352888,
        -0.22237444,
        0.069872856,
        0.4439392,
        0.89640284,
        1.509409,
        2.2787604,
        3.195527,
        4.2699695,
        5.410748,
        6.453428,
        7.343446,
        8.096175,
        8.798734,
        9.4256115,
        9.893926,
        10.0680065,
        9.981642,
        9.7731285,
        9.448616,
        9.032805,
        8.54275,
        7.8922534,
        7.1026454,
        6.1114526,
        5.0096993,
        3.7889848,
        2.4346375,
        0.9571228,
        -0.677629,
        -2.576625,
        -4.490199,
        -6.322356,
        -8.015874,
        -9.422585,
        -10.126461,
        -10.517523,
        -10.5284,
        -10.591751,
        -10.736355,
        -10.84886,
        -10.760058,
        -10.576519,
        -10.290045,
        -10.043399,
        -9.9007015,
        -9.821234,
        -9.752477,
        -9.596594,
        -9.320021,
        -8.950874,
        -8.516889,
        -7.985403,
        -7.421378,
        -6.7790937,
        -6.0387273,
        -5.2041883,
        -4.3033385,
        -3.318913,
        -2.3055959,
        -1.3251748,
        -0.4559121,
        0.32456112,
        0.90469503,
        1.3283539,
        1.5889463,
        1.7563429,
        1.8382521,
        1.8802605,
        1.9802237,
        2.183176,
        2.4074073,
        2.626206,
        2.798452,
        2.9526014,
        3.023768,
        3.0929384,
        3.1477818,
        3.154509,
        3.1104374,
        3.008119,
        2.8715115,
        2.707848,
        2.5434875,
        2.43091,
        2.3388486,
        2.2479286,
        2.1674752,
        2.1068697,
        1.975079,
        1.8532743,
        1.6983275,
        1.5842371,
        1.4534922,
        1.3060646,
        1.1901073,
        1.0698586,
        0.96708345,
        0.8678937,
        0.7538943,
        0.6640525,
        0.5511799,
        0.42068052,
        0.30200005,
        0.1932702,
        0.14281559,
        0.11504984,
        0.12426615,
        0.108177185,
        0.07593489,
        0.027162075,
        -0.00056934357,
        -0.00088739395,
        -0.07032013,
        -0.078125,
        -0.10892391,
        -0.113289356,
        -0.14202023,
        -0.17629766
    ],