{
    "class": "ypos",
    "duration_ms": 700,
    "x": [
        -0.0018794537,
        0.080474555,
        0.15845636,
        0.17794788,
        0.21076155,
        0.17116669,
        0.14968184,
        0.10533741,
        0.040072262,
        0.02010718,
        -0.016933233,
        -0.063785344,
        -0.09436938,
        -0.11134872,
        -0.10536116,
        -0.10736117,
        -0.09316406,
        -0.103095174,
        -0.108288765,
        -0.14671764,
        -0.17048934,
        -0.21052617,
        -0.22855797,
        -0.19393042,
        -0.1545915,
        -0.14143372,
        -0.13300332,
        -0.1057986,
        -0.1195502,
        -0.06009975,
        -0.02773422,
        0.006461978,
        0.07830638,
        0.09766108,
        0.15066463,
        0.17079741,
        0.13693917,
        0.061191916,
        -0.0043456554,
        -0.015152454,
        -0.017127454,
        0.013406098,
        0.023977399,
        -0.0051326156,
        -0.03849405,
        -0.08594328,
        -0.051885188,
        0.08293986,
        0.30494136,
        0.6509938,
        1.0265112,
        1.3854897,
        1.6960952,
        1.8801198,
        1.9157802,
        1.7926435,
        1.5937619,
        1.2798669,
        0.9022523,
        0.54551005,
        0.23492122,
        0.067747176,
        0.15075874,
        0.5402448,
        1.1592703,
        1.8061881,
        2.3078566,
        2.588838,
        2.6008139,
        2.1602845,
        1.60352,
        1.0163033,
        0.27310348,
        -0.58569527,
        -1.4605415,
        -2.3753622,
        -3.2001882,
        -3.9473376,
        -4.5196676,
        -4.8490996,
        -4.911275,
        -4.7393517,
        -4.3238482,
        -3.7797737,
        -3.1972585,
        -2.5627913,
        -1.8367379,
        -1.1516232,
        -0.46988976,
        0.20108783,
        0.77365685,
        1.3551388,
        1.9289162,
        2.4018054,
        2.7254243,
        2.912689,
        2.937796,
        2.8654773,
        2.7719388,
        2.6183975,
        2.4637794,
        2.2784224,
        2.0282762,
        1.7751343,
        1.4728651,
        1.1469429,
        0.7581712,
        0.3771518,
        0.060465276,
        -0.14495647,
        -0.289844,
        -0.35275567,
        -0.44838053,
        -0.5093128,
        -0.56586236,
        -0.58340377,
        -0.58269894,
        -0.6084345,
        -0.554894,
        -0.5293772,
        -0.50313365,
        -0.50748247,
        -0.52618665,
        -0.56923974,
        -0.6394159,
        -0.69640195,
        -0.72339654,
        -0.7537545,
        -0.7586823,
        -0.6972232,
        -0.5858929,
        -0.51273334,
        -0.42690063,
        -0.31092948,
        -0.20512307,
        -0.1116679,
        -0.042741716,
        0.01564926,
        0.01287955,
        -0.0061863065,
        -0.015801072,
        -0.028803796,
        -0.06981,
        -0.08437821,
        -0.11359614,
        -0.1243512,
        -0.12605831,
        -0.09661588,
        -0.037235886
    ],
    "y": [
        -0.11000466,
        -0.16252923,
        -0.17865491,
        -0.20852232,
        -0.2544222,
        -0.26406312,
        -0.23561144,
        -0.2526536,
        -0.26518512,
        -0.32792497,
        -0.3644848,
        -0.38222456,
        -0.35749888,
        -0.34513164,
        -0.36865258,
        -0.3681929,
        -0.39850855,
        -0.40940857,
        -0.38200736,
        -0.31888413,
        -0.28673482,
        -0.22112083,
        -0.14120793,
        -0.08972573,
        -0.030727148,
        0.0025913715,
        0.08401561,
        0.13221884,
        0.20911002,
        0.25006056,
        0.3050685,
        0.36928988,
        0.45933867,
        0.5727427,
        0.752434,
        0.9507222,
        1.246197,
        1.6119525,
        2.135115,
        2.6836746,
        3.2856412,
        3.9021616,
        4.509925,
        5.214616,
        5.9584665,
        6.664563,
        7.232344,
        7.494554,
        7.439439,
        7.1532793,
        6.7076435,
        6.163859,
        5.6762037,
        5.1906567,
        4.789745,
        4.355124,
        3.835917,
        3.2270803,
        2.5165055,
        1.6371822,
        0.5462842,
        -0.8319113,
        -2.4310355,
        -4.3200626,
        -6.3521466,
        -8.32304,
        -10.103214,
        -11.609129,
        -12.7150345,
        -13.290748,
        -13.488771,
        -13.5454645,
        -13.393713,
        -13.019867,
        -12.556385,
        -11.913523,
        -11.270038,
        -10.53483,
        -9.751253,
        -8.816858,
        -7.832239,
        -6.7846394,
        -5.7175345,
        -4.599523,
        -3.4130542,
        -2.11383,
        -0.7173457,
        0.78231454,
        2.2137141,
        3.3648465,
        4.104685,
        4.412504,
        4.432431,
        4.3082175,
        4.2336016,
        4.308365,
        4.4931965,
        4.7201633,
        4.8807764,
        4.9047403,
        4.764682,
        4.535945,
        4.2125607,
        3.8677402,
        3.5843956,
        3.3355641,
        3.0826,
        2.8396487,
        2.6041167,
        2.3522131,
        2.0412123,
        1.6740174,
        1.3565536,
        1.0847611,
        0.8908737,
        0.73288894,
        0.6095536,
        0.5291805,
        0.47121644,
        0.4290862,
        0.38421154,
        0.3537233,
        0.29735732,
        0.19632101,
        0.108202696,
        0.032944918,
        -0.010659456,
        -0.034919262,
        -0.052217245,
        -0.08684826,
        -0.10322833,
        -0.16133618,
        -0.2255671,
        -0.28431487,
        -0.33804965,
        -0.38970804,
        -0.4110241,
        -0.40236282,
        -0.37845445,
        -0.34912276,
        -0.32660127,
        -0.2917807,
        -0.31152034,
        -0.31858635,
        -0.29592562,
        -0.31478548,
        -0.3362322,
        -0.35227823,
        -0.383461
    ],