{
    "class": "ypos",
    "duration_ms": 700,
    "x": [
        -0.27280742,
        -0.17319429,
        -0.011548787,
        0.1502444,
        0.3006567,
        0.42125374,
        0.49828696,
        0.5032776,
        0.45789236,
        0.3765195,
        0.32629466,
        0.25249377,
        0.17945859,
        0.117032185,
        0.09879717,
        0.10108793,
        0.15760069,
        0.23729885,
        0.30651966,
        0.3578433,
        0.4363209,
        0.4648312,
        0.45703068,
        0.44569898,
        0.4566756,
        0.4706228,
        0.54471654,
        0.6145209,
        0.6684931,
        0.7023295,
        0.7594613,
        0.7874136,
        0.75068384,
        0.71192354,
        0.64743936,
        0.5430159,
        0.40800187,
        0.28779757,
        0.0888803,
        -0.09817001,
        -0.28333706,
        -0.45737025,
        -0.606234,
        -0.75197345,
        -0.9149476,
        -1.0800796,
        -1.18961,
        -1.2505145,
        -1.11826,
        -0.8094742,
        -0.3845172,
        0.078139305,
        0.56448287,
        1.1006234,
        1.6404573,
        2.1762605,
        2.6263075,
        2.9564362,
        3.0934343,
        2.9709272,
        2.628726,
        2.0862947,
        1.4897019,
        0.9207583,
        0.43533245,
        0.039687574,
        -0.24498588,
        -0.3733036,
        0.08594197,
        1.1585767,
        2.5222645,
        3.780443,
        4.674575,
        5.2393036,
        5.3591366,
        5.0211287,
        4.35079,
        3.5312626,
        2.611889,
        1.6420019,
        0.6852785,
        -0.24272148,
        -1.1313823,
        -1.9247788,
        -2.6266088,
        -3.24987,
        -3.8102615,
        -4.2349224,
        -4.5249085,
        -4.707323,
        -4.7562847,
        -4.6624665,
        -4.409137,
        -4.024568,
        -3.524868,
        -2.9883013,
        -2.468598,
        -2.0388317,
        -1.640908,
        -1.3218268,
        -1.0712372,
        -0.80189383,
        -0.4982055,
        -0.19016843,
        0.12779632,
        0.4871979,
        0.8187277,
        1.0556071,
        1.2076387,
        1.2918664,
        1.3277853,
        1.3082707,
        1.2644227,
        1.2057087,
        1.1148689,
        0.95517623,
        0.78030026,
        0.5981261,
        0.46709624,
        0.31442103,
        0.23761867,
        0.25084132,
        0.32317632,
        0.4167347,
        0.49632487,
        0.6247924,
        0.72144586,
        0.74138844,
        0.7015683,
        0.6449896,
        0.55009973,
        0.46245027,
        0.36775833,
        0.2996712,
        0.2391389,
        0.17906344,
        0.11957684,
        0.09635738,
        0.047450468,
        -0.003127411,
        -0.05307658,
        -0.11209856,
        -0.14448202,
        -0.20297159,
        -0.2374873,
        -0.24113491,
        -0.2473086,
        -0.28444165,
        -0.29029906,
        -0.33662465
    ],
    "y": [
        0.03939104,
        0.028816223,
        0.008877277,
        -0.018373966,
        -0.029073238,
        -0.047394753,
        -0.016026497,
        0.04096079,
        0.13533401,
        0.2382226,
        0.3280368,
        0.3786435,
        0.37825823,
        0.358418,
        0.3388114,
        0.32470798,
        0.27368355,
        0.22918606,
        0.19390965,
        0.1392312,
        0.07705212,
        0.059619904,
        0.0792923,
        0.047080994,
        0.036759377,
        0.02397108,
        -0.02265215,
        -0.088816166,
        -0.12906075,
        -0.19107962,
        -0.24576283,
        -0.3069172,
        -0.31888723,
        -0.31716633,
        -0.25840473,
        -0.20919085,
        -0.10467911,
        0.05786419,
        0.2545271,
        0.5592828,
        0.8664212,
        1.1824365,
        1.5880466,
        2.046802,
        2.6204739,
        3.2825084,
        4.0565467,
        4.892251,
        5.686684,
        6.4085646,
        7.0765276,
        7.6731696,
        8.197549,
        8.593735,
        8.820553,
        8.827577,
        8.576708,
        8.1902485,
        7.6730976,
        7.206885,
        6.8388324,
        6.5054846,
        6.081342,
        5.3646274,
        4.4581366,
        3.3194098,
        2.0598736,
        0.6764264,
        -0.8024094,
        -2.434419,
        -4.0480304,
        -5.5515933,
        -6.9807477,
        -8.251837,
        -9.237837,
        -9.859367,
        -10.16608,
        -10.368197,
        -10.503469,
        -10.6385,
        -10.758822,
        -10.8573065,
        -10.915088,
        -10.858712,
        -10.681931,
        -10.416786,
        -10.035564,
        -9.551235,
        -8.995657,
        -8.371786,
        -7.6702814,
        -6.9676094,
        -6.227635,
        -5.4594316,
        -4.7007713,
        -4.0415907,
        -3.3014724,
        -2.4677887,
        -1.520822,
        -0.57955456,
        0.39713,
        1.2252555,
        1.8619447,
        2.2352653,
        2.3285117,
        2.2757344,
        2.1867676,
        2.1138096,
        2.1111922,
        2.2091718,
        2.3398542,
        2.499815,
        2.6044488,
        2.6529636,
        2.6230912,
        2.5549226,
        2.459701,
        2.355792,
        2.2521157,
        2.1553354,
        2.0315838,
        1.8880668,
        1.6940103,
        1.5145102,
        1.3405175,
        1.1726608,
        1.0497293,
        0.93903303,
        0.819973,
        0.7149606,
        0.6462445,
        0.5425143,
        0.48545074,
        0.40813208,
        0.3155322,
        0.2651205,
        0.22099972,
        0.18318033,
        0.15411758,
        0.14567947,
        0.117239475,
        0.13089132,
        0.13161182,
        0.14574575,
        0.13021183,
        0.11608124,
        0.053092957,
        -0.013062,
        -0.079889774,
        -0.1520729
    ],