{
    "class": "ypos",
    "duration_ms": 700,
    "x": [
        0.124948174,
        0.035461903,
        -0.03775412,
        -0.09950626,
        -0.12809032,
        -0.14194912,
        -0.14245984,
        -0.13316941,
        -0.11553162,
        -0.09149742,
        -0.06285867,
        -0.024650335,
        0.021788001,
        0.07226238,
        0.13176432,
        0.19542089,
        0.2579339,
        0.31881306,
        0.37036216,
        0.41222802,
        0.43650347,
        0.44224826,
        0.43085632,
        0.3965233,
        0.33848584,
        0.25600046,
        0.1700314,
        0.08008626,
        -0.002238512,
        -0.08877349,
        -0.19149831,
        -0.2983458,
        -0.4067492,
        -0.501681,
        -0.5821825,
        -0.6329385,
        -0.669809,
        -0.6872598,
        -0.6727575,
        -0.62547743,
        -0.5614313,
        -0.48479232,
        -0.39766604,
        -0.28845382,
        -0.16749504,
        -0.047706574,
        0.04594604,
        0.124595575,
        0.19748153,
        0.2697189,
        0.34418476,
        0.42138416,
        0.49430874,
        0.56553936,
        0.625902,
        0.6614889,
        0.6630645,
        0.62121356,
        0.52410764,
        0.373852,
        0.17469835,
        -0.0499793,
        -0.2862839,
        -0.51306045,
        -0.7304777,
        -0.93136805,
        -1.1084845,
        -1.2546027,
        -1.3745329,
        -1.4709793,
        -1.5395644,
        -1.5735028,
        -1.5757397,
        -1.5491852,
        -1.5011063,
        -1.4335283,
        -1.3579129,
        -1.2710657,
        -1.1842734,
        -1.0922377,
        -0.99680394,
        -0.89515287,
        -0.7892973,
        -0.68392944,
        -0.57663214,
        -0.47953224,
        -0.38543725,
        -0.30923617,
        -0.24688968,
        -0.21111974,
        -0.19333044,
        -0.18448627,
        -0.18021922,
        -0.18049556,
        -0.17797281,
        -0.16291517,
        -0.14233717,
        -0.10879603,
        -0.05718171,
        0.015294194,
        0.11403852,
        0.2348713,
        0.37363422,
        0.51155615,
        0.637089,
        0.7406899,
        0.80558515,
        0.83388555,
        0.8322036,
        0.8025538,
        0.749662,
        0.69280964,
        0.629673,
        0.55771184,
        0.4816469,
        0.4012114,
        0.32381243,
        0.24236971,
        0.16644457,
        0.0861925,
        0.0058946013,
        -0.07012093,
        -0.13265274,
        -0.18420097,
        -0.21021235,
        -0.2151598,
        -0.19640803,
        -0.16791034,
        -0.12467958,
        -0.0737437,
        -0.029256959,
        0.013850823,
        0.04614076,
        0.07725051,
        0.092682354,
        0.0946733,
        0.087504715,
        0.06328729,
        0.026206305,
        -0.019466773,
        -0.07191716,
        -0.12188917,
        -0.16711618,
        -0.20252313,
        -0.22761668,
        -0.24641624,
        -0.2510049,
        -0.24552765
    ],
    "y": [
        0.75542736,
        0.9437103,
        1.155302,
        1.3875928,
        1.6356869,
        1.9042239,
        2.1979976,
        2.5145125,
        2.8537421,
        3.203823,
        3.555243,
        3.9071674,
        4.2149234,
        4.4569254,
        4.6451254,
        4.7602863,
        4.806947,
        4.8061914,
        4.7670727,
        4.6889067,
        4.592611,
        4.465574,
        4.3072133,
        4.109785,
        3.8775234,
        3.609765,
        3.3105764,
        2.9815106,
        2.617342,
        2.2178345,
        1.8044662,
        1.3845978,
        0.97534704,
        0.57238007,
        0.17387629,
        -0.21977758,
        -0.6106744,
        -0.9934635,
        -1.3815551,
        -1.7710176,
        -2.1482923,
        -2.4905357,
        -2.789585,
        -3.0516937,
        -3.2974663,
        -3.533333,
        -3.7660146,
        -3.997982,
        -4.236787,
        -4.4925337,
        -4.7799973,
        -5.092493,
        -5.430349,
        -5.784278,
        -6.137577,
        -6.4688697,
        -6.7614946,
        -6.9917517,
        -7.1336923,
        -7.180642,
        -7.132951,
        -6.995775,
        -6.7934155,
        -6.542947,
        -6.2493253,
        -5.9199386,
        -5.5571733,
        -5.165852,
        -4.7459617,
        -4.309264,
        -3.855546,
        -3.3962278,
        -2.9285002,
        -2.4588625,
        -1.9915473,
        -1.5238094,
        -1.0481696,
        -0.56455755,
        -0.08254242,
        0.38332605,
        0.8161478,
        1.1916809,
        1.5024219,
        1.747952,
        1.9302621,
        2.065536,
        2.1793518,
        2.271061,
        2.3519626,
        2.4307728,
        2.5092306,
        2.5888963,
        2.6620283,
        2.7233539,
        2.7655373,
        2.7885518,
        2.7924466,
        2.7727652,
        2.7297683,
        2.6636686,
        2.5676289,
        2.4444113,
        2.3041654,
        2.1474915,
        1.989068,
        1.8463731,
        1.724761,
        1.6223159,
        1.534761,
        1.4529648,
        1.3652711,
        1.2791095,
        1.1874566,
        1.0950036,
        0.99916506,
        0.9070015,
        0.8063326,
        0.70644,
        0.60710144,
        0.50329113,
        0.40679836,
        0.3175416,
        0.24009848,
        0.1719861,
        0.10833454,
        0.049058914,
        -0.00575161,
        -0.058496952,
        -0.1043272,
        -0.1405139,
        -0.17399597,
        -0.20438051,
        -0.22898197,
        -0.25007296,
        -0.2652154,
        -0.2744131,
        -0.27535582,
        -0.27061605,
        -0.27003527,
        -0.2739315,
        -0.27783918,
        -0.28454828,
        -0.29438114,
        -0.30756092,
        -0.31937647,
        -0.33234644,
        -0.3464465,
        -0.35893393
    ],