{
    "class": "ypos",
    "duration_ms": 700,
    "x": [
        -0.09068927,
        -0.063319996,
        -0.038780957,
        -0.038242936,
        -0.07077524,
        -0.0955511,
        -0.11975671,
        -0.15780869,
        -0.21922225,
        -0.2326136,
        -0.2673204,
        -0.21381265,
        -0.16047983,
        -0.14782536,
        -0.15904206,
        -0.17983471,
        -0.20760606,
        -0.2825861,
        -0.45022243,
        -0.65107524,
        -0.87619954,
        -1.102481,
        -1.2735754,
        -1.335819,
        -1.3451855,
        -1.328356,
        -1.2759073,
        -1.1204772,
        -0.8589422,
        -0.46615306,
        -0.014539599,
        0.47576225,
        0.90564317,
        1.3603069,
        1.8502707,
        2.2998981,
        2.6739452,
        2.9989157,
        3.1884322,
        3.2561572,
        3.2227378,
        3.0822504,
        2.879213,
        2.6390405,
        2.3516784,
        2.0070739,
        1.6934546,
        1.3508375,
        1.0031037,
        0.6887414,
        0.3816834,
        0.10807681,
        -0.09397107,
        -0.21979111,
        -0.2672419,
        -0.2532295,
        -0.17081988,
        -0.010472596,
        0.24004227,
        0.44275653,
        0.60330224,
        0.6699208,
        0.6982955,
        0.68630916,
        0.5957631,
        0.47170347,
        0.3375641,
        0.19307756,
        0.07108879,
        -0.060070932,
        -0.13367397,
        -0.11646092,
        -0.120660484,
        -0.08590591,
        -0.035735548,
        0.027785122,
        0.044934034,
        0.03715825,
        -0.0390085,
        -0.16255072,
        -0.28153107,
        -0.38232434,
        -0.52514297,
        -0.64550424,
        -0.765069,
        -0.8291844,
        -0.88345754,
        -0.96369565,
        -1.0002838,
        -1.0624963,
        -1.190952,
        -1.2730873,
        -1.3807974,
        -1.4375408,
        -1.464973,
        -1.450943,
        -1.3880597,
        -1.2664111,
        -1.0999584,
        -0.8977155,
        -0.72839475,
        -0.61072457,
        -0.47739404,
        -0.33076444,
        -0.1685769,
        -0.014501721,
        0.09783277,
        0.18722609,
        0.29621288,
        0.39332992,
        0.49518186,
        0.59954715,
        0.6659478,
        0.6847666,
        0.67272353,
        0.6080757,
        0.5049431,
        0.36046636,
        0.20032248,
        0.028838888,
        -0.12563732,
        -0.20583232,
        -0.21640015,
        -0.21676631,
        -0.21604663,
        -0.20926955,
        -0.21991192,
        -0.16385393,
        -0.1434493,
        -0.06018147,
        0.016817868,
        0.06372562,
        0.11386889,
        0.17417207,
        0.23244962,
        0.25006434,
        0.22440991,
        0.21989667,
        0.21957496,
        0.19705096,
        0.18830827,
        0.17199773,
        0.18889818,
        0.17710483,
        0.20868382,
        0.2360197,
        0.2834576,
        0.30338076,
        0.2958825
    ],
    "y": [
        -0.23917198,
        -0.29375887,
        -0.3045144,
        -0.30501795,
        -0.28100634,
        -0.23745489,
        -0.15790224,
        -0.073415756,
        0.023003578,
        0.09790993,
        0.16317892,
        0.16891575,
        0.20083714,
        0.27290058,
        0.3728361,
        0.47896385,
        0.60796976,
        0.8285918,
        1.1758385,
        1.6582041,
        2.21766,
        2.7370715,
        3.2307854,
        3.6441145,
        4.039364,
        4.459479,
        4.94483,
        5.4259706,
        5.811947,
        6.0789943,
        6.2895837,
        6.4532456,
        6.595964,
        6.5571074,
        6.3768797,
        6.0308843,
        5.5620713,
        5.092372,
        4.550198,
        4.0077004,
        3.5369163,
        3.1142588,
        2.7184153,
        2.3422961,
        1.8807931,
        1.3748713,
        0.8559542,
        0.29096556,
        -0.29579306,
        -0.8799901,
        -1.3940711,
        -1.9351678,
        -2.530973,
        -3.0943103,
        -3.6291082,
        -4.1227813,
        -4.572487,
        -4.9755397,
        -5.3415165,
        -5.601404,
        -5.7558856,
        -5.8465943,
        -5.838461,
        -5.8325667,
        -5.7885866,
        -5.816723,
        -5.8189917,
        -5.8172293,
        -5.842869,
        -5.8652406,
        -5.904068,
        -5.9313912,
        -5.9527783,
        -5.988107,
        -5.9854956,
        -5.9862413,
        -5.9762774,
        -5.972509,
        -5.838483,
        -5.640899,
        -5.3601294,
        -5.029211,
        -4.712385,
        -4.416383,
        -4.1120615,
        -3.8515954,
        -3.6344047,
        -3.4215264,
        -3.2482777,
        -2.9706807,
        -2.6267872,
        -2.2476816,
        -1.8021722,
        -1.417068,
        -1.0612683,
        -0.79206276,
        -0.62125874,
        -0.48883772,
        -0.38036203,
        -0.2574792,
        -0.0748353,
        0.1172204,
        0.3232932,
        0.5289612,
        0.7388263,
        0.9263253,
        1.0982976,
        1.2135377,
        1.3240337,
        1.3717952,
        1.334743,
        1.2890005,
        1.2176037,
        1.2113671,
        1.1866183,
        1.1865268,
        1.2159462,
        1.3250785,
        1.4231257,
        1.4814386,
        1.5384278,
        1.553586,
        1.5557284,
        1.5975857,
        1.6433253,
        1.6978083,
        1.7707157,
        1.845346,
        1.8023129,
        1.7184305,
        1.5867925,
        1.4434948,
        1.2816019,
        1.1920867,
        1.0935574,
        1.040936,
        1.0389748,
        1.058722,
        1.0999064,
        1.1623902,
        1.1909914,
        1.1831985,
        1.1629653,
        1.1255894,
        1.0758462,
        1.0185804,
        0.8845196,
        0.7337127,
        0.6188493
    ],