{
    "class": "ypos",
    "duration_ms": 700,
    "x": [
        -0.016118646,
        0.004244715,
        0.02100128,
        0.08209413,
        0.12564638,
        0.14731175,
        0.18483344,
        0.23068297,
        0.23917434,
        0.21549228,
        0.16708764,
        0.07218024,
        -0.100732476,
        -0.34023654,
        -0.6301496,
        -0.9308764,
        -1.1978918,
        -1.4155135,
        -1.5148963,
        -1.4526968,
        -1.1370982,
        -0.6166985,
        0.15636465,
        1.0054433,
        1.8185456,
        2.5167232,
        3.0800943,
        3.4111826,
        3.564649,
        3.5178163,
        3.3121321,
        2.9554958,
        2.5202963,
        2.08353,
        1.6459868,
        1.1917298,
        0.6661834,
        0.12485511,
        -0.35005242,
        -0.6569563,
        -0.7390324,
        -0.6365172,
        -0.48887742,
        -0.24595219,
        -0.053585537,
        0.0309107,
        -0.100405335,
        -0.3741845,
        -0.7531967,
        -1.1745315,
        -1.5518618,
        -1.8852057,
        -2.1079366,
        -2.2160997,
        -2.2871304,
        -2.3150957,
        -2.2822134,
        -2.2260103,
        -2.0763159,
        -1.8891625,
        -1.624214,
        -1.336305,
        -1.0563273,
        -0.81509346,
        -0.61482126,
        -0.42645746,
        -0.2521296,
        -0.10581269,
        0.046675712,
        0.18932414,
        0.35420322,
        0.5425977,
        0.7102783,
        0.82935524,
        0.8715131,
        0.85563457,
        0.737974,
        0.58950865,
        0.4261655,
        0.24953729,
        0.087752655,
        -0.04068909,
        -0.12206538,
        -0.20475268,
        -0.1905219,
        -0.12195243,
        0.003728956,
        0.110284835,
        0.21454054,
        0.27803305,
        0.25013843,
        0.19489181,
        0.12119709,
        0.08599856,
        0.05560207,
        0.07531397,
        0.078436665,
        0.0627455,
        0.009321846,
        -0.033732127,
        -0.10197494,
        -0.15177834,
        -0.17075211,
        -0.1799323,
        -0.14297464,
        -0.08104928,
        -0.06819389,
        -0.02312243,
        0.0014736205,
        0.03871145,
        0.067059055,
        0.081616685,
        0.075186975,
        0.07397796,
        0.07550149,
        0.06764849,
        0.091100655,
        0.100358404,
        0.15497994,
        0.20210125,
        0.2489256,
        0.28343824,
        0.2724086,
        0.28556177,
        0.28252235,
        0.31383032,
        0.3461729,
        0.36800236,
        0.36513162,
        0.32072097,
        0.24871117,
        0.15822299,
        0.046622276,
        -0.0647302,
        -0.17362094,
        -0.23244178,
        -0.3010961,
        -0.3628516,
        -0.41541967,
        -0.43513367,
        -0.4557387,
        -0.44610986,
        -0.42283544,
        -0.37855622,
        -0.28188238,
        -0.20414779,
        -0.106686234,
        -0.054049373,
        -0.015419619
    ],
    "y": [
        0.4648056,
        0.56136274,
        0.6380296,
        0.6709566,
        0.7125716,
        0.7934947,
        0.9013853,
        1.0927844,
        1.2957048,
        1.5880756,
        1.9356179,
        2.3304892,
        2.7459764,
        3.2338681,
        3.8203359,
        4.4221034,
        5.055736,
        5.680448,
        6.2912455,
        6.730086,
        6.963327,
        6.955212,
        6.8469687,
        6.629096,
        6.368461,
        6.00281,
        5.5821996,
        5.1015167,
        4.589225,
        4.0949593,
        3.5846963,
        3.038992,
        2.4336238,
        1.7394681,
        0.89618397,
        -0.01999855,
        -0.99230576,
        -2.073257,
        -3.2075322,
        -4.4396915,
        -5.763451,
        -7.069271,
        -8.249598,
        -9.26853,
        -10.099686,
        -10.668981,
        -10.866989,
        -10.7664795,
        -10.486113,
        -10.104447,
        -9.719939,
        -9.400592,
        -9.162469,
        -8.938505,
        -8.690735,
        -8.381264,
        -7.9983206,
        -7.515209,
        -6.9909635,
        -6.4479012,
        -5.8479414,
        -5.2601233,
        -4.604812,
        -3.8502152,
        -3.0145981,
        -2.135307,
        -1.252202,
        -0.45786762,
        0.27508545,
        0.8449154,
        1.3150244,
        1.6122808,
        1.8210402,
        2.0061784,
        2.1459694,
        2.3284163,
        2.531044,
        2.7242742,
        2.9072738,
        3.0649247,
        3.2443533,
        3.3253546,
        3.4029474,
        3.4287372,
        3.3875914,
        3.3387494,
        3.2410207,
        3.103448,
        2.9329462,
        2.7486053,
        2.5505176,
        2.3578858,
        2.209097,
        1.9777575,
        1.7193351,
        1.5276899,
        1.3054543,
        1.148963,
        1.0564718,
        0.9855161,
        0.9391389,
        0.92964554,
        0.92381907,
        0.81425714,
        0.68009996,
        0.52862644,
        0.40511322,
        0.29492283,
        0.2381587,
        0.14089775,
        0.05989456,
        -0.08183813,
        -0.17703152,
        -0.25476742,
        -0.27708912,
        -0.28715277,
        -0.25378704,
        -0.24150372,
        -0.24056244,
        -0.19814253,
        -0.19778538,
        -0.21512413,
        -0.1899066,
        -0.19351387,
        -0.20645618,
        -0.2522583,
        -0.28509855,
        -0.3287325,
        -0.33303547,
        -0.34582567,
        -0.3741908,
        -0.34156942,
        -0.31740332,
        -0.31388283,
        -0.2786026,
        -0.2715006,
        -0.30713892,
        -0.28772545,
        -0.28770494,
        -0.24264193,
        -0.20773935,
        -0.1734457,
        -0.08937359,
        -0.048642635,
        -0.031671047,
        -0.033125877,
        -0.0048646927,
        0.019746304,
        0.062332153
    ],