{
    "class": "ypos",
    "duration_ms": 700,
    "x": [
        0.046641767,
        0.07197636,
        0.07248008,
        0.10092747,
        0.095412314,
        0.103719234,
        0.06370163,
        0.022509754,
        -0.025340676,
        -0.08767697,
        -0.10769403,
        -0.12659863,
        -0.12781492,
        -0.113859534,
        -0.11323431,
        -0.08776915,
        -0.12546057,
        -0.09974766,
        -0.05335769,
        -0.031059831,
        -0.043859392,
        -0.036445588,
        -0.015603751,
        0.045052648,
        0.045851797,
        0.037126392,
        -0.028711885,
        -0.1277838,
        -0.23850998,
        -0.3537964,
        -0.47843876,
        -0.50567377,
        -0.47044387,
        -0.4118568,
        -0.32107678,
        -0.21497278,
        -0.050834626,
        0.09033418,
        0.17335671,
        0.26744115,
        0.28145227,
        0.27517492,
        0.35768628,
        0.50401086,
        0.70642805,
        0.9531251,
        1.2260897,
        1.4577069,
        1.5685889,
        1.606022,
        1.5857935,
        1.5592299,
        1.5607954,
        1.5766256,
        1.5559826,
        1.4689367,
        1.2227485,
        0.8748216,
        0.44885433,
        0.028124288,
        -0.40171033,
        -0.7966751,
        -1.1599897,
        -1.3129127,
        -1.227389,
        -0.90988874,
        -0.1622172,
        0.89158237,
        1.979866,
        2.835574,
        3.3275805,
        3.3693507,
        2.9452782,
        2.1898465,
        1.2295982,
        0.27633393,
        -0.6830888,
        -1.6736312,
        -2.5296607,
        -3.2587705,
        -3.8399222,
        -4.2323923,
        -4.466643,
        -4.5267854,
        -4.401065,
        -3.9932477,
        -3.381443,
        -2.6460505,
        -1.9012911,
        -1.18249,
        -0.5055274,
        0.090122186,
        0.62746906,
        1.0339551,
        1.3868423,
        1.6722745,
        1.8815348,
        2.0296082,
        2.1263368,
        2.1406019,
        2.0675569,
        1.8353851,
        1.5062716,
        1.1110655,
        0.7404604,
        0.37046677,
        0.099460006,
        -0.1176725,
        -0.30211267,
        -0.4803965,
        -0.59341973,
        -0.6420499,
        -0.5815037,
        -0.4698565,
        -0.24793339,
        0.07881847,
        0.5196889,
        0.8976,
        1.210001,
        1.4063982,
        1.5223958,
        1.5432853,
        1.4402802,
        1.239548,
        0.9219755,
        0.57177496,
        0.24719796,
        -0.04632911,
        -0.2796179,
        -0.46419162,
        -0.6358102,
        -0.72993994,
        -0.7706545,
        -0.74894726,
        -0.70128924,
        -0.5516281,
        -0.4126315,
        -0.22921523,
        -0.072959006,
        0.068066455,
        0.12463441,
        0.15882194,
        0.17072864,
        0.18189633,
        0.17802282,
        0.20969763,
        0.23174956,
        0.23965567,
        0.23586157
    ],
    "y": [
        -0.028568745,
        -0.00993824,
        0.007818222,
        0.03172922,
        0.028311253,
        -0.00020647049,
        -0.054061413,
        -0.104846,
        -0.11509228,
        -0.13058996,
        -0.14928865,
        -0.20477438,
        -0.24717474,
        -0.2882495,
        -0.27805233,
        -0.26671267,
        -0.28250313,
        -0.2655444,
        -0.274971,
        -0.28869104,
        -0.3417778,
        -0.41215277,
        -0.50177526,
        -0.6316595,
        -0.7561979,
        -0.82311654,
        -0.9374907,
        -1.016006,
        -1.0711291,
        -1.0676064,
        -1.1033826,
        -1.087997,
        -0.99120903,
        -0.7828846,
        -0.4379468,
        -0.033756733,
        0.5264716,
        1.2415729,
        2.2198653,
        3.4807286,
        4.914571,
        6.4487057,
        7.8081827,
        8.909616,
        9.626725,
        10.012629,
        10.167984,
        10.109366,
        9.920052,
        9.639895,
        9.265475,
        8.850846,
        8.318353,
        7.6809993,
        6.9326973,
        6.1341267,
        5.2859626,
        4.52762,
        3.659101,
        2.744028,
        1.7079029,
        0.60113,
        -0.55871344,
        -1.8564107,
        -3.306635,
        -4.8304143,
        -6.408418,
        -7.958967,
        -9.43397,
        -10.697027,
        -11.6547575,
        -12.29258,
        -12.486053,
        -12.347963,
        -12.029869,
        -11.557324,
        -11.179201,
        -10.841002,
        -10.517654,
        -10.258432,
        -9.9646845,
        -9.609922,
        -9.1988735,
        -8.686193,
        -8.138976,
        -7.561682,
        -7.001273,
        -6.391587,
        -5.685132,
        -4.939513,
        -4.07128,
        -3.140538,
        -2.1308374,
        -1.0781355,
        -0.17111969,
        0.5310116,
        1.0264263,
        1.3851342,
        1.5529885,
        1.6527805,
        1.71141,
        1.858624,
        2.0709662,
        2.3106327,
        2.5396128,
        2.7773776,
        2.9643455,
        3.1772523,
        3.3516712,
        3.5164256,
        3.6213245,
        3.7379913,
        3.7822127,
        3.7796288,
        3.6482687,
        3.4211273,
        3.1002522,
        2.7855844,
        2.5218558,
        2.2604728,
        2.005721,
        1.7643762,
        1.5220351,
        1.3411345,
        1.2293482,
        1.1610456,
        1.1204715,
        1.0991302,
        1.0645719,
        1.0319734,
        0.9874482,
        0.93135405,
        0.8231678,
        0.66531754,
        0.5197277,
        0.40030718,
        0.26579475,
        0.12047911,
        0.040517807,
        -0.03668928,
        -0.05403757,
        2.7656555e-05,
        0.022413254,
        0.048954964,
        0.07483959,
        0.09291649,
        0.08652735,
        0.09881306,
        0.09165287
    ],