{
    "class": "ypos",
    "duration_ms": 700,
    "x": [
        -0.17184278,
        -0.19484879,
        -0.19463128,
        -0.1777564,
        -0.14850545,
        -0.10398579,
        -0.051063567,
        0.00072810054,
        0.051059186,
        0.092570305,
        0.1249311,
        0.14772293,
        0.15344507,
        0.14183986,
        0.119971424,
        0.09247631,
        0.064181775,
        0.04515499,
        0.04058358,
        0.04602471,
        0.061687678,
        0.07582444,
        0.081282616,
        0.08500752,
        0.081983656,
        0.07924017,
        0.07638013,
        0.0733408,
        0.07250208,
        0.083545625,
        0.10177672,
        0.12487033,
        0.1528165,
        0.17633903,
        0.20306003,
        0.22637135,
        0.24409649,
        0.2563248,
        0.24635774,
        0.2139327,
        0.16588336,
        0.10898709,
        0.054757863,
        0.0076450706,
        -0.021103978,
        -0.022787273,
        -0.0005864799,
        0.047350973,
        0.12031731,
        0.21307257,
        0.32038382,
        0.4454469,
        0.5963248,
        0.78853095,
        0.99979144,
        1.224368,
        1.4391117,
        1.6416605,
        1.8345104,
        2.0325422,
        2.2290936,
        2.3890703,
        2.4886632,
        2.510292,
        2.4286504,
        2.246875,
        1.9725533,
        1.6302457,
        1.2425144,
        0.88071823,
        0.6151513,
        0.47236642,
        0.4398245,
        0.4747215,
        0.5497199,
        0.6379929,
        0.6937283,
        0.69281214,
        0.6301887,
        0.50965923,
        0.32736376,
        0.088101,
        -0.20198722,
        -0.5372185,
        -0.90294063,
        -1.2866365,
        -1.6706704,
        -2.0366778,
        -2.363696,
        -2.633103,
        -2.8353734,
        -2.9565334,
        -2.987473,
        -2.9333935,
        -2.8183398,
        -2.6446295,
        -2.4309227,
        -2.1933906,
        -1.9478885,
        -1.7220418,
        -1.5171331,
        -1.3417404,
        -1.2021209,
        -1.0977596,
        -1.0240263,
        -0.9715326,
        -0.93849623,
        -0.90876794,
        -0.8638518,
        -0.7921569,
        -0.6867765,
        -0.5552119,
        -0.40501732,
        -0.2412306,
        -0.076186284,
        0.0869855,
        0.26484016,
        0.4744781,
        0.71880084,
        1.0002578,
        1.2970755,
        1.5875658,
        1.847872,
        2.054277,
        2.197284,
        2.2697225,
        2.271425,
        2.212291,
        2.0979228,
        1.9436783,
        1.7598982,
        1.5590899,
        1.3437079,
        1.125533,
        0.90874624,
        0.6976317,
        0.50628185,
        0.33438647,
        0.18655999,
        0.07215376,
        0.005414054,
        -0.025774159,
        -0.028652526,
        -0.003151074,
        0.03673759,
        0.077003166,
        0.11310275,
        0.1453426
    ],
    "y": [
        0.048913002,
        0.056053877,
        0.055774927,
        0.045933723,
        0.038604498,
        0.041013718,
        0.05072522,
        0.067747116,
        0.08711362,
        0.108641386,
        0.12500095,
        0.1384759,
        0.14669323,
        0.15429688,
        0.15665483,
        0.16089225,
        0.15297008,
        0.13551974,
        0.11117983,
        0.08256221,
        0.0592196,
        0.04347992,
        0.035119295,
        0.03395033,
        0.021032095,
        0.008171797,
        -0.011564493,
        -0.033503532,
        -0.05765724,
        -0.07933831,
        -0.10337758,
        -0.13008618,
        -0.16190004,
        -0.19661927,
        -0.23674512,
        -0.28676414,
        -0.34146237,
        -0.38140488,
        -0.38517737,
        -0.34578156,
        -0.2539909,
        -0.11001897,
        0.09556985,
        0.36717653,
        0.71151304,
        1.1375682,
        1.6422737,
        2.2198765,
        2.8643672,
        3.5649483,
        4.3136063,
        5.0960865,
        5.8171663,
        6.4246893,
        6.8951597,
        7.231289,
        7.4380593,
        7.5345745,
        7.5277557,
        7.4289517,
        7.2352057,
        6.952556,
        6.5795364,
        6.1313696,
        5.6111054,
        5.019436,
        4.3307557,
        3.5436819,
        2.6527827,
        1.6634207,
        0.56068015,
        -0.6501434,
        -1.9445407,
        -3.2671146,
        -4.550637,
        -5.7516212,
        -6.8358192,
        -7.7885647,
        -8.593512,
        -9.268106,
        -9.816509,
        -10.255699,
        -10.603552,
        -10.87612,
        -11.087392,
        -11.232662,
        -11.31676,
        -11.327679,
        -11.257801,
        -11.0963745,
        -10.843956,
        -10.488412,
        -10.022025,
        -9.463016,
        -8.8029995,
        -8.067223,
        -7.2597036,
        -6.3846793,
        -5.4511595,
        -4.4752107,
        -3.4849772,
        -2.4918048,
        -1.507014,
        -0.53505135,
        0.4246316,
        1.3628349,
        2.257894,
        3.0779972,
        3.7835522,
        4.3490067,
        4.775008,
        5.066585,
        5.247849,
        5.3502235,
        5.3908024,
        5.365329,
        5.276956,
        5.126936,
        4.907648,
        4.628977,
        4.3013716,
        3.9619904,
        3.6341188,
        3.3314078,
        3.0463994,
        2.7713804,
        2.501088,
        2.2370336,
        1.9779356,
        1.7316546,
        1.496242,
        1.2764196,
        1.0770135,
        0.9001312,
        0.73344994,
        0.57908916,
        0.44150114,
        0.3201394,
        0.21676207,
        0.13288736,
        0.060544014,
        -0.005548477,
        -0.072659254,
        -0.1337018,
        -0.17915225,
        -0.21623325,
        -0.23802352,
        -0.24448895
    ],