{
    "class": "ypos",
    "duration_ms": 700,
    "x": [
        -0.102305256,
        -0.08608715,
        -0.064885415,
        -0.05278369,
        -0.030805677,
        0.00074724853,
        0.053730156,
        0.0735701,
        0.09438713,
        0.118027166,
        0.09176516,
        0.07045285,
        0.039419018,
        -0.02028495,
        -0.013410881,
        -0.057146132,
        -0.09654665,
        -0.14134698,
        -0.19161077,
        -0.23745757,
        -0.28319725,
        -0.31659263,
        -0.36068624,
        -0.3817469,
        -0.40824872,
        -0.41387686,
        -0.42505416,
        -0.51838946,
        -0.6754074,
        -0.8562704,
        -1.0924287,
        -1.3840215,
        -1.7308387,
        -2.0993397,
        -2.4255042,
        -2.7888975,
        -3.1047091,
        -3.2813923,
        -3.21282,
        -2.92416,
        -2.4188924,
        -1.7791395,
        -1.0202473,
        -0.2013081,
        0.5843782,
        1.3846985,
        2.246698,
        3.0443718,
        3.7517407,
        4.2833633,
        4.633364,
        4.7937403,
        4.8094673,
        4.6732574,
        4.4116983,
        4.0703816,
        3.7448702,
        3.5308883,
        3.4173186,
        3.3220735,
        3.1873949,
        3.0314105,
        2.792959,
        2.451474,
        1.9841547,
        1.3896947,
        0.74959946,
        0.11591065,
        -0.45038003,
        -1.0126419,
        -1.5650889,
        -2.1116147,
        -2.5103002,
        -2.827267,
        -3.0280151,
        -3.1494315,
        -3.1755092,
        -3.1763334,
        -3.0875392,
        -2.9810762,
        -2.8403406,
        -2.7057893,
        -2.5572639,
        -2.3818154,
        -2.1810787,
        -1.975453,
        -1.6701665,
        -1.2732701,
        -0.81413317,
        -0.34640896,
        0.15962629,
        0.69764817,
        1.1942669,
        1.5687991,
        1.8425794,
        1.9427512,
        1.9060984,
        1.8643003,
        1.7479154,
        1.6100006,
        1.4517674,
        1.2799749,
        1.17093,
        1.069725,
        1.0032021,
        0.87871397,
        0.7423054,
        0.57267404,
        0.41987175,
        0.27657297,
        0.21721543,
        0.25652683,
        0.3402593,
        0.49589226,
        0.63795125,
        0.8175309,
        0.96839845,
        1.1195985,
        1.2353979,
        1.2989126,
        1.360321,
        1.3476658,
        1.2462763,
        1.1489558,
        0.95469654,
        0.80417246,
        0.646448,
        0.49028713,
        0.3492364,
        0.18455029,
        0.06538148,
        -0.013029918,
        -0.038587674,
        -0.05639516,
        -0.0585095,
        0.004014984,
        0.0727918,
        0.15138549,
        0.15224734,
        0.13552257,
        0.11060132,
        0.024264485,
        -0.057368577,
        -0.12573364,
        -0.19629812,
        -0.30360806,
        -0.34816223,
        -0.400192,
        -0.45310703
    ],
    "y": [
        -0.04193306,
        -0.009350777,
        0.0022511482,
        -0.004599571,
        -0.015576839,
        -0.049736977,
        -0.076169014,
        -0.107028484,
        -0.1944642,
        -0.26450348,
        -0.2960639,
        -0.24198055,
        -0.20752907,
        -0.22600842,
        -0.26388693,
        -0.31863117,
        -0.3639822,
        -0.39292383,
        -0.37948036,
        -0.3737402,
        -0.41098118,
        -0.45259047,
        -0.51710796,
        -0.57534075,
        -0.64114857,
        -0.6881094,
        -0.76871157,
        -0.7640157,
        -0.6441412,
        -0.4650011,
        -0.15851307,
        0.26930428,
        0.8838768,
        1.7407789,
        2.7886205,
        4.048203,
        5.3662763,
        6.6120677,
        7.5615215,
        8.1437025,
        8.377935,
        8.347571,
        8.14498,
        7.811582,
        7.457838,
        6.985846,
        6.4245963,
        5.7793856,
        5.034575,
        4.2923837,
        3.6769934,
        3.071073,
        2.4628553,
        1.780941,
        0.985414,
        0.08662319,
        -0.9503689,
        -2.1838188,
        -3.5254157,
        -4.8770027,
        -6.071076,
        -7.124629,
        -7.9756804,
        -8.696441,
        -9.261582,
        -9.67515,
        -9.9514065,
        -10.14353,
        -10.290563,
        -10.429689,
        -10.505196,
        -10.514571,
        -10.405522,
        -10.192641,
        -9.854354,
        -9.409029,
        -8.886105,
        -8.295141,
        -7.585095,
        -6.7884245,
        -5.9300117,
        -5.0080223,
        -4.0469613,
        -2.994891,
        -1.8218074,
        -0.58430815,
        0.61549664,
        1.682406,
        2.4707894,
        3.0094671,
        3.2335773,
        3.2766075,
        3.2478304,
        3.2850013,
        3.4035416,
        3.626092,
        3.891693,
        4.139614,
        4.3069105,
        4.3930945,
        4.3523774,
        4.334912,
        4.177354,
        3.972362,
        3.6668363,
        3.3584604,
        3.0563688,
        2.786745,
        2.6237226,
        2.5100827,
        2.3866491,
        2.1899576,
        1.952477,
        1.7425704,
        1.5830317,
        1.5009923,
        1.494636,
        1.4663067,
        1.3710704,
        1.2572021,
        1.1178055,
        0.9792981,
        0.87296677,
        0.7701378,
        0.65638256,
        0.53398037,
        0.44314432,
        0.33319712,
        0.2084732,
        0.099509716,
        -0.0062351227,
        -0.06861353,
        -0.13124275,
        -0.18257046,
        -0.26365614,
        -0.33878326,
        -0.4366908,
        -0.53554296,
        -0.62778187,
        -0.672317,
        -0.71899414,
        -0.7243209,
        -0.73572445,
        -0.7719946,
        -0.80177975,
        -0.782115,
        -0.7827072,
        -0.7274666,
        -0.6792059
    ],