{
    "class": "zneg",
    "duration_ms": 700,
    "x": [
        -0.036506735,
        0.0039776415,
        0.08451603,
        0.15728983,
        0.21310636,
        0.27854264,
        0.3205504,
        0.36566252,
        0.34728688,
        0.334748,
        0.2613292,
        0.2010629,
        0.1229373,
        0.043646693,
        -0.0155911,
        -0.05722383,
        -0.07879914,
        -0.11579001,
        -0.12016463,
        -0.14378558,
        -0.18577051,
        -0.21941604,
        -0.24946518,
        -0.27120355,
        -0.26782256,
        -0.25298786,
        -0.23795566,
        -0.23203579,
        -0.2210958,
        -0.16790009,
        -0.1144034,
        -0.022507668,
        0.09961301,
        0.2432766,
        0.37608057,
        0.48522845,
        0.49639767,
        0.5789919,
        0.6275971,
        0.60720086,
        0.6131699,
        0.6789842,
        0.68015194,
        0.5799689,
        0.4628034,
        0.3498721,
        0.26165473,
        0.1853404,
        0.14164197,
        0.11990577,
        0.09983182,
        0.056981087,
        -0.08303702,
        -0.23688471,
        -0.34795296,
        -0.40776765,
        -0.44427073,
        -0.4593532,
        -0.3713398,
        -0.20642781,
        0.13886034,
        0.083739996,
        -0.12705588,
        -0.15138018,
        -0.08644652,
        -0.14881623,
        -0.27030444,
        -0.43809843,
        -0.5327922,
        -0.56178355,
        -0.5229541,
        -0.4083383,
        -0.29060107,
        -0.2588855,
        -0.25869745,
        -0.26424038,
        -0.25714213,
        -0.24331748,
        -0.22452015,
        -0.18139231,
        -0.13066596,
        -0.14448673,
        -0.1466254,
        -0.17356446,
        -0.18512392,
        -0.21571761,
        -0.19236824,
        -0.1567069,
        -0.11375451,
        -0.046960264,
        -0.011389047,
        0.011929005,
        -0.0034678578,
        -0.031568825,
        -0.08247596,
        -0.14478824,
        -0.20214671,
        -0.21367398,
        -0.2411104,
        -0.2717459,
        -0.31452918,
        -0.3474707,
        -0.3704862,
        -0.42404214,
        -0.43827438,
        -0.40047592,
        -0.35511446,
        -0.28960726,
        -0.17961732,
        -0.07299579,
        0.018245142,
        0.024264103,
        0.02323439,
        -0.02655854,
        -0.11687829,
        -0.20557208,
        -0.2860295,
        -0.31071627,
        -0.32300743,
        -0.28958708,
        -0.2628925,
        -0.19942938,
        -0.13227046,
        -0.029743385,
        0.06094047,
        0.13076578,
        0.13478255,
        0.17607453,
        0.19022661,
        0.172308,
        0.17468518,
        0.16363508,
        0.08411545,
        0.053090222,
        -0.015938226,
        -0.04427787,
        -0.046334416,
        -0.034032777,
        -0.06244214,
        -0.04553438,
        -0.045511216,
        -0.028906748,
        -0.007697329,
        -0.008047491,
        -0.01049301,
        -0.012293361,
        -0.015738133,
        -0.035283376,
        -0.0687093
    ],
    "y": [
        0.03607893,
        0.042215347,
        0.050695896,
        0.068692684,
        0.07238245,
        0.06410122,
        0.04161644,
        0.017006874,
        -0.023931503,
        -0.035865784,
        -0.05695343,
        -0.04913044,
        -0.04585123,
        -0.07059097,
        -0.07560825,
        -0.08948755,
        -0.09791088,
        -0.11509943,
        -0.15739584,
        -0.15304899,
        -0.17102766,
        -0.17996645,
        -0.189147,
        -0.19364214,
        -0.22883368,
        -0.2726493,
        -0.35041142,
        -0.42092037,
        -0.49552965,
        -0.50963736,
        -0.55111504,
        -0.5734372,
        -0.5934186,
        -0.617506,
        -0.58801174,
        -0.59344196,
        -0.62624264,
        -0.6714406,
        -0.74503803,
        -0.78145885,
        -0.83025455,
        -0.86687493,
        -0.9816885,
        -1.1099,
        -1.2278602,
        -1.3715906,
        -1.5151489,
        -1.6376789,
        -1.706571,
        -1.7786522,
        -1.8245739,
        -1.856408,
        -1.8603809,
        -1.8135004,
        -1.7455496,
        -1.7125139,
        -1.6239287,
        -1.5993234,
        -1.6545806,
        -1.8071862,
        -2.4807775,
        -2.5955944,
        -2.2105515,
        -1.6462458,
        -1.1629131,
        -0.87026346,
        -0.8239504,
        -1.0095325,
        -1.3165134,
        -1.6036572,
        -1.8471056,
        -2.0686023,
        -2.194264,
        -2.2361426,
        -2.1707034,
        -2.0442076,
        -1.8772686,
        -1.7696254,
        -1.70152,
        -1.621987,
        -1.5782954,
        -1.421654,
        -1.2691673,
        -1.0370011,
        -0.8111919,
        -0.6037717,
        -0.43654656,
        -0.33126092,
        -0.32858396,
        -0.41599393,
        -0.54000545,
        -0.6398754,
        -0.6933522,
        -0.7095661,
        -0.6905508,
        -0.6406522,
        -0.61427927,
        -0.5986991,
        -0.59293413,
        -0.5602181,
        -0.5069778,
        -0.45881152,
        -0.3699088,
        -0.32375288,
        -0.26295805,
        -0.24747562,
        -0.29675293,
        -0.37047625,
        -0.44281864,
        -0.54279757,
        -0.5873003,
        -0.59119415,
        -0.51444817,
        -0.415102,
        -0.28853083,
        -0.19740486,
        -0.13484383,
        -0.13925648,
        -0.14620829,
        -0.22292376,
        -0.26667643,
        -0.2775879,
        -0.29864883,
        -0.32280207,
        -0.2952237,
        -0.25680447,
        -0.23405838,
        -0.19834995,
        -0.20476723,
        -0.24137688,
        -0.30113697,
        -0.300426,
        -0.30411768,
        -0.27624464,
        -0.24309969,
        -0.21418238,
        -0.17748451,
        -0.16185379,
        -0.15282106,
        -0.1622634,
        -0.14487076,
        -0.14115858,
        -0.14370346,
        -0.111941814,
        -0.08204603,
        -0.059007645,
        -0.040616035,
        -0.053308964,
        -0.07088518
    ],