{
    "class": "zneg",
    "duration_ms": 700,
    "x": [
        -0.07690175,
        -0.0169927,
        0.038185213,
        0.067223474,
        0.082311615,
        0.117027,
        0.09735535,
        0.0903282,
        0.045776192,
        0.0043550394,
        -0.0054588914,
        -0.058050852,
        -0.10330373,
        -0.13872208,
        -0.17139821,
        -0.20360276,
        -0.24453388,
        -0.29633167,
        -0.37572765,
        -0.47646177,
        -0.59263444,
        -0.7034722,
        -0.8446135,
        -1.0378469,
        -1.1375109,
        -1.2641187,
        -1.3086097,
        -1.2532957,
        -1.2000844,
        -1.2252426,
        -1.2213277,
        -1.1731726,
        -1.0565597,
        -1.2563471,
        -1.2949469,
        -1.1814927,
        -0.9845431,
        -0.86921704,
        -0.7306647,
        -0.5534694,
        -0.32101294,
        -0.078461975,
        0.11595017,
        0.3324477,
        0.6158595,
        0.85611135,
        1.0767794,
        1.2446982,
        1.2946516,
        1.2736672,
        1.2301625,
        1.1793652,
        1.1993779,
        1.054567,
        0.7500228,
        0.76681733,
        0.92857873,
        0.88810605,
        0.6126847,
        0.29969287,
        0.14184996,
        0.10853122,
        0.18079868,
        0.24377431,
        0.2975327,
        0.32054776,
        0.2981147,
        0.24881542,
        0.21234295,
        0.1568335,
        0.1198617,
        0.12003202,
        0.1642026,
        0.23802474,
        0.28898478,
        0.35539758,
        0.39904156,
        0.44158882,
        0.4639496,
        0.49689585,
        0.506832,
        0.5201864,
        0.55141455,
        0.5623663,
        0.5411475,
        0.5023509,
        0.43934587,
        0.34067437,
        0.24715194,
        0.11092885,
        -0.005843058,
        -0.12462193,
        -0.21185881,
        -0.27242053,
        -0.34000048,
        -0.36693615,
        -0.36530685,
        -0.3306387,
        -0.29440826,
        -0.3187482,
        -0.28861195,
        -0.27532876,
        -0.26179647,
        -0.25975516,
        -0.26181176,
        -0.29189378,
        -0.33566755,
        -0.3812719,
        -0.39773136,
        -0.34913558,
        -0.31893748,
        -0.28543139,
        -0.27977914,
        -0.23296773,
        -0.21240862,
        -0.23527929,
        -0.2325649,
        -0.23308152,
        -0.23675224,
        -0.22888987,
        -0.22117335,
        -0.25891513,
        -0.26285166,
        -0.24231641,
        -0.19947606,
        -0.1583507,
        -0.1645684,
        -0.15603665,
        -0.14210954,
        -0.072178714,
        -0.022801302,
        -0.027674362,
        0.001356341,
        -0.021935038,
        -0.040308073,
        -0.0732912,
        -0.03984295,
        -0.01676254,
        0.03416431,
        0.07474292,
        0.11466906,
        0.13264327,
        0.13129571,
        0.124623045,
        0.08125552,
        0.007746473,
        -0.026630938,
        -0.05045046,
        -0.032548204
    ],
    "y": [
        -0.22144437,
        -0.19935703,
        -0.19889188,
        -0.21758032,
        -0.20991611,
        -0.23329186,
        -0.23498535,
        -0.22926378,
        -0.22081327,
        -0.23833036,
        -0.24833322,
        -0.26767468,
        -0.31557775,
        -0.33480477,
        -0.3349564,
        -0.3684492,
        -0.37267804,
        -0.40443277,
        -0.40581822,
        -0.44364047,
        -0.46023154,
        -0.50046754,
        -0.4700563,
        -0.35861707,
        -0.32099986,
        -0.2992308,
        -0.28786612,
        -0.27607942,
        -0.2572608,
        -0.1742444,
        0.07065177,
        0.31609893,
        0.51731396,
        0.64592266,
        0.6927812,
        0.43126345,
        -0.045582294,
        -0.57161355,
        -1.0968366,
        -1.5910667,
        -2.000516,
        -2.3243735,
        -2.5549693,
        -2.6484718,
        -2.658395,
        -2.6014185,
        -2.457551,
        -2.3049173,
        -2.1715624,
        -2.029984,
        -1.9430946,
        -1.9044728,
        -1.9453359,
        -1.9749317,
        -2.1627188,
        -2.2374082,
        -2.0846715,
        -1.7629256,
        -1.3975735,
        -1.1121087,
        -0.9634721,
        -0.94711953,
        -0.94185597,
        -0.9777641,
        -0.9515013,
        -0.88941216,
        -0.7391897,
        -0.61631703,
        -0.5094101,
        -0.44045457,
        -0.39997354,
        -0.3852395,
        -0.3527841,
        -0.33060992,
        -0.29637575,
        -0.27797973,
        -0.2650919,
        -0.24520278,
        -0.2394464,
        -0.19489312,
        -0.20716107,
        -0.27841508,
        -0.31742,
        -0.4004984,
        -0.4791708,
        -0.5551839,
        -0.6156899,
        -0.62867606,
        -0.61251307,
        -0.5759102,
        -0.49198365,
        -0.384135,
        -0.25941968,
        -0.1325295,
        -0.073293686,
        -0.06792021,
        -0.08850479,
        -0.14528704,
        -0.22226954,
        -0.27233148,
        -0.315166,
        -0.33193445,
        -0.30128956,
        -0.27823687,
        -0.25312233,
        -0.17793775,
        -0.12681913,
        -0.066265345,
        -0.020204067,
        0.0039610863,
        0.037150145,
        3.4570694e-05,
        -0.023854733,
        -0.08262873,
        -0.14774156,
        -0.16916347,
        -0.20705462,
        -0.21373487,
        -0.20120049,
        -0.20286632,
        -0.1636653,
        -0.13367009,
        -0.11523366,
        -0.08893919,
        -0.090554,
        -0.105532646,
        -0.13374877,
        -0.16092134,
        -0.17767763,
        -0.18903255,
        -0.19749093,
        -0.21740031,
        -0.18429232,
        -0.15107846,
        -0.108659744,
        -0.09774971,
        -0.11369228,
        -0.16121006,
        -0.2379272,
        -0.30546665,
        -0.3853333,
        -0.40086126,
        -0.38536167,
        -0.3602295,
        -0.2846911,
        -0.166013,
        -0.06177497,
        0.047085285,
        0.08401799
    ],