{
    "class": "zneg",
    "duration_ms": 700,
    "x": [
        -0.15822363,
        -0.24914622,
        -0.32009494,
        -0.37089467,
        -0.41080213,
        -0.4317038,
        -0.43700802,
        -0.41704547,
        -0.4020313,
        -0.40674996,
        -0.4101622,
        -0.4035753,
        -0.38585377,
        -0.33743322,
        -0.21838617,
        -0.09167302,
        0.011682093,
        0.09884423,
        0.19381374,
        0.29438412,
        0.3770948,
        0.42701253,
        0.45964497,
        0.46556142,
        0.43859404,
        0.2917558,
        -0.0025506914,
        -0.28496537,
        -0.48090124,
        -0.57983345,
        -0.5953882,
        -0.54835653,
        -0.46695432,
        -0.3733256,
        -0.2861398,
        -0.1760155,
        -0.08437401,
        -0.035155892,
        -0.005171269,
        0.017757386,
        0.0396699,
        0.049310714,
        0.05005777,
        0.03900969,
        0.009775966,
        -0.033237427,
        -0.06393126,
        -0.059632063,
        0.0012277365,
        0.11043936,
        0.2477659,
        0.38907245,
        0.53940725,
        0.70086163,
        0.87505335,
        1.0606258,
        1.2558448,
        1.4540881,
        1.6417229,
        1.8151615,
        1.9713495,
        2.0955439,
        2.19682,
        2.2654471,
        2.3015406,
        2.3033543,
        2.2671378,
        2.1991293,
        2.0979087,
        1.9687881,
        1.81399,
        1.6475401,
        1.4860107,
        1.3317572,
        1.2086997,
        1.1095545,
        1.0125666,
        0.9122913,
        0.79805964,
        0.6562132,
        0.47346252,
        0.23822391,
        -0.041694522,
        -0.35944355,
        -0.668604,
        -0.97652733,
        -1.2562099,
        -1.4691399,
        -1.6064647,
        -1.6842934,
        -1.7252486,
        -1.7336323,
        -1.7099943,
        -1.6677887,
        -1.6152079,
        -1.574108,
        -1.5579684,
        -1.5592535,
        -1.54737,
        -1.509624,
        -1.4328241,
        -1.315669,
        -1.1717234,
        -1.0173203,
        -0.86684036,
        -0.7253887,
        -0.60297126,
        -0.4901685,
        -0.39208257,
        -0.30187923,
        -0.21766192,
        -0.14231747,
        -0.07901615,
        -0.028615296,
        0.0032388568,
        0.006471157,
        -0.016300023,
        -0.057165027,
        -0.11016679,
        -0.119971156,
        -0.093301475,
        -0.06282985,
        -0.030182242,
        0.0055294633,
        0.04032442,
        0.058220357,
        0.062268704,
        0.053086787,
        0.035608113,
        0.021790832,
        0.0014230609,
        -0.019128412,
        -0.043285728,
        -0.062393993,
        -0.07475537,
        -0.07134837,
        -0.064573824,
        -0.06188947,
        -0.06101069,
        -0.06905472,
        -0.09053835,
        -0.12057917,
        -0.16397323,
        -0.2110118,
        -0.2565794,
        -0.3003645,
        -0.32508814,
        -0.33966637,
        -0.33860767
    ],
    "y": [
        0.015627861,
        0.05799961,
        0.11961937,
        0.18202782,
        0.23411894,
        0.28614616,
        0.33811426,
        0.40399265,
        0.46368265,
        0.51131105,
        0.5466242,
        0.5765724,
        0.60089207,
        0.59267044,
        0.5483351,
        0.41891336,
        0.25532913,
        0.09664154,
        -0.041553497,
        -0.15968466,
        -0.25744343,
        -0.31668234,
        -0.33360958,
        -0.31456923,
        -0.26661277,
        -0.23202324,
        -0.22770786,
        -0.22012138,
        -0.19457579,
        -0.15629768,
        -0.13687801,
        -0.13404346,
        -0.11961365,
        -0.09670305,
        -0.08762336,
        -0.11208367,
        -0.16062093,
        -0.2211206,
        -0.28143048,
        -0.32212114,
        -0.32650423,
        -0.2969377,
        -0.22874808,
        -0.13612771,
        -0.052346706,
        0.022926569,
        0.08040452,
        0.13215923,
        0.17823386,
        0.20686579,
        0.2134018,
        0.18863177,
        0.1402607,
        0.08073902,
        0.017791986,
        -0.036274433,
        -0.0739429,
        -0.08306575,
        -0.07055378,
        -0.031139612,
        0.028337717,
        0.11055732,
        0.20619512,
        0.32045293,
        0.44906282,
        0.5925946,
        0.7420707,
        0.88848233,
        1.0203178,
        1.1330706,
        1.2221589,
        1.2871519,
        1.3251308,
        1.3328558,
        1.3090396,
        1.2545756,
        1.1529603,
        1.0060134,
        0.82710004,
        0.6340044,
        0.43225065,
        0.25183848,
        0.11218089,
        -0.005920708,
        -0.12002987,
        -0.24879026,
        -0.4396088,
        -0.67282283,
        -0.9404752,
        -1.2324758,
        -1.5408711,
        -1.8631372,
        -2.1798937,
        -2.4738011,
        -2.704917,
        -2.8198416,
        -2.8128977,
        -2.7124364,
        -2.5571136,
        -2.381753,
        -2.2147274,
        -2.080416,
        -1.9772432,
        -1.8995589,
        -1.83951,
        -1.7869941,
        -1.7460709,
        -1.7083356,
        -1.6815073,
        -1.6728249,
        -1.686129,
        -1.7130017,
        -1.7587287,
        -1.804482,
        -1.8432944,
        -1.8686289,
        -1.8670616,
        -1.8354769,
        -1.7804514,
        -1.7229384,
        -1.6809822,
        -1.6510668,
        -1.6340725,
        -1.6188525,
        -1.5969075,
        -1.5575144,
        -1.4950554,
        -1.4092324,
        -1.2953265,
        -1.1610103,
        -1.0188785,
        -0.8769922,
        -0.73615885,
        -0.6139264,
        -0.5134585,
        -0.43104196,
        -0.36757898,
        -0.31889105,
        -0.28792238,
        -0.26079512,
        -0.23801899,
        -0.22228289,
        -0.19930124,
        -0.17632484,
        -0.15830183,
        -0.14282036,
        -0.13212109,
        -0.12152195,
        -0.12537289
    ],