{
    "class": "zneg",
    "duration_ms": 700,
    "x": [
        0.014090359,
        0.042450666,
        0.01835391,
        0.020628095,
        -0.00077822804,
        -0.019542009,
        -0.0500336,
        -0.09457758,
        -0.10543531,
        -0.106647596,
        -0.10292894,
        -0.10846564,
        -0.12323961,
        -0.12789696,
        -0.1652246,
        -0.17315075,
        -0.20415428,
        -0.22713175,
        -0.23504691,
        -0.2517086,
        -0.28178653,
        -0.32045448,
        -0.34637392,
        -0.35195464,
        -0.35594773,
        -0.39861023,
        -0.41340122,
        -0.45315644,
        -0.41369087,
        -0.34534022,
        -0.26921418,
        -0.22742239,
        -0.16339907,
        -0.06333317,
        0.008206731,
        0.03146659,
        0.03622717,
        0.01120232,
        -0.057355523,
        -0.17076865,
        -0.32023966,
        -0.4797196,
        -0.622341,
        -0.7204377,
        -0.7028198,
        -0.6704877,
        -0.6524048,
        -0.63228667,
        -0.5541723,
        -0.45659095,
        -0.4262759,
        -0.4719723,
        -0.5677142,
        -0.65663046,
        -0.6647384,
        -0.54628587,
        -0.3001769,
        0.023282856,
        0.4398343,
        0.8440789,
        1.1932459,
        1.5370376,
        1.7980889,
        2.027959,
        2.1414943,
        2.2010386,
        2.2133243,
        2.1110368,
        1.8842888,
        1.5739443,
        1.2353716,
        0.9504894,
        0.74383503,
        0.53895676,
        0.41416252,
        0.31810173,
        0.2327972,
        0.13809666,
        0.023423523,
        -0.08129436,
        -0.15560421,
        -0.21224153,
        -0.1701765,
        -0.1299657,
        -0.06757614,
        -0.02568373,
        0.024685591,
        0.010105103,
        -0.03528011,
        -0.124868006,
        -0.2697851,
        -0.39523366,
        -0.5033026,
        -0.61526066,
        -0.6762433,
        -0.7057062,
        -0.76603097,
        -0.79017967,
        -0.7901224,
        -0.77536225,
        -0.7169212,
        -0.6959756,
        -0.6024257,
        -0.5175907,
        -0.41736478,
        -0.34464645,
        -0.2562786,
        -0.18116692,
        -0.0977133,
        -0.0204436,
        0.05762184,
        0.12656373,
        0.15497631,
        0.17361152,
        0.18227077,
        0.17612305,
        0.13828537,
        0.12860222,
        0.08226975,
        0.03762167,
        -0.036435712,
        -0.065518156,
        -0.10692178,
        -0.1508342,
        -0.19233836,
        -0.15710434,
        -0.11441184,
        -0.06890403,
        -0.053863987,
        -0.02372969,
        -0.040744778,
        -0.06911673,
        -0.087409966,
        -0.0812861,
        -0.084420994,
        -0.09694609,
        -0.09285654,
        -0.10348803,
        -0.10964689,
        -0.07553479,
        -0.041662656,
        0.016108256,
        0.08836025,
        0.1129951,
        0.13306098,
        0.11021501,
        0.07300688,
        0.0116780065,
        -0.04497948
    ],
    "y": [
        0.018238068,
        0.00081539154,
        -0.0044460297,
        -0.028341293,
        -0.039795876,
        -0.010373116,
        -0.013961792,
        0.018495083,
        0.010648727,
        -0.0017223358,
        -0.013759136,
        -0.039658546,
        -0.10297394,
        -0.12734461,
        -0.15100527,
        -0.15014505,
        -0.12731504,
        -0.13250494,
        -0.15826225,
        -0.15680695,
        -0.15433455,
        -0.16497278,
        -0.1505251,
        -0.12288046,
        -0.13163137,
        -0.104883194,
        -0.13510036,
        -0.14300013,
        -0.11853504,
        -0.13466692,
        -0.1116848,
        -0.1104188,
        -0.1231184,
        -0.19538069,
        -0.30483484,
        -0.4508586,
        -0.6929443,
        -0.89190364,
        -1.0858233,
        -1.2363529,
        -1.3532445,
        -1.3985808,
        -1.4230285,
        -1.3674521,
        -1.3164146,
        -1.2734814,
        -1.2071193,
        -1.1604276,
        -1.1794751,
        -1.2986646,
        -1.4786955,
        -1.606664,
        -1.7015823,
        -1.7086463,
        -1.6378081,
        -1.5459595,
        -1.5247777,
        -1.545146,
        -1.5935781,
        -1.6620688,
        -1.7574016,
        -1.8847361,
        -1.9578767,
        -2.050871,
        -2.1084354,
        -2.1258917,
        -2.0631897,
        -1.885643,
        -1.6310186,
        -1.290431,
        -0.8681021,
        -0.48212242,
        -0.18914795,
        -0.10835099,
        -0.14099836,
        -0.2718339,
        -0.4540434,
        -0.5825341,
        -0.68325377,
        -0.7454965,
        -0.71528316,
        -0.6677649,
        -0.55618834,
        -0.46316576,
        -0.4663489,
        -0.48328495,
        -0.5057626,
        -0.55444527,
        -0.60940933,
        -0.62463474,
        -0.58075523,
        -0.5376649,
        -0.45967627,
        -0.4259286,
        -0.36968756,
        -0.3485732,
        -0.34623957,
        -0.2985673,
        -0.29926825,
        -0.28169155,
        -0.26296997,
        -0.27450275,
        -0.29752254,
        -0.3372121,
        -0.35105848,
        -0.3780141,
        -0.4211135,
        -0.4355874,
        -0.46514416,
        -0.47202396,
        -0.4710698,
        -0.47696638,
        -0.51865816,
        -0.5006671,
        -0.4425044,
        -0.38510895,
        -0.33816433,
        -0.3064909,
        -0.30917597,
        -0.295897,
        -0.29285955,
        -0.28570795,
        -0.26954746,
        -0.23461056,
        -0.19263935,
        -0.1746068,
        -0.118312836,
        -0.054914474,
        -0.022725105,
        0.030778885,
        0.057700634,
        0.07229853,
        0.086545944,
        0.07177353,
        0.06876087,
        0.013197422,
        0.020140171,
        0.00364542,
        0.013957024,
        0.034304142,
        0.05750227,
        0.06673908,
        0.04770708,
        0.0529747,
        0.05848074,
        0.06410456,
        0.08634186,
        0.11531925,
        0.1292181
    ],