{
    "class": "zneg",
    "duration_ms": 700,
    "x": [
        -0.06632811,
        -0.019459529,
        0.08178648,
        0.111593805,
        0.16365376,
        0.1666626,
        0.15658033,
        0.12608618,
        0.101249546,
        0.05568344,
        -0.0013670102,
        -0.015496459,
        -0.017945657,
        -0.06563315,
        -0.065670766,
        -0.08725345,
        -0.120834,
        -0.18024547,
        -0.26708615,
        -0.34460863,
        -0.45679238,
        -0.6071267,
        -0.7120429,
        -0.7759262,
        -0.8415637,
        -0.8678933,
        -0.8993877,
        -0.951584,
        -1.1022838,
        -1.2496346,
        -1.3581579,
        -1.4866034,
        -1.6301523,
        -1.6679611,
        -1.6689206,
        -1.7496095,
        -1.7772878,
        -1.314417,
        -0.82328653,
        -0.23221639,
        0.33301556,
        1.0935733,
        1.8344567,
        2.3704734,
        2.665396,
        2.7680953,
        2.9335916,
        3.1120667,
        2.9637022,
        2.558651,
        2.021985,
        1.4308513,
        0.71136695,
        -0.09856449,
        -0.7768018,
        -1.1961894,
        -1.2720829,
        -1.1093518,
        -0.7781321,
        -0.5171459,
        -0.31478322,
        -0.23671558,
        -0.22003676,
        -0.2333533,
        -0.30785447,
        -0.33630505,
        -0.31709966,
        -0.28457308,
        -0.23967062,
        -0.15943119,
        -0.08812769,
        0.021412417,
        0.13524319,
        0.2190101,
        0.30990866,
        0.34933886,
        0.45064783,
        0.547794,
        0.6254752,
        0.70229214,
        0.7639331,
        0.83940697,
        0.88621235,
        0.9079066,
        0.9679942,
        1.0389484,
        1.0404092,
        1.0234736,
        0.96239525,
        0.87441504,
        0.73353827,
        0.6113836,
        0.4792455,
        0.353927,
        0.2998024,
        0.2278876,
        0.16388285,
        0.13121673,
        0.11023341,
        0.10751071,
        0.046291266,
        0.03408504,
        0.018449403,
        -0.00061353296,
        -0.030211464,
        -0.041541055,
        -0.063187286,
        -0.027833268,
        -0.014015831,
        0.014470771,
        0.026947215,
        0.018819511,
        -0.01940459,
        -0.054318517,
        -0.090863764,
        -0.13392802,
        -0.18593049,
        -0.25903216,
        -0.35577014,
        -0.45724696,
        -0.5374645,
        -0.6279429,
        -0.69318503,
        -0.7335597,
        -0.7851659,
        -0.8001237,
        -0.77840835,
        -0.75084335,
        -0.6739619,
        -0.6001136,
        -0.51197743,
        -0.40427315,
        -0.286,
        -0.1590999,
        -0.06152484,
        0.04024537,
        0.10070026,
        0.09804288,
        0.09636648,
        0.0664133,
        -0.018773794,
        -0.1024006,
        -0.18252194,
        -0.25247723,
        -0.33175245,
        -0.39875883,
        -0.42247236,
        -0.43353936,
        -0.41460806
    ],
    "y": [
        -0.10200906,
        -0.093687534,
        -0.0915966,
        -0.10760784,
        -0.09648967,
        -0.06335044,
        -0.037077665,
        0.010557175,
        0.036482573,
        0.02410078,
        0.006678343,
        -0.0016579628,
        -0.012827158,
        -0.026859045,
        -0.041224718,
        -0.058189154,
        -0.018218279,
        0.026115894,
        0.03473425,
        0.08892012,
        0.14843583,
        0.16905046,
        0.19948697,
        0.22587657,
        0.29800868,
        0.42249632,
        0.4538448,
        0.4887023,
        0.49047422,
        0.43532228,
        0.27154255,
        0.19458008,
        0.096892595,
        0.041655064,
        -0.0035812855,
        0.10764861,
        0.45875812,
        0.43233967,
        0.08591366,
        -0.4469247,
        -1.1773753,
        -1.864203,
        -2.5472884,
        -3.2004862,
        -3.8108788,
        -4.3100133,
        -4.7771754,
        -5.202405,
        -5.3695674,
        -5.2328753,
        -4.732565,
        -3.807407,
        -2.698511,
        -1.7234616,
        -1.0763988,
        -0.7687175,
        -0.7678106,
        -0.97822523,
        -1.3661256,
        -1.7443961,
        -2.0100782,
        -2.1132808,
        -2.0499609,
        -1.8597679,
        -1.6213946,
        -1.3853157,
        -1.2146642,
        -1.0417062,
        -0.9596504,
        -0.9210159,
        -0.8476288,
        -0.7765615,
        -0.68540895,
        -0.5710702,
        -0.52136123,
        -0.54732764,
        -0.62850547,
        -0.6892218,
        -0.78252524,
        -0.8769491,
        -1.0003519,
        -1.0677701,
        -1.1089727,
        -1.1034577,
        -1.071485,
        -1.0357778,
        -1.0047171,
        -0.9701474,
        -0.9144547,
        -0.85398275,
        -0.79791844,
        -0.71963155,
        -0.654894,
        -0.5751047,
        -0.5210378,
        -0.4570173,
        -0.42184138,
        -0.40640855,
        -0.3990934,
        -0.39553905,
        -0.37192988,
        -0.34760118,
        -0.31061244,
        -0.2418909,
        -0.22990465,
        -0.20288897,
        -0.15147638,
        -0.10706711,
        -0.08194327,
        -0.0716331,
        -0.04781127,
        -0.05856347,
        -0.06811881,
        -0.10044742,
        -0.12682843,
        -0.14243579,
        -0.161659,
        -0.14162326,
        -0.14232302,
        -0.09203625,
        -0.08419514,
        -0.049330235,
        -0.025769949,
        -0.027855396,
        0.009027481,
        0.037002802,
        0.04187107,
        0.033417463,
        0.030844927,
        -0.008618116,
        -0.02492261,
        -0.027654886,
        -0.04546523,
        -0.049663067,
        -0.03561282,
        -0.04417205,
        -0.05653262,
        -0.07556915,
        -0.07785416,
        -0.054338455,
        -0.048563004,
        -0.010655403,
        0.013605356,
        0.0336318,
        0.027849436,
        0.032288313,
        0.011231184,
        -0.00398612,
        -0.0034527779
    ],