{
    "class": "zneg",
    "duration_ms": 700,
    "x": [
        -0.14134166,
        -0.17418915,
        -0.1420938,
        -0.1358814,
        -0.11956249,
        -0.0690075,
        -0.041142106,
        -0.03995298,
        -0.0054482073,
        0.026919067,
        0.09078851,
        0.136011,
        0.15067141,
        0.22266105,
        0.25841415,
        0.344969,
        0.44021884,
        0.54205817,
        0.79609156,
        1.0384288,
        1.2260624,
        1.3712212,
        1.5460817,
        1.6840992,
        1.6321888,
        1.0750985,
        1.3504784,
        1.5709265,
        1.7838079,
        1.6762847,
        1.3102887,
        0.81692517,
        0.100145936,
        -0.803193,
        -1.8158119,
        -2.728257,
        -2.9926891,
        -3.0368378,
        -2.976802,
        -2.6838527,
        -2.2057765,
        -1.6286154,
        -1.0302072,
        -0.5587054,
        -0.08459383,
        0.33009708,
        0.64491993,
        0.94329464,
        1.2287053,
        1.448598,
        1.6423991,
        1.724325,
        1.715556,
        1.6154416,
        1.4721022,
        1.3180064,
        1.0527402,
        0.72565746,
        0.34803188,
        -0.025826156,
        -0.3413567,
        -0.5586337,
        -0.733958,
        -0.8909597,
        -1.0110738,
        -1.102306,
        -1.1440427,
        -1.1183267,
        -0.99988395,
        -0.75874317,
        -0.48607814,
        -0.2054621,
        0.0046019554,
        0.20912278,
        0.32943445,
        0.41342592,
        0.41755384,
        0.32417536,
        0.14683032,
        -0.011898279,
        -0.1471144,
        -0.2537732,
        -0.35014594,
        -0.42864704,
        -0.5078362,
        -0.61113423,
        -0.7091723,
        -0.8278466,
        -0.9117284,
        -0.93882775,
        -0.930678,
        -0.9350274,
        -0.91415334,
        -0.9075536,
        -0.8544375,
        -0.78732073,
        -0.6879928,
        -0.5612893,
        -0.40867174,
        -0.21197605,
        -0.013165712,
        0.14594144,
        0.25211897,
        0.31096828,
        0.33720034,
        0.32133207,
        0.27518028,
        0.23893839,
        0.20235032,
        0.15755492,
        0.075407386,
        0.046239197,
        -0.009372532,
        -0.055680275,
        -0.08095765,
        -0.11900312,
        -0.1388902,
        -0.17459899,
        -0.20005125,
        -0.25365168,
        -0.2706706,
        -0.30588526,
        -0.3063864,
        -0.30522573,
        -0.2637148,
        -0.24126881,
        -0.2494325,
        -0.24023432,
        -0.24466217,
        -0.21673071,
        -0.21329755,
        -0.17660552,
        -0.1423313,
        -0.15361297,
        -0.14348888,
        -0.15553385,
        -0.17870581,
        -0.20671153,
        -0.25490505,
        -0.27141666,
        -0.28326458,
        -0.30283558,
        -0.2943446,
        -0.2286731,
        -0.17693502,
        -0.14543235,
        -0.097453654,
        -0.08505887,
        -0.07893908
    ],
    "y": [
        0.07031155,
        0.04787731,
        0.041915894,
        0.01901865,
        0.0053887367,
        0.029389381,
        0.043001175,
        0.027222633,
        0.03224802,
        0.034321785,
        0.031211376,
        0.015996456,
        -0.023058891,
        -0.0856328,
        -0.10958767,
        -0.14779997,
        -0.19068956,
        -0.18353176,
        -0.16476631,
        -0.12917995,
        -0.15233564,
        -0.19904947,
        -0.20254469,
        -0.19451666,
        -0.1087451,
        0.11874914,
        -0.09588909,
        -0.54513836,
        -1.1802335,
        -1.7357228,
        -2.1570437,
        -2.4324565,
        -2.5191226,
        -2.2839398,
        -1.8315921,
        -1.1359134,
        -0.53244495,
        -0.16535473,
        -0.035204172,
        -0.085146666,
        -0.29921484,
        -0.6300533,
        -1.0034007,
        -1.2867975,
        -1.4840573,
        -1.6753182,
        -1.9141607,
        -2.2275581,
        -2.615489,
        -3.0338378,
        -3.4694586,
        -3.7609806,
        -3.9052022,
        -3.9250684,
        -3.8008394,
        -3.582479,
        -3.3273757,
        -3.0191813,
        -2.6701608,
        -2.3406758,
        -2.0503411,
        -1.8349847,
        -1.6942021,
        -1.5556744,
        -1.4071004,
        -1.2602384,
        -1.0909171,
        -0.9800832,
        -0.9441556,
        -0.9728892,
        -1.0628748,
        -1.1530396,
        -1.2396007,
        -1.2684896,
        -1.2858207,
        -1.225379,
        -1.1360621,
        -1.014296,
        -0.9140806,
        -0.8134141,
        -0.78403926,
        -0.8133807,
        -0.9321904,
        -1.0533376,
        -1.1426165,
        -1.1536658,
        -1.1098695,
        -1.032135,
        -0.9177065,
        -0.81409025,
        -0.7161174,
        -0.65252686,
        -0.6018915,
        -0.5791216,
        -0.5491662,
        -0.57522106,
        -0.6101489,
        -0.64468,
        -0.7081213,
        -0.7286253,
        -0.72989416,
        -0.72387314,
        -0.679523,
        -0.61606216,
        -0.54302835,
        -0.4726429,
        -0.40047598,
        -0.37486553,
        -0.38673878,
        -0.3890562,
        -0.44477558,
        -0.49225187,
        -0.53428173,
        -0.5331216,
        -0.5537143,
        -0.517128,
        -0.5096345,
        -0.4619441,
        -0.4147873,
        -0.39438963,
        -0.38144445,
        -0.38301516,
        -0.36781263,
        -0.3616743,
        -0.39058208,
        -0.39231348,
        -0.3643484,
        -0.3448186,
        -0.31920767,
        -0.278028,
        -0.22112846,
        -0.1721816,
        -0.11193752,
        -0.05468893,
        -0.026851177,
        0.021730423,
        0.047520638,
        0.09297562,
        0.07380104,
        0.08743572,
        0.05685234,
        0.05811453,
        0.028816223,
        0.0048155785,
        -0.0017724037,
        -0.0002975464,
        -0.0120334625,
        -0.000667572,
        0.02927494
    ],