{
    "class": "zneg",
    "duration_ms": 700,
    "x": [
        0.019326836,
        0.0920151,
        0.1534759,
        0.2186974,
        0.21437645,
        0.21943477,
        0.20756665,
        0.18340155,
        0.17987615,
        0.16079232,
        0.14713725,
        0.1288108,
        0.09833743,
        0.06722033,
        0.059064925,
        0.047527626,
        0.05176221,
        0.057527125,
        0.09104608,
        0.10477193,
        0.12756471,
        0.11181557,
        0.07945642,
        0.054471567,
        0.039278,
        0.0077325404,
        -0.02353853,
        -0.040433675,
        -0.08123845,
        -0.07922113,
        -0.082181215,
        -0.08767691,
        -0.095751315,
        -0.09458628,
        -0.10576886,
        -0.11749652,
        -0.17268711,
        -0.22856376,
        -0.21631399,
        -0.22914267,
        -0.16710699,
        -0.10209188,
        -0.036609724,
        -0.018384501,
        -0.0019815117,
        -0.025483996,
        -0.112340555,
        -0.19084483,
        -0.27527338,
        -0.3249559,
        -0.34658003,
        -0.25411293,
        -0.08509324,
        0.111468375,
        0.2867083,
        0.47039998,
        0.6298839,
        0.7847479,
        0.9016488,
        1.0452962,
        1.1418961,
        1.1987098,
        1.1715618,
        1.1342962,
        1.0039678,
        0.91744375,
        0.80249524,
        0.7538673,
        0.69628525,
        0.6200131,
        0.5898392,
        0.5566091,
        0.4342528,
        0.3147471,
        0.19191141,
        -0.007523358,
        -0.28151378,
        -0.5918894,
        -0.88152117,
        -1.3568522,
        -1.8338795,
        -2.2034342,
        -2.4262083,
        -2.2979465,
        -2.5325453,
        -3.0415401,
        -2.862269,
        -2.3122683,
        -1.8900452,
        -1.5287184,
        -1.0900812,
        -0.5721766,
        -0.03052926,
        0.4460183,
        0.78909636,
        1.0052005,
        1.082259,
        0.95223063,
        0.6728467,
        0.3125773,
        0.0709368,
        0.07455695,
        0.27034372,
        0.52955884,
        0.7830356,
        1.0211197,
        1.2063468,
        1.296592,
        1.3577064,
        1.3335235,
        1.2706045,
        1.1258982,
        0.8861936,
        0.52521574,
        0.11394256,
        -0.32767212,
        -0.74151754,
        -1.0956796,
        -1.3248702,
        -1.4450867,
        -1.4318651,
        -1.3209916,
        -1.1862555,
        -1.0459805,
        -0.9154656,
        -0.7832005,
        -0.66318214,
        -0.5932597,
        -0.54666126,
        -0.5444733,
        -0.57185656,
        -0.65213907,
        -0.696173,
        -0.7794654,
        -0.7908974,
        -0.78191525,
        -0.76543385,
        -0.7088967,
        -0.65113264,
        -0.58093977,
        -0.51110005,
        -0.48133153,
        -0.51775587,
        -0.6161831,
        -0.737365,
        -0.8875469,
        -1.0705066
    ],
    "y": [
        0.08496046,
        0.14888477,
        0.15662622,
        0.19894886,
        0.19724083,
        0.22077322,
        0.23350811,
        0.21875715,
        0.21447515,
        0.20823193,
        0.19015646,
        0.14576244,
        0.09624529,
        0.07467413,
        0.06875849,
        0.045101643,
        0.034816265,
        0.028631687,
        0.045896053,
        0.037029743,
        0.061974525,
        0.111157894,
        0.160851,
        0.17997551,
        0.20664263,
        0.17647648,
        0.13242197,
        0.055416107,
        0.021757126,
        -0.018830776,
        -0.078030586,
        -0.103298664,
        -0.099509716,
        -0.08569336,
        -0.06415033,
        -0.018036366,
        0.028914928,
        0.076798916,
        0.13283014,
        0.13515854,
        0.09404564,
        -0.022829533,
        -0.16916108,
        -0.29428053,
        -0.39070034,
        -0.39897275,
        -0.39565706,
        -0.29778123,
        -0.19424081,
        -0.09512997,
        -0.029614449,
        0.025448322,
        0.0050480366,
        -0.03194809,
        -0.06514096,
        -0.14548945,
        -0.2235012,
        -0.28574562,
        -0.37812233,
        -0.49620938,
        -0.5498791,
        -0.5966399,
        -0.6056409,
        -0.5696099,
        -0.5595634,
        -0.51026773,
        -0.47438812,
        -0.46905637,
        -0.45994306,
        -0.41265178,
        -0.29739213,
        -0.22757864,
        -0.12717581,
        -0.053403854,
        -0.012918949,
        0.033133984,
        0.07284808,
        0.024436474,
        -0.12981606,
        -0.19539261,
        -0.17200899,
        -0.10706711,
        -0.062216997,
        0.16922474,
        -0.105881214,
        -0.21810544,
        -0.168998,
        -0.42948705,
        -0.7913853,
        -1.0708927,
        -1.3602948,
        -1.6813794,
        -2.08193,
        -2.5014322,
        -2.9107056,
        -3.1946235,
        -3.311298,
        -3.123303,
        -2.7196102,
        -2.2723885,
        -1.8883123,
        -1.728101,
        -1.6697474,
        -1.7035744,
        -1.7720133,
        -1.8676953,
        -1.9900683,
        -2.1266065,
        -2.286426,
        -2.3996685,
        -2.4828181,
        -2.442622,
        -2.3249807,
        -2.0208433,
        -1.69923,
        -1.3121982,
        -0.8842887,
        -0.5170639,
        -0.23829311,
        -0.063697785,
        -0.0017707944,
        -0.027322993,
        -0.12658718,
        -0.20659298,
        -0.31509644,
        -0.41082734,
        -0.47388047,
        -0.517421,
        -0.59739876,
        -0.7026134,
        -0.76928264,
        -0.8414296,
        -0.84579456,
        -0.8551705,
        -0.8417919,
        -0.81852365,
        -0.7983732,
        -0.78491986,
        -0.7413882,
        -0.7056197,
        -0.62965727,
        -0.56617737,
        -0.47957277,
        -0.43007088,
        -0.3706813,
        -0.34786844,
        -0.2767663
    ],