{
    "class": "zneg",
    "duration_ms": 700,
    "x": [
        0.32877955,
        0.40862733,
        0.54232204,
        0.6993895,
        0.8257228,
        0.9457079,
        1.0451475,
        1.0979619,
        1.1164726,
        1.105494,
        1.0768336,
        1.0207446,
        0.92049444,
        0.77603775,
        0.6255973,
        0.45961154,
        0.30887467,
        0.20439674,
        0.086820334,
        -0.015042901,
        -0.122779444,
        -0.17474969,
        -0.20281722,
        -0.28375268,
        -0.38080242,
        -0.44206738,
        -0.48214492,
        -0.5701377,
        -0.61425227,
        -0.61648685,
        -0.62701416,
        -0.6506788,
        -0.6876366,
        -0.78591955,
        -0.86675084,
        -0.9803457,
        -1.0549142,
        -1.1497217,
        -1.2371538,
        -1.2597619,
        -1.2097325,
        -1.2324624,
        -1.0869795,
        -0.89703894,
        -0.7470028,
        -0.595556,
        -0.42873135,
        -0.25808257,
        -0.22108325,
        -0.24024403,
        -0.2377145,
        -0.14125478,
        0.07197669,
        0.28602022,
        0.5880492,
        0.91327727,
        1.2349508,
        1.5168881,
        1.7494302,
        1.8749704,
        1.9213036,
        1.874866,
        1.7833463,
        1.6295012,
        1.4367349,
        1.2193258,
        0.9606857,
        0.732924,
        0.5435157,
        0.36143184,
        0.24382478,
        0.17551824,
        0.17221683,
        0.16825777,
        0.2247951,
        0.26917237,
        0.34145284,
        0.43396145,
        0.51061046,
        0.5714381,
        0.60699886,
        0.636829,
        0.6014621,
        0.5419506,
        0.422849,
        0.3140536,
        0.17579663,
        0.035276175,
        -0.094946355,
        -0.23337418,
        -0.36537027,
        -0.45478523,
        -0.5111345,
        -0.55368185,
        -0.60621053,
        -0.6900854,
        -0.76697373,
        -0.85150343,
        -0.9273131,
        -0.9973438,
        -1.0549293,
        -1.0598834,
        -1.0676327,
        -0.9922299,
        -0.92233807,
        -0.81489086,
        -0.7440841,
        -0.64793026,
        -0.5482067,
        -0.4641285,
        -0.3596431,
        -0.2677565,
        -0.19994232,
        -0.12457034,
        -0.07477701,
        -0.052874655,
        -0.06139013,
        -0.11254087,
        -0.12773955,
        -0.17917606,
        -0.16674855,
        -0.16733682,
        -0.12403655,
        -0.087136745,
        -0.0374289,
        0.015826702,
        0.046789855,
        0.07052572,
        0.13793768,
        0.2543168,
        0.30285034,
        0.30293795,
        0.3022908,
        0.26474276,
        0.21618947,
        0.18009807,
        0.14685136,
        0.15243971,
        0.17053181,
        0.1701101,
        0.15125453,
        0.12812445,
        0.0645371,
        0.015421823,
        -0.029009745,
        -0.06909633,
        -0.12646626,
        -0.13899143,
        -0.1522102
    ],
    "y": [
        0.2030654,
        0.27929592,
        0.30700207,
        0.36988974,
        0.3942747,
        0.44253016,
        0.46678782,
        0.49780035,
        0.4900422,
        0.41973114,
        0.3345294,
        0.21992207,
        0.12096882,
        -0.019687176,
        -0.10223198,
        -0.1675191,
        -0.26076126,
        -0.29618835,
        -0.34994888,
        -0.42417383,
        -0.47109985,
        -0.52635145,
        -0.56576157,
        -0.55732965,
        -0.58019876,
        -0.56441927,
        -0.535573,
        -0.5473833,
        -0.55542994,
        -0.6204667,
        -0.71009445,
        -0.8518257,
        -0.9681761,
        -1.0561497,
        -1.1317804,
        -1.2400432,
        -1.2848625,
        -1.3112805,
        -1.2995255,
        -1.2797925,
        -1.28248,
        -1.1952486,
        -1.1673372,
        -1.1835419,
        -1.2106582,
        -1.2691826,
        -1.3900591,
        -1.6071322,
        -1.8423398,
        -2.0344174,
        -2.1410663,
        -2.109828,
        -2.0120091,
        -1.8395469,
        -1.6620255,
        -1.5737984,
        -1.5382268,
        -1.6530733,
        -1.7277117,
        -1.8053987,
        -1.7931175,
        -1.7632823,
        -1.7454324,
        -1.7240989,
        -1.6987255,
        -1.6166387,
        -1.4379427,
        -1.2286372,
        -0.9905419,
        -0.759344,
        -0.549611,
        -0.3592596,
        -0.24380827,
        -0.18216872,
        -0.1195631,
        -0.12283206,
        -0.1318016,
        -0.16984534,
        -0.20527577,
        -0.25170016,
        -0.3539009,
        -0.43689847,
        -0.49980283,
        -0.5655923,
        -0.5854373,
        -0.555984,
        -0.50977993,
        -0.43665743,
        -0.3672576,
        -0.31799698,
        -0.29357004,
        -0.2701559,
        -0.23609781,
        -0.25617743,
        -0.28493357,
        -0.25561,
        -0.24513912,
        -0.2155199,
        -0.19105959,
        -0.16505957,
        -0.12852383,
        -0.10353899,
        -0.114444256,
        -0.08765221,
        -0.10022402,
        -0.12386751,
        -0.12077856,
        -0.1202054,
        -0.13964939,
        -0.14150238,
        -0.12856054,
        -0.15617275,
        -0.18382978,
        -0.20433187,
        -0.21294928,
        -0.18812275,
        -0.17054558,
        -0.13644648,
        -0.10517931,
        -0.115329266,
        -0.14074564,
        -0.17190266,
        -0.230371,
        -0.2541523,
        -0.28165102,
        -0.28185654,
        -0.21896458,
        -0.18857479,
        -0.13781834,
        -0.11179781,
        -0.107611656,
        -0.079446316,
        -0.058164597,
        -0.043631077,
        -0.011724949,
        0.039923668,
        0.044291496,
        0.01563406,
        -0.005560398,
        -0.0076031685,
        -0.0674901,
        -0.07557106,
        -0.09688234,
        -0.11019516,
        -0.12758398,
        -0.13465023,
        -0.11940527,
        -0.13191271,
        -0.08829641
    ],