{
    "class": "zneg",
    "duration_ms": 700,
    "x": [
        0.047136992,
        0.07508457,
        0.120135695,
        0.1469473,
        0.11794534,
        0.09518349,
        0.04511577,
        0.0056325793,
        0.0072241426,
        -0.002765596,
        -0.0008262992,
        0.0033285022,
        -0.0045804083,
        -0.022101372,
        -0.023125976,
        -0.03631124,
        -0.018835157,
        -0.020757586,
        -0.0061721206,
        -0.027285993,
        -0.02666077,
        -0.07525194,
        -0.09821612,
        -0.17812453,
        -0.30192274,
        -0.43030936,
        -0.6042385,
        -0.7904631,
        -1.0015048,
        -1.2076316,
        -1.3926885,
        -1.4682318,
        -1.5794281,
        -1.6424733,
        -1.5883771,
        -1.3885665,
        -1.1844049,
        -1.0681281,
        -0.95333886,
        -0.8418411,
        -0.7222793,
        -0.5339234,
        -0.258049,
        0.054487754,
        0.49099576,
        0.9044838,
        1.282287,
        1.5796809,
        1.7659473,
        1.6992589,
        1.4343882,
        1.0370376,
        0.73143554,
        0.5188722,
        0.3948851,
        0.32356453,
        0.37169448,
        0.4603927,
        0.52223414,
        0.510877,
        0.43273985,
        0.34581378,
        0.26896802,
        0.33255768,
        0.49646944,
        0.70994556,
        0.8450715,
        0.8834997,
        0.8314209,
        0.7652643,
        0.6567257,
        0.5660331,
        0.44825113,
        0.32512987,
        0.22770606,
        0.15118143,
        0.061857,
        -0.014267385,
        -0.039487615,
        -0.019166313,
        0.07711077,
        0.1556703,
        0.21134374,
        0.28232622,
        0.3660191,
        0.41920143,
        0.47985673,
        0.4806847,
        0.47892347,
        0.46045697,
        0.39935094,
        0.34165043,
        0.24975823,
        0.17945576,
        0.06900263,
        -0.0046842843,
        -0.043899134,
        -0.074663326,
        -0.08933819,
        -0.082791775,
        -0.05930373,
        -0.04718882,
        -0.04410529,
        -0.038446054,
        -0.049850598,
        -0.069318295,
        -0.12612256,
        -0.17296414,
        -0.23697162,
        -0.29490638,
        -0.32823902,
        -0.34681958,
        -0.31732535,
        -0.24430613,
        -0.18964463,
        -0.11460155,
        -0.07876669,
        -0.057950996,
        -0.016150475,
        -0.0032357574,
        0.012637123,
        0.039286792,
        0.0529951,
        0.02042757,
        -0.024972558,
        -0.07400642,
        -0.10308766,
        -0.11279845,
        -0.15895277,
        -0.15119366,
        -0.111196935,
        -0.14411414,
        -0.13981237,
        -0.15570709,
        -0.17005405,
        -0.16831158,
        -0.16695955,
        -0.13679056,
        -0.065514185,
        0.030578941,
        0.14443368,
        0.26418483,
        0.36584473,
        0.4613495,
        0.5024909,
        0.50785315,
        0.40739346,
        0.31985772
    ],
    "y": [
        0.11519456,
        0.06708908,
        0.058710814,
        0.004278183,
        0.02509594,
        0.042114735,
        0.10021639,
        0.14443207,
        0.16733599,
        0.1523006,
        0.13958192,
        0.12176776,
        0.08465505,
        0.059217453,
        0.033330202,
        -0.0002529621,
        -0.048638344,
        -0.09740567,
        -0.12761354,
        -0.14633203,
        -0.15353155,
        -0.15608025,
        -0.14174247,
        -0.16702008,
        -0.10510349,
        -0.081796646,
        -0.04593563,
        -0.008382797,
        0.039231777,
        0.10523367,
        0.13567281,
        0.13846087,
        0.13363409,
        0.083516836,
        -0.021097898,
        -0.19007182,
        -0.43045855,
        -0.71672726,
        -0.88292146,
        -0.9124427,
        -0.768131,
        -0.58430004,
        -0.38721776,
        -0.20613217,
        -0.1745584,
        -0.3911767,
        -0.8051038,
        -1.2949946,
        -1.7744169,
        -2.1941962,
        -2.5520735,
        -2.770688,
        -2.8460913,
        -2.744846,
        -2.581857,
        -2.4623053,
        -2.4278452,
        -2.3401515,
        -2.1169403,
        -1.7422628,
        -1.3601682,
        -1.0192999,
        -0.7331688,
        -0.6618958,
        -0.774325,
        -1.0317266,
        -1.2989016,
        -1.4972006,
        -1.5831469,
        -1.5489218,
        -1.4845144,
        -1.4537327,
        -1.4512229,
        -1.4217026,
        -1.3441832,
        -1.2197692,
        -1.0551627,
        -0.8624872,
        -0.6711426,
        -0.5322823,
        -0.43718454,
        -0.4055109,
        -0.4063952,
        -0.46857846,
        -0.517541,
        -0.6315407,
        -0.7115749,
        -0.7711486,
        -0.7900567,
        -0.77204776,
        -0.71848416,
        -0.678674,
        -0.66125965,
        -0.6344584,
        -0.60501766,
        -0.58235383,
        -0.5400846,
        -0.48311734,
        -0.44746566,
        -0.44765902,
        -0.4289992,
        -0.40391636,
        -0.40636587,
        -0.37703085,
        -0.34059525,
        -0.3456738,
        -0.3023467,
        -0.30951142,
        -0.2985599,
        -0.2796576,
        -0.27224612,
        -0.24536705,
        -0.2110858,
        -0.20278192,
        -0.18912506,
        -0.15803576,
        -0.15719986,
        -0.15082192,
        -0.13423681,
        -0.14356613,
        -0.15261126,
        -0.19256425,
        -0.23689461,
        -0.27331662,
        -0.2417388,
        -0.1683588,
        -0.093930006,
        -0.035242558,
        0.0147612095,
        -0.011130571,
        0.0017602444,
        -0.011232376,
        0.00950861,
        0.020874977,
        0.058609486,
        0.070049286,
        0.08854079,
        0.08046508,
        0.034033537,
        -0.00035881996,
        -0.03917098,
        -0.055800676,
        -0.064462185,
        -0.03908062,
        -0.034804106,
        -0.020547867,
        -0.025208235,
        0.053922653
    ],