{
    "class": "zneg",
    "duration_ms": 700,
    "x": [
        0.05687812,
        0.067202985,
        0.061157733,
        0.06500763,
        0.04775411,
        0.028642565,
        0.012346745,
        -0.025154829,
        -0.05083269,
        -0.08402303,
        -0.09634039,
        -0.11650029,
        -0.12064496,
        -0.08986363,
        -0.050267786,
        -0.039634764,
        -0.00043559074,
        0.05298862,
        0.05645579,
        0.07448506,
        0.06429726,
        0.061752766,
        0.042918295,
        0.0553613,
        0.056163818,
        0.07626191,
        0.10382891,
        0.103229105,
        0.09122667,
        0.08690998,
        0.07109395,
        0.041640878,
        0.017670333,
        0.011096865,
        -0.042301297,
        -0.04945284,
        -0.065271854,
        -0.068192005,
        -0.091544986,
        -0.10899359,
        -0.13969484,
        -0.18141627,
        -0.20323813,
        -0.26710474,
        -0.28715372,
        -0.32760513,
        -0.34300977,
        -0.3975317,
        -0.44563335,
        -0.51809114,
        -0.5694484,
        -0.59739196,
        -0.6451751,
        -0.68681085,
        -0.75129634,
        -0.78035253,
        -0.79558223,
        -0.7688362,
        -0.73898816,
        -0.63243127,
        -0.57384187,
        -0.51525396,
        -0.4918871,
        -0.47438616,
        -0.42172205,
        -0.3333633,
        -0.18951559,
        -0.0660038,
        0.092924654,
        0.24219465,
        0.4509408,
        0.61613107,
        0.71597266,
        0.8121111,
        0.8433988,
        0.7867615,
        0.67844886,
        0.5402283,
        0.36771488,
        0.22437268,
        0.078994155,
        -0.011236072,
        -0.076521635,
        -0.12494278,
        -0.1321361,
        -0.11345494,
        -0.059669018,
        0.019328713,
        0.10383493,
        0.13459218,
        0.12697172,
        0.08517283,
        0.032958567,
        0.027989984,
        0.051188946,
        0.085755765,
        0.09588784,
        0.09146249,
        0.10847843,
        0.11576885,
        0.10337585,
        0.09012985,
        0.10656321,
        0.115673065,
        0.06613892,
        0.050429642,
        0.051262796,
        0.04913491,
        0.04634583,
        0.07147008,
        0.10311568,
        0.14173627,
        0.17105931,
        0.17951381,
        0.18186355,
        0.1760959,
        0.18897316,
        0.19206467,
        0.18821743,
        0.17063674,
        0.12989008,
        0.08048478,
        0.041755617,
        0.018760145,
        -0.0050626397,
        -0.0415909,
        -0.07649198,
        -0.13370794,
        -0.15339124,
        -0.1523968,
        -0.17630252,
        -0.18929175,
        -0.20595752,
        -0.24568963,
        -0.2608872,
        -0.2923137,
        -0.26580313,
        -0.23154029,
        -0.19909991,
        -0.1852139,
        -0.15159516,
        -0.14858422,
        -0.18582124,
        -0.17953092,
        -0.2040739,
        -0.19975072,
        -0.21462125,
        -0.20340714,
        -0.18529321
    ],
    "y": [
        -0.028341293,
        -0.041665554,
        -0.050115585,
        -0.034763336,
        -0.022109509,
        0.028069496,
        0.034659386,
        0.00042247772,
        0.018232822,
        -0.014410496,
        0.00502491,
        -0.01636076,
        -0.028318882,
        -0.05214405,
        -0.08030176,
        -0.07231808,
        -0.063946724,
        -0.0383873,
        -0.024067402,
        -0.0063877106,
        0.0028018951,
        0.01794672,
        0.027071953,
        0.05393982,
        0.04847336,
        0.051176548,
        0.004825115,
        -0.01669836,
        -0.035021305,
        -0.03367424,
        -0.010475159,
        -0.003721714,
        0.031754494,
        0.057678223,
        0.062363148,
        0.09589338,
        0.1060524,
        0.08384991,
        0.08443642,
        0.07463598,
        0.09277344,
        0.09610176,
        0.09441376,
        0.12124777,
        0.11951065,
        0.13258123,
        0.09429264,
        0.109867096,
        0.14823532,
        0.17146826,
        0.19186306,
        0.19775653,
        0.187284,
        0.17977452,
        0.1753192,
        0.13437986,
        0.113266945,
        0.04959154,
        0.01243186,
        -0.0054359436,
        -0.023164272,
        -0.054996014,
        -0.091056824,
        -0.102591515,
        -0.13023424,
        -0.18841791,
        -0.21979189,
        -0.32262397,
        -0.3971902,
        -0.50442505,
        -0.6168283,
        -0.7358156,
        -0.87963337,
        -1.0498878,
        -1.2098572,
        -1.3944092,
        -1.521241,
        -1.584993,
        -1.5782534,
        -1.5124272,
        -1.4725804,
        -1.4898124,
        -1.499466,
        -1.4606204,
        -1.3975286,
        -1.3585068,
        -1.4282476,
        -1.5113904,
        -1.6097904,
        -1.6455847,
        -1.6363187,
        -1.613881,
        -1.5261303,
        -1.4720232,
        -1.4045551,
        -1.3534875,
        -1.2578064,
        -1.1643739,
        -1.0746003,
        -0.95688957,
        -0.866111,
        -0.783143,
        -0.7128818,
        -0.6816633,
        -0.6537225,
        -0.66284156,
        -0.65893996,
        -0.66141486,
        -0.6680311,
        -0.6787224,
        -0.71492314,
        -0.7476957,
        -0.81485295,
        -0.84183145,
        -0.8949981,
        -0.91367745,
        -0.9399915,
        -0.9249265,
        -0.90343904,
        -0.8410857,
        -0.7658198,
        -0.6651411,
        -0.5434964,
        -0.42227602,
        -0.32297182,
        -0.27912998,
        -0.18795252,
        -0.1477704,
        -0.09676409,
        -0.06391859,
        -0.05434513,
        -0.037421703,
        -0.025574684,
        -0.038276672,
        -0.037784576,
        -0.026896954,
        -0.020481586,
        -0.011713028,
        -0.027151585,
        -0.01916933,
        -0.011828899,
        0.013720989,
        0.052496433,
        0.09235144,
        0.11626625,
        0.08829117,
        0.0631628,
        0.03591919,
        0.025442123
    ],