{
    "class": "zneg",
    "duration_ms": 700,
    "x": [
        -0.061887547,
        -0.0063224286,
        0.08949926,
        0.17586896,
        0.23188163,
        0.30528203,
        0.30535555,
        0.24624635,
        0.21823803,
        0.14474207,
        0.061648585,
        -0.014298737,
        -0.07851769,
        -0.11658509,
        -0.15467328,
        -0.1590716,
        -0.1536063,
        -0.15930296,
        -0.16210786,
        -0.17626433,
        -0.17339823,
        -0.17997526,
        -0.18410942,
        -0.16939701,
        -0.17625147,
        -0.19515258,
        -0.23310663,
        -0.26162305,
        -0.28312916,
        -0.25998825,
        -0.26854196,
        -0.26068312,
        -0.26459038,
        -0.25838792,
        -0.2586264,
        -0.27960563,
        -0.33349878,
        -0.39954394,
        -0.442568,
        -0.5324249,
        -0.63153887,
        -0.75929093,
        -0.9247946,
        -1.1484895,
        -1.4246473,
        -1.716,
        -1.9367776,
        -2.1633365,
        -2.3730793,
        -2.552376,
        -2.7101486,
        -2.7728584,
        -2.7692132,
        -2.658534,
        -2.493964,
        -2.2698069,
        -1.8739073,
        -1.3873873,
        -0.8738823,
        -0.33982718,
        0.29963177,
        1.0208185,
        1.8398733,
        2.5625372,
        3.1395373,
        3.598686,
        3.7663937,
        3.484027,
        2.8998024,
        2.2507703,
        1.7368461,
        1.5173726,
        1.5390694,
        1.6465129,
        1.7681711,
        1.8102365,
        1.7529057,
        1.6697685,
        1.5822952,
        1.4668176,
        1.3300829,
        1.1581419,
        0.97853065,
        0.7342169,
        0.5524175,
        0.39287612,
        0.26331633,
        0.2103146,
        0.21109527,
        0.29601285,
        0.41410065,
        0.5529117,
        0.66449994,
        0.78483355,
        0.90218836,
        0.9734875,
        1.0082686,
        1.0210204,
        1.0000609,
        0.9554398,
        0.908934,
        0.82936007,
        0.7167262,
        0.5805502,
        0.35869592,
        0.13058874,
        -0.06262255,
        -0.23982146,
        -0.37632936,
        -0.44258896,
        -0.48545003,
        -0.48031044,
        -0.46500173,
        -0.4179279,
        -0.36809087,
        -0.33979577,
        -0.3311128,
        -0.31859726,
        -0.34575677,
        -0.41319883,
        -0.49030718,
        -0.5606117,
        -0.6075668,
        -0.63361,
        -0.61000586,
        -0.63020015,
        -0.6367308,
        -0.6942561,
        -0.68550897,
        -0.6918074,
        -0.7154507,
        -0.73941565,
        -0.7370235,
        -0.7439515,
        -0.71942544,
        -0.70899713,
        -0.7102039,
        -0.7277106,
        -0.70886075,
        -0.71580154,
        -0.7225764,
        -0.7321187,
        -0.670756,
        -0.60574305,
        -0.47732204,
        -0.3212518,
        -0.16843125,
        -0.023311049,
        0.104884,
        0.2162526
    ],
    "y": [
        -0.052356243,
        -0.051880836,
        -0.030271053,
        -0.016370773,
        0.015872955,
        0.011701584,
        0.01898098,
        0.035316467,
        0.020219326,
        0.042744637,
        0.009881496,
        -0.009191036,
        -0.042978764,
        -0.041450977,
        -0.04743004,
        -0.074839115,
        -0.06863308,
        -0.03349924,
        -0.028721333,
        -0.0038237572,
        0.010342598,
        0.014073849,
        0.0099077225,
        -0.001985073,
        -0.01684475,
        -0.04184723,
        -0.0035686493,
        0.01893568,
        0.01849413,
        0.0544672,
        0.029054165,
        0.016446114,
        -0.011878014,
        0.008595467,
        0.0019207001,
        0.0044469833,
        0.02847147,
        0.04843521,
        0.07238984,
        0.1081543,
        0.06650758,
        0.03590846,
        0.04068613,
        0.033291817,
        -0.02195406,
        -0.08151698,
        -0.18056035,
        -0.2605703,
        -0.36365438,
        -0.5029216,
        -0.6359701,
        -0.8229666,
        -0.9276117,
        -1.0244904,
        -1.1435424,
        -1.3370066,
        -1.607696,
        -1.9590621,
        -2.3426878,
        -2.8402147,
        -3.3982077,
        -4.0531626,
        -4.754826,
        -5.421158,
        -5.827316,
        -5.776228,
        -5.226146,
        -4.3094897,
        -3.2420554,
        -2.283485,
        -1.5893193,
        -1.2377952,
        -1.2038597,
        -1.3261496,
        -1.5057825,
        -1.6631395,
        -1.7474196,
        -1.7201984,
        -1.5864286,
        -1.4657575,
        -1.327219,
        -1.2141066,
        -1.1199443,
        -0.9884995,
        -0.8647936,
        -0.76331246,
        -0.67742157,
        -0.6007292,
        -0.6033209,
        -0.6785984,
        -0.7454156,
        -0.8254283,
        -0.925736,
        -1.0268852,
        -1.1377548,
        -1.2531778,
        -1.3465221,
        -1.453615,
        -1.5815605,
        -1.6657534,
        -1.8372443,
        -1.9468546,
        -2.036656,
        -2.0694945,
        -1.9745731,
        -1.8367159,
        -1.6593084,
        -1.4388951,
        -1.2058222,
        -0.99317074,
        -0.81529784,
        -0.68451786,
        -0.62989116,
        -0.6112113,
        -0.61920285,
        -0.661392,
        -0.6305926,
        -0.6229613,
        -0.5456054,
        -0.43956256,
        -0.33144093,
        -0.20955324,
        -0.08857584,
        -0.0022432804,
        0.01570201,
        0.01766777,
        -0.020650148,
        -0.022907257,
        -0.039790392,
        -0.040436745,
        -0.07050967,
        -0.07025051,
        -0.07333422,
        -0.077367544,
        -0.06569266,
        -0.076663494,
        -0.07443762,
        -0.07826328,
        -0.06658554,
        -0.0562675,
        -0.04967332,
        -0.029955149,
        -0.052124977,
        -0.041926384,
        -0.03527069,
        -0.04185438,
        -0.07136297,
        -0.11428666,
        -0.08458686,
        -0.07093525
    ],