{
    "class": "zneg",
    "duration_ms": 700,
    "x": [
        0.14414586,
        0.22069353,
        0.25454217,
        0.30032784,
        0.33385205,
        0.33848208,
        0.31925905,
        0.3169725,
        0.34094882,
        0.3699853,
        0.444824,
        0.57674193,
        0.6958719,
        0.7689549,
        0.8366364,
        0.8705269,
        0.84242296,
        0.7600136,
        0.67876256,
        0.49343538,
        0.3763051,
        0.2695475,
        0.15391475,
        0.03398317,
        -0.0329659,
        -0.15939873,
        -0.2757575,
        -0.45114833,
        -0.6491516,
        -0.83768106,
        -1.0087407,
        -1.247978,
        -1.4355385,
        -1.6218106,
        -1.7762041,
        -1.8780111,
        -1.9352863,
        -1.9272933,
        -1.8145967,
        -1.5957452,
        -1.3124026,
        -1.010715,
        -0.70106006,
        -0.31220865,
        0.07240641,
        0.41028726,
        0.66590816,
        0.8037773,
        0.88846934,
        0.9213876,
        0.9398295,
        0.9069962,
        0.84394217,
        0.7597838,
        0.64022136,
        0.49308574,
        0.30499053,
        0.18459815,
        0.090272784,
        0.026082873,
        -0.04927063,
        -0.10559237,
        -0.21338916,
        -0.30480075,
        -0.40537298,
        -0.4811198,
        -0.5849639,
        -0.6296508,
        -0.7100087,
        -0.72215277,
        -0.7367484,
        -0.74727076,
        -0.76119024,
        -0.7881189,
        -0.77307737,
        -0.78340626,
        -0.7862038,
        -0.76971304,
        -0.7434579,
        -0.7189354,
        -0.6980044,
        -0.6035139,
        -0.5569836,
        -0.48614198,
        -0.44090474,
        -0.41123903,
        -0.38472575,
        -0.36794424,
        -0.35087264,
        -0.34073496,
        -0.32606572,
        -0.32922858,
        -0.30767357,
        -0.25926495,
        -0.21527296,
        -0.19029677,
        -0.14890522,
        -0.12023246,
        -0.09501135,
        -0.07347572,
        -0.014931142,
        0.063987434,
        0.123215675,
        0.1993261,
        0.23533088,
        0.24811341,
        0.24485353,
        0.20847881,
        0.18649817,
        0.12837952,
        0.09166893,
        0.069245964,
        0.010899752,
        -0.01632899,
        -0.04578933,
        -0.08690816,
        -0.10825828,
        -0.13357803,
        -0.11734685,
        -0.15268639,
        -0.13435888,
        -0.15105882,
        -0.15547037,
        -0.17666462,
        -0.1722995,
        -0.169155,
        -0.16765127,
        -0.12246528,
        -0.10056728,
        -0.05862218,
        -0.048826993,
        -0.02744162,
        -0.058475107,
        -0.03340113,
        -0.0020002127,
        -0.021146059,
        0.0049952567,
        -0.012122482,
        0.0085044205,
        -0.00056248903,
        -0.02545771,
        -0.04287246,
        -0.062995374,
        -0.062342197,
        -0.076996714,
        -0.059158266,
        -0.04487756,
        -0.026860982
    ],
    "y": [
        -0.039412975,
        -0.031909943,
        -0.056492805,
        -0.060489655,
        -0.06998539,
        -0.049221516,
        -0.015014648,
        0.0016841888,
        -0.0036959648,
        0.009452343,
        0.050637245,
        0.108043194,
        0.15573978,
        0.17268658,
        0.20467997,
        0.21883059,
        0.23486137,
        0.26970005,
        0.25229168,
        0.19676447,
        0.1594119,
        0.12635708,
        0.10512304,
        0.05767107,
        0.034233093,
        -0.029723167,
        -0.05977106,
        -0.124910355,
        -0.18154526,
        -0.22658396,
        -0.24741507,
        -0.2532401,
        -0.2202928,
        -0.1443491,
        -0.14828706,
        -0.15424657,
        -0.21167874,
        -0.343987,
        -0.50554144,
        -0.7256973,
        -0.9286768,
        -1.0865031,
        -1.3120952,
        -1.5675213,
        -1.7526648,
        -1.9633822,
        -2.1181135,
        -2.2425156,
        -2.2538402,
        -2.212298,
        -2.1031613,
        -2.0016713,
        -1.9466374,
        -1.9785877,
        -2.001526,
        -2.041773,
        -2.0900052,
        -2.101665,
        -2.0711071,
        -2.0312893,
        -2.000954,
        -1.9651985,
        -1.8779156,
        -1.7598672,
        -1.641257,
        -1.5399401,
        -1.4546514,
        -1.3556063,
        -1.2635957,
        -1.1113642,
        -0.9969013,
        -0.8627142,
        -0.79235744,
        -0.69465184,
        -0.5763247,
        -0.4871719,
        -0.42187548,
        -0.3679886,
        -0.31771898,
        -0.28969598,
        -0.26434588,
        -0.31546545,
        -0.35903406,
        -0.4117756,
        -0.46398997,
        -0.5225501,
        -0.5489962,
        -0.56233287,
        -0.51695204,
        -0.44404888,
        -0.3627963,
        -0.25918818,
        -0.18872929,
        -0.115850925,
        -0.0815835,
        -0.05760193,
        -0.0610981,
        -0.08286095,
        -0.13279533,
        -0.17296791,
        -0.20852089,
        -0.23507452,
        -0.26979256,
        -0.26749992,
        -0.29536486,
        -0.31511593,
        -0.30767202,
        -0.2611456,
        -0.2283144,
        -0.19978571,
        -0.13518047,
        -0.106527805,
        -0.097055435,
        -0.094860554,
        -0.092745304,
        -0.08098745,
        -0.08098173,
        -0.05904913,
        -0.0414505,
        -0.06626701,
        -0.054392815,
        -0.06069994,
        -0.037271976,
        -0.005756855,
        0.021754265,
        0.052297115,
        0.03558159,
        0.0075883865,
        0.04238701,
        0.05374527,
        0.110991,
        0.12310743,
        0.14750814,
        0.15077925,
        0.15450907,
        0.1372261,
        0.10619974,
        0.102119446,
        0.09133053,
        0.10495329,
        0.121346,
        0.14514351,
        0.18577862,
        0.18093967,
        0.16647816,
        0.14240551,
        0.09438372,
        0.051013947
    ],