{
    "class": "zneg",
    "duration_ms": 700,
    "x": [
        0.3555677,
        0.4093122,
        0.5193044,
        0.6029069,
        0.6823974,
        0.72775495,
        0.74363726,
        0.7436856,
        0.7657509,
        0.6853309,
        0.60330915,
        0.42458457,
        0.23100439,
        0.005629897,
        -0.15174147,
        -0.3239748,
        -0.45349318,
        -0.5526899,
        -0.6195093,
        -0.7213136,
        -0.80282885,
        -0.8727985,
        -0.9749184,
        -1.0344391,
        -1.0901808,
        -1.0967182,
        -1.032195,
        -0.9175011,
        -0.8642873,
        -0.7453377,
        -0.6418638,
        -0.52360284,
        -0.3971176,
        -0.23230878,
        -0.11238849,
        -0.033841908,
        -0.012145609,
        -0.019969702,
        -0.042179346,
        -0.04887384,
        -0.07650271,
        -0.10103035,
        -0.07668021,
        -0.058599383,
        -0.03514579,
        0.0032102764,
        0.11908066,
        0.27008647,
        0.44993752,
        0.56307954,
        0.65700185,
        0.6668023,
        0.65253127,
        0.58836126,
        0.5181947,
        0.43802783,
        0.37726852,
        0.3147656,
        0.23864873,
        0.20382425,
        0.18369623,
        0.2208447,
        0.24979818,
        0.3053591,
        0.34343097,
        0.34447837,
        0.40395114,
        0.41173756,
        0.3749216,
        0.2840985,
        0.19213694,
        0.108697444,
        0.076563,
        0.00933376,
        -0.040479988,
        -0.07992935,
        -0.17321801,
        -0.2815619,
        -0.41422123,
        -0.51121104,
        -0.57471526,
        -0.6355543,
        -0.66724706,
        -0.7197275,
        -0.7475281,
        -0.8082798,
        -0.85692877,
        -0.89849573,
        -0.8806861,
        -0.8539691,
        -0.81389767,
        -0.7415198,
        -0.62233925,
        -0.5302215,
        -0.4238979,
        -0.3171801,
        -0.2313439,
        -0.19493178,
        -0.13373539,
        -0.13404319,
        -0.1459367,
        -0.17696097,
        -0.20366517,
        -0.25260472,
        -0.29773077,
        -0.33193308,
        -0.3360362,
        -0.30765718,
        -0.2894731,
        -0.2620343,
        -0.20338058,
        -0.14671755,
        -0.13021377,
        -0.14179254,
        -0.15035087,
        -0.15352526,
        -0.16328481,
        -0.16301084,
        -0.18395153,
        -0.2071568,
        -0.20667955,
        -0.19695097,
        -0.17085555,
        -0.12103152,
        -0.095226884,
        -0.0430793,
        -0.00046621263,
        0.044704795,
        0.092573255,
        0.13607475,
        0.15865017,
        0.16041678,
        0.16755673,
        0.16309431,
        0.1445064,
        0.15241367,
        0.16768402,
        0.15687779,
        0.17272918,
        0.17928,
        0.16440573,
        0.12802944,
        0.08910536,
        0.052339613,
        0.003322348,
        -0.024503008,
        -0.040761366,
        -0.06941424,
        -0.091165274
    ],
    "y": [
        0.02913332,
        0.0025100708,
        -0.0484519,
        -0.073525906,
        -0.110851765,
        -0.13291693,
        -0.15339804,
        -0.13184404,
        -0.17120314,
        -0.27125072,
        -0.34549809,
        -0.40323353,
        -0.43687582,
        -0.51531506,
        -0.568758,
        -0.61138725,
        -0.65523434,
        -0.76044226,
        -0.8556256,
        -0.98664665,
        -1.1250415,
        -1.2540803,
        -1.3565834,
        -1.4533899,
        -1.5101683,
        -1.5714567,
        -1.574197,
        -1.6108837,
        -1.5950243,
        -1.555691,
        -1.5176556,
        -1.4630173,
        -1.4033093,
        -1.4054778,
        -1.4912521,
        -1.6418211,
        -1.7667873,
        -1.888133,
        -1.9463055,
        -1.9629235,
        -1.8708024,
        -1.7938681,
        -1.7215497,
        -1.6690726,
        -1.6010408,
        -1.5609461,
        -1.5063616,
        -1.5335175,
        -1.6352687,
        -1.782232,
        -1.9061356,
        -1.9859694,
        -1.9598804,
        -1.835305,
        -1.7033017,
        -1.5760319,
        -1.4539877,
        -1.3833997,
        -1.2506007,
        -1.1697363,
        -1.1137259,
        -1.0699546,
        -1.0689714,
        -1.059962,
        -1.0853784,
        -1.1227114,
        -1.149394,
        -1.1665986,
        -1.2114356,
        -1.2137566,
        -1.1970842,
        -1.1875756,
        -1.2019627,
        -1.244765,
        -1.3301306,
        -1.4168339,
        -1.4900017,
        -1.5108099,
        -1.4670138,
        -1.4013448,
        -1.3612535,
        -1.2794311,
        -1.2202845,
        -1.1454382,
        -1.0477357,
        -0.934535,
        -0.81117105,
        -0.71428776,
        -0.6161003,
        -0.60850525,
        -0.6204977,
        -0.6218004,
        -0.663393,
        -0.6597276,
        -0.65421677,
        -0.5992894,
        -0.5763426,
        -0.53748035,
        -0.49715376,
        -0.4148779,
        -0.388865,
        -0.3187809,
        -0.26465225,
        -0.20027876,
        -0.12341213,
        -0.08210468,
        -0.04532814,
        0.017910957,
        -0.0024514198,
        -0.0034899712,
        0.029215813,
        0.04060793,
        0.07380438,
        0.097788334,
        0.122015476,
        0.14401913,
        0.15647936,
        0.15931082,
        0.14774132,
        0.13369036,
        0.13150167,
        0.0933857,
        0.09329176,
        0.08332682,
        0.0849514,
        0.07409716,
        0.07466698,
        0.05797863,
        0.067192554,
        0.06392002,
        0.07208967,
        0.084414005,
        0.081635,
        0.06852484,
        0.06656599,
        0.047097206,
        0.03895569,
        0.02797699,
        0.0142121315,
        0.0071816444,
        -0.0002975464,
        -0.0059318542,
        0.0214324,
        -0.013941765,
        0.0076270103,
        -0.007142067,
        -0.020019054,
        -0.004681587,
        -0.016206264
    ],