{
    "class": "zneg",
    "duration_ms": 700,
    "x": [
        0.08460958,
        0.06601843,
        0.008188836,
        -0.026829205,
        -0.07213656,
        -0.1274078,
        -0.12581,
        -0.14105526,
        -0.084900245,
        -0.026654407,
        0.00723283,
        0.019124255,
        0.051789925,
        0.050109416,
        0.10170989,
        0.09684344,
        0.06718859,
        0.05660665,
        0.0304071,
        0.015577167,
        0.01680544,
        0.014521241,
        0.024926007,
        0.013931155,
        0.05022341,
        0.018116057,
        -0.045188427,
        -0.17702568,
        -0.27187866,
        -0.394674,
        -0.49288625,
        -0.61383855,
        -0.74125814,
        -0.8266091,
        -0.8204782,
        -0.7951684,
        -0.6002886,
        -0.24065852,
        0.19803244,
        0.58202124,
        0.8984943,
        1.205144,
        1.5275966,
        1.7734324,
        1.947988,
        2.036307,
        2.019402,
        1.8371657,
        1.6575899,
        1.3727579,
        1.1147344,
        0.801665,
        0.525571,
        0.28092274,
        0.10773349,
        -0.07587302,
        -0.29642916,
        -0.5040955,
        -0.69270647,
        -0.9212221,
        -1.1220223,
        -1.2901485,
        -1.3973302,
        -1.4537555,
        -1.4413399,
        -1.4188335,
        -1.4085927,
        -1.3655701,
        -1.2685332,
        -1.1226627,
        -0.9545399,
        -0.7574025,
        -0.5269651,
        -0.3302963,
        -0.1647985,
        -0.049645215,
        0.022205383,
        0.08164725,
        0.1259405,
        0.17620112,
        0.25136662,
        0.29152584,
        0.3060815,
        0.29730457,
        0.28183043,
        0.25255683,
        0.20278071,
        0.18065414,
        0.13640624,
        0.10850695,
        0.0897522,
        0.046497345,
        -0.0025605857,
        -0.064746976,
        -0.14255318,
        -0.20219895,
        -0.24799868,
        -0.26978698,
        -0.27149126,
        -0.2283985,
        -0.14950174,
        -0.0967035,
        -0.010319352,
        0.041628107,
        0.10839528,
        0.1629523,
        0.20468634,
        0.21613581,
        0.21834828,
        0.1632137,
        0.079901695,
        0.026657209,
        -0.021926433,
        -0.0867106,
        -0.08585259,
        -0.09299457,
        -0.1149697,
        -0.13983695,
        -0.13218805,
        -0.13815054,
        -0.15129048,
        -0.20565616,
        -0.28471923,
        -0.2953354,
        -0.26381916,
        -0.22576776,
        -0.17633426,
        -0.07472712,
        0.035867482,
        0.11454757,
        0.22088262,
        0.29025877,
        0.32050538,
        0.33124948,
        0.30128002,
        0.27647397,
        0.22868139,
        0.1487086,
        0.03690863,
        -0.08751073,
        -0.20543003,
        -0.30263275,
        -0.37953225,
        -0.4007579,
        -0.43361714,
        -0.42334247,
        -0.40123135,
        -0.40327936
    ],
    "y": [
        -0.049635887,
        -0.037121296,
        -0.013794422,
        0.005959511,
        0.050710678,
        0.07051802,
        0.082330704,
        0.06264877,
        0.04999399,
        -0.007625103,
        -0.0503273,
        -0.047190666,
        -0.027004719,
        0.024411678,
        0.052354813,
        0.06422949,
        0.11963272,
        0.14016819,
        0.21432686,
        0.2756405,
        0.32946777,
        0.28385496,
        0.22250366,
        0.16814041,
        0.10691452,
        0.07510042,
        0.08031511,
        0.09170318,
        0.0852263,
        0.0033204556,
        -0.20425057,
        -0.42479157,
        -0.6505568,
        -0.9000237,
        -1.067285,
        -1.1899856,
        -1.2561594,
        -1.3399458,
        -1.4296485,
        -1.5282108,
        -1.6130675,
        -1.7007747,
        -1.8207083,
        -1.9457256,
        -2.1310053,
        -2.2745068,
        -2.3890855,
        -2.42921,
        -2.4315834,
        -2.3715763,
        -2.3427439,
        -2.3659182,
        -2.4348416,
        -2.463667,
        -2.4667332,
        -2.4293196,
        -2.3868082,
        -2.2960126,
        -2.1836963,
        -2.0937903,
        -1.9865898,
        -1.9088967,
        -1.8404694,
        -1.7732902,
        -1.6824654,
        -1.5793424,
        -1.4204302,
        -1.1962794,
        -1.0412107,
        -0.9414964,
        -0.90007454,
        -0.9295001,
        -0.95844537,
        -0.9657738,
        -0.9302873,
        -0.8307353,
        -0.7699721,
        -0.7479272,
        -0.76895106,
        -0.77034414,
        -0.804019,
        -0.8334156,
        -0.83860445,
        -0.7853112,
        -0.7325635,
        -0.62702715,
        -0.56846774,
        -0.55618984,
        -0.5391575,
        -0.56462824,
        -0.55772436,
        -0.5634204,
        -0.56934047,
        -0.5679374,
        -0.5064156,
        -0.45644343,
        -0.38211155,
        -0.28812122,
        -0.20558,
        -0.14175606,
        -0.15409064,
        -0.12562013,
        -0.13328242,
        -0.13688946,
        -0.15849566,
        -0.16985536,
        -0.14775681,
        -0.18096375,
        -0.21952415,
        -0.25379348,
        -0.269171,
        -0.26545525,
        -0.22785425,
        -0.17292476,
        -0.14116359,
        -0.13008809,
        -0.11590743,
        -0.11324549,
        -0.14879727,
        -0.19188857,
        -0.22375226,
        -0.27591753,
        -0.29602504,
        -0.29634404,
        -0.27225852,
        -0.23825145,
        -0.21827221,
        -0.2052319,
        -0.19215512,
        -0.23666358,
        -0.26490068,
        -0.27473402,
        -0.26607776,
        -0.25787187,
        -0.25213504,
        -0.20537543,
        -0.13145828,
        -0.08504033,
        -0.008408546,
        0.06484437,
        0.110568285,
        0.1667335,
        0.17070222,
        0.16275811,
        0.12813783,
        0.11437416,
        0.08044171,
        0.033350706
    ],