{
    "class": "zneg",
    "duration_ms": 700,
    "x": [
        -0.08493848,
        -0.009728743,
        0.041428793,
        0.08563791,
        0.08275995,
        0.078535095,
        0.115988344,
        0.15679392,
        0.19605547,
        0.25020906,
        0.26664206,
        0.23597136,
        0.21777295,
        0.26880544,
        0.2581366,
        0.22196297,
        0.18206869,
        0.09583372,
        0.009586353,
        -0.11118487,
        -0.19164503,
        -0.34059682,
        -0.49550748,
        -0.647784,
        -0.7905482,
        -0.84412575,
        -0.8087721,
        -0.7629897,
        -0.75486845,
        -0.81786966,
        -0.96208966,
        -1.2744737,
        -1.6852288,
        -2.174266,
        -2.6912582,
        -3.0087616,
        -3.1355782,
        -3.3299782,
        -3.3373446,
        -3.3262362,
        -3.3308947,
        -3.194587,
        -2.6386976,
        -1.9381218,
        -1.1926522,
        -0.39925173,
        0.55350506,
        1.636205,
        2.566196,
        3.1439238,
        3.3599699,
        3.2068775,
        2.6843197,
        1.9182146,
        1.2194493,
        0.77692753,
        0.6907944,
        0.8876198,
        1.2516649,
        1.6086051,
        1.8237005,
        1.9272494,
        1.8728652,
        1.6860244,
        1.4011114,
        1.0873383,
        0.7745714,
        0.46774668,
        0.20937121,
        -0.05934125,
        -0.25642204,
        -0.39593312,
        -0.44188622,
        -0.44926304,
        -0.3914718,
        -0.29168388,
        -0.16737098,
        0.019191865,
        0.2130848,
        0.38878298,
        0.5330846,
        0.6088178,
        0.68887675,
        0.760319,
        0.78142935,
        0.74421275,
        0.71705806,
        0.63396263,
        0.57215583,
        0.45253024,
        0.33918208,
        0.2074649,
        0.08773026,
        -0.016177624,
        -0.09520179,
        -0.12807006,
        -0.12452328,
        -0.110912204,
        -0.07272068,
        -0.0671972,
        -0.029719502,
        -0.07456866,
        -0.055199116,
        -0.08123577,
        -0.13576141,
        -0.16153385,
        -0.20219082,
        -0.19646177,
        -0.23122932,
        -0.24744713,
        -0.26001558,
        -0.29100612,
        -0.30982587,
        -0.32854697,
        -0.32811996,
        -0.33239985,
        -0.32452998,
        -0.34750187,
        -0.36516562,
        -0.37965953,
        -0.34507942,
        -0.35209534,
        -0.39067778,
        -0.4176437,
        -0.41830248,
        -0.3946181,
        -0.4083778,
        -0.39947584,
        -0.38697347,
        -0.361469,
        -0.3496673,
        -0.3373141,
        -0.30071998,
        -0.22555524,
        -0.16449106,
        -0.103331506,
        -0.058888614,
        -0.00046300888,
        0.071952045,
        0.12709689,
        0.17952433,
        0.20501542,
        0.21082348,
        0.1778312,
        0.17090985,
        0.17118803,
        0.15029103,
        0.1440858
    ],
    "y": [
        0.015096188,
        0.044774055,
        0.060640812,
        0.09840202,
        0.14095736,
        0.11449289,
        0.12377167,
        0.111316204,
        0.110394,
        0.08037233,
        0.06414938,
        0.064033985,
        0.060771465,
        0.0045514107,
        -0.021089554,
        -0.06144333,
        -0.042762756,
        -0.055455685,
        -0.044328213,
        -0.04226446,
        -0.0033507347,
        0.023021221,
        0.025699615,
        -0.023355007,
        -0.12164593,
        -0.2599969,
        -0.467237,
        -0.63615847,
        -0.78510094,
        -0.9613178,
        -1.1317773,
        -1.1761725,
        -1.1240978,
        -0.87600636,
        -0.63180995,
        -0.5011456,
        -0.4961927,
        -0.49563408,
        -0.47471952,
        -1.0928898,
        -1.8639519,
        -2.4630897,
        -2.9754255,
        -3.4051764,
        -3.74788,
        -4.0243263,
        -4.188057,
        -4.298218,
        -4.2757387,
        -4.1811824,
        -3.91946,
        -3.5246205,
        -2.9287257,
        -2.2795227,
        -1.7141135,
        -1.3645797,
        -1.2957102,
        -1.4454405,
        -1.7062924,
        -1.9079984,
        -2.073561,
        -2.1584115,
        -2.1872284,
        -2.13664,
        -2.031331,
        -1.8940768,
        -1.7434785,
        -1.5844833,
        -1.4013027,
        -1.1643524,
        -0.964497,
        -0.76373565,
        -0.5986535,
        -0.525097,
        -0.46511382,
        -0.41738105,
        -0.45446062,
        -0.5098486,
        -0.59581995,
        -0.7171732,
        -0.8041258,
        -0.8560953,
        -0.9104539,
        -0.9518527,
        -0.9743688,
        -0.96250796,
        -0.9150802,
        -0.8669107,
        -0.8169284,
        -0.6879535,
        -0.5753696,
        -0.46464562,
        -0.32963538,
        -0.26883316,
        -0.1990366,
        -0.22137117,
        -0.26467323,
        -0.3053608,
        -0.36284065,
        -0.34886456,
        -0.29721165,
        -0.23701477,
        -0.12074423,
        -0.03012228,
        0.051394224,
        0.114088535,
        0.13616943,
        0.16750264,
        0.18379211,
        0.12233019,
        0.11437464,
        0.1092186,
        0.10653424,
        0.09888029,
        0.10528445,
        0.11605549,
        0.11205411,
        0.093327045,
        0.06472683,
        0.052732468,
        0.028978348,
        -0.0037806034,
        -0.011843681,
        -0.014207125,
        0.01317358,
        -0.03486204,
        -0.029090643,
        -0.081851006,
        -0.111688375,
        -0.14012074,
        -0.12663221,
        -0.07629609,
        -0.039634943,
        -0.021837234,
        -0.011220217,
        -0.03203726,
        -0.05349374,
        -0.06869292,
        -0.11131835,
        -0.12396121,
        -0.13288927,
        -0.123683214,
        -0.12248492,
        -0.06935215,
        -0.028907776,
        -0.0035777092,
        0.03524542,
        0.04200554
    ],