{
    "class": "zneg",
    "duration_ms": 700,
    "x": [
        0.17064746,
        0.061440535,
        -0.034819536,
        -0.079443544,
        0.014973631,
        0.0678592,
        0.1256449,
        0.18422884,
        0.22473454,
        0.21294405,
        0.15416078,
        0.08436845,
        -0.031224594,
        -0.15972286,
        -0.32680523,
        -0.5166395,
        -0.70834017,
        -0.87951046,
        -1.0440644,
        -1.2362685,
        -1.455872,
        -1.6509066,
        -1.7512964,
        -1.7502517,
        -1.6783948,
        -1.499294,
        -1.2743648,
        -0.9907494,
        -0.71513987,
        -0.42623585,
        -0.15156144,
        0.08226508,
        0.2569176,
        0.40871525,
        0.55881345,
        0.7517886,
        0.88143605,
        0.9701771,
        0.99648726,
        0.96989155,
        0.90835595,
        0.76182705,
        0.5459575,
        0.35673678,
        0.20368664,
        0.061208516,
        -0.014975071,
        -0.107429326,
        -0.14827551,
        -0.16530417,
        -0.14583157,
        -0.08453117,
        -0.0464333,
        -0.032818407,
        0.01874873,
        0.053298682,
        0.0589827,
        0.036028296,
        0.01576972,
        -0.027501225,
        -0.08545017,
        -0.1279543,
        -0.19376361,
        -0.2208026,
        -0.2495516,
        -0.25803202,
        -0.2453726,
        -0.22723669,
        -0.2314071,
        -0.24738461,
        -0.2981586,
        -0.34455782,
        -0.33793324,
        -0.3347627,
        -0.31976452,
        -0.29221082,
        -0.27347362,
        -0.2083655,
        -0.20213616,
        -0.14486906,
        -0.1278995,
        -0.14716887,
        -0.17952445,
        -0.2546652,
        -0.3421895,
        -0.41632742,
        -0.42000592,
        -0.4037311,
        -0.3557781,
        -0.30008787,
        -0.26977688,
        -0.2190482,
        -0.18123984,
        -0.16574186,
        -0.15298894,
        -0.14503932,
        -0.1155501,
        -0.069369346,
        -0.059081495,
        -0.039003313,
        -0.035437286,
        -0.03407395,
        -0.059138775,
        -0.057949126,
        -0.061665,
        -0.05555117,
        -0.056286722,
        -0.042210877,
        -0.078146935,
        -0.10183564,
        -0.14213392,
        -0.17530078,
        -0.2016305,
        -0.24993417,
        -0.28946957,
        -0.29882428,
        -0.33099172,
        -0.3164714,
        -0.28377774,
        -0.23266321,
        -0.208406,
        -0.15356141,
        -0.11098561,
        -0.07564351,
        -0.03995946,
        -0.060931683,
        -0.09979516,
        -0.12770963,
        -0.17330587,
        -0.2080886,
        -0.25866613,
        -0.27271742,
        -0.29384187,
        -0.2723555,
        -0.26835716,
        -0.22949931,
        -0.20865169,
        -0.17504081,
        -0.12638968,
        -0.052773982,
        0.058210373,
        0.10911259,
        0.17714731,
        0.20543568,
        0.21355084,
        0.19205128,
        0.1530049
    ],
    "y": [
        -0.0007996559,
        0.08812046,
        0.22606182,
        0.31755733,
        0.39477348,
        0.4586792,
        0.4670701,
        0.39674807,
        0.22689056,
        0.029359818,
        -0.1864233,
        -0.41340494,
        -0.62961006,
        -0.8076372,
        -0.9391451,
        -1.0112057,
        -1.0639424,
        -1.1163797,
        -1.273912,
        -1.501035,
        -1.7348964,
        -1.9538181,
        -2.08877,
        -2.1354282,
        -2.1615963,
        -2.1823888,
        -2.2797954,
        -2.4320562,
        -2.5785375,
        -2.725242,
        -2.8617854,
        -2.987945,
        -3.1115377,
        -3.192537,
        -3.202703,
        -3.0557885,
        -2.8113763,
        -2.5279334,
        -2.2437944,
        -2.058195,
        -1.9930725,
        -2.0933218,
        -2.2170038,
        -2.318058,
        -2.2955518,
        -2.2048812,
        -2.075146,
        -1.93337,
        -1.8065857,
        -1.6546708,
        -1.4759914,
        -1.3123436,
        -1.17041,
        -1.0741307,
        -1.0571243,
        -1.0572692,
        -1.0743293,
        -1.0911714,
        -1.0835209,
        -1.0271982,
        -0.93390346,
        -0.7962165,
        -0.6616554,
        -0.5180359,
        -0.41076803,
        -0.3036399,
        -0.33256984,
        -0.36048555,
        -0.4394102,
        -0.48954535,
        -0.58194566,
        -0.581727,
        -0.6077595,
        -0.5921726,
        -0.5439091,
        -0.47238588,
        -0.42787743,
        -0.41540575,
        -0.37813187,
        -0.4076128,
        -0.46379948,
        -0.5114026,
        -0.54408216,
        -0.5003872,
        -0.4101386,
        -0.3029456,
        -0.18221235,
        -0.11337185,
        -0.11858559,
        -0.14318323,
        -0.17316484,
        -0.25157166,
        -0.28263712,
        -0.28786755,
        -0.2888198,
        -0.25436783,
        -0.21820259,
        -0.20918655,
        -0.23205757,
        -0.21994162,
        -0.21093512,
        -0.17868996,
        -0.17089224,
        -0.113217354,
        -0.108159065,
        -0.095677376,
        -0.07053375,
        -0.058879375,
        -0.034307957,
        0.024678707,
        0.065449715,
        0.10207701,
        0.14170694,
        0.16024685,
        0.17455721,
        0.19406033,
        0.19254017,
        0.19615364,
        0.19772911,
        0.19693565,
        0.17697,
        0.15217686,
        0.12974167,
        0.1169858,
        0.12602329,
        0.14264536,
        0.1788907,
        0.18697834,
        0.19321728,
        0.19977522,
        0.19217682,
        0.18468714,
        0.14607573,
        0.10724592,
        0.0846982,
        0.06387901,
        0.06389713,
        0.048913956,
        0.04047203,
        0.04591608,
        0.04146862,
        0.05864048,
        0.061830997,
        0.05610466,
        0.046468258,
        0.071228504,
        0.06338787
    ],