{
    "class": "zneg",
    "duration_ms": 700,
    "x": [
        0.09374895,
        0.1146726,
        0.09279091,
        0.07356403,
        0.038008586,
        0.017071053,
        0.027243577,
        0.032713898,
        0.04548819,
        0.06564517,
        0.083691284,
        0.09037147,
        0.17130339,
        0.20009086,
        0.21040009,
        0.20709407,
        0.18308833,
        0.15507874,
        0.14208683,
        0.14006549,
        0.16678657,
        0.2042571,
        0.21292737,
        0.33597022,
        0.44414657,
        0.6509971,
        0.8576971,
        1.0754921,
        1.25614,
        1.4373909,
        1.6924306,
        1.9604671,
        2.1798983,
        2.2839875,
        2.278263,
        2.1276245,
        1.903938,
        1.6452558,
        1.329617,
        1.0185404,
        0.76363873,
        0.5539895,
        0.34052545,
        0.14119202,
        -0.049978018,
        -0.1693114,
        -0.28644335,
        -0.3527627,
        -0.4076898,
        -0.41725314,
        -0.3822149,
        -0.2773223,
        -0.2056222,
        -0.18043816,
        -0.21742028,
        -0.28402627,
        -0.40759104,
        -0.5387553,
        -0.6471737,
        -0.7434629,
        -0.7857472,
        -0.80419016,
        -0.7452432,
        -0.72105813,
        -0.7577668,
        -0.8412775,
        -0.986215,
        -1.1283858,
        -1.3161967,
        -1.5456866,
        -1.738842,
        -1.877213,
        -1.966121,
        -1.9654241,
        -1.8755693,
        -1.790195,
        -1.6618252,
        -1.5509496,
        -1.4226218,
        -1.3351936,
        -1.2150056,
        -1.0742507,
        -0.94650996,
        -0.82466966,
        -0.682232,
        -0.5808564,
        -0.4840327,
        -0.4222172,
        -0.3517363,
        -0.2744316,
        -0.22819734,
        -0.17186892,
        -0.093188465,
        -0.063887835,
        -0.024472713,
        -0.03751439,
        -0.08907884,
        -0.14597017,
        -0.15099382,
        -0.14476758,
        -0.11502594,
        -0.035226405,
        0.06145549,
        0.13458866,
        0.22519857,
        0.31670266,
        0.3564247,
        0.3777052,
        0.3638069,
        0.36249,
        0.27299857,
        0.23377764,
        0.17023349,
        0.07961911,
        -0.0237692,
        -0.1135093,
        -0.20130742,
        -0.2654268,
        -0.33429825,
        -0.3792535,
        -0.4074052,
        -0.43064493,
        -0.4561721,
        -0.50076544,
        -0.54274875,
        -0.5606268,
        -0.5926325,
        -0.5718214,
        -0.5653542,
        -0.5589693,
        -0.5456588,
        -0.55661416,
        -0.58724743,
        -0.5633381,
        -0.5111968,
        -0.40652806,
        -0.30144382,
        -0.16942811,
        -0.07271534,
        0.019691765,
        0.09556961,
        0.13089418,
        0.14692932,
        0.18424457,
        0.23544228,
        0.24811411,
        0.2771419,
        0.28442198
    ],
    "y": [
        -0.023139238,
        -0.041731834,
        -0.016818762,
        -0.0033934116,
        0.05081749,
        0.052934885,
        0.058024406,
        0.03284955,
        0.008582354,
        -0.017213345,
        -0.035107374,
        -0.047537804,
        -0.04516101,
        -0.04941082,
        -0.02704835,
        -0.045009613,
        0.0061707497,
        0.04279399,
        0.11016846,
        0.13724136,
        0.19386506,
        0.2641089,
        0.31331182,
        0.35714507,
        0.3944981,
        0.44547868,
        0.512903,
        0.5897546,
        0.6783416,
        0.7001903,
        0.6817038,
        0.6014321,
        0.49807858,
        0.3269384,
        0.20878243,
        0.113762856,
        0.026367426,
        -0.086140394,
        -0.22362375,
        -0.37914205,
        -0.5580611,
        -0.735129,
        -0.86166203,
        -0.96361136,
        -0.9861184,
        -1.0039256,
        -0.9891944,
        -1.014965,
        -1.0826772,
        -1.2150149,
        -1.3553536,
        -1.5138035,
        -1.6857877,
        -1.8181933,
        -1.9122065,
        -1.855688,
        -1.8036001,
        -1.6950446,
        -1.6120628,
        -1.6073217,
        -1.6280041,
        -1.7643468,
        -1.8769951,
        -1.9991431,
        -2.0327446,
        -2.0619068,
        -1.9414659,
        -1.8207371,
        -1.6888125,
        -1.484988,
        -1.2184414,
        -0.9444157,
        -0.7043672,
        -0.5041428,
        -0.40256354,
        -0.4175624,
        -0.44242424,
        -0.48745066,
        -0.5076005,
        -0.5174791,
        -0.5266905,
        -0.5541761,
        -0.6115908,
        -0.6338808,
        -0.6898308,
        -0.74306995,
        -0.71170706,
        -0.7554816,
        -0.75170743,
        -0.77856284,
        -0.81600726,
        -0.8322208,
        -0.831434,
        -0.80600965,
        -0.8011571,
        -0.7807747,
        -0.7471109,
        -0.71927667,
        -0.65675247,
        -0.60995436,
        -0.5980891,
        -0.63317215,
        -0.6699544,
        -0.6559516,
        -0.6725966,
        -0.6409886,
        -0.60196674,
        -0.54129004,
        -0.49752367,
        -0.46843076,
        -0.37283897,
        -0.34488606,
        -0.31753325,
        -0.28131413,
        -0.24818349,
        -0.22781062,
        -0.19153714,
        -0.14896083,
        -0.15034461,
        -0.12850285,
        -0.14564991,
        -0.15612388,
        -0.15031505,
        -0.11379433,
        -0.08019638,
        -0.006464958,
        0.04028821,
        0.06728935,
        0.05774069,
        0.07152891,
        0.070346355,
        0.06606054,
        0.08481288,
        0.099882126,
        0.10865855,
        0.118109226,
        0.101784945,
        0.07642794,
        0.061011553,
        0.06970048,
        0.0808208,
        0.09657717,
        0.13123322,
        0.08675957,
        0.04453039,
        0.02127242,
        0.024101973,
        0.024233818
    ],