{
    "class": "zneg",
    "duration_ms": 700,
    "x": [
        -0.25476536,
        -0.14392906,
        -0.061419472,
        0.046070106,
        0.15081191,
        0.23292,
        0.29894418,
        0.34800014,
        0.36920258,
        0.3651798,
        0.3498264,
        0.24868113,
        0.14458217,
        0.027328439,
        -0.14633432,
        -0.30282968,
        -0.51160645,
        -0.7161325,
        -0.9525147,
        -1.1868333,
        -1.432572,
        -1.6954612,
        -1.9405267,
        -2.1950452,
        -2.4639363,
        -2.6913888,
        -2.8523035,
        -2.998662,
        -3.0081267,
        -2.911799,
        -2.7791975,
        -2.599998,
        -2.3515964,
        -2.078569,
        -1.7961178,
        -1.6001272,
        -1.4497513,
        -1.3109325,
        -1.2378484,
        -1.1916976,
        -1.2190958,
        -1.2414551,
        -1.1818908,
        -1.0950224,
        -0.9557691,
        -0.7074715,
        -0.39569688,
        -0.03318131,
        0.40570986,
        0.8322426,
        1.3742439,
        1.9102525,
        2.332827,
        2.6572564,
        2.9381802,
        3.1281033,
        3.2331946,
        2.9369845,
        2.4289012,
        2.3111129,
        2.5484304,
        2.7415385,
        2.6926537,
        2.5364213,
        2.3480778,
        2.213698,
        2.1207983,
        2.0367925,
        1.945887,
        1.9380162,
        1.9528484,
        1.9586827,
        1.9589603,
        1.8581048,
        1.7418294,
        1.6285503,
        1.5486274,
        1.4922171,
        1.4686737,
        1.4345127,
        1.4347017,
        1.4876941,
        1.4995865,
        1.5053947,
        1.5089014,
        1.4876531,
        1.433508,
        1.3840985,
        1.2794468,
        1.1797678,
        1.0497496,
        0.8973342,
        0.66594255,
        0.4136088,
        0.15079015,
        -0.09051591,
        -0.25662136,
        -0.36810943,
        -0.41712403,
        -0.45593148,
        -0.46276706,
        -0.44456556,
        -0.42251575,
        -0.40828785,
        -0.394859,
        -0.41110188,
        -0.44066334,
        -0.46034187,
        -0.4780875,
        -0.5018772,
        -0.48469526,
        -0.44638392,
        -0.37060568,
        -0.3128009,
        -0.21820444,
        -0.1415627,
        -0.07303065,
        0.009287238,
        0.072330475,
        0.080459,
        0.040674984,
        -0.008767545,
        -0.058518678,
        -0.10870373,
        -0.14522618,
        -0.20166358,
        -0.24001577,
        -0.27472627,
        -0.2864025,
        -0.23394361,
        -0.16966829,
        -0.090911865,
        -0.009267598,
        0.058963656,
        0.12126204,
        0.1656383,
        0.1968025,
        0.23135564,
        0.23545662,
        0.22547191,
        0.24891236,
        0.25034758,
        0.24148536,
        0.19598114,
        0.14268067,
        0.09580091,
        0.011885658,
        -0.04243192,
        -0.11048389
    ],
    "y": [
        0.0897789,
        0.16879845,
        0.23175001,
        0.3266697,
        0.43936253,
        0.5247073,
        0.5687895,
        0.6004181,
        0.5981269,
        0.5334306,
        0.4372821,
        0.33537436,
        0.24128771,
        0.22530842,
        0.19819641,
        0.19505596,
        0.16791058,
        0.1646576,
        0.15948153,
        0.112895966,
        0.085428715,
        0.08984709,
        0.077180386,
        0.08212042,
        0.08978033,
        0.06961727,
        0.032008648,
        -0.03946066,
        -0.14951706,
        -0.2741549,
        -0.44946575,
        -0.64921165,
        -0.8640804,
        -1.0870337,
        -1.3443694,
        -1.6144476,
        -1.8825097,
        -2.1668983,
        -2.3590388,
        -2.472352,
        -2.5391736,
        -2.5795197,
        -2.5393457,
        -2.4461849,
        -2.3804712,
        -2.30811,
        -2.2766562,
        -2.2243433,
        -2.2151928,
        -2.2643023,
        -2.4221697,
        -2.7293837,
        -3.1129212,
        -3.4086401,
        -3.6729078,
        -3.7222807,
        -3.6223886,
        -3.1434999,
        -2.5509543,
        -2.0318027,
        -1.6025355,
        -1.2964287,
        -1.0644683,
        -0.81976736,
        -0.55978465,
        -0.36811173,
        -0.21830791,
        -0.13727802,
        -0.16437334,
        -0.24608883,
        -0.28875998,
        -0.3112506,
        -0.26810116,
        -0.20006151,
        -0.111805096,
        -0.01263985,
        0.06920387,
        0.08414751,
        0.09975916,
        0.099791646,
        0.08230549,
        0.0022902489,
        -0.10609627,
        -0.23734683,
        -0.3669415,
        -0.47773457,
        -0.59806424,
        -0.67026025,
        -0.7633467,
        -0.86229604,
        -0.93053615,
        -0.95757914,
        -0.9710692,
        -0.92941153,
        -0.867602,
        -0.80174637,
        -0.707324,
        -0.63657904,
        -0.5653646,
        -0.53684497,
        -0.5060265,
        -0.49273443,
        -0.48333812,
        -0.50241065,
        -0.48833823,
        -0.4441092,
        -0.4275422,
        -0.37685895,
        -0.3474915,
        -0.3208046,
        -0.31632686,
        -0.35092807,
        -0.39106083,
        -0.42721057,
        -0.44502664,
        -0.42309093,
        -0.4357314,
        -0.45908713,
        -0.43582892,
        -0.42365336,
        -0.42514563,
        -0.4048941,
        -0.41583967,
        -0.43197036,
        -0.42952323,
        -0.43251085,
        -0.45037293,
        -0.4398017,
        -0.41017914,
        -0.38987494,
        -0.3713343,
        -0.3205862,
        -0.2946179,
        -0.25730538,
        -0.2178917,
        -0.15932107,
        -0.11028242,
        -0.06362009,
        -0.06248188,
        -0.030323505,
        0.0037193298,
        0.0298388,
        0.076143265,
        0.08947086,
        0.088266134,
        0.11510563,
        0.10732889,
        0.11951637,
        0.13705659
    ],