{
    "class": "zneg",
    "duration_ms": 700,
    "x": [
        -0.2116374,
        -0.25322345,
        -0.2505607,
        -0.19617417,
        -0.13023254,
        0.011764191,
        0.113156125,
        0.17202789,
        0.29085705,
        0.38416237,
        0.5190623,
        0.61814237,
        0.6087664,
        0.5358928,
        0.42259604,
        0.25324732,
        0.03813529,
        -0.22467625,
        -0.5292935,
        -0.8240603,
        -0.91953135,
        -0.6789017,
        -0.9326431,
        -1.3938906,
        -1.8542871,
        -2.3033395,
        -2.704114,
        -3.0856164,
        -2.8229866,
        -2.2612329,
        -1.7555293,
        -1.2816873,
        -0.7579537,
        -0.22208112,
        0.35698864,
        1.0006338,
        1.5860298,
        2.0915818,
        2.4934194,
        2.660514,
        2.5261846,
        2.0905375,
        1.4229493,
        0.71706927,
        0.08292925,
        -0.3809337,
        -0.7146116,
        -0.917311,
        -1.0768726,
        -1.115181,
        -1.1282451,
        -1.0114236,
        -0.8902377,
        -0.7518789,
        -0.6388316,
        -0.5580035,
        -0.49061024,
        -0.4756205,
        -0.43499893,
        -0.38908184,
        -0.3417107,
        -0.2797807,
        -0.24049556,
        -0.18166417,
        -0.09891927,
        -0.03581816,
        0.05501479,
        0.12017554,
        0.17565674,
        0.18980414,
        0.21301752,
        0.22890726,
        0.19518542,
        0.12019521,
        0.050587237,
        -0.048376977,
        -0.1012578,
        -0.13552293,
        -0.13563132,
        -0.10806504,
        -0.10770866,
        -0.09864122,
        -0.1002163,
        -0.096390486,
        -0.07583821,
        -0.096695244,
        -0.10659391,
        -0.12264073,
        -0.09260586,
        -0.11978948,
        -0.10637894,
        -0.06441471,
        -0.029806703,
        -0.009684533,
        0.0367181,
        0.104599,
        0.15328541,
        0.2211243,
        0.31302354,
        0.3692608,
        0.47121423,
        0.55203176,
        0.60233283,
        0.60541725,
        0.59477276,
        0.57008445,
        0.5073311,
        0.43723118,
        0.34507394,
        0.2427389,
        0.17331207,
        0.12721467,
        0.09259331,
        0.033713758,
        -0.018378168,
        -0.07318154,
        -0.13549167,
        -0.1713497,
        -0.21404421,
        -0.26107726,
        -0.29821008,
        -0.24674323,
        -0.11403042,
        0.006621182,
        0.08890051,
        0.13757578,
        0.24830584,
        0.35164595,
        0.38293442,
        -0.059778064,
        -0.2566813,
        -0.24723992,
        -0.38512096,
        -0.4084065,
        -0.3929478,
        -0.5225401,
        -0.3999371,
        -0.44255382,
        -0.5505955,
        -0.50737447,
        -0.4054642,
        -0.38100165,
        -0.3217889,
        -0.32641846,
        -0.32857275,
        -0.32653537,
        -0.35918576,
        -0.37469828,
        -0.37608454
    ],
    "y": [
        -0.040024757,
        0.0332222,
        0.122579575,
        0.2263937,
        0.29508734,
        0.27952242,
        0.24011707,
        0.19126987,
        0.07855034,
        -0.06471777,
        -0.17909336,
        -0.3389511,
        -0.52035236,
        -0.7186246,
        -0.91187906,
        -1.056469,
        -1.1113853,
        -1.1550093,
        -1.1771555,
        -1.212564,
        -1.2867074,
        -1.204917,
        -1.3343558,
        -1.4891958,
        -1.5002525,
        -1.4260037,
        -1.3945136,
        -1.3571312,
        -1.3852324,
        -1.6819376,
        -2.040308,
        -2.3597612,
        -2.6148758,
        -2.8930564,
        -3.2699566,
        -3.766613,
        -4.25658,
        -4.6430144,
        -4.8802705,
        -4.8945637,
        -4.783183,
        -4.492844,
        -4.1713433,
        -3.8876603,
        -3.6591554,
        -3.5622478,
        -3.5317044,
        -3.5114877,
        -3.3950899,
        -3.2557518,
        -3.0329688,
        -2.807614,
        -2.643934,
        -2.491287,
        -2.308991,
        -2.114087,
        -1.8453915,
        -1.5784974,
        -1.3082165,
        -1.1014411,
        -0.9341968,
        -0.7946328,
        -0.6995959,
        -0.5680605,
        -0.45556128,
        -0.40062523,
        -0.43411112,
        -0.5697484,
        -0.7087486,
        -0.80265236,
        -0.8839812,
        -0.920382,
        -0.92466307,
        -0.8738811,
        -0.79284024,
        -0.7233896,
        -0.6192465,
        -0.49668694,
        -0.4102316,
        -0.34057665,
        -0.3162923,
        -0.33027792,
        -0.32079697,
        -0.32421303,
        -0.35803604,
        -0.30560732,
        -0.2608652,
        -0.2314372,
        -0.16266012,
        -0.09796333,
        -0.059019566,
        -0.0029730797,
        0.052871227,
        0.06739569,
        0.08054924,
        0.038925648,
        0.0061655045,
        -0.09246874,
        -0.1930232,
        -0.28140688,
        -0.36281347,
        -0.37282658,
        -0.34751415,
        -0.29165077,
        -0.24348402,
        -0.19564342,
        -0.13578606,
        -0.099386215,
        -0.08134985,
        -0.050572395,
        -0.026351929,
        -0.04487133,
        -0.072880745,
        -0.12725925,
        -0.19837284,
        -0.21447468,
        -0.22115993,
        -0.17533588,
        -0.16313648,
        -0.11991644,
        -0.10075188,
        -0.052927017,
        -0.0027861595,
        0.052130222,
        0.07123947,
        0.07846546,
        0.12153244,
        0.13811064,
        0.15443659,
        -0.13787365,
        -0.31037092,
        -0.28420973,
        -0.09302235,
        0.17898703,
        0.33047867,
        0.30401373,
        0.20989895,
        0.079463005,
        0.0037579536,
        -0.04093027,
        -0.05188322,
        -0.0862627,
        -0.098463535,
        -0.11234951,
        -0.15438604,
        -0.20327806,
        -0.22094774,
        -0.2290988,
        -0.21105194
    ],