{
    "class": "zneg",
    "duration_ms": 700,
    "x": [
        -0.9996972,
        -1.1816765,
        -1.3742651,
        -1.5839653,
        -1.8534126,
        -2.1827514,
        -2.5193608,
        -2.8920584,
        -3.1860023,
        -3.4063334,
        -3.5031052,
        -3.4935284,
        -3.3301322,
        -3.020316,
        -2.6052227,
        -2.1112905,
        -1.5931451,
        -1.0860109,
        -0.5986136,
        -0.14265347,
        0.29971328,
        0.6849635,
        1.0435605,
        1.2634292,
        1.45045,
        1.5699021,
        1.6239344,
        1.6350003,
        1.571537,
        1.4291475,
        1.2895709,
        1.0571023,
        0.83865225,
        0.6514856,
        0.4625079,
        0.2860506,
        0.12451863,
        0.025828302,
        -0.04581037,
        -0.13354415,
        -0.1940819,
        -0.2679708,
        -0.31228682,
        -0.32239842,
        -0.3079514,
        -0.32438287,
        -0.3219664,
        -0.31321305,
        -0.30835682,
        -0.31054235,
        -0.32285878,
        -0.3147027,
        -0.26238966,
        -0.14488882,
        -0.010444462,
        0.13853522,
        0.2830264,
        0.37310547,
        0.4570084,
        0.45361212,
        0.43980515,
        0.35367885,
        0.24842273,
        0.14376067,
        0.040340602,
        -0.046939015,
        -0.13415737,
        -0.19950248,
        -0.29078227,
        -0.35807908,
        -0.40693986,
        -0.4570402,
        -0.50179183,
        -0.5222522,
        -0.537735,
        -0.56035054,
        -0.573622,
        -0.5204103,
        -0.47271734,
        -0.41113317,
        -0.31885058,
        -0.2317513,
        -0.14519149,
        -0.07845256,
        0.01874362,
        0.072313026,
        0.13257012,
        0.19001898,
        0.2304594,
        0.30204538,
        0.33810788,
        0.3290638,
        0.31792787,
        0.26150548,
        0.17405012,
        0.06489441,
        -0.03304085,
        -0.13916862,
        -0.22491843,
        -0.25932062,
        -0.258868,
        -0.24249001,
        -0.21217997,
        -0.184262,
        -0.15589589,
        -0.13394876,
        -0.10841513,
        -0.079039395,
        -0.06959869,
        -0.07298316,
        -0.07760577,
        -0.06480774,
        -0.07332942,
        -0.14405288,
        -0.1576915,
        -0.19345702,
        -0.2301423,
        -0.2415414,
        -0.24193352,
        -0.2215339,
        -0.20886064,
        -0.16303875,
        -0.103085995,
        -0.06941877,
        -0.02345027,
        0.013494581,
        0.017506972,
        0.04372987,
        0.046524733,
        0.064173475,
        0.06529592,
        0.054515377,
        0.0533026,
        0.028316468,
        0.058373854,
        0.05977902,
        0.05412115,
        0.041466728,
        0.04556991,
        0.016111821,
        -0.013698235,
        -0.020025998,
        -0.031594142,
        -0.06502737,
        -0.0557936,
        -0.08267279,
        -0.06683254,
        -0.08952357,
        -0.09566888,
        -0.09474705
    ],
    "y": [
        -1.1212096,
        -1.144587,
        -1.170999,
        -1.1697736,
        -1.1702645,
        -1.079603,
        -0.95619273,
        -0.77239347,
        -0.6613538,
        -0.55034995,
        -0.52728987,
        -0.6272154,
        -0.8229135,
        -1.1396508,
        -1.52551,
        -1.9544569,
        -2.40467,
        -2.7991447,
        -3.1805444,
        -3.4675946,
        -3.667674,
        -3.808121,
        -3.8903306,
        -3.8690445,
        -3.6949437,
        -3.4629183,
        -3.1768765,
        -2.8928027,
        -2.620764,
        -2.4228194,
        -2.292824,
        -2.223284,
        -2.2054622,
        -2.2533855,
        -2.3566024,
        -2.380162,
        -2.385683,
        -2.3510318,
        -2.2687545,
        -2.2057161,
        -2.0877912,
        -1.9752853,
        -1.8377469,
        -1.6689277,
        -1.493952,
        -1.316521,
        -1.142759,
        -0.93110096,
        -0.7694092,
        -0.57809997,
        -0.40691662,
        -0.29140735,
        -0.21720362,
        -0.2130835,
        -0.2839315,
        -0.41304994,
        -0.59322834,
        -0.7814245,
        -0.9198189,
        -0.974776,
        -0.98424554,
        -0.9217129,
        -0.8063669,
        -0.71460295,
        -0.61303234,
        -0.5017514,
        -0.41459513,
        -0.41145134,
        -0.38758135,
        -0.41044903,
        -0.45185518,
        -0.47417784,
        -0.45166922,
        -0.44719553,
        -0.44440937,
        -0.40548182,
        -0.38804817,
        -0.35636997,
        -0.33916092,
        -0.2983122,
        -0.2864027,
        -0.26290798,
        -0.23768854,
        -0.20851803,
        -0.1781478,
        -0.16586971,
        -0.1553793,
        -0.16364813,
        -0.1861372,
        -0.19430304,
        -0.21946573,
        -0.21388483,
        -0.2112689,
        -0.20210886,
        -0.14330387,
        -0.09477472,
        -0.01562643,
        0.022313118,
        0.07410908,
        0.09415865,
        0.060979366,
        0.02731514,
        -0.028275967,
        -0.09136534,
        -0.06610441,
        -0.055348396,
        -0.06141758,
        -0.033834934,
        -0.04413557,
        -0.044304848,
        -0.031821728,
        -0.006603241,
        0.043266773,
        0.10817003,
        0.11857462,
        0.16763115,
        0.19775963,
        0.17301989,
        0.1386671,
        0.11850214,
        0.08850193,
        0.043727398,
        0.03202057,
        -0.008974075,
        -0.009727955,
        0.003259182,
        0.018089294,
        0.027512074,
        0.036658764,
        0.043091297,
        0.0878315,
        0.13010883,
        0.15567684,
        0.1765604,
        0.15950727,
        0.1309681,
        0.12199211,
        0.1253066,
        0.09531689,
        0.0797658,
        0.05711603,
        0.0127334595,
        -0.00804615,
        -0.022137165,
        -0.03442955,
        -0.040216923,
        -0.046658516,
        -0.020206928,
        -0.04198122,
        -0.054535866
    ],