{
    "class": "zneg",
    "duration_ms": 700,
    "x": [
        0.27028865,
        0.16191316,
        0.060395867,
        -0.02204144,
        -0.07918167,
        -0.107115686,
        -0.10814738,
        -0.045289993,
        -0.030849814,
        -0.056558013,
        -0.10997689,
        -0.28261238,
        -0.5182602,
        -0.7711751,
        -1.0421985,
        -1.2736653,
        -1.5190514,
        -1.727217,
        -1.840055,
        -1.8371967,
        -1.7466196,
        -1.5630136,
        -1.2979982,
        -0.97831464,
        -0.7518567,
        -0.54192036,
        -0.55341697,
        -0.6606538,
        -0.8017019,
        -0.88054866,
        -0.8690803,
        -0.78827155,
        -0.6869339,
        -0.56375635,
        -0.45772266,
        -0.37421572,
        -0.30663675,
        -0.2387901,
        -0.17062414,
        -0.120924175,
        -0.080038965,
        -0.040646553,
        0.028517962,
        0.07006186,
        0.11980069,
        0.14157009,
        0.17798486,
        0.22372454,
        0.2812799,
        0.3849489,
        0.4713146,
        0.54603654,
        0.59563756,
        0.62313896,
        0.6261598,
        0.60877615,
        0.5818091,
        0.5418915,
        0.5095371,
        0.48397362,
        0.3885196,
        0.31665334,
        0.2589938,
        0.22055122,
        0.23061387,
        0.22322765,
        0.23803268,
        0.26187408,
        0.28595346,
        0.25817472,
        0.2170032,
        0.19114636,
        0.094326705,
        -0.016356736,
        -0.1224055,
        -0.27238548,
        -0.38311505,
        -0.45285207,
        -0.47978187,
        -0.4814046,
        -0.45607558,
        -0.4091967,
        -0.3840219,
        -0.33274397,
        -0.2479347,
        -0.19145665,
        -0.15068454,
        -0.12478045,
        -0.11771101,
        -0.0785294,
        -0.06391309,
        -0.047017604,
        -0.068241194,
        -0.08695163,
        -0.09372519,
        -0.12970826,
        -0.123808786,
        -0.09128457,
        -0.0664234,
        -0.028164163,
        0.011408165,
        0.061866477,
        0.08494551,
        0.07603191,
        0.06640975,
        0.061176524,
        0.051194847,
        0.058135822,
        0.082277656,
        0.075980596,
        0.09876655,
        0.11463032,
        0.11173823,
        0.11664653,
        0.10548691,
        0.121297985,
        0.09947519,
        0.10197082,
        0.123518676,
        0.11345357,
        0.100217566,
        0.09335459,
        0.10258557,
        0.06821192,
        0.045485318,
        0.046623886,
        5.4448843e-05,
        0.011247575,
        -0.0010656416,
        -0.03686945,
        -0.033889323,
        -0.044855475,
        -0.055467486,
        -0.061095946,
        -0.04023941,
        -0.040778525,
        -0.05298134,
        -0.07894469,
        -0.109010994,
        -0.15294325,
        -0.16314465,
        -0.14456719,
        -0.16422367,
        -0.15042187,
        -0.11066912,
        -0.07617034,
        -0.018275425,
        0.01268442,
        0.016833171
    ],
    "y": [
        0.12323642,
        -0.017415047,
        -0.21187663,
        -0.3184905,
        -0.4809234,
        -0.62057686,
        -0.75934577,
        -0.91438746,
        -1.033524,
        -1.1291133,
        -1.2137735,
        -1.2408983,
        -1.3150032,
        -1.4453628,
        -1.6034408,
        -1.7921432,
        -1.9862328,
        -2.1632423,
        -2.3318632,
        -2.5532603,
        -2.7782202,
        -3.0270329,
        -3.2746935,
        -3.529171,
        -3.7850096,
        -3.9044487,
        -3.837387,
        -3.6619887,
        -3.4599888,
        -3.300439,
        -3.1967525,
        -3.1241217,
        -3.0724702,
        -2.9864013,
        -2.8463926,
        -2.6858683,
        -2.4643688,
        -2.2112463,
        -1.9634138,
        -1.7245269,
        -1.4603775,
        -1.2326903,
        -1.0315422,
        -0.85200924,
        -0.7083185,
        -0.5787635,
        -0.44880354,
        -0.35414946,
        -0.28270292,
        -0.29183888,
        -0.316831,
        -0.3858261,
        -0.42404437,
        -0.47895765,
        -0.4856739,
        -0.51783776,
        -0.5414622,
        -0.5801916,
        -0.6121206,
        -0.5937512,
        -0.5581684,
        -0.48093843,
        -0.37849545,
        -0.2674079,
        -0.2527976,
        -0.29374743,
        -0.3303957,
        -0.38902926,
        -0.45512724,
        -0.502408,
        -0.5309496,
        -0.5026698,
        -0.48228836,
        -0.41513252,
        -0.299119,
        -0.21620464,
        -0.14294338,
        -0.106303215,
        -0.07597685,
        -0.14592218,
        -0.25211287,
        -0.32583857,
        -0.41538906,
        -0.4732418,
        -0.4901862,
        -0.45657825,
        -0.3651018,
        -0.27049828,
        -0.20365477,
        -0.13806391,
        -0.087720394,
        -0.026204586,
        0.0154623985,
        0.039865017,
        0.058852196,
        0.03396988,
        -0.010917187,
        -0.0616107,
        -0.04666376,
        -0.054676056,
        -0.03330612,
        0.012609482,
        0.01856041,
        0.08273935,
        0.13339472,
        0.20852375,
        0.2578087,
        0.27133942,
        0.2247734,
        0.13932753,
        0.053025246,
        0.0013513565,
        -0.016096115,
        -0.047286034,
        -0.02039671,
        0.012196064,
        0.009884834,
        0.027834892,
        0.07108164,
        0.10161495,
        0.117162704,
        0.14422464,
        0.14211178,
        0.13484478,
        0.12263155,
        0.11036062,
        0.098032,
        0.07847023,
        0.06117153,
        0.0677042,
        0.057313442,
        0.05410719,
        0.04624796,
        0.031451702,
        0.019394875,
        0.017272472,
        0.032398224,
        0.059969902,
        0.05929613,
        0.07342863,
        0.0852766,
        0.0752821,
        0.05028677,
        -0.006583214,
        -0.061964035,
        -0.07034922,
        -0.081982136,
        -0.055903435,
        -0.023014069
    ],