{
    "class": "zneg",
    "duration_ms": 700,
    "x": [
        -0.58613026,
        -0.51522934,
        -0.31299773,
        -0.12224257,
        0.07417297,
        0.26947722,
        0.46714342,
        0.59179175,
        0.6730905,
        0.7140407,
        0.8827759,
        0.7854607,
        0.6221007,
        0.34401715,
        -0.032033205,
        -0.44299215,
        -0.9091618,
        -1.0557313,
        -1.2300973,
        -1.4666301,
        -1.7084795,
        -1.7808566,
        -1.6931788,
        -1.4227664,
        -1.0722015,
        -0.6388038,
        -0.10762262,
        0.4451831,
        1.0121405,
        1.5224502,
        1.9478028,
        2.2435255,
        2.3344822,
        2.2922015,
        2.1242676,
        1.8530065,
        1.5531834,
        1.2275727,
        0.9009064,
        0.5858321,
        0.27101123,
        0.05029139,
        -0.08284935,
        -0.20955318,
        -0.28735462,
        -0.32219738,
        -0.29622275,
        -0.23705305,
        -0.18877633,
        -0.101600006,
        -0.01366055,
        0.08550985,
        0.17794362,
        0.3359941,
        0.4783303,
        0.6021227,
        0.695005,
        0.74986416,
        0.7454429,
        0.68889815,
        0.608577,
        0.532974,
        0.42066926,
        0.31365463,
        0.2514191,
        0.16627063,
        0.10150343,
        0.050809562,
        -0.0062638074,
        -0.09518182,
        -0.16489032,
        -0.28157195,
        -0.41600114,
        -0.5704182,
        -0.6560828,
        -0.7016121,
        -0.6520845,
        -0.5649328,
        -0.47094688,
        -0.36043462,
        -0.2739451,
        -0.24254526,
        -0.23271933,
        -0.2302978,
        -0.24073398,
        -0.26761672,
        -0.3290033,
        -0.35409108,
        -0.43190145,
        -0.49048418,
        -0.5366777,
        -0.5530076,
        -0.5078945,
        -0.43670374,
        -0.3650324,
        -0.272866,
        -0.1741958,
        -0.10741493,
        -0.027665786,
        -0.0220263,
        -0.050635114,
        -0.04216157,
        -0.061471164,
        -0.09180905,
        -0.097324856,
        -0.11840306,
        -0.12349971,
        -0.10983534,
        -0.11768918,
        -0.12741661,
        -0.12444065,
        -0.09189126,
        -0.044224553,
        -0.03421372,
        -0.07148465,
        -0.12504901,
        -0.16143325,
        -0.2308804,
        -0.26392332,
        -0.31789663,
        -0.36402595,
        -0.35448822,
        -0.37076735,
        -0.34130096,
        -0.31419477,
        -0.26350015,
        -0.20879158,
        -0.14558408,
        -0.06703249,
        0.050811894,
        0.13151172,
        0.19939575,
        0.26919824,
        0.27404222,
        0.23790243,
        0.22556359,
        0.17738187,
        0.13425162,
        0.08926794,
        0.11196776,
        0.12592852,
        0.16007453,
        0.22418529,
        0.22255024,
        0.20996106,
        0.1836385,
        0.16226573
    ],
    "y": [
        0.3604083,
        0.44356728,
        0.44081926,
        0.34051466,
        0.21472025,
        -0.029378414,
        -0.32425833,
        -0.6673069,
        -1.0659671,
        -1.3413548,
        -1.5277258,
        -1.9266856,
        -2.1843836,
        -2.375507,
        -2.4698439,
        -2.454387,
        -2.3240993,
        -2.0609393,
        -1.797419,
        -1.5463302,
        -1.3233027,
        -1.1200253,
        -1.0309002,
        -1.0949806,
        -1.2271044,
        -1.4260831,
        -1.6982428,
        -2.0378807,
        -2.4563131,
        -2.8431294,
        -3.1952505,
        -3.4347801,
        -3.52174,
        -3.4968975,
        -3.3100162,
        -3.100105,
        -2.8484354,
        -2.5723343,
        -2.3319776,
        -2.115295,
        -1.8645849,
        -1.636739,
        -1.4310498,
        -1.2875416,
        -1.1459558,
        -1.0228572,
        -0.9514731,
        -0.9024799,
        -0.8512591,
        -0.85174954,
        -0.85234106,
        -0.8849287,
        -0.883278,
        -0.92012566,
        -0.9465311,
        -0.9617147,
        -1.0012777,
        -1.0337716,
        -1.0682538,
        -1.080325,
        -1.1268034,
        -1.1138604,
        -1.1057153,
        -1.0925002,
        -1.0953667,
        -1.1234528,
        -1.1261947,
        -1.1245167,
        -1.1152974,
        -1.1479741,
        -1.2288988,
        -1.2425612,
        -1.224445,
        -1.1959354,
        -1.1427507,
        -1.0577209,
        -1.0079257,
        -1.0050031,
        -0.9910221,
        -0.9702203,
        -0.9133105,
        -0.86069083,
        -0.79796124,
        -0.7038379,
        -0.6338959,
        -0.5817065,
        -0.55279684,
        -0.57900476,
        -0.6178653,
        -0.63875246,
        -0.6253717,
        -0.5852165,
        -0.5305517,
        -0.46650362,
        -0.384135,
        -0.31543183,
        -0.26595545,
        -0.3201108,
        -0.35395503,
        -0.403615,
        -0.4334097,
        -0.45050764,
        -0.43783975,
        -0.39257526,
        -0.352432,
        -0.28566074,
        -0.23228908,
        -0.14642596,
        -0.09722614,
        -0.06073785,
        -0.01067543,
        -0.018898487,
        -0.039905548,
        -0.023575783,
        -0.0705142,
        -0.054046154,
        -0.010145664,
        0.05161047,
        0.09767246,
        0.1328373,
        0.16189957,
        0.19185734,
        0.1650629,
        0.17691898,
        0.19803476,
        0.19214344,
        0.1971736,
        0.15809155,
        0.13959455,
        0.16570044,
        0.19360018,
        0.20918131,
        0.21997118,
        0.22636414,
        0.22383928,
        0.2509737,
        0.28145266,
        0.29632044,
        0.31945515,
        0.30073595,
        0.26901197,
        0.20524788,
        0.18119192,
        0.14393282,
        0.12197447,
        0.11239052,
        0.09312773
    ],