{
    "class": "zneg",
    "duration_ms": 700,
    "x": [
        -0.07054213,
        -0.04531482,
        -0.04086286,
        0.0072163343,
        0.04901111,
        0.07076052,
        0.13476607,
        0.21978486,
        0.2550252,
        0.28882024,
        0.3261285,
        0.30986854,
        0.25923306,
        0.20029624,
        0.1424419,
        0.10210657,
        0.07672948,
        0.085329786,
        0.11123969,
        0.15468374,
        0.18943088,
        0.2156898,
        0.2501022,
        0.27117682,
        0.29778177,
        0.35337284,
        0.4396192,
        0.5606163,
        0.6778043,
        0.7697904,
        0.8203614,
        0.867907,
        0.85792637,
        0.79825294,
        0.77686846,
        0.7930602,
        0.8269162,
        0.87301135,
        0.8652362,
        0.8879899,
        0.882674,
        0.84096026,
        0.7360065,
        0.58624387,
        0.43207985,
        0.2462703,
        -0.013726473,
        -0.23816484,
        -0.47784036,
        -0.721318,
        -0.9512578,
        -1.1776891,
        -1.4451264,
        -1.6985883,
        -1.9772334,
        -2.1664326,
        -2.271241,
        -2.2659714,
        -2.2000833,
        -2.1317465,
        -2.0326166,
        -1.962451,
        -1.8718424,
        -1.7728404,
        -1.5892793,
        -1.3014777,
        -0.8589083,
        -0.3986484,
        0.044651687,
        0.42544326,
        0.710781,
        0.8759266,
        0.9642706,
        0.9407432,
        0.8538165,
        0.7392113,
        0.5864998,
        0.41511786,
        0.24797648,
        0.085801065,
        -0.015495896,
        -0.037618905,
        0.01430589,
        0.14515257,
        0.29301557,
        0.4227811,
        0.5136413,
        0.5039023,
        0.45995298,
        0.36388874,
        0.2816431,
        0.21020657,
        0.1371594,
        0.040748417,
        -0.029059887,
        -0.09881878,
        -0.16885108,
        -0.21788365,
        -0.29389417,
        -0.3346948,
        -0.42394495,
        -0.50392413,
        -0.6150403,
        -0.7186687,
        -0.8768313,
        -1.0390974,
        -1.145381,
        -1.2357298,
        -1.2804849,
        -1.2876562,
        -1.2678423,
        -1.2393472,
        -1.1925329,
        -1.1515774,
        -1.1382498,
        -1.1002924,
        -1.0501503,
        -1.021898,
        -0.96118695,
        -0.90971136,
        -0.86131704,
        -0.7643729,
        -0.65304273,
        -0.5659697,
        -0.4073294,
        -0.26288915,
        -0.14628357,
        -0.066271305,
        -0.038964123,
        -0.0160335,
        0.01224941,
        0.02193454,
        0.05132258,
        0.0647378,
        0.055321828,
        0.025596857,
        0.0040888637,
        0.03120473,
        0.027650595,
        0.00018326938,
        -0.03965445,
        -0.06344183,
        -0.08818276,
        -0.08513157,
        -0.09491855,
        -0.091213554,
        -0.09543724,
        -0.10266361,
        -0.06953475
    ],
    "y": [
        0.061568737,
        0.028973103,
        0.013147354,
        -0.028953552,
        -0.044972897,
        -0.021053791,
        -0.026439667,
        0.024692059,
        0.070204735,
        0.12199497,
        0.12780952,
        0.17359972,
        0.21162796,
        0.20892191,
        0.19208384,
        0.13528633,
        0.12679482,
        0.07597971,
        0.040195465,
        -0.018744946,
        -0.08159971,
        -0.11274004,
        -0.11712408,
        -0.07357359,
        -0.06327772,
        -0.05258894,
        -0.050969124,
        -0.020442009,
        0.010332108,
        0.017729282,
        0.006834984,
        0.03476286,
        0.04206419,
        0.055076122,
        0.09254742,
        0.085288525,
        0.038238525,
        -0.055506706,
        -0.24985743,
        -0.45312738,
        -0.60971546,
        -0.71641636,
        -0.749429,
        -0.7455118,
        -0.72773576,
        -0.7195411,
        -0.7424407,
        -0.811115,
        -0.85660076,
        -0.92471623,
        -1.0294323,
        -1.0186884,
        -0.8834715,
        -0.6291237,
        -0.3138914,
        -0.029878378,
        0.17365289,
        0.24951816,
        0.15198588,
        -0.038614273,
        -0.23101234,
        -0.44701266,
        -0.685145,
        -0.9177231,
        -1.1798034,
        -1.4658132,
        -1.808075,
        -2.1907108,
        -2.5231433,
        -2.7790725,
        -2.8409822,
        -2.811367,
        -2.6656988,
        -2.524831,
        -2.3702009,
        -2.2590547,
        -2.1976285,
        -2.0981932,
        -2.030379,
        -1.9681767,
        -1.8933094,
        -1.8265251,
        -1.7915022,
        -1.8456678,
        -1.9674195,
        -2.0438328,
        -2.1098275,
        -2.111466,
        -2.0328567,
        -1.9320325,
        -1.8240244,
        -1.699796,
        -1.5480306,
        -1.3695318,
        -1.1914251,
        -1.0217196,
        -0.8947549,
        -0.79470515,
        -0.74183726,
        -0.7229614,
        -0.7297809,
        -0.72522616,
        -0.72253394,
        -0.6656766,
        -0.5563016,
        -0.45373774,
        -0.30308294,
        -0.13336039,
        -0.026447296,
        0.04826069,
        0.04247713,
        -0.022558212,
        -0.11831379,
        -0.19224215,
        -0.26391935,
        -0.2740779,
        -0.24035454,
        -0.21608305,
        -0.22610092,
        -0.2211585,
        -0.23348188,
        -0.24507189,
        -0.23309231,
        -0.28220844,
        -0.36203146,
        -0.45617676,
        -0.49108434,
        -0.48613095,
        -0.49415374,
        -0.4627459,
        -0.46382737,
        -0.44000673,
        -0.45364928,
        -0.4738145,
        -0.46715808,
        -0.45300794,
        -0.4433918,
        -0.45034766,
        -0.46182656,
        -0.47049809,
        -0.46420455,
        -0.43080306,
        -0.3675995,
        -0.312603,
        -0.26060557,
        -0.213629,
        -0.1641295,
        -0.15728188,
        -0.11883259
    ],