{
    "class": "zneg",
    "duration_ms": 700,
    "x": [
        -0.029911712,
        -0.0035396367,
        0.020910561,
        0.04603915,
        0.055380464,
        0.08227747,
        0.062388785,
        0.07653097,
        0.07909932,
        0.06769447,
        0.05883947,
        0.028512612,
        0.007403061,
        -0.030807346,
        -0.048155025,
        -0.051785365,
        -0.06545417,
        -0.050976112,
        -0.060646564,
        -0.06795631,
        -0.051436186,
        -0.07528786,
        -0.10109387,
        -0.102926984,
        -0.07685383,
        -0.02630642,
        0.06637381,
        0.1926911,
        0.33758795,
        0.39140138,
        0.3869382,
        0.33014956,
        0.10307216,
        -0.19866182,
        -0.44642934,
        -0.6665918,
        -0.9107558,
        -1.1313243,
        -1.2526553,
        -1.3246295,
        -1.4029064,
        -1.5124358,
        -1.6041881,
        -1.667351,
        -1.6716032,
        -1.5476782,
        -1.3502448,
        -1.0787541,
        -0.7347598,
        -0.43902373,
        -0.14991193,
        0.10893333,
        0.33227012,
        0.49057406,
        0.6594117,
        0.7877792,
        0.9277724,
        1.0766534,
        1.2049997,
        1.3475978,
        1.4223217,
        1.4187299,
        1.364319,
        1.2386415,
        1.0287483,
        0.83185804,
        0.6070372,
        0.48423827,
        0.3881685,
        0.37560996,
        0.38411364,
        0.41823137,
        0.4578501,
        0.4269267,
        0.3372533,
        0.21517996,
        0.10858176,
        -0.03788829,
        -0.15535222,
        -0.28753138,
        -0.38484883,
        -0.47891444,
        -0.5416949,
        -0.614411,
        -0.66436315,
        -0.7089281,
        -0.7557678,
        -0.814798,
        -0.8261521,
        -0.82101136,
        -0.82813513,
        -0.8021939,
        -0.7912171,
        -0.71434987,
        -0.6605505,
        -0.5464287,
        -0.4360175,
        -0.40490443,
        -0.3541435,
        -0.32362786,
        -0.2817894,
        -0.2259537,
        -0.21085499,
        -0.17882155,
        -0.14408498,
        -0.1398512,
        -0.115666896,
        -0.14296944,
        -0.18102717,
        -0.24670346,
        -0.29261458,
        -0.38670123,
        -0.4724127,
        -0.54583114,
        -0.59303784,
        -0.5901552,
        -0.5535725,
        -0.44920248,
        -0.2906153,
        -0.13674614,
        0.013424829,
        0.15127322,
        0.2678764,
        0.36854133,
        0.41527104,
        0.41052142,
        0.39966983,
        0.35142058,
        0.3157258,
        0.25137097,
        0.18899083,
        0.13032237,
        0.079414636,
        0.021361604,
        -0.015775517,
        -0.04912001,
        -0.07426807,
        -0.08661607,
        -0.057488576,
        -0.0034575164,
        0.030372053,
        0.068320066,
        0.07725167,
        0.06945342,
        0.07140383,
        0.11440757,
        0.081443936,
        0.037335783,
        -0.00095641613
    ],
    "y": [
        -0.10039425,
        -0.053981304,
        -0.009743214,
        0.027491093,
        0.060059547,
        0.09027767,
        0.09665489,
        0.11005926,
        0.108970165,
        0.08153963,
        0.054054737,
        0.00982523,
        0.0035691261,
        -0.01018858,
        0.006620407,
        -0.00093746185,
        0.005300522,
        0.003923416,
        -0.061933994,
        -0.03247118,
        -0.015146732,
        0.011651516,
        0.03132391,
        0.060671806,
        0.109137535,
        0.10522032,
        0.120465755,
        0.14253712,
        0.14737034,
        0.080188274,
        -0.06815767,
        -0.2044549,
        -0.36166906,
        -0.38428307,
        -0.3217497,
        -0.085086346,
        0.23309135,
        0.52536297,
        0.7480111,
        0.8470392,
        0.8276305,
        0.7449808,
        0.68522215,
        0.64836025,
        0.61051273,
        0.52404594,
        0.39649773,
        0.2279067,
        0.034929276,
        -0.15896702,
        -0.30669785,
        -0.44277287,
        -0.63989115,
        -0.77477026,
        -1.0065572,
        -1.2335827,
        -1.4625123,
        -1.6763831,
        -1.8848383,
        -2.1076021,
        -2.280908,
        -2.3792799,
        -2.4318635,
        -2.414599,
        -2.2838545,
        -2.0862224,
        -1.8915452,
        -1.6997442,
        -1.5796051,
        -1.5158312,
        -1.5239735,
        -1.5761862,
        -1.6084859,
        -1.6427494,
        -1.6290243,
        -1.568165,
        -1.4851826,
        -1.4172409,
        -1.3799908,
        -1.3317435,
        -1.2931135,
        -1.2658554,
        -1.237431,
        -1.1788396,
        -1.0757214,
        -0.9663888,
        -0.8676686,
        -0.7747586,
        -0.6542814,
        -0.5684829,
        -0.4791031,
        -0.43622994,
        -0.41323376,
        -0.3907473,
        -0.37105203,
        -0.33009863,
        -0.35132504,
        -0.27397585,
        -0.20758581,
        -0.12269163,
        -0.056891203,
        -0.028667927,
        -0.027981281,
        -0.030568838,
        -0.026714802,
        -0.042655945,
        -0.075751305,
        -0.08492279,
        -0.13446379,
        -0.1331644,
        -0.12887478,
        -0.1123271,
        -0.107758045,
        -0.058095932,
        -0.0042891502,
        0.00096559525,
        0.05565977,
        0.07837629,
        0.12869883,
        0.11785793,
        0.12446737,
        0.11702299,
        0.09763813,
        0.08974075,
        0.07387018,
        0.044740677,
        0.018645763,
        -0.04791212,
        -0.10980511,
        -0.14581776,
        -0.19919586,
        -0.22941256,
        -0.23183727,
        -0.22323847,
        -0.20602131,
        -0.1897111,
        -0.13589811,
        -0.12580156,
        -0.106610775,
        -0.10942268,
        -0.06716204,
        -0.06596947,
        -0.08162832,
        -0.09733009,
        -0.0938921,
        -0.08558035,
        -0.08185911,
        -0.05153513,
        -0.032866955
    ],