{
    "class": "zneg",
    "duration_ms": 700,
    "x": [
        -0.3035493,
        -0.27382106,
        -0.28021508,
        -0.24758554,
        -0.23124823,
        -0.26318464,
        -0.28365928,
        -0.28754076,
        -0.28133136,
        -0.3474753,
        -0.43933493,
        -0.56071806,
        -0.672899,
        -0.8144407,
        -0.9520568,
        -1.0930128,
        -1.2180914,
        -1.2245582,
        -1.1935198,
        -1.069391,
        -0.87534297,
        -0.64159685,
        -0.3965893,
        -0.12396932,
        0.1197744,
        0.3761336,
        0.6179637,
        0.86439216,
        1.0796084,
        1.1845622,
        1.1958718,
        1.1246057,
        1.0244558,
        0.8701019,
        0.748513,
        0.68483603,
        0.7077345,
        0.8202652,
        0.925612,
        0.9733447,
        0.97074175,
        0.9009,
        0.75840455,
        0.5610661,
        0.36418128,
        0.20342517,
        0.05708328,
        -0.039077163,
        -0.085387915,
        -0.10838494,
        -0.11786717,
        -0.14506003,
        -0.13558882,
        -0.12636182,
        -0.08052248,
        0.0005701184,
        0.07731873,
        0.20117408,
        0.33539334,
        0.48891193,
        0.62062204,
        0.76411635,
        0.8836425,
        0.91029227,
        0.928055,
        0.8816755,
        0.7829806,
        0.6589459,
        0.467513,
        0.28159288,
        0.09720388,
        -0.10653323,
        -0.28178596,
        -0.4308388,
        -0.63220155,
        -0.7941206,
        -0.8724793,
        -0.92164075,
        -0.9054318,
        -0.8573391,
        -0.7846985,
        -0.7162475,
        -0.60673,
        -0.52827203,
        -0.48824453,
        -0.46070617,
        -0.49393564,
        -0.5024042,
        -0.5156801,
        -0.51551104,
        -0.45272237,
        -0.41423497,
        -0.33348784,
        -0.27008057,
        -0.17090797,
        -0.11674902,
        -0.05447516,
        -0.019377708,
        -0.0058724284,
        -0.027459979,
        -0.059786916,
        -0.07620579,
        -0.1125319,
        -0.104310915,
        -0.114019185,
        -0.096712485,
        -0.06241554,
        -0.06645788,
        -0.05643232,
        -0.04693581,
        -0.052403167,
        -0.022534534,
        -0.014767334,
        0.009129882,
        0.03497757,
        0.11300509,
        0.2026591,
        0.25897086,
        0.26319575,
        0.29213375,
        0.29548767,
        0.25667623,
        0.24026045,
        0.16737166,
        0.10034695,
        0.03432317,
        -0.021125704,
        -0.044764668,
        -0.060785726,
        -0.08384989,
        -0.064002514,
        -0.070800826,
        -0.06598744,
        -0.045259967,
        -0.020766035,
        0.012143925,
        0.048848286,
        0.0946711,
        0.16942514,
        0.17789415,
        0.18260656,
        0.18867978,
        0.14365783,
        0.13107952,
        0.1529805,
        0.12521267,
        0.10959362,
        0.112590805,
        0.088277675
    ],
    "y": [
        -0.09704232,
        -0.14125276,
        -0.11851144,
        -0.15021324,
        -0.16340566,
        -0.19952035,
        -0.29119253,
        -0.32026577,
        -0.3623438,
        -0.41912913,
        -0.39639664,
        -0.45860457,
        -0.5045291,
        -0.53611493,
        -0.5890751,
        -0.56043303,
        -0.5555029,
        -0.51946974,
        -0.5341264,
        -0.57351893,
        -0.6456831,
        -0.7278204,
        -0.84775424,
        -0.93096066,
        -0.9635541,
        -0.9874926,
        -1.0523666,
        -1.1192541,
        -1.2014167,
        -1.2612973,
        -1.3132427,
        -1.3562561,
        -1.3765827,
        -1.4410275,
        -1.4892129,
        -1.5682316,
        -1.6607867,
        -1.8047247,
        -1.9683008,
        -2.1220863,
        -2.1933594,
        -2.1833982,
        -2.0908628,
        -1.957498,
        -1.7768698,
        -1.6431243,
        -1.4831271,
        -1.3195997,
        -1.1183896,
        -0.9342785,
        -0.7529552,
        -0.572189,
        -0.47814,
        -0.3965298,
        -0.36062545,
        -0.37259975,
        -0.39149347,
        -0.37888542,
        -0.3728624,
        -0.4041577,
        -0.49844852,
        -0.6069004,
        -0.7717687,
        -0.90354633,
        -1.0179062,
        -1.1090585,
        -1.1402524,
        -1.1132002,
        -1.0751044,
        -1.0227572,
        -0.98372626,
        -0.93535495,
        -0.8644893,
        -0.7845508,
        -0.63969755,
        -0.5011358,
        -0.3281076,
        -0.20458436,
        -0.14291096,
        -0.10779023,
        -0.13358235,
        -0.18073082,
        -0.23156643,
        -0.28742647,
        -0.29687595,
        -0.33507204,
        -0.35961986,
        -0.32554245,
        -0.3169074,
        -0.3193648,
        -0.28736162,
        -0.29253244,
        -0.30134106,
        -0.31140876,
        -0.3012607,
        -0.29004145,
        -0.31592607,
        -0.30449796,
        -0.3011284,
        -0.29858732,
        -0.2826519,
        -0.22970772,
        -0.22371984,
        -0.22903824,
        -0.23146367,
        -0.22632456,
        -0.19688702,
        -0.1766522,
        -0.1131587,
        -0.04001212,
        0.014033318,
        0.051154137,
        0.04493594,
        0.0072000027,
        -0.038318157,
        -0.06316066,
        -0.08433318,
        -0.15457845,
        -0.19487453,
        -0.21471453,
        -0.21388364,
        -0.22317052,
        -0.172822,
        -0.10780811,
        -0.025438309,
        0.02447772,
        0.07588148,
        0.12887454,
        0.15446758,
        0.16430235,
        0.16275167,
        0.132586,
        0.14036727,
        0.10203743,
        0.05814433,
        0.020676136,
        0.044942617,
        0.052333117,
        0.06970549,
        0.1096468,
        0.15823841,
        0.1775341,
        0.20096612,
        0.22350645,
        0.2182126,
        0.2156682,
        0.15789604,
        0.13042903,
        0.09207058
    ],