{
    "class": "zneg",
    "duration_ms": 700,
    "x": [
        -0.36206752,
        -0.28268686,
        -0.17570001,
        -0.08484545,
        0.020852745,
        0.16945826,
        0.30493662,
        0.40180424,
        0.4152645,
        0.40034327,
        0.3164201,
        0.2224958,
        0.13641535,
        0.07331344,
        0.027499035,
        0.043577805,
        0.08765981,
        0.14763674,
        0.21144754,
        0.27658713,
        0.31935248,
        0.34264877,
        0.3728895,
        0.3578307,
        0.38814968,
        0.3691476,
        0.27618784,
        0.19862337,
        0.110865325,
        -0.012545586,
        -0.13291478,
        -0.34303594,
        -0.44789046,
        -0.5463963,
        -0.5643169,
        -0.47351223,
        -0.42806798,
        -0.4053436,
        -0.23146361,
        0.086431324,
        0.33187538,
        0.39712888,
        0.22401643,
        -0.1302197,
        -0.25047153,
        -0.5456917,
        -0.8236782,
        -1.2165784,
        -1.7241085,
        -2.139647,
        -2.4932275,
        -2.9619427,
        -3.3191242,
        -3.1698606,
        -2.904473,
        -2.5595915,
        -2.0830052,
        -1.6278763,
        -1.1651719,
        -0.69042176,
        -0.15350151,
        0.54959196,
        1.5199858,
        2.3482451,
        2.3920498,
        2.5379593,
        2.2841058,
        1.7433037,
        1.3785352,
        1.0471578,
        0.71668124,
        0.5537144,
        0.62705076,
        0.8816475,
        1.1574525,
        1.4263215,
        1.6117028,
        1.8058808,
        1.997021,
        2.1363502,
        2.181901,
        2.0965762,
        1.9081165,
        1.7613131,
        1.5927562,
        1.449074,
        1.3002694,
        1.1479025,
        0.9894124,
        0.8610687,
        0.744378,
        0.63253486,
        0.5212714,
        0.43259346,
        0.35028523,
        0.2796928,
        0.17614853,
        0.09339565,
        0.06126438,
        0.054189652,
        0.08456485,
        0.0685337,
        -0.0057206154,
        -0.07998666,
        -0.20642835,
        -0.3303443,
        -0.45588565,
        -0.5601663,
        -0.68778163,
        -0.7720319,
        -0.77594995,
        -0.71330315,
        -0.574692,
        -0.3768045,
        -0.14864963,
        0.08022615,
        0.79886633,
        0.7213502,
        0.66802776,
        0.505777,
        0.2581115,
        0.124697536,
        -0.0636605,
        -0.23442739,
        -0.47275287,
        -0.66504073,
        -0.8653514,
        -1.1104741,
        -1.2691543,
        -1.4344728,
        -1.3713601,
        -1.1747483,
        -0.89151335,
        -0.5347458,
        -0.24666941,
        -0.0071520805,
        0.13416019,
        0.19651422,
        0.2178508,
        0.17614847,
        0.0659644,
        0.008658767,
        -0.06354195,
        -0.091456056,
        -0.08023524,
        -0.04932958,
        -0.04412377,
        -0.018991947,
        0.016861022
    ],
    "y": [
        0.23928499,
        0.27413988,
        0.24530697,
        0.25553226,
        0.24291754,
        0.21990395,
        0.16536093,
        0.1296606,
        0.09353018,
        0.08304167,
        0.17620373,
        0.2794609,
        0.30938435,
        0.3634944,
        0.37951183,
        0.3481083,
        0.3053913,
        0.26838398,
        0.24222565,
        0.23880768,
        0.26749563,
        0.27113295,
        0.2808771,
        0.2446332,
        0.19633627,
        0.1245532,
        0.11536121,
        0.107115746,
        0.14332867,
        0.16980219,
        0.20147896,
        0.22928572,
        0.20113039,
        0.13888264,
        0.12294626,
        0.04990077,
        -0.11121678,
        -0.44573689,
        -0.87611747,
        -1.4201183,
        -2.085043,
        -2.796569,
        -3.3877883,
        -3.8278766,
        -3.9793587,
        -3.8717687,
        -3.5104547,
        -3.1059864,
        -2.737423,
        -2.6080723,
        -2.6914527,
        -2.887124,
        -3.0904253,
        -3.302442,
        -3.5382848,
        -3.80293,
        -3.9967163,
        -4.1358366,
        -4.3418937,
        -4.6436133,
        -4.985849,
        -5.419762,
        -5.9269423,
        -5.8506885,
        -5.7887506,
        -6.0456467,
        -5.893161,
        -5.5602565,
        -4.494025,
        -3.0542386,
        -1.9901447,
        -1.4327064,
        -1.3123581,
        -1.3849111,
        -1.4326227,
        -1.3861792,
        -1.3145769,
        -1.2460599,
        -1.1081662,
        -0.891459,
        -0.6112597,
        -0.27427554,
        -0.03367448,
        0.16046572,
        0.2451948,
        0.25563407,
        0.1811446,
        0.101608396,
        -0.027482748,
        -0.18321073,
        -0.4899534,
        -0.87506604,
        -1.3012484,
        -1.6733501,
        -1.9797722,
        -2.21358,
        -2.3795655,
        -2.4944992,
        -2.5824907,
        -2.6342263,
        -2.6693535,
        -2.676754,
        -2.6508157,
        -2.577207,
        -2.5545874,
        -2.5720341,
        -2.585605,
        -2.6382015,
        -2.6815438,
        -2.705011,
        -2.728014,
        -2.7454922,
        -2.7509499,
        -2.7900434,
        -2.7983308,
        -2.7762966,
        -2.8752103,
        -2.8188982,
        -2.6407495,
        -2.4649653,
        -2.241019,
        -2.0401542,
        -1.804719,
        -1.6070051,
        -1.4405754,
        -1.2392509,
        -1.0206184,
        -0.7782495,
        -0.5653806,
        -0.3754077,
        -0.2852707,
        -0.30956173,
        -0.41257238,
        -0.5898075,
        -0.7484617,
        -0.78639555,
        -0.78087616,
        -0.7059808,
        -0.609705,
        -0.5496464,
        -0.48522282,
        -0.41179848,
        -0.34882545,
        -0.3134327,
        -0.24367046,
        -0.25195122,
        -0.24474096,
        -0.21713781,
        -0.1810832
    ],