{
    "class": "zneg",
    "duration_ms": 700,
    "x": [
        -0.11373052,
        -0.026967987,
        0.044874877,
        0.08103192,
        0.13448504,
        0.1434976,
        0.1344928,
        0.095528305,
        0.04799889,
        0.029668733,
        -0.033502072,
        -0.07492499,
        -0.10676953,
        -0.09574044,
        -0.07521659,
        -0.026188076,
        0.0038067102,
        0.041050047,
        0.040395975,
        0.05664429,
        0.044289455,
        -0.01072301,
        -0.044100016,
        -0.06571552,
        -0.08276282,
        -0.0024302304,
        0.10851085,
        0.24103694,
        0.35516855,
        0.4275806,
        0.4492172,
        0.48696184,
        0.46455485,
        0.4248039,
        0.41036648,
        0.39936417,
        0.3724951,
        0.35102764,
        0.36320448,
        0.40164477,
        0.46865478,
        0.59520245,
        0.7340236,
        0.80957127,
        0.8371785,
        0.8268628,
        0.78323525,
        0.6847117,
        0.60951084,
        0.530988,
        0.4845717,
        0.3979527,
        0.31996474,
        0.24409539,
        0.15653408,
        0.03505099,
        -0.081293166,
        -0.21360576,
        -0.40396625,
        -0.6485067,
        -0.8840704,
        -1.1364617,
        -1.376808,
        -1.6408694,
        -1.9250519,
        -2.1320329,
        -2.1690416,
        -2.1059864,
        -1.9338835,
        -1.7065836,
        -1.5125523,
        -1.3025922,
        -1.0714691,
        -0.7947282,
        -0.54002815,
        -0.45081013,
        -0.4541607,
        -0.5059758,
        -0.54610807,
        -0.5752068,
        -0.37319237,
        -0.4825033,
        -0.20160848,
        0.24116164,
        0.50987697,
        0.52300215,
        0.40675837,
        0.36141732,
        0.37427554,
        0.41274065,
        0.4342963,
        0.38221982,
        0.28364038,
        0.09915,
        -0.067067206,
        -0.26689637,
        -0.39713752,
        -0.4408852,
        -0.4151097,
        -0.35630584,
        -0.28723723,
        -0.25019026,
        -0.23482502,
        -0.24760288,
        -0.21096724,
        -0.18116558,
        -0.063189805,
        0.05877173,
        0.1894725,
        0.30774283,
        0.3951445,
        0.4382824,
        0.46708357,
        0.48285815,
        0.45578402,
        0.39382976,
        0.30462417,
        0.19317627,
        0.11201471,
        0.029916495,
        -0.036420554,
        -0.06789026,
        -0.09063837,
        -0.09968704,
        -0.121227324,
        -0.13612494,
        -0.18978277,
        -0.29652095,
        -0.4015776,
        -0.44564182,
        -0.41961634,
        -0.39564583,
        -0.34985843,
        -0.3061628,
        -0.27430442,
        -0.26879987,
        -0.28980178,
        -0.33043724,
        -0.36690634,
        -0.41846865,
        -0.41566175,
        -0.42544222,
        -0.43575868,
        -0.46334085,
        -0.46738544,
        -0.46449715,
        -0.44979846,
        -0.43022043
    ],
    "y": [
        -0.033236504,
        -0.012588501,
        -0.02673912,
        -0.013710976,
        0.014327049,
        -0.0069475174,
        0.0059461594,
        0.00032234192,
        0.0022597313,
        0.013970852,
        0.023524761,
        0.042760372,
        0.04540682,
        0.07438469,
        0.058224678,
        0.030639172,
        0.013167381,
        0.015320301,
        0.020412922,
        0.040364742,
        0.05613327,
        0.07252598,
        0.08476448,
        0.09520769,
        0.094276905,
        0.06058073,
        0.067902565,
        0.04706192,
        0.03151512,
        0.049813747,
        0.047145367,
        0.061748028,
        0.058012962,
        0.052805424,
        0.07484913,
        0.097920895,
        0.1315608,
        0.19710302,
        0.2277112,
        0.23778391,
        0.23692846,
        0.22045135,
        0.18138123,
        0.13649559,
        0.10245323,
        0.053055763,
        0.04089403,
        0.032440186,
        0.07522583,
        0.085783005,
        0.06903839,
        0.04412651,
        -0.0031633377,
        -0.09615898,
        -0.20064974,
        -0.3726287,
        -0.51080346,
        -0.6395261,
        -0.69696736,
        -0.7028656,
        -0.7276182,
        -0.74152565,
        -0.80371857,
        -0.90404177,
        -1.0157123,
        -1.1238575,
        -1.2210089,
        -1.3383653,
        -1.4836758,
        -1.6391299,
        -1.8190062,
        -1.9334122,
        -2.092449,
        -2.2753286,
        -2.4639292,
        -2.6544583,
        -2.7350776,
        -2.6860952,
        -2.510738,
        -2.2629478,
        -2.3758652,
        -2.1893907,
        -1.8368431,
        -1.3848193,
        -1.098246,
        -1.1486614,
        -1.3554142,
        -1.5767639,
        -1.8029495,
        -2.0053585,
        -2.1393409,
        -2.2064054,
        -2.1562421,
        -1.9920481,
        -1.7823801,
        -1.5390658,
        -1.3414872,
        -1.2239039,
        -1.1776283,
        -1.1892256,
        -1.2139212,
        -1.2497518,
        -1.2801839,
        -1.2357785,
        -1.1785911,
        -1.1560955,
        -1.1438253,
        -1.1839693,
        -1.2370908,
        -1.297214,
        -1.3487711,
        -1.3548193,
        -1.3192418,
        -1.2484431,
        -1.1774905,
        -1.0795033,
        -1.0020003,
        -0.8635292,
        -0.7598438,
        -0.64303017,
        -0.54432106,
        -0.4447589,
        -0.34705734,
        -0.28018188,
        -0.23718739,
        -0.18719387,
        -0.1687131,
        -0.1749363,
        -0.12266302,
        -0.07712412,
        -0.04135275,
        -0.01363945,
        0.007648468,
        0.007405281,
        0.0017194748,
        0.016366482,
        0.029405594,
        0.033378124,
        0.023248196,
        0.018035412,
        -0.0015163422,
        -0.0378294,
        -0.07414913,
        -0.06992483,
        -0.04199171,
        -0.016759396,
        -0.05407524,
        -0.0677371
    ],