{
    "class": "zneg",
    "duration_ms": 700,
    "x": [
        -0.15227664,
        -0.13655424,
        -0.12937331,
        -0.099173546,
        -0.083602965,
        -0.07483038,
        -0.06767255,
        -0.05707842,
        -0.016913384,
        0.017035663,
        0.0593071,
        0.13366812,
        0.16646552,
        0.17280924,
        0.15157163,
        0.122853085,
        0.15161625,
        0.14079076,
        0.143507,
        0.13398165,
        0.092944086,
        0.0026490092,
        -0.03940481,
        -0.06949872,
        -0.19458365,
        -0.36619282,
        -0.510589,
        -0.6326534,
        -0.7032399,
        -0.6850486,
        -0.597928,
        -0.37257934,
        -0.13316119,
        0.09157437,
        0.27900976,
        0.41523087,
        0.46422565,
        0.38705653,
        0.1966641,
        -0.018059134,
        -0.19991231,
        -0.31589663,
        -0.35643005,
        -0.3397473,
        -0.26394093,
        -0.17194557,
        -0.041860223,
        0.1388495,
        0.33014226,
        0.5470073,
        0.7473298,
        0.8459558,
        0.87213874,
        0.8979953,
        0.84743774,
        0.78335184,
        0.7014895,
        0.59287804,
        0.47262073,
        0.35560918,
        0.21581173,
        0.11349285,
        0.042101145,
        -0.058109164,
        -0.13970256,
        -0.22010374,
        -0.28321624,
        -0.3892448,
        -0.51690817,
        -0.6041846,
        -0.7274784,
        -0.85339,
        -0.98926425,
        -1.058641,
        -1.0352275,
        -0.9861618,
        -0.90688276,
        -0.8264855,
        -0.7403095,
        -0.6677538,
        -0.64479756,
        -0.57338536,
        -0.56841946,
        -0.5248,
        -0.45220816,
        -0.39613128,
        -0.3012656,
        -0.17679083,
        -0.032061458,
        0.07601088,
        0.109981656,
        0.1397335,
        0.15363252,
        0.13749802,
        0.10099238,
        0.063501656,
        0.051433682,
        0.033756107,
        0.005798489,
        0.013209641,
        0.0154462755,
        -0.004285693,
        -0.038779408,
        -0.045037568,
        -0.07098493,
        -0.09537467,
        -0.12791368,
        -0.10648632,
        -0.12905571,
        -0.13800707,
        -0.1428046,
        -0.18180114,
        -0.20727998,
        -0.22903308,
        -0.23298135,
        -0.24068871,
        -0.25723445,
        -0.21130836,
        -0.18227911,
        -0.16564861,
        -0.13531047,
        -0.09396234,
        -0.092042774,
        -0.067299634,
        -0.04122618,
        -0.030498087,
        -0.018127352,
        -0.0064711273,
        0.052592605,
        0.07064216,
        0.095894635,
        0.107109964,
        0.11638412,
        0.12859975,
        0.11252648,
        0.084902614,
        0.07921314,
        0.059716195,
        0.035837144,
        0.019635022,
        0.008714557,
        -0.013619691,
        0.005348712,
        -0.02060464,
        -0.014928013,
        -0.030342907,
        -0.04054445,
        -0.062373996,
        -0.100774854,
        -0.1318438
    ],
    "y": [
        -0.12875366,
        -0.19031477,
        -0.21362877,
        -0.20356703,
        -0.18858194,
        -0.1400342,
        -0.09837198,
        -0.075289726,
        -0.051662445,
        -0.03691578,
        -0.07375908,
        -0.085665226,
        -0.10374451,
        -0.07325888,
        -0.06571388,
        -0.056921005,
        -0.09153271,
        -0.16149998,
        -0.23500395,
        -0.28059673,
        -0.2958851,
        -0.3642726,
        -0.44291067,
        -0.5961938,
        -0.5695176,
        -0.40631866,
        -0.15032196,
        0.25063848,
        0.6636963,
        1.0013628,
        1.1063509,
        1.0224404,
        0.79085636,
        0.478765,
        0.14352608,
        -0.143219,
        -0.34104824,
        -0.4602337,
        -0.475502,
        -0.47653556,
        -0.42882228,
        -0.38184738,
        -0.30385184,
        -0.25406528,
        -0.21757984,
        -0.21056914,
        -0.28968287,
        -0.41090727,
        -0.5731956,
        -0.7875042,
        -0.9905272,
        -1.1886468,
        -1.2805281,
        -1.3657477,
        -1.3930203,
        -1.4013458,
        -1.4458945,
        -1.4640558,
        -1.4620614,
        -1.4936959,
        -1.492971,
        -1.4632348,
        -1.4676315,
        -1.5143042,
        -1.5567223,
        -1.6034926,
        -1.7040178,
        -1.7857753,
        -1.7761459,
        -1.6959201,
        -1.539469,
        -1.384979,
        -1.176898,
        -0.99146605,
        -0.8309598,
        -0.7336509,
        -0.70435035,
        -0.7072885,
        -0.7163732,
        -0.65771127,
        -0.612797,
        -0.56006217,
        -0.5016191,
        -0.4370296,
        -0.43750477,
        -0.39721203,
        -0.370713,
        -0.34086347,
        -0.35255742,
        -0.3669243,
        -0.36902237,
        -0.32005167,
        -0.31753874,
        -0.2652378,
        -0.26796103,
        -0.22975588,
        -0.23184013,
        -0.26689768,
        -0.2654729,
        -0.2563076,
        -0.23233986,
        -0.20319986,
        -0.15707397,
        -0.06336594,
        0.017735958,
        0.0713954,
        0.07568407,
        0.07089901,
        0.05664444,
        0.054125786,
        0.08447075,
        0.09732294,
        0.11160755,
        0.13681078,
        0.13933992,
        0.13591051,
        0.1264329,
        0.10118008,
        0.0696888,
        0.0604949,
        0.023139,
        0.053130627,
        0.03305483,
        0.03461361,
        0.028814316,
        0.010761738,
        -0.04353714,
        -0.09581089,
        -0.1484747,
        -0.16798115,
        -0.1807704,
        -0.17472124,
        -0.15446854,
        -0.12700653,
        -0.061113358,
        -0.021193981,
        0.0503664,
        0.09863281,
        0.1477356,
        0.15224409,
        0.16956806,
        0.15423727,
        0.13496113,
        0.10222626,
        0.08223152,
        0.09159613,
        0.14203978,
        0.16155243,
        0.16676283,
        0.16710424
    ],