{
    "class": "zneg",
    "duration_ms": 700,
    "x": [
        -0.3288174,
        -0.56115985,
        -0.8714903,
        -1.2443166,
        -1.6457802,
        -2.079574,
        -2.5029783,
        -2.8572235,
        -3.0977592,
        -3.6574843,
        -3.1017725,
        -1.9715719,
        -1.2239308,
        -0.8595873,
        -0.5426271,
        -0.21462184,
        0.14651844,
        0.48411188,
        0.74778223,
        0.84782857,
        0.8351585,
        0.7191944,
        0.4913144,
        0.2136822,
        -0.12159109,
        -0.36889952,
        -0.58058274,
        -0.7052468,
        -0.7290048,
        -0.7083312,
        -0.6619591,
        -0.57467467,
        -0.50817794,
        -0.4027931,
        -0.2836355,
        -0.16212589,
        -0.028530538,
        0.030958593,
        0.049194515,
        0.025061905,
        -0.021235406,
        -0.031357706,
        -0.049335063,
        -0.020921826,
        0.015005469,
        0.08699697,
        0.16371101,
        0.254443,
        0.30640814,
        0.35065377,
        0.33669615,
        0.31226233,
        0.28211346,
        0.21743709,
        0.13453078,
        0.09979254,
        0.09853983,
        0.13825151,
        0.21725062,
        0.32717472,
        0.4289649,
        0.51692927,
        0.6286217,
        0.7245623,
        0.80816305,
        0.82724774,
        0.83505833,
        0.764861,
        0.6886109,
        0.5653907,
        0.4016701,
        0.18923745,
        0.0130440295,
        -0.14004278,
        -0.27572018,
        -0.37559852,
        -0.40667892,
        -0.47452056,
        -0.48361874,
        -0.4963636,
        -0.49127942,
        -0.45394218,
        -0.44160858,
        -0.33223367,
        -0.27393407,
        -0.1755423,
        -0.07032859,
        0.0010443032,
        0.08434662,
        0.13208646,
        0.14463603,
        0.14143172,
        0.11768198,
        0.047003716,
        -0.020774156,
        -0.09289926,
        -0.17690277,
        -0.27042532,
        -0.3404032,
        -0.387289,
        -0.41603595,
        -0.40505743,
        -0.39987087,
        -0.41015965,
        -0.39761978,
        -0.38865626,
        -0.3495319,
        -0.30180126,
        -0.23074073,
        -0.14815205,
        -0.07760149,
        0.021871924,
        0.10532102,
        0.16140789,
        0.23368987,
        0.23620537,
        0.27412128,
        0.23456001,
        0.18655178,
        0.07703978,
        -0.0132059455,
        -0.09895015,
        -0.17372948,
        -0.22820997,
        -0.2385447,
        -0.17361128,
        -0.076293886,
        0.017802358,
        0.075389296,
        0.13727948,
        0.19177836,
        0.22959575,
        0.27486727,
        0.33502355,
        0.35294163,
        0.39589196,
        0.40150928,
        0.38628566,
        0.36161715,
        0.27217388,
        0.19912815,
        0.10387987,
        0.0057212114,
        -0.39397132,
        -0.37517452,
        -0.24237359,
        -0.2708084,
        -0.10356295
    ],
    "y": [
        -0.7321234,
        -0.97755194,
        -1.1969199,
        -1.3629816,
        -1.620815,
        -1.8236763,
        -1.8850214,
        -1.7912407,
        -1.6635196,
        -1.2317197,
        -1.057045,
        -1.2711809,
        -1.5710908,
        -2.0557382,
        -2.5391772,
        -2.9724414,
        -3.3488617,
        -3.651994,
        -3.8919764,
        -3.9460552,
        -3.909499,
        -3.7981756,
        -3.6505857,
        -3.5398123,
        -3.4037766,
        -3.2679377,
        -3.185654,
        -3.1425939,
        -3.1168618,
        -3.067307,
        -2.9672503,
        -2.8046606,
        -2.6065197,
        -2.441078,
        -2.383916,
        -2.3889785,
        -2.3862982,
        -2.3443577,
        -2.2672253,
        -2.1060958,
        -1.9033582,
        -1.6700039,
        -1.4435979,
        -1.2498152,
        -1.0690415,
        -1.001488,
        -0.9485999,
        -0.9675797,
        -1.0100774,
        -1.0325066,
        -1.0627776,
        -1.0688468,
        -1.0568047,
        -0.99194264,
        -0.8920939,
        -0.7559626,
        -0.64930344,
        -0.50388503,
        -0.40945816,
        -0.3291371,
        -0.2550087,
        -0.21761632,
        -0.20249128,
        -0.18109274,
        -0.24239874,
        -0.26720285,
        -0.29474688,
        -0.34255457,
        -0.3754959,
        -0.37058496,
        -0.34783936,
        -0.30111313,
        -0.23835468,
        -0.19400072,
        -0.16888523,
        -0.15447474,
        -0.15368605,
        -0.19577932,
        -0.2210722,
        -0.24184227,
        -0.26048374,
        -0.25553417,
        -0.2795167,
        -0.29390478,
        -0.32237434,
        -0.33110714,
        -0.3128333,
        -0.2936244,
        -0.24503326,
        -0.22447634,
        -0.1700244,
        -0.13447666,
        -0.16085482,
        -0.15354395,
        -0.15325642,
        -0.105149746,
        -0.097569466,
        -0.061341286,
        -0.058658123,
        -0.022743702,
        0.0031356812,
        0.009478092,
        0.03207445,
        0.061516285,
        0.085916996,
        0.122478485,
        0.16638899,
        0.21550608,
        0.22420979,
        0.22618914,
        0.21174908,
        0.16899347,
        0.119128704,
        0.06944466,
        0.046046734,
        0.0081243515,
        -0.030012608,
        -0.018195152,
        -0.052239418,
        -0.026821613,
        -0.018503666,
        0.018362522,
        0.040755272,
        0.12044525,
        0.19040632,
        0.24842358,
        0.24684048,
        0.2648692,
        0.25943756,
        0.24717093,
        0.23746872,
        0.23025036,
        0.19173431,
        0.15996552,
        0.110934734,
        0.078165054,
        0.02342701,
        -0.00054597855,
        0.0015969276,
        0.03955269,
        0.11087608,
        0.20352888,
        0.2624755,
        0.33789062,
        0.4060297,
        0.35022068,
        0.2785697,
        0.18872833
    ],