{
    "class": "zneg",
    "duration_ms": 700,
    "x": [
        -0.08580896,
        -0.02280891,
        0.026837498,
        0.054349184,
        0.0819484,
        0.08886248,
        0.11872271,
        0.19099331,
        0.25824296,
        0.29685304,
        0.29999197,
        0.2652141,
        0.26107797,
        0.26058078,
        0.2607982,
        0.24719548,
        0.2104989,
        0.12768936,
        0.009469479,
        -0.15728498,
        -0.28803653,
        -0.417737,
        -0.5512527,
        -0.61662114,
        -0.5828642,
        -0.4979459,
        -0.3076134,
        -0.013251286,
        0.37401897,
        0.71909225,
        0.9426274,
        1.0088768,
        0.53442967,
        0.40010256,
        0.36881864,
        0.20931885,
        0.11955705,
        0.016176507,
        -0.17342475,
        -0.39395648,
        -0.92103386,
        -1.6719167,
        -1.8712432,
        -1.6307693,
        -1.5601746,
        -1.4670771,
        -1.3015866,
        -1.0466821,
        -0.68531257,
        -0.3259892,
        0.03745985,
        0.38049215,
        0.7400353,
        1.0473745,
        1.2488167,
        1.3227296,
        1.3189051,
        1.2814252,
        1.1564423,
        0.95591795,
        0.8317543,
        0.7684027,
        0.6558209,
        0.46817148,
        0.24741909,
        0.08140886,
        -0.054421276,
        -0.11039722,
        -0.07219976,
        -0.01803115,
        0.091330945,
        0.17259571,
        0.27360988,
        0.37055105,
        0.47516206,
        0.5276406,
        0.5585463,
        0.53649753,
        0.52551425,
        0.50822294,
        0.44545478,
        0.45181462,
        0.44613746,
        0.47199067,
        0.560789,
        0.6316495,
        0.7255991,
        0.77567255,
        0.7628119,
        0.6993793,
        0.59780145,
        0.43955398,
        0.2420817,
        0.015898347,
        -0.1924237,
        -0.3701179,
        -0.5310965,
        -0.6994349,
        -0.8113635,
        -0.89624065,
        -0.9161004,
        -0.8668561,
        -0.7710132,
        -0.6800604,
        -0.58076644,
        -0.51698583,
        -0.4843691,
        -0.4852224,
        -0.48556384,
        -0.45611763,
        -0.41551787,
        -0.41580322,
        -0.34858572,
        -0.25145587,
        -0.15474391,
        -0.07479188,
        0.043626845,
        0.10694325,
        0.14371777,
        0.15838751,
        0.17196226,
        0.1453602,
        0.077736944,
        -0.00290367,
        -0.06804204,
        -0.14408082,
        -0.19059205,
        -0.17909089,
        -0.11911376,
        -0.06775245,
        0.0065730214,
        0.09492558,
        0.14750582,
        0.2268239,
        0.220593,
        0.2268559,
        0.19242215,
        0.18375006,
        0.13815534,
        0.076989174,
        0.07465118,
        0.0645428,
        0.06404999,
        0.07125777,
        0.09853943,
        0.122578695,
        0.20572287,
        0.252118
    ],
    "y": [
        0.27688503,
        0.32432175,
        0.36327457,
        0.35863686,
        0.3729334,
        0.41813326,
        0.43713188,
        0.45626068,
        0.45424557,
        0.47883797,
        0.4867463,
        0.50808907,
        0.4869876,
        0.4534955,
        0.3378396,
        0.17331505,
        0.01703453,
        -0.09291744,
        -0.15881515,
        -0.19903064,
        -0.18648434,
        -0.15132833,
        -0.104818106,
        -0.15140319,
        -0.20991802,
        -0.30663896,
        -0.44499922,
        -0.5583787,
        -0.62702703,
        -0.60430336,
        -0.5171981,
        -0.36117554,
        -0.09382439,
        0.06155777,
        -0.015106201,
        -0.24303436,
        -0.26930022,
        -0.75053644,
        -1.2855132,
        -1.7368368,
        -2.1066923,
        -2.1713498,
        -1.9518764,
        -1.7588123,
        -1.5662646,
        -1.4067236,
        -1.3009933,
        -1.3085387,
        -1.4171592,
        -1.650281,
        -1.8681523,
        -2.0642989,
        -2.247919,
        -2.333755,
        -2.40092,
        -2.373138,
        -2.2501364,
        -2.0809278,
        -1.9143628,
        -1.9172171,
        -1.9791977,
        -2.0471857,
        -2.017073,
        -1.9254891,
        -1.7541906,
        -1.5782176,
        -1.3723696,
        -1.1023486,
        -0.8371552,
        -0.5506042,
        -0.31962252,
        -0.1302073,
        -0.049499393,
        -0.019979835,
        -0.051033378,
        -0.11829221,
        -0.16126108,
        -0.2269904,
        -0.30734628,
        -0.35358724,
        -0.4364968,
        -0.53392255,
        -0.5783612,
        -0.6124635,
        -0.64777815,
        -0.6958744,
        -0.7203075,
        -0.758891,
        -0.8158313,
        -0.842514,
        -0.85480195,
        -0.8373654,
        -0.7888535,
        -0.70579255,
        -0.53923327,
        -0.36244297,
        -0.16975439,
        -0.015921474,
        0.106279135,
        0.19626915,
        0.2579087,
        0.25164783,
        0.20694625,
        0.059889436,
        -0.10008383,
        -0.23354352,
        -0.39641368,
        -0.48407114,
        -0.49678278,
        -0.45113027,
        -0.35371637,
        -0.24690807,
        -0.144279,
        -0.080862045,
        0.011016846,
        0.064876795,
        0.13354206,
        0.20739412,
        0.21661091,
        0.19660854,
        0.14197516,
        0.05464363,
        -0.039485455,
        -0.08806634,
        -0.09398675,
        -0.050137997,
        -0.047496557,
        -0.03801942,
        -0.026191235,
        -0.028511047,
        0.010381937,
        0.059611797,
        0.11227751,
        0.15901875,
        0.23336601,
        0.24425459,
        0.27045345,
        0.24707913,
        0.20498013,
        0.16773343,
        0.12321448,
        0.066621065,
        0.01962781,
        -0.02717638,
        -0.025884628,
        0.023362875,
        0.027371883,
        -0.030369282
    ],