{
    "class": "zneg",
    "duration_ms": 700,
    "x": [
        -0.066928476,
        -0.01900062,
        0.03582561,
        0.07876213,
        0.119682804,
        0.14437601,
        0.16970706,
        0.18140164,
        0.17711934,
        0.1687597,
        0.14171293,
        0.11722289,
        0.09273514,
        0.06574839,
        0.02426951,
        -0.0055365115,
        -0.028570801,
        -0.03279566,
        -0.008695781,
        -0.05365555,
        -0.048335902,
        -0.042869277,
        -0.037097543,
        -0.06182318,
        -0.08104459,
        -0.1113793,
        -0.12903295,
        -0.15314451,
        -0.16238798,
        -0.19958204,
        -0.1956115,
        -0.21949367,
        -0.23020637,
        -0.23495694,
        -0.23608892,
        -0.21224217,
        -0.17288502,
        -0.14115019,
        -0.115854144,
        -0.13857101,
        -0.18468654,
        -0.24683085,
        -0.258919,
        -0.24153396,
        -0.17431527,
        -0.09051895,
        -0.06811011,
        -0.07259905,
        -0.2116589,
        -0.8799415,
        -0.7882088,
        -0.4837312,
        -0.420278,
        -0.49843377,
        -0.6272842,
        -0.8341253,
        -1.0715079,
        -1.4010224,
        -2.1318362,
        -2.6333575,
        -2.3300433,
        -1.9344431,
        -1.6615632,
        -1.312225,
        -0.7104467,
        -0.038288474,
        0.56743264,
        0.9807044,
        1.2481765,
        1.3562199,
        1.35399,
        1.2485217,
        1.0781716,
        0.8783784,
        0.5367284,
        0.34403384,
        0.1965869,
        0.09058803,
        0.0040656924,
        -0.07834309,
        -0.09689826,
        -0.03047651,
        0.011793017,
        0.042149246,
        0.00013518333,
        -0.03654635,
        -0.14820653,
        -0.28367996,
        -0.3747189,
        -0.45316017,
        -0.53374946,
        -0.5400243,
        -0.5315137,
        -0.46243262,
        -0.35613245,
        -0.22869885,
        -0.12515622,
        -0.064453125,
        -0.030089438,
        -0.007862151,
        0.013954997,
        0.025558233,
        0.041071236,
        0.021915555,
        -0.005764663,
        -0.07296282,
        -0.13646853,
        -0.19829899,
        -0.23631847,
        -0.25242805,
        -0.26775986,
        -0.28436673,
        -0.3211035,
        -0.32527763,
        -0.33273602,
        -0.3532191,
        -0.39609128,
        -0.41829592,
        -0.4391349,
        -0.39672208,
        -0.3657155,
        -0.33930776,
        -0.29895422,
        -0.26426,
        -0.19722259,
        -0.1385571,
        -0.08070409,
        0.007903904,
        0.082363725,
        0.1478562,
        0.17821322,
        0.19004384,
        0.22172064,
        0.23257247,
        0.26345593,
        0.3216415,
        0.36409843,
        0.38362622,
        0.37765393,
        0.3914015,
        0.3623502,
        0.34284773,
        0.32300782,
        0.3336428,
        0.34341952,
        0.33061048,
        0.30958205,
        0.2517053
    ],
    "y": [
        -0.007774353,
        -0.007445812,
        0.011922836,
        0.021707535,
        0.0030436516,
        0.05115843,
        0.039618015,
        0.05191946,
        0.061676502,
        0.054522038,
        0.049590588,
        0.030219555,
        0.039192677,
        0.028717041,
        0.017947674,
        0.01887703,
        0.03855276,
        0.048377514,
        0.065173626,
        0.086508274,
        0.09116745,
        0.053271294,
        0.011302471,
        -0.01786995,
        -0.041333675,
        -0.05899191,
        -0.063630104,
        -0.06950712,
        -0.0718894,
        -0.07564974,
        -0.06403637,
        -0.056123734,
        -0.07557249,
        -0.057792187,
        -0.01006794,
        0.0034894943,
        0.037967205,
        0.0127129555,
        -0.035609245,
        -0.082401276,
        -0.03665638,
        0.030330181,
        0.10485268,
        0.17300081,
        0.17453814,
        0.16400719,
        0.17768335,
        0.20881367,
        0.27928543,
        0.60674334,
        0.63193846,
        0.3970189,
        0.10195732,
        -0.15602636,
        -0.43290353,
        -0.72979236,
        -0.94542503,
        -1.115699,
        -1.1494269,
        -0.9127879,
        -0.74545836,
        -0.786211,
        -1.0470383,
        -1.3892812,
        -1.892385,
        -2.4708877,
        -3.0489473,
        -3.5366316,
        -3.8398576,
        -4.0081415,
        -4.088266,
        -4.009424,
        -3.9462106,
        -3.9804664,
        -3.8727899,
        -3.6557765,
        -3.469691,
        -3.2945876,
        -3.212615,
        -3.2099252,
        -3.1748476,
        -3.1036713,
        -2.995288,
        -2.8346162,
        -2.5833066,
        -2.2802875,
        -1.9507656,
        -1.5845894,
        -1.255757,
        -0.94289446,
        -0.6654758,
        -0.5028267,
        -0.383543,
        -0.3677801,
        -0.38649035,
        -0.45659113,
        -0.49913692,
        -0.5521656,
        -0.5840063,
        -0.6155776,
        -0.61260843,
        -0.62205005,
        -0.6406448,
        -0.6484046,
        -0.62322044,
        -0.61236525,
        -0.5650296,
        -0.48078585,
        -0.39276528,
        -0.30781794,
        -0.22332478,
        -0.1534059,
        -0.093290806,
        -0.023911238,
        0.04489994,
        0.12971711,
        0.18000937,
        0.23368597,
        0.27818847,
        0.2818308,
        0.2583983,
        0.19058537,
        0.077851534,
        0.015434742,
        -0.04727173,
        -0.07938695,
        -0.080994844,
        -0.05452037,
        -0.009632587,
        0.0010271072,
        0.03715682,
        0.086539745,
        0.15122151,
        0.19484425,
        0.20992136,
        0.2512524,
        0.23735213,
        0.21847916,
        0.16813087,
        0.14586401,
        0.15389729,
        0.12983513,
        0.09262991,
        0.0540905,
        0.033168316,
        -0.01814437,
        -0.04242778,
        -0.058775187
    ],