{
    "class": "zneg",
    "duration_ms": 700,
    "x": [
        0.11772196,
        0.12838802,
        0.11412424,
        0.08475605,
        0.063893735,
        0.05343601,
        0.036193587,
        0.033341303,
        0.056440778,
        0.07204482,
        0.07782201,
        0.085700445,
        0.078781754,
        0.059695214,
        0.030866802,
        0.046986878,
        0.01995425,
        0.016586736,
        0.027210511,
        0.04230763,
        0.05022505,
        0.0487504,
        0.038185835,
        0.030562386,
        0.051849157,
        0.04002416,
        0.02381739,
        0.007809952,
        0.022831023,
        0.06881015,
        0.12671548,
        0.18221357,
        0.25674236,
        0.27196875,
        0.31391102,
        0.33723295,
        0.38971174,
        0.39516005,
        0.3800335,
        0.35370088,
        0.36800766,
        0.4267144,
        0.55070066,
        0.69901925,
        0.9142175,
        1.2430422,
        1.6851429,
        2.0466692,
        2.3087757,
        2.4380372,
        2.4697568,
        2.3714142,
        2.2673194,
        2.133355,
        1.894999,
        1.5568537,
        1.1029167,
        0.6203864,
        0.16508244,
        -0.2982057,
        -0.8105438,
        -1.318286,
        -1.8094292,
        -2.2613401,
        -2.6295211,
        -2.8768706,
        -3.0452754,
        -3.1247458,
        -3.0801096,
        -2.9612541,
        -2.7526116,
        -2.492449,
        -2.2004783,
        -1.8370404,
        -1.4906825,
        -1.1961559,
        -0.8945806,
        -0.6923596,
        -0.48056582,
        -0.2553163,
        -0.01200182,
        0.1374487,
        0.26289654,
        0.333753,
        0.408616,
        0.45503289,
        0.45534003,
        0.3800099,
        0.30660462,
        0.18544407,
        0.079417124,
        -0.07533889,
        -0.22126943,
        -0.3801056,
        -0.51131046,
        -0.596076,
        -0.69468427,
        -0.7692333,
        -0.83920646,
        -0.8786078,
        -0.88300383,
        -0.8336747,
        -0.70474285,
        -0.59471494,
        -0.41561148,
        -0.24448054,
        -0.09126897,
        0.057859547,
        0.19808853,
        0.2984922,
        0.45263225,
        0.5719817,
        0.6827007,
        0.73686916,
        0.7704808,
        0.76219064,
        0.7144247,
        0.6248307,
        0.5174066,
        0.40653145,
        0.3043353,
        0.24905059,
        0.19788715,
        0.17265508,
        0.16652687,
        0.18667607,
        0.197359,
        0.21301131,
        0.2169866,
        0.18776813,
        0.13949582,
        0.06484467,
        0.0018829405,
        -0.04219933,
        -0.07940619,
        -0.10732174,
        -0.15454614,
        -0.19928536,
        -0.26534277,
        -0.3286808,
        -0.4108494,
        -0.48560476,
        -0.5220732,
        -0.56582993,
        -0.6169461,
        -0.65388334,
        -0.72459936,
        -0.7428928,
        -0.76391625
    ],
    "y": [
        0.035173893,
        0.05350828,
        0.07527995,
        0.07439685,
        0.07953787,
        0.059736967,
        0.045908213,
        0.0188241,
        0.0068466663,
        0.0047831535,
        -0.0020916462,
        0.014539242,
        0.035167694,
        0.047652006,
        0.06387687,
        0.055268526,
        0.038704634,
        0.04524851,
        0.029785633,
        0.023523092,
        0.01944828,
        0.03186655,
        0.029829502,
        0.06571555,
        0.09407377,
        0.11021757,
        0.123744726,
        0.096745014,
        0.10323596,
        0.109831095,
        0.06680465,
        0.036430836,
        0.025803804,
        0.006134033,
        -0.015568256,
        0.0175066,
        0.02639556,
        0.027891397,
        0.045823097,
        0.06351662,
        0.10461044,
        0.14042091,
        0.159091,
        0.19420981,
        0.22194266,
        0.24962139,
        0.27991748,
        0.2443285,
        0.23898101,
        0.25033855,
        0.2960639,
        0.3605156,
        0.4281485,
        0.46825027,
        0.44524598,
        0.37850738,
        0.20390582,
        -0.060976505,
        -0.30988407,
        -0.4797883,
        -0.6149516,
        -0.65641785,
        -0.5740931,
        -0.4529667,
        -0.31369615,
        -0.20380926,
        -0.17129087,
        -0.2121079,
        -0.30618584,
        -0.4819368,
        -0.7347366,
        -1.0461249,
        -1.4149464,
        -1.8045049,
        -2.1662254,
        -2.4941769,
        -2.7293172,
        -2.89315,
        -2.954074,
        -2.9184673,
        -2.8691185,
        -2.830896,
        -2.7779934,
        -2.6626983,
        -2.5447934,
        -2.4070525,
        -2.2894282,
        -2.2168782,
        -2.1633036,
        -2.1114714,
        -2.0323753,
        -1.8590548,
        -1.7017906,
        -1.5278263,
        -1.3622886,
        -1.1923611,
        -1.0318307,
        -0.8540867,
        -0.70448786,
        -0.5664338,
        -0.44736782,
        -0.37158504,
        -0.3347701,
        -0.32310268,
        -0.36091834,
        -0.40040112,
        -0.47943765,
        -0.5565454,
        -0.58321005,
        -0.6255135,
        -0.653935,
        -0.71806955,
        -0.7743152,
        -0.82706875,
        -0.8759136,
        -0.9179089,
        -0.91183674,
        -0.8595003,
        -0.80321693,
        -0.73530567,
        -0.63842404,
        -0.5480895,
        -0.48571515,
        -0.4249103,
        -0.42081308,
        -0.42583728,
        -0.43074012,
        -0.48611927,
        -0.4822755,
        -0.46498108,
        -0.4511509,
        -0.42433596,
        -0.38220906,
        -0.33934498,
        -0.303097,
        -0.24010277,
        -0.20322514,
        -0.17111063,
        -0.1535685,
        -0.12694812,
        -0.105780125,
        -0.09501171,
        -0.09233022,
        -0.09053278,
        -0.0656867,
        -0.063201904,
        -0.020701408,
        0.052330494,
        0.08175516
    ],