{
    "class": "zneg",
    "duration_ms": 700,
    "x": [
        0.15433724,
        0.17112078,
        0.17437679,
        0.13793239,
        0.07131544,
        -0.025380075,
        -0.102306485,
        -0.20739722,
        -0.28597927,
        -0.31218213,
        -0.3099377,
        -0.28174245,
        -0.27520582,
        -0.23082715,
        -0.18235582,
        -0.1132471,
        -0.044982463,
        0.01795575,
        0.04461786,
        0.10183914,
        0.12777188,
        0.17042026,
        0.1918845,
        0.1521142,
        0.12513565,
        0.091841236,
        0.07136175,
        0.0018697679,
        -0.031140417,
        -0.06135273,
        -0.08896783,
        -0.097391605,
        -0.07708797,
        -0.080380976,
        -0.057326972,
        -0.072310686,
        -0.044196337,
        0.010105878,
        0.040705264,
        0.104885355,
        0.107397914,
        0.1411878,
        0.17749323,
        0.19274028,
        0.17507885,
        0.12700309,
        0.10303953,
        0.057673186,
        0.04793632,
        0.011947006,
        -0.026406467,
        -0.041228563,
        -0.035431415,
        -0.01365599,
        0.071980745,
        0.14554518,
        0.24771388,
        0.34020892,
        0.39674848,
        0.42680568,
        0.43503952,
        0.4238852,
        0.41460228,
        0.39780393,
        0.40948355,
        0.43813053,
        0.46313173,
        0.45690614,
        0.39882138,
        0.3063839,
        0.10390827,
        -0.18797243,
        -0.47759277,
        -0.759557,
        -1.012459,
        -1.2032244,
        -1.3820701,
        -1.5049914,
        -1.4988458,
        -1.4886113,
        -1.3616868,
        -1.1456244,
        -0.9168481,
        -0.6003891,
        -0.2988037,
        0.0074082315,
        0.20365173,
        0.40362352,
        0.5956942,
        0.7554188,
        0.86007625,
        0.91258156,
        0.9492618,
        0.9328939,
        0.951345,
        0.9798162,
        0.92456937,
        0.8572194,
        0.7491822,
        0.63020694,
        0.53068966,
        0.42115948,
        0.3051486,
        0.22119865,
        0.10951518,
        0.07754028,
        0.045191452,
        0.008911565,
        -0.07989754,
        -0.1564703,
        -0.26340187,
        -0.43104935,
        -0.60318357,
        -0.78416115,
        -0.9692521,
        -1.1295674,
        -1.2842113,
        -1.3399839,
        -1.3311907,
        -1.220684,
        -1.0529878,
        -0.8151317,
        -0.520053,
        -0.22349563,
        0.07202741,
        0.37398547,
        0.6396718,
        0.8500785,
        1.0008461,
        1.1042621,
        1.1248522,
        1.1133027,
        1.0386604,
        0.8987148,
        0.7367512,
        0.55768013,
        0.3856014,
        0.23015895,
        0.058070704,
        -0.091691524,
        -0.252231,
        -0.353907,
        -0.4730717,
        -0.5116245,
        -0.55566585,
        -0.6173568,
        -0.6228382,
        -0.6249343,
        -0.59268177
    ],
    "y": [
        -0.013087273,
        -0.005739212,
        -0.011269569,
        -0.04398346,
        -0.042075157,
        -0.01799488,
        -0.0006122589,
        0.052586555,
        0.11021662,
        0.13160849,
        0.1144681,
        0.09700966,
        0.060217857,
        0.06353569,
        0.049673557,
        0.03047371,
        0.027400017,
        0.009357929,
        -0.02102995,
        -0.046964645,
        -0.032720566,
        -0.044960976,
        -0.031034946,
        -0.0075831413,
        -0.007950306,
        0.017913818,
        0.0056405067,
        0.005375862,
        0.00032234192,
        0.011808872,
        -0.0078110695,
        -0.020171642,
        -0.037003994,
        -0.04132986,
        -0.03770399,
        -0.0140218735,
        0.02259922,
        0.010476112,
        0.014325142,
        0.019846916,
        0.029385567,
        0.0073256493,
        0.025033474,
        0.041698933,
        0.057253838,
        0.059838295,
        0.08261967,
        0.14414215,
        0.20799541,
        0.20264053,
        0.20915174,
        0.20580769,
        0.21624899,
        0.2402072,
        0.25143147,
        0.26692963,
        0.26093912,
        0.24822283,
        0.24337292,
        0.2561059,
        0.29599905,
        0.3629799,
        0.364429,
        0.37708998,
        0.37277985,
        0.36161947,
        0.33945847,
        0.39257455,
        0.45469785,
        0.5266018,
        0.56604934,
        0.6182308,
        0.61513805,
        0.52606297,
        0.41827488,
        0.34698534,
        0.26443124,
        0.21144629,
        0.10674214,
        -0.006287575,
        -0.23954916,
        -0.58729744,
        -0.9839548,
        -1.3593659,
        -1.7153635,
        -2.0805447,
        -2.4578538,
        -2.8387508,
        -3.2317266,
        -3.6388805,
        -4.034376,
        -4.438894,
        -4.7593136,
        -4.946205,
        -4.9572144,
        -4.83782,
        -4.672636,
        -4.425647,
        -4.1339383,
        -3.836381,
        -3.585537,
        -3.3683615,
        -3.173338,
        -2.9812372,
        -2.8467474,
        -2.7384527,
        -2.6393661,
        -2.563985,
        -2.464857,
        -2.3211823,
        -2.114561,
        -1.8603,
        -1.5737834,
        -1.2681456,
        -0.9545081,
        -0.6157702,
        -0.3549008,
        -0.1316448,
        -0.07099119,
        -0.017847538,
        -0.041819394,
        -0.092641056,
        -0.16293794,
        -0.24041313,
        -0.28152382,
        -0.35755026,
        -0.42491484,
        -0.47612822,
        -0.52768314,
        -0.57678616,
        -0.6229322,
        -0.6606449,
        -0.6771014,
        -0.68825185,
        -0.6741469,
        -0.63642263,
        -0.59373856,
        -0.5287912,
        -0.47227383,
        -0.38561082,
        -0.32842588,
        -0.30793333,
        -0.32660675,
        -0.34409213,
        -0.40610576,
        -0.5057552,
        -0.6050644,
        -0.67566943,
        -0.6939945
    ],