{
    "class": "zneg",
    "duration_ms": 700,
    "x": [
        0.2550572,
        0.2962405,
        0.31865066,
        0.31801817,
        0.30145058,
        0.27485147,
        0.23545557,
        0.1875186,
        0.13938183,
        0.09325969,
        0.051224127,
        0.0048021823,
        -0.054828137,
        -0.12570146,
        -0.1971781,
        -0.26601884,
        -0.32436183,
        -0.37393108,
        -0.42908156,
        -0.48791838,
        -0.55389714,
        -0.6447675,
        -0.7441968,
        -0.8305186,
        -0.90525436,
        -0.95162916,
        -0.9506247,
        -0.89863867,
        -0.8072746,
        -0.70562935,
        -0.6056701,
        -0.52096254,
        -0.44831458,
        -0.39448172,
        -0.35495532,
        -0.32714328,
        -0.29304498,
        -0.24284527,
        -0.1713779,
        -0.061551392,
        0.07754743,
        0.22752854,
        0.37768555,
        0.5100901,
        0.6186642,
        0.6966939,
        0.7343711,
        0.7382961,
        0.71026564,
        0.6593101,
        0.60194135,
        0.5548664,
        0.517854,
        0.49074143,
        0.46892747,
        0.45033342,
        0.4301042,
        0.40325603,
        0.3667848,
        0.3250916,
        0.28725752,
        0.24784902,
        0.22288406,
        0.2118302,
        0.21458197,
        0.22863317,
        0.2422409,
        0.2509997,
        0.25276563,
        0.25020272,
        0.23395357,
        0.20933455,
        0.18156868,
        0.15096074,
        0.11569792,
        0.07878724,
        0.050526172,
        0.02197498,
        -0.0017468035,
        -0.030029774,
        -0.058136642,
        -0.09354609,
        -0.13654315,
        -0.18528998,
        -0.24017453,
        -0.28947297,
        -0.32132724,
        -0.3456082,
        -0.36514997,
        -0.36832199,
        -0.3605528,
        -0.35196382,
        -0.3283645,
        -0.2945416,
        -0.2550227,
        -0.20985651,
        -0.16618761,
        -0.1239112,
        -0.08497816,
        -0.05123496,
        -0.019797087,
        0.0026397407,
        0.011561215,
        0.009442687,
        0.003757447,
        -0.019754708,
        -0.053932905,
        -0.09657073,
        -0.14310414,
        -0.19190651,
        -0.24375623,
        -0.28741425,
        -0.3231986,
        -0.35110423,
        -0.3663361,
        -0.36413172,
        -0.3465985,
        -0.31326142,
        -0.27325532,
        -0.23084337,
        -0.1735076,
        -0.11991978,
        -0.069651425,
        -0.020039499,
        0.014556497,
        0.031395167,
        0.034947634,
        0.032130063,
        0.025060445,
        0.022963583,
        0.02331236,
        0.028266698,
        0.032699257,
        0.043807,
        0.05431512,
        0.052262753,
        0.04932174,
        0.043206394,
        0.034141243,
        0.019857943,
        0.007838249,
        0.0055139363,
        0.005827427,
        0.013972998,
        0.02534157,
        0.04244563,
        0.05793619,
        0.07662657,
        0.09374517
    ],
    "y": [
        0.037010193,
        0.021333456,
        0.010635614,
        -0.0041980743,
        -0.03704071,
        -0.08969092,
        -0.15654683,
        -0.2405529,
        -0.3225069,
        -0.394068,
        -0.4469874,
        -0.47800303,
        -0.47932506,
        -0.45078754,
        -0.4043615,
        -0.3569944,
        -0.32120454,
        -0.30479085,
        -0.31379926,
        -0.34067476,
        -0.37369108,
        -0.40451264,
        -0.41691,
        -0.41993687,
        -0.42015538,
        -0.4491119,
        -0.5435696,
        -0.7074574,
        -0.9165154,
        -1.1405338,
        -1.341955,
        -1.4952929,
        -1.5808485,
        -1.6007309,
        -1.5621145,
        -1.4917818,
        -1.4044911,
        -1.3266201,
        -1.2811266,
        -1.2850807,
        -1.3382947,
        -1.4164293,
        -1.4835193,
        -1.5232469,
        -1.5194674,
        -1.4706218,
        -1.3877593,
        -1.2800196,
        -1.1643188,
        -1.0555122,
        -0.9589567,
        -0.89503276,
        -0.86950314,
        -0.8732407,
        -0.8992272,
        -0.9351395,
        -0.97273624,
        -0.9988545,
        -1.0095772,
        -1.0061581,
        -0.9927044,
        -0.9806934,
        -0.9721339,
        -0.98138165,
        -1.0108787,
        -1.0601895,
        -1.1191798,
        -1.1870098,
        -1.2486554,
        -1.293603,
        -1.3160883,
        -1.3106767,
        -1.2887659,
        -1.2449377,
        -1.1910598,
        -1.1319356,
        -1.0678337,
        -1.0017343,
        -0.9459472,
        -0.9008608,
        -0.8569186,
        -0.8187666,
        -0.77213526,
        -0.7220583,
        -0.6687999,
        -0.612772,
        -0.5547304,
        -0.50246215,
        -0.4590912,
        -0.43016672,
        -0.41862965,
        -0.41757107,
        -0.42486954,
        -0.43344522,
        -0.4408145,
        -0.4492817,
        -0.45145273,
        -0.44720554,
        -0.434031,
        -0.42392206,
        -0.41209102,
        -0.396147,
        -0.36887407,
        -0.34006596,
        -0.30752134,
        -0.27392793,
        -0.23481989,
        -0.19772291,
        -0.16058278,
        -0.12590027,
        -0.09641075,
        -0.07473755,
        -0.058769226,
        -0.051202774,
        -0.047293663,
        -0.04952669,
        -0.053156376,
        -0.06037712,
        -0.07097077,
        -0.08230162,
        -0.082120895,
        -0.07249117,
        -0.05565548,
        -0.033617973,
        -0.0012660027,
        0.04166794,
        0.083185196,
        0.12067747,
        0.1538086,
        0.1752224,
        0.17718744,
        0.16417456,
        0.14322042,
        0.121221304,
        0.10509133,
        0.09227872,
        0.08543062,
        0.087138414,
        0.09765434,
        0.11507225,
        0.13990426,
        0.1674633,
        0.1884191,
        0.19802547,
        0.1938014,
        0.18039203,
        0.17207718,
        0.1567092,
        0.14370465
    ],