{
    "class": "zneg",
    "duration_ms": 700,
    "x": [
        0.07837287,
        0.07051873,
        0.07528216,
        0.10725917,
        0.11175533,
        0.098643616,
        0.12728265,
        0.15187772,
        0.11509605,
        0.054974295,
        0.07328465,
        0.057365924,
        0.028683254,
        -0.007874919,
        -0.026049197,
        -0.052000374,
        -0.07332575,
        -0.07790311,
        -0.10117482,
        -0.07389477,
        -0.06281354,
        -0.0630974,
        -0.051096834,
        -0.06763773,
        -0.0676728,
        -0.09907702,
        -0.0620119,
        -0.040000413,
        -0.013766465,
        0.045306418,
        0.09680005,
        0.112483785,
        0.11188454,
        0.10714089,
        0.13378209,
        0.15341811,
        0.16149211,
        0.15814942,
        0.17198423,
        0.22399928,
        0.33498788,
        0.49039793,
        0.5977135,
        0.65514445,
        0.69392794,
        0.73294276,
        0.7147544,
        0.72368836,
        0.8015024,
        0.9664133,
        1.0926929,
        1.1095583,
        0.6885825,
        -0.052233115,
        -0.04712656,
        0.04451625,
        0.049149692,
        0.046937555,
        -0.032078326,
        -0.19290793,
        -0.4777088,
        -1.1048777,
        -2.341923,
        -2.7007613,
        -2.4277544,
        -2.4997663,
        -2.8244908,
        -2.855876,
        -2.604474,
        -2.2536516,
        -1.8671815,
        -1.4334207,
        -0.96248895,
        -0.5374839,
        -0.116790175,
        0.23128977,
        0.6182641,
        0.98121643,
        1.2884557,
        1.4503152,
        1.432349,
        1.3491946,
        1.1841059,
        0.98379636,
        0.72454035,
        0.4592035,
        0.22864896,
        -0.03187409,
        -0.24579054,
        -0.4352097,
        -0.59841186,
        -0.7221543,
        -0.84126085,
        -0.9378927,
        -0.97233963,
        -0.9665294,
        -0.95380694,
        -0.89071476,
        -0.81476796,
        -0.7324299,
        -0.68632245,
        -0.6118721,
        -0.57161313,
        -0.5513699,
        -0.5464971,
        -0.5640733,
        -0.5366943,
        -0.5500339,
        -0.5703962,
        -0.6120385,
        -0.600672,
        -0.65815985,
        -0.6791489,
        -0.6805124,
        -0.6051549,
        -0.47990054,
        -0.33380726,
        -0.183739,
        -0.053430453,
        0.08592354,
        0.20343311,
        0.27797872,
        0.32452735,
        0.33162746,
        0.31399217,
        0.25494075,
        0.21421286,
        0.15340173,
        0.13434735,
        0.1426309,
        0.15187845,
        0.19564082,
        0.25475588,
        0.26947737,
        0.28256762,
        0.26010716,
        0.26136023,
        0.23107657,
        0.236009,
        0.2114441,
        0.1835865,
        0.1546841,
        0.10069254,
        0.038385615,
        0.015701354,
        0.008579865,
        0.009971291,
        -0.027815297,
        -0.06619285
    ],
    "y": [
        0.0011262894,
        -0.02020359,
        -0.00562191,
        0.020855904,
        0.026039124,
        0.024326324,
        0.025417805,
        0.0031256676,
        0.021501541,
        0.008711338,
        0.026426315,
        0.0194664,
        -0.00028944016,
        -0.05180216,
        -0.061183453,
        -0.057029247,
        -0.022536755,
        0.030489922,
        0.052360535,
        0.08406401,
        0.09005213,
        0.10627413,
        0.118447304,
        0.13127995,
        0.13524532,
        0.11367464,
        0.113969326,
        0.10965967,
        0.08876753,
        0.058625698,
        0.062145233,
        0.063554764,
        0.10800648,
        0.11676884,
        0.1329236,
        0.13983917,
        0.12342167,
        0.10053301,
        0.0760746,
        0.059776783,
        0.09707308,
        0.09534168,
        0.09110546,
        0.06857252,
        0.13556194,
        0.089864254,
        0.011056423,
        -0.067427635,
        -0.048356056,
        0.007943153,
        0.0131549835,
        -0.07281637,
        -0.17949867,
        -0.1859808,
        0.03371954,
        0.16587543,
        0.055498123,
        -0.15381718,
        -0.5152035,
        -0.89553213,
        -1.1526799,
        -1.2464895,
        -0.9790251,
        -0.5063057,
        -0.242764,
        -0.2281239,
        -0.4210155,
        -0.7423463,
        -1.129756,
        -1.4915372,
        -1.7231623,
        -1.8367165,
        -1.8507636,
        -1.7807148,
        -1.6964369,
        -1.6675109,
        -1.6774471,
        -1.7888826,
        -1.9638159,
        -2.1897922,
        -2.4516096,
        -2.6621504,
        -2.793594,
        -2.820072,
        -2.729714,
        -2.5824628,
        -2.3592803,
        -2.199265,
        -2.0454917,
        -1.863287,
        -1.6737776,
        -1.4961323,
        -1.352103,
        -1.2373468,
        -1.1475708,
        -1.0593477,
        -0.9705125,
        -0.8953252,
        -0.83813715,
        -0.7815498,
        -0.7342422,
        -0.6475508,
        -0.5304642,
        -0.4157071,
        -0.3239951,
        -0.24269557,
        -0.19987893,
        -0.19008613,
        -0.1842153,
        -0.18662858,
        -0.21130276,
        -0.19328141,
        -0.15851974,
        -0.09727311,
        -0.054963827,
        -0.005322218,
        -0.0059552193,
        -0.047417402,
        -0.101355076,
        -0.13461423,
        -0.20962119,
        -0.20692015,
        -0.20309305,
        -0.2030263,
        -0.1661439,
        -0.16687584,
        -0.1456523,
        -0.11480999,
        -0.093790054,
        -0.092544556,
        -0.10408974,
        -0.14049816,
        -0.13486671,
        -0.13044262,
        -0.08922291,
        -0.07136583,
        -0.050722122,
        -0.041743755,
        -0.07298088,
        -0.11070156,
        -0.14050198,
        -0.124056816,
        -0.133317,
        -0.09189129,
        -0.055047512,
        -0.032553196,
        -0.036271095,
        -0.07329178,
        -0.1241703
    ],