{
    "class": "zneg",
    "duration_ms": 700,
    "x": [
        -0.29831636,
        -0.24679628,
        -0.16381295,
        -0.07271144,
        0.002996698,
        0.08030526,
        0.13993779,
        0.20809816,
        0.23700282,
        0.26907694,
        0.29428974,
        0.33881143,
        0.41492382,
        0.49890265,
        0.5313736,
        0.5311542,
        0.50265825,
        0.5144104,
        0.4687798,
        0.3884797,
        0.30549738,
        0.20465806,
        0.21864522,
        0.35391697,
        0.5051652,
        0.6108104,
        0.643487,
        0.5314297,
        0.35925174,
        0.20523596,
        -0.01699245,
        -0.27025673,
        -0.3472032,
        -0.70522594,
        -1.1944854,
        -1.8927201,
        -2.3706727,
        -2.2259123,
        -2.150852,
        -2.119254,
        -2.0003357,
        -1.7533314,
        -1.469021,
        -1.1116076,
        -0.78175414,
        -0.41008753,
        0.016328126,
        0.3608343,
        0.52113724,
        0.49171394,
        0.34676293,
        0.11439414,
        -0.22498652,
        -0.5704571,
        -0.86258435,
        -1.0229194,
        -1.0256749,
        -0.9116594,
        -0.6947692,
        -0.47186035,
        -0.2506097,
        0.0027697086,
        0.19281906,
        0.39187834,
        0.57891035,
        0.73244363,
        0.8859939,
        0.98662007,
        1.0246644,
        1.026863,
        0.979733,
        0.9537843,
        0.9696415,
        0.9564524,
        0.9525151,
        0.9543857,
        0.872743,
        0.8313157,
        0.8314819,
        0.84099233,
        0.86635417,
        0.8905847,
        0.9069216,
        0.89937896,
        0.8785432,
        0.8672662,
        0.8591921,
        0.85955846,
        0.82018197,
        0.754963,
        0.6658636,
        0.57180953,
        0.5155104,
        0.41794914,
        0.34874675,
        0.28919676,
        0.22544456,
        0.13154534,
        0.0010051131,
        -0.16827697,
        -0.3643458,
        -0.54435796,
        -0.76147217,
        -0.90136975,
        -1.0222816,
        -1.0961239,
        -1.1162345,
        -1.0853896,
        -1.0298442,
        -0.98509604,
        -0.890915,
        -0.847362,
        -0.78225553,
        -0.7551895,
        -0.72072375,
        -0.6884502,
        -0.7036302,
        -0.6441867,
        -0.6132128,
        -0.5652865,
        -0.49101126,
        -0.44541466,
        -0.40470773,
        -0.4120501,
        -0.39830163,
        -0.42589435,
        -0.3896779,
        -0.32295296,
        -0.24403766,
        -0.17819232,
        -0.13908401,
        -0.08863065,
        -0.07556236,
        -0.057737917,
        -0.038359433,
        -0.046331733,
        -0.06981155,
        -0.013208538,
        0.016013116,
        0.06830582,
        0.15119767,
        0.20770173,
        0.2668925,
        0.333985,
        0.4189702,
        0.44323438,
        0.42343208,
        0.3857638,
        0.36337066,
        0.30124015
    ],
    "y": [
        -0.060685158,
        -0.013607502,
        0.03884554,
        0.044306755,
        0.05752611,
        0.049674988,
        0.03215885,
        -0.0504694,
        -0.084294796,
        -0.1270864,
        -0.1506393,
        -0.16016984,
        -0.14167285,
        -0.12120557,
        -0.11735773,
        -0.17718363,
        -0.22823405,
        -0.2675426,
        -0.30196357,
        -0.3573079,
        -0.5047116,
        -0.6343317,
        -0.7951176,
        -0.9512551,
        -1.2428706,
        -1.5958104,
        -1.8992004,
        -2.0586474,
        -2.157349,
        -2.2101235,
        -1.2575572,
        -0.9960723,
        -1.4482466,
        -1.7467623,
        -1.9892821,
        -2.1787028,
        -2.0539393,
        -1.8209922,
        -1.6049939,
        -1.361384,
        -1.2229726,
        -1.2938184,
        -1.6179028,
        -2.1312978,
        -2.7455947,
        -3.2555556,
        -3.5980635,
        -3.7394776,
        -3.725542,
        -3.588902,
        -3.391541,
        -3.1120396,
        -2.8608675,
        -2.630299,
        -2.440658,
        -2.283746,
        -2.185143,
        -2.068172,
        -2.0119977,
        -1.9165752,
        -1.7921853,
        -1.6234276,
        -1.4360983,
        -1.2376696,
        -1.0502927,
        -0.93219876,
        -0.83878636,
        -0.7394612,
        -0.63005805,
        -0.49449384,
        -0.39301324,
        -0.27807122,
        -0.2645855,
        -0.36895168,
        -0.48779657,
        -0.63021487,
        -0.7791285,
        -0.85997486,
        -0.994177,
        -1.082848,
        -1.2159145,
        -1.3130574,
        -1.427659,
        -1.4720241,
        -1.5188909,
        -1.5048738,
        -1.5486237,
        -1.6158501,
        -1.7441239,
        -1.9160058,
        -2.066487,
        -2.207261,
        -2.2761564,
        -2.3232765,
        -2.3623118,
        -2.3565562,
        -2.2906845,
        -2.216147,
        -2.0648062,
        -1.8333814,
        -1.5761893,
        -1.3122146,
        -0.99873066,
        -0.77553797,
        -0.66999626,
        -0.69292116,
        -0.8098235,
        -0.9835901,
        -1.1099992,
        -1.1994417,
        -1.2190285,
        -1.176117,
        -1.0800452,
        -0.9662461,
        -0.83406925,
        -0.70939636,
        -0.5560746,
        -0.47453165,
        -0.42890072,
        -0.41931868,
        -0.4319396,
        -0.49594688,
        -0.5064044,
        -0.51880074,
        -0.51420355,
        -0.4663577,
        -0.4161291,
        -0.34249163,
        -0.2792716,
        -0.23638964,
        -0.19952726,
        -0.18774843,
        -0.16997623,
        -0.12485695,
        -0.055078983,
        -0.013733864,
        0.034766674,
        0.049423695,
        0.056246758,
        0.031165123,
        0.019622803,
        -0.00940609,
        -0.005560875,
        0.012187958,
        0.034555435,
        0.095333576,
        0.17561531,
        0.22284698,
        0.2825904,
        0.3069086
    ],