{
    "class": "zneg",
    "duration_ms": 700,
    "x": [
        -0.015387207,
        0.039829776,
        0.095854536,
        0.16550669,
        0.22118828,
        0.25435665,
        0.27042064,
        0.26499316,
        0.23093669,
        0.15631905,
        0.11702366,
        0.07438707,
        0.023313269,
        0.0038643926,
        -0.020102084,
        -0.020629674,
        -0.06706482,
        -0.052502573,
        -0.05128488,
        -0.05849868,
        -0.052410424,
        -0.07324034,
        -0.07305521,
        -0.09695044,
        -0.1491997,
        -0.1912882,
        -0.21593651,
        -0.28675914,
        -0.3195803,
        -0.3235905,
        -0.36458275,
        -0.4056035,
        -0.46491787,
        -0.50131255,
        -0.5382341,
        -0.6018982,
        -0.65480745,
        -0.7317396,
        -0.70602554,
        -0.6421108,
        -0.54644215,
        -0.35146856,
        -0.032555163,
        0.36867428,
        0.7944016,
        1.1730634,
        1.4552424,
        1.666905,
        1.7978038,
        1.8206828,
        1.7704785,
        1.6181903,
        1.3588542,
        1.1185503,
        0.85252976,
        0.5606445,
        0.22753525,
        -0.064502,
        -0.346218,
        -0.55712926,
        -0.74881184,
        -0.9105927,
        -1.0411837,
        -1.0699915,
        -1.0192088,
        -0.87947655,
        -0.7198701,
        -0.56184244,
        -0.40509236,
        -0.30605257,
        -0.18243551,
        -0.09840751,
        -0.054621577,
        -0.093096256,
        -0.15065277,
        -0.2161206,
        -0.24900174,
        -0.28264844,
        -0.30950105,
        -0.3000884,
        -0.3061874,
        -0.31509173,
        -0.27590716,
        -0.22644114,
        -0.15640712,
        -0.093989134,
        -0.09589267,
        -0.108947635,
        -0.13516068,
        -0.18636823,
        -0.2721517,
        -0.3661995,
        -0.4206941,
        -0.51246715,
        -0.59417725,
        -0.6566162,
        -0.6640401,
        -0.63575065,
        -0.639223,
        -0.55532205,
        -0.45607185,
        -0.35850906,
        -0.2701515,
        -0.20334911,
        -0.1821996,
        -0.18511474,
        -0.21193862,
        -0.28632045,
        -0.34284878,
        -0.35445368,
        -0.38024342,
        -0.3790605,
        -0.33368313,
        -0.28452086,
        -0.18360907,
        -0.0955984,
        -0.063557684,
        -0.010834932,
        0.0433262,
        0.09165621,
        0.13388455,
        0.16992664,
        0.20925558,
        0.20154834,
        0.18499506,
        0.18345624,
        0.19924432,
        0.19883913,
        0.19666058,
        0.15690875,
        0.12524033,
        0.06811321,
        0.009567022,
        0.0022021532,
        -0.020950973,
        -0.028819323,
        -1.8179417e-05,
        0.010337055,
        0.011707008,
        -0.0056229234,
        0.04186979,
        0.029643118,
        0.029518634,
        0.017680705,
        0.020537078,
        -0.019409,
        -0.07813534,
        -0.10534978,
        -0.11539236
    ],
    "y": [
        -0.13175392,
        -0.10486174,
        -0.020498753,
        0.014026642,
        0.04896593,
        0.055829525,
        0.041920662,
        0.04532242,
        0.058686256,
        0.100700855,
        0.09963417,
        0.10785818,
        0.084646225,
        0.09659147,
        0.076684475,
        0.07012892,
        0.074295044,
        0.04146433,
        0.03110218,
        -0.0020122528,
        -0.031379223,
        -0.07108402,
        -0.09228325,
        -0.080458164,
        -0.054584503,
        -0.05003643,
        -0.056879044,
        -0.008133411,
        0.0059490204,
        0.04545641,
        0.06779289,
        0.073474884,
        0.12715483,
        0.1813364,
        0.18667793,
        0.20330429,
        0.20052099,
        0.15011406,
        0.1284256,
        0.09544277,
        0.10033131,
        0.08545399,
        0.06736231,
        0.04593563,
        0.028069496,
        0.03271866,
        0.09334993,
        0.13859081,
        0.19797564,
        0.20790529,
        0.20091724,
        0.2048912,
        0.19239426,
        0.12130928,
        0.0067420006,
        -0.13892174,
        -0.28682494,
        -0.41568398,
        -0.55266094,
        -0.64148355,
        -0.72404313,
        -0.7897675,
        -0.88533044,
        -1.0309578,
        -1.2062484,
        -1.4028214,
        -1.6197222,
        -1.8109822,
        -2.0288363,
        -2.1801639,
        -2.3634586,
        -2.521833,
        -2.6222365,
        -2.677028,
        -2.636248,
        -2.5811927,
        -2.463386,
        -2.4247637,
        -2.3407307,
        -2.305729,
        -2.3036506,
        -2.2942863,
        -2.278003,
        -2.2576466,
        -2.2171183,
        -2.173716,
        -2.1353388,
        -2.0740776,
        -1.9978836,
        -1.92412,
        -1.8009725,
        -1.6438196,
        -1.4470087,
        -1.243368,
        -1.0659158,
        -0.8953255,
        -0.71753263,
        -0.59279096,
        -0.5333835,
        -0.482391,
        -0.4592917,
        -0.45481408,
        -0.45941842,
        -0.4991653,
        -0.45145464,
        -0.42550492,
        -0.3892603,
        -0.30346537,
        -0.23180795,
        -0.19037747,
        -0.14765263,
        -0.17018819,
        -0.17881227,
        -0.2570219,
        -0.30162287,
        -0.35786295,
        -0.37543797,
        -0.3565991,
        -0.32292247,
        -0.2768426,
        -0.2232132,
        -0.17163658,
        -0.1223135,
        -0.10180521,
        -0.07223797,
        -0.06280661,
        -0.06423807,
        -0.08400297,
        -0.10562372,
        -0.12926674,
        -0.11686897,
        -0.104527,
        -0.0685029,
        -0.02580738,
        -0.021868706,
        -0.016151905,
        -0.034962177,
        -0.049672604,
        -0.029379845,
        -0.012584686,
        -0.044941902,
        -0.06673336,
        -0.101910114,
        -0.12901592,
        -0.11458206,
        -0.115953445,
        -0.11149597,
        -0.07011747,
        -0.042084694
    ],