{
    "class": "zneg",
    "duration_ms": 700,
    "x": [
        -0.20353699,
        -0.20116203,
        -0.23481825,
        -0.28730997,
        -0.4161017,
        -0.5049762,
        -0.6357774,
        -0.8037793,
        -0.9368134,
        -1.0727085,
        -1.0987443,
        -1.0196157,
        -0.79917234,
        -0.5065367,
        -0.20828396,
        0.07707763,
        0.30967486,
        0.5141728,
        0.7174084,
        0.90026546,
        1.0773083,
        1.1439276,
        1.1029357,
        0.934559,
        0.7278256,
        0.4129073,
        0.039147764,
        -0.3461621,
        -0.6299554,
        -0.78688514,
        -0.7523615,
        -0.58761084,
        -0.34560174,
        -0.0812422,
        0.14283651,
        0.3130986,
        0.4178416,
        0.47449568,
        0.53899044,
        0.6429237,
        0.7294021,
        0.7297069,
        0.71179307,
        0.6236489,
        0.496687,
        0.33320242,
        0.18791886,
        0.026970118,
        -0.12116256,
        -0.21376482,
        -0.27294627,
        -0.29708678,
        -0.30374092,
        -0.24848136,
        -0.19652243,
        -0.15066732,
        -0.04666792,
        0.060458213,
        0.17305657,
        0.3031466,
        0.39857712,
        0.48577914,
        0.53609604,
        0.5591406,
        0.58367693,
        0.56922936,
        0.56619036,
        0.5125891,
        0.40871453,
        0.35038555,
        0.21783298,
        0.08765578,
        -0.01386559,
        -0.13940397,
        -0.20996773,
        -0.30945408,
        -0.40189558,
        -0.4631573,
        -0.5074602,
        -0.54181755,
        -0.54716194,
        -0.5380008,
        -0.45460415,
        -0.39756557,
        -0.34056818,
        -0.29325607,
        -0.26769382,
        -0.28534168,
        -0.25524312,
        -0.22749074,
        -0.22114694,
        -0.19789012,
        -0.18148327,
        -0.21499318,
        -0.23155606,
        -0.2672596,
        -0.2982964,
        -0.3153546,
        -0.31112784,
        -0.27589452,
        -0.252328,
        -0.19481815,
        -0.17744188,
        -0.154606,
        -0.14082177,
        -0.16716242,
        -0.17390135,
        -0.1732171,
        -0.17725869,
        -0.20066734,
        -0.20776588,
        -0.20584214,
        -0.20455068,
        -0.23279032,
        -0.22355409,
        -0.1862581,
        -0.11828746,
        -0.062390298,
        0.022386007,
        0.06459841,
        0.114603534,
        0.17480142,
        0.20221852,
        0.23514976,
        0.2544516,
        0.26489294,
        0.2614768,
        0.24644217,
        0.22435246,
        0.18773493,
        0.12664063,
        0.093358696,
        0.07325221,
        0.03746808,
        -0.0043396205,
        -0.018498816,
        -0.04541376,
        -0.072926044,
        -0.036015786,
        0.022677796,
        0.10600191,
        0.18305032,
        0.24925587,
        0.29972064,
        0.31515333,
        0.2977515,
        0.24946122,
        0.20099397,
        0.11834813
    ],
    "y": [
        -0.037724018,
        -0.0063881874,
        0.05014658,
        0.082662106,
        0.073470116,
        0.039532185,
        -0.054101944,
        -0.103431225,
        -0.19596434,
        -0.26157093,
        -0.35970807,
        -0.47812963,
        -0.67418313,
        -0.8930726,
        -1.0808091,
        -1.3056436,
        -1.4637344,
        -1.5828145,
        -1.6929698,
        -1.7746186,
        -1.8589814,
        -1.8796642,
        -1.8427262,
        -1.7444308,
        -1.5830851,
        -1.4162768,
        -1.2196872,
        -0.9617727,
        -0.75220853,
        -0.5640328,
        -0.432012,
        -0.41221225,
        -0.39990908,
        -0.4234069,
        -0.4593662,
        -0.5356859,
        -0.5649934,
        -0.5317155,
        -0.5186966,
        -0.5254269,
        -0.57539415,
        -0.65900373,
        -0.6786891,
        -0.6356417,
        -0.5579839,
        -0.43839025,
        -0.313123,
        -0.22585213,
        -0.15107942,
        -0.063446045,
        -0.009583116,
        -0.026213884,
        -0.06865835,
        -0.17341793,
        -0.24047971,
        -0.33460355,
        -0.3982365,
        -0.48594046,
        -0.52506137,
        -0.595875,
        -0.66398287,
        -0.67388177,
        -0.67076385,
        -0.64741254,
        -0.6157274,
        -0.59465575,
        -0.5934236,
        -0.59255695,
        -0.5940237,
        -0.55688596,
        -0.5407748,
        -0.4668064,
        -0.44023347,
        -0.38673282,
        -0.3945601,
        -0.37261128,
        -0.35168314,
        -0.30756378,
        -0.2689426,
        -0.19531679,
        -0.14662623,
        -0.104091644,
        -0.056236744,
        -0.06789708,
        -0.0821445,
        -0.10173774,
        -0.11519194,
        -0.14214802,
        -0.1422615,
        -0.14930439,
        -0.13223815,
        -0.15079045,
        -0.14264274,
        -0.12916255,
        -0.11487794,
        -0.08539176,
        -0.01904583,
        -0.0091433525,
        0.016116858,
        -0.03672099,
        -0.05312848,
        -0.06441951,
        -0.108962536,
        -0.10562801,
        -0.085665226,
        -0.063625574,
        -0.03717351,
        0.0009357929,
        0.0029182434,
        0.0120949745,
        0.0023376942,
        -0.004704237,
        -0.016050816,
        0.018674612,
        0.056399584,
        0.0396564,
        0.037671804,
        0.050403118,
        0.01813531,
        0.010294676,
        0.012556553,
        0.039360285,
        0.030951262,
        0.020953178,
        0.02132535,
        0.039123774,
        0.03830242,
        0.047368288,
        0.08990359,
        0.06512356,
        0.058822155,
        0.065928936,
        0.06214595,
        0.013930559,
        0.00021624565,
        -0.031460762,
        -0.045026302,
        -0.030648947,
        -0.011957645,
        -0.002960205,
        -0.022271156,
        -0.024028063,
        -0.029560804,
        -0.029115915,
        -0.0011019707,
        0.035186052,
        0.086673975,
        0.08849311,
        0.121739626
    ],