{
    "class": "zneg",
    "duration_ms": 700,
    "x": [
        0.1858009,
        0.27247256,
        0.33795136,
        0.37611482,
        0.4781431,
        0.5537888,
        0.6248714,
        0.6418286,
        0.62653315,
        0.614866,
        0.5686066,
        0.49943626,
        0.3903573,
        0.27209905,
        0.16326946,
        0.0328384,
        -0.06202034,
        -0.09538176,
        -0.107816085,
        -0.10162904,
        -0.07673307,
        -0.06629161,
        -0.02978015,
        0.01362288,
        0.033063978,
        0.04996264,
        0.064436,
        0.06466113,
        0.0555973,
        0.041877013,
        -0.026737832,
        -0.062191766,
        -0.12189634,
        -0.14174023,
        -0.17186517,
        -0.17647287,
        -0.20544294,
        -0.19667906,
        -0.20696376,
        -0.25195792,
        -0.2541378,
        -0.2959518,
        -0.3362388,
        -0.38216084,
        -0.4029283,
        -0.43226153,
        -0.47773802,
        -0.4831263,
        -0.47561625,
        -0.45159873,
        -0.38370526,
        -0.30421576,
        -0.19803923,
        -0.14320432,
        -0.1656019,
        -0.23725188,
        -0.3569152,
        -0.51797444,
        -0.7015313,
        -0.8483217,
        -1.0372932,
        -1.209802,
        -1.401606,
        -1.5348601,
        -1.6221001,
        -1.7279177,
        -1.7543747,
        -1.7426621,
        -1.6962557,
        -1.703824,
        -1.6857966,
        -1.6383584,
        -1.5929751,
        -1.4821622,
        -1.2850366,
        -1.0536932,
        -0.7514005,
        -0.35346425,
        0.14301138,
        0.75021845,
        1.4080808,
        2.0559626,
        2.5782804,
        2.868478,
        3.0174353,
        3.0436583,
        3.0421393,
        3.1123981,
        3.2418132,
        3.3540063,
        3.3470662,
        3.2352514,
        3.090446,
        2.9143882,
        2.6744099,
        2.3798983,
        2.0469017,
        1.643441,
        1.2093545,
        0.7844014,
        0.41728437,
        0.089686565,
        -0.113341466,
        -0.22341788,
        -0.21201923,
        -0.17027406,
        -0.071809545,
        0.059616312,
        0.20528993,
        0.34216273,
        0.45206457,
        0.506814,
        0.53078365,
        0.51001686,
        0.4759627,
        0.4073267,
        0.296785,
        0.09370084,
        -0.070904166,
        -0.25972426,
        -0.46609914,
        -0.7024806,
        -0.8973734,
        -1.0628643,
        -1.2011721,
        -1.247141,
        -1.2434996,
        -1.1563581,
        -1.0499035,
        -0.9738442,
        -0.9298937,
        -0.8675202,
        -0.84399366,
        -0.8207877,
        -0.80247474,
        -0.7866247,
        -0.7305108,
        -0.68728954,
        -0.6239624,
        -0.5718073,
        -0.54056513,
        -0.4733211,
        -0.42311996,
        -0.36155194,
        -0.28405586,
        -0.22205141,
        -0.17079692,
        -0.12799698,
        -0.081693254
    ],
    "y": [
        0.18966198,
        0.22850323,
        0.22225142,
        0.22561121,
        0.22883034,
        0.2555256,
        0.24612093,
        0.234128,
        0.2099948,
        0.18798876,
        0.14187431,
        0.13355303,
        0.13424301,
        0.12487364,
        0.115023136,
        0.0857749,
        0.0824213,
        0.04311943,
        0.029870987,
        0.018844604,
        0.014771938,
        -0.015541077,
        -0.045681477,
        -0.044606686,
        -0.05507946,
        -0.08147144,
        -0.07108641,
        -0.07148647,
        -0.091620445,
        -0.06467247,
        -0.064558506,
        -0.027108192,
        -0.050301075,
        -0.077135086,
        -0.098412514,
        -0.14067364,
        -0.20159817,
        -0.25978947,
        -0.27248383,
        -0.2921896,
        -0.27106237,
        -0.24459934,
        -0.23125744,
        -0.22799778,
        -0.2509055,
        -0.26632595,
        -0.28617525,
        -0.29628134,
        -0.34936905,
        -0.39571047,
        -0.47388577,
        -0.6006315,
        -0.7708249,
        -0.93680406,
        -1.1472316,
        -1.3139663,
        -1.4842999,
        -1.5925512,
        -1.5966291,
        -1.4807584,
        -1.3058007,
        -1.120794,
        -0.98634315,
        -0.88840103,
        -0.764658,
        -0.6650839,
        -0.6112025,
        -0.605994,
        -0.70551157,
        -0.9330168,
        -1.2408072,
        -1.5696155,
        -1.92067,
        -2.224095,
        -2.4709268,
        -2.7082212,
        -2.9459348,
        -3.1567514,
        -3.4213412,
        -3.6048954,
        -3.6730633,
        -3.7390513,
        -3.5956054,
        -3.2643719,
        -2.7200694,
        -2.1103888,
        -1.6390502,
        -1.314337,
        -1.2499502,
        -1.4452026,
        -1.6714839,
        -1.8561707,
        -1.929774,
        -1.9528847,
        -1.9894447,
        -1.9966222,
        -1.9802166,
        -1.8820899,
        -1.635339,
        -1.3552508,
        -1.092821,
        -0.8322427,
        -0.6178286,
        -0.477177,
        -0.42086765,
        -0.46125844,
        -0.5312151,
        -0.6754763,
        -0.84481674,
        -0.9800654,
        -1.0842073,
        -1.1316278,
        -1.1302443,
        -1.169431,
        -1.1660677,
        -1.1760565,
        -1.2025225,
        -1.1842403,
        -1.1606138,
        -1.0708053,
        -0.97127485,
        -0.8494756,
        -0.6789205,
        -0.5101845,
        -0.3511212,
        -0.24796343,
        -0.21123314,
        -0.20366979,
        -0.25270128,
        -0.24704814,
        -0.24048996,
        -0.20777035,
        -0.15476847,
        -0.09441829,
        -0.0181396,
        -0.02461934,
        -0.051899433,
        -0.10013628,
        -0.15740156,
        -0.18781781,
        -0.21766901,
        -0.22772288,
        -0.24898314,
        -0.27176642,
        -0.2888453,
        -0.32899857,
        -0.40662026,
        -0.45502853,
        -0.48398066
    ],