{
    "class": "zneg",
    "duration_ms": 700,
    "x": [
        0.07448912,
        0.06740245,
        0.08504847,
        0.0844807,
        0.08239144,
        0.109420896,
        0.09864548,
        0.0881708,
        0.04699868,
        0.025075167,
        0.010254741,
        0.009597242,
        0.027720958,
        0.016945183,
        0.03212759,
        0.039854974,
        0.028363198,
        0.01677367,
        0.010017306,
        0.026997268,
        0.041669577,
        0.07326931,
        0.095677346,
        0.09240365,
        0.07552993,
        0.054709315,
        0.048835695,
        -0.0014997721,
        -0.036816,
        -0.07378772,
        -0.09769276,
        -0.14126632,
        -0.20607805,
        -0.2606268,
        -0.29266626,
        -0.37058762,
        -0.44336993,
        -0.5198011,
        -0.58055675,
        -0.5826871,
        -0.57158315,
        -0.58039594,
        -0.6540242,
        -0.68621314,
        -0.7453866,
        -0.7947795,
        -0.8458401,
        -0.84812206,
        -0.7892997,
        -0.735394,
        -0.7065148,
        -0.66768485,
        -0.67948353,
        -0.7395726,
        -0.8573118,
        -1.0108753,
        -1.139606,
        -1.2781882,
        -1.3894134,
        -1.4001858,
        -1.3333724,
        -1.1551921,
        -0.87832713,
        -0.50869036,
        -0.053949296,
        0.38936752,
        0.7349328,
        1.0768704,
        1.4240526,
        1.6214806,
        1.6579137,
        1.5705763,
        1.5077319,
        1.543861,
        1.721574,
        1.9754244,
        2.2340596,
        2.3415027,
        2.3230987,
        2.085128,
        1.783929,
        1.5574195,
        1.3413006,
        1.1512333,
        0.99846953,
        0.822765,
        0.6283272,
        0.45052484,
        0.32204416,
        0.17720595,
        0.14341593,
        0.15327293,
        0.17194292,
        0.21217105,
        0.24872106,
        0.30042088,
        0.34111398,
        0.33215755,
        0.28954417,
        0.19531125,
        0.06790355,
        -0.116470724,
        -0.33861375,
        -0.56809413,
        -0.7849381,
        -0.9527447,
        -1.1184548,
        -1.2226171,
        -1.3195245,
        -1.476609,
        -1.6031919,
        -1.7044127,
        -1.7259601,
        -1.7194413,
        -1.6916169,
        -1.6377897,
        -1.5965174,
        -1.5493696,
        -1.5068178,
        -1.4577496,
        -1.3650417,
        -1.2272359,
        -1.0788928,
        -0.8993223,
        -0.71807384,
        -0.54523504,
        -0.4049619,
        -0.23469698,
        -0.09344512,
        0.07731104,
        0.19243121,
        0.27928066,
        0.35061586,
        0.3875927,
        0.38548523,
        0.39454097,
        0.36444014,
        0.33341205,
        0.27508956,
        0.18441916,
        0.08724773,
        -0.024177223,
        -0.116684705,
        -0.21910107,
        -0.2834306,
        -0.36685795,
        -0.35442403,
        -0.31301937
    ],
    "y": [
        0.013445854,
        0.020427227,
        0.057942867,
        0.080554485,
        0.06709862,
        0.082056046,
        0.06828356,
        0.05928421,
        0.08807373,
        0.1326561,
        0.11890888,
        0.08743906,
        0.05258608,
        -0.0377748,
        -0.0904336,
        -0.09124732,
        -0.040406466,
        -0.0116939545,
        0.01184845,
        0.044617653,
        0.07014847,
        0.055446625,
        0.05808401,
        0.035418034,
        0.016435146,
        -0.001004219,
        0.011681557,
        0.013988018,
        0.022547722,
        0.008821011,
        0.020374298,
        0.01434803,
        -0.01598835,
        -0.029644012,
        -0.019155025,
        -0.04829669,
        -0.01173234,
        0.033370018,
        0.06837392,
        0.14129138,
        0.16439962,
        0.17188907,
        0.12991619,
        0.08830428,
        0.06895399,
        -0.013808727,
        -0.095198154,
        -0.25648856,
        -0.43291998,
        -0.6575005,
        -0.8909683,
        -1.0916729,
        -1.3040227,
        -1.6014223,
        -1.8851913,
        -2.1720052,
        -2.4042373,
        -2.631972,
        -2.7739835,
        -2.8546538,
        -2.8942757,
        -2.9258032,
        -2.9066057,
        -2.8644507,
        -2.9550474,
        -3.066938,
        -3.0823298,
        -3.0721788,
        -2.969863,
        -2.8360252,
        -2.6600962,
        -2.408756,
        -2.200664,
        -2.1128912,
        -2.0805783,
        -2.1155088,
        -2.1538043,
        -2.1423194,
        -2.087802,
        -2.0469742,
        -1.9304233,
        -1.8312541,
        -1.8043334,
        -1.8256184,
        -1.8851275,
        -1.9340758,
        -1.8897202,
        -1.8726797,
        -1.7668167,
        -1.7527221,
        -1.755166,
        -1.8544177,
        -1.9874983,
        -2.1516473,
        -2.2631197,
        -2.3817391,
        -2.528576,
        -2.7050889,
        -2.912021,
        -3.0948303,
        -3.2416267,
        -3.311623,
        -3.2661614,
        -3.1790051,
        -3.0115688,
        -2.777937,
        -2.5096703,
        -2.2173512,
        -1.9335368,
        -1.6218898,
        -1.2965646,
        -1.0340197,
        -0.8125696,
        -0.6539831,
        -0.5516381,
        -0.48472023,
        -0.46629143,
        -0.42346573,
        -0.36258173,
        -0.3475299,
        -0.24368048,
        -0.22022676,
        -0.17375565,
        -0.16126251,
        -0.1751132,
        -0.19815159,
        -0.28219175,
        -0.36152887,
        -0.43690205,
        -0.48224354,
        -0.5476465,
        -0.5704131,
        -0.5666442,
        -0.5476279,
        -0.51748466,
        -0.49016047,
        -0.47254992,
        -0.40233707,
        -0.40154982,
        -0.37687683,
        -0.31886292,
        -0.32572746,
        -0.2874794,
        -0.26622295,
        -0.20685244,
        -0.15937424,
        -0.10909939,
        -0.07479286
    ],