{
    "class": "zneg",
    "duration_ms": 700,
    "x": [
        0.049585275,
        0.12329018,
        0.16323313,
        0.23173624,
        0.28161258,
        0.3348149,
        0.41545263,
        0.50259423,
        0.5943627,
        0.669788,
        0.7102528,
        0.7425137,
        0.7358602,
        0.73065466,
        0.74846196,
        0.7556282,
        0.71875393,
        0.6520398,
        0.63364106,
        0.6175665,
        0.59357035,
        0.52295,
        0.42776978,
        0.38533643,
        0.32591137,
        0.28703234,
        0.25343546,
        0.2098738,
        0.19427687,
        0.13502413,
        0.062753916,
        -0.06411296,
        -0.21952349,
        -0.348072,
        -0.48938632,
        -0.6118332,
        -0.7436384,
        -0.8388773,
        -0.90208113,
        -0.94023,
        -0.9388448,
        -0.9412888,
        -0.9188911,
        -0.8673978,
        -0.7689748,
        -0.7184253,
        -0.6842743,
        -0.6621313,
        -0.60645974,
        -0.57703626,
        -0.6225523,
        -0.7546685,
        -1.0053864,
        -1.3116444,
        -1.6656822,
        -1.9112786,
        -2.0089507,
        -1.894513,
        -1.7209686,
        -1.4112568,
        -1.1178712,
        -0.8495667,
        -0.6059307,
        -0.44383,
        -0.35853744,
        -0.28814232,
        -0.3143456,
        -0.31055534,
        -0.31502855,
        -0.31109345,
        -0.29626238,
        -0.23001504,
        -0.18670154,
        -0.17130136,
        -0.15290678,
        -0.110017955,
        -0.0635491,
        -0.012623906,
        0.019695759,
        0.05254799,
        0.051978707,
        0.036733508,
        0.022958815,
        -0.0014762878,
        -0.03934747,
        -0.10042995,
        -0.16577017,
        -0.19489467,
        -0.21889937,
        -0.22813672,
        -0.16979688,
        -0.10804254,
        -0.037528515,
        0.045036703,
        0.13592485,
        0.21246281,
        0.24698888,
        0.24263012,
        0.23569784,
        0.19303507,
        0.13115777,
        0.080746874,
        0.019701019,
        -0.012083873,
        -0.058297843,
        -0.10542908,
        -0.14234784,
        -0.11731288,
        -0.07416552,
        -0.020460755,
        0.0699082,
        0.17331028,
        0.22315913,
        0.27014077,
        0.24749194,
        0.22752456,
        0.17707151,
        0.13003963,
        0.06528625,
        0.009162694,
        -0.0790562,
        -0.13732947,
        -0.22354728,
        -0.2759186,
        -0.32829857,
        -0.37632704,
        -0.40109226,
        -0.4410268,
        -0.4649988,
        -0.47776943,
        -0.49576485,
        -0.52606887,
        -0.54731834,
        -0.5453638,
        -0.5253321,
        -0.52559173,
        -0.5366934,
        -0.57324797,
        -0.5375581,
        -0.4583283,
        -0.3950563,
        -0.27515775,
        -0.14810066,
        -0.053993948,
        0.024448954,
        0.0993229,
        0.120765075,
        0.15111965,
        0.18060517
    ],
    "y": [
        0.044283867,
        0.091609,
        0.15492535,
        0.23407984,
        0.25974417,
        0.28681755,
        0.26528454,
        0.22615433,
        0.17907906,
        0.1289258,
        0.03541708,
        -0.02281475,
        -0.06495237,
        -0.09080076,
        -0.09314823,
        -0.064641,
        -0.03847933,
        -0.023890495,
        -0.06793928,
        -0.06784201,
        -0.061597824,
        -0.11062956,
        -0.1962986,
        -0.26183033,
        -0.3163519,
        -0.3330245,
        -0.41954565,
        -0.52066946,
        -0.62181234,
        -0.6844964,
        -0.7037568,
        -0.7278304,
        -0.7854948,
        -0.8211789,
        -0.81539035,
        -0.7726269,
        -0.7763486,
        -0.8239615,
        -0.8963077,
        -0.9985297,
        -1.1096609,
        -1.1708272,
        -1.2529104,
        -1.34154,
        -1.5136214,
        -1.8418081,
        -2.2321627,
        -2.6679127,
        -3.1798394,
        -3.726151,
        -4.254461,
        -4.5632777,
        -4.6633472,
        -4.4931474,
        -4.1198125,
        -3.6363373,
        -3.1776862,
        -2.8563797,
        -2.6646109,
        -2.5345438,
        -2.4389272,
        -2.3603947,
        -2.23674,
        -2.0301476,
        -1.8012409,
        -1.5513067,
        -1.2796645,
        -1.0458857,
        -0.842854,
        -0.6945255,
        -0.5959952,
        -0.5206518,
        -0.45386028,
        -0.3355584,
        -0.19693518,
        -0.061671972,
        0.06561947,
        0.13270521,
        0.17124939,
        0.19345903,
        0.12809706,
        0.057232857,
        -0.073176384,
        -0.15928888,
        -0.26028585,
        -0.2988448,
        -0.30584574,
        -0.26410818,
        -0.23783684,
        -0.19548178,
        -0.17508411,
        -0.15966702,
        -0.1920557,
        -0.17676592,
        -0.13517141,
        -0.12233782,
        -0.10939312,
        -0.11559343,
        -0.13857508,
        -0.09727526,
        -0.075618744,
        -0.040441036,
        0.0006632805,
        0.061686993,
        0.1087141,
        0.12685347,
        0.16075277,
        0.12832546,
        0.083714485,
        0.0069355965,
        -0.062261105,
        -0.15307188,
        -0.20377779,
        -0.28169012,
        -0.327003,
        -0.34930468,
        -0.33415365,
        -0.30292416,
        -0.31023788,
        -0.29355097,
        -0.29316854,
        -0.29437017,
        -0.29943466,
        -0.27494907,
        -0.23069382,
        -0.23378038,
        -0.24142504,
        -0.275167,
        -0.27296114,
        -0.29226208,
        -0.28049994,
        -0.23064947,
        -0.10209417,
        0.01174593,
        0.094305515,
        0.13588095,
        0.15822697,
        0.17088461,
        0.13808918,
        0.09802008,
        0.0126104355,
        -0.055884838,
        -0.13129997,
        -0.17743015,
        -0.18471766,
        -0.12927389,
        -0.08529663,
        -0.031667233,
        -0.004425049
    ],