{
    "class": "zneg",
    "duration_ms": 700,
    "x": [
        0.12153144,
        0.20338574,
        0.22639763,
        0.2412941,
        0.23667803,
        0.22238848,
        0.20591746,
        0.15392591,
        0.09476466,
        0.04931564,
        -0.025650183,
        -0.07551855,
        -0.14336464,
        -0.18405673,
        -0.24556747,
        -0.2614565,
        -0.26101777,
        -0.23781157,
        -0.22246113,
        -0.23252308,
        -0.21779335,
        -0.2383927,
        -0.22529337,
        -0.23112074,
        -0.26049986,
        -0.29860926,
        -0.33533347,
        -0.35074183,
        -0.37256098,
        -0.33283925,
        -0.25222573,
        -0.18729293,
        -0.1305997,
        -0.101398826,
        -0.12924626,
        -0.26382792,
        -0.37845564,
        -0.42520997,
        -0.38884374,
        -0.2940575,
        -0.100785375,
        0.16861492,
        0.44172877,
        0.6280564,
        0.83495677,
        1.0175068,
        1.0924517,
        1.1083852,
        1.1097137,
        1.1240222,
        1.039755,
        0.94591355,
        0.795174,
        0.6286399,
        0.53019965,
        0.45199952,
        0.36768052,
        0.33011475,
        0.2797199,
        0.24052383,
        0.16188468,
        0.13374147,
        0.10468956,
        0.10458633,
        0.07221073,
        0.03487257,
        0.083059594,
        0.12565133,
        0.17456928,
        0.26105404,
        0.35442623,
        0.41709822,
        0.45508152,
        0.38825706,
        0.32777783,
        0.2573297,
        0.14105938,
        0.021739114,
        -0.10803263,
        -0.19605619,
        -0.33601865,
        -0.4543183,
        -0.5630131,
        -0.59977746,
        -0.6028392,
        -0.56021935,
        -0.5294692,
        -0.48932144,
        -0.4352743,
        -0.41068313,
        -0.40856805,
        -0.39800614,
        -0.38386297,
        -0.38055825,
        -0.36412245,
        -0.37991685,
        -0.38000235,
        -0.37137893,
        -0.31317574,
        -0.25059006,
        -0.20933893,
        -0.16734943,
        -0.1313861,
        -0.10362849,
        -0.10514012,
        -0.0805846,
        -0.08475015,
        -0.09612205,
        -0.119641446,
        -0.15583047,
        -0.21501693,
        -0.28116164,
        -0.29263568,
        -0.2713077,
        -0.2291353,
        -0.15175983,
        -0.07969664,
        0.01810433,
        0.062855706,
        0.1051805,
        0.1500418,
        0.16894832,
        0.1453866,
        0.13417637,
        0.08497469,
        0.03106203,
        -0.023221202,
        -0.08779785,
        -0.102841765,
        -0.1136655,
        -0.06478087,
        -0.025347427,
        0.009609103,
        0.047165655,
        0.053829998,
        0.04397218,
        0.060973458,
        0.054655693,
        0.051441908,
        0.053953007,
        0.038364902,
        -0.055130284,
        -0.15981652,
        -0.2019939,
        -0.20382738,
        -0.20878968,
        -0.1475921,
        -0.08697257,
        -0.084130704
    ],
    "y": [
        -0.096273184,
        -0.07238197,
        -0.013854265,
        0.033967018,
        0.05698061,
        0.07223296,
        0.07523465,
        0.051819563,
        -0.014487743,
        -0.075899124,
        -0.14898896,
        -0.18134785,
        -0.23706222,
        -0.26788712,
        -0.28535962,
        -0.29388428,
        -0.31226563,
        -0.30686378,
        -0.3392911,
        -0.3591416,
        -0.40686584,
        -0.43480682,
        -0.49568653,
        -0.54406536,
        -0.59392023,
        -0.5230824,
        -0.40322185,
        -0.21305299,
        -0.029578209,
        0.096037626,
        0.17220616,
        0.16150033,
        0.13159049,
        0.07094985,
        0.008750379,
        0.012810051,
        -0.033257306,
        -0.030612946,
        -0.031321406,
        -0.10900289,
        -0.21750382,
        -0.376845,
        -0.5534844,
        -0.6427406,
        -0.6569505,
        -0.6137414,
        -0.56044936,
        -0.52252114,
        -0.56661403,
        -0.6256989,
        -0.6931325,
        -0.71972066,
        -0.657212,
        -0.5778545,
        -0.53734976,
        -0.5390063,
        -0.5527114,
        -0.54856175,
        -0.56842214,
        -0.5485532,
        -0.5730274,
        -0.6395315,
        -0.7096281,
        -0.75457805,
        -0.7767296,
        -0.7501035,
        -0.69933295,
        -0.6847892,
        -0.74737453,
        -0.84648937,
        -1.0201962,
        -1.1792554,
        -1.3178843,
        -1.424731,
        -1.4809577,
        -1.4672631,
        -1.412543,
        -1.2668457,
        -1.1121994,
        -0.91134,
        -0.6778736,
        -0.4306805,
        -0.23253202,
        -0.07692766,
        -0.007766485,
        -0.080673456,
        -0.19311452,
        -0.3119371,
        -0.39191318,
        -0.44052148,
        -0.43401194,
        -0.35564995,
        -0.29627013,
        -0.22940159,
        -0.14776134,
        -0.08963394,
        -0.0074563026,
        0.071716785,
        0.06826782,
        0.041342735,
        -0.057634354,
        -0.19080925,
        -0.2939191,
        -0.3765912,
        -0.4436102,
        -0.4635253,
        -0.43614006,
        -0.3635974,
        -0.28398418,
        -0.20193768,
        -0.08871412,
        0.002840519,
        0.06756401,
        0.08343649,
        0.07378912,
        -0.000114917755,
        -0.10767937,
        -0.17525244,
        -0.22957611,
        -0.29478598,
        -0.3135624,
        -0.34563756,
        -0.31895542,
        -0.28801608,
        -0.23086596,
        -0.16136837,
        -0.09336805,
        -0.02904749,
        0.03895235,
        0.05545187,
        0.039413452,
        0.019312859,
        -0.007516384,
        -0.050810814,
        -0.077228546,
        -0.10108662,
        -0.09364319,
        -0.07864046,
        -0.06305218,
        -0.05132103,
        -0.011734962,
        0.034544468,
        0.1355977,
        0.21466637,
        0.24509096,
        0.23585153,
        0.15053368,
        0.06519985,
        -0.025326252
    ],