{
    "class": "zneg",
    "duration_ms": 700,
    "x": [
        -0.010856509,
        0.009605467,
        0.0148973465,
        0.021917522,
        0.014175713,
        -0.010127008,
        -0.09101987,
        -0.15416086,
        -0.17827055,
        -0.24178427,
        -0.31786534,
        -0.4154057,
        -0.50285655,
        -0.5966755,
        -0.6778244,
        -0.75699866,
        -0.85131794,
        -0.97100484,
        -1.0673027,
        -1.1179873,
        -1.121627,
        -1.2000121,
        -1.2878199,
        -1.3390388,
        -1.3511676,
        -1.3531885,
        -1.3310617,
        -1.3134868,
        -1.1953433,
        -1.0276797,
        -0.8282806,
        -0.60795623,
        -0.40674126,
        -0.19460344,
        0.020651162,
        0.2045075,
        0.33361694,
        0.36150312,
        0.3080743,
        0.22099572,
        0.16728103,
        0.10041022,
        0.091766536,
        0.10911435,
        0.14515468,
        0.19858739,
        0.26374876,
        0.43279654,
        0.6680698,
        0.93696654,
        1.16649,
        1.3652261,
        1.4147096,
        1.385265,
        1.3203759,
        1.1483929,
        0.93847495,
        0.71913093,
        0.49237192,
        0.30781227,
        0.13788402,
        0.021794632,
        -0.10421729,
        -0.1554902,
        -0.17390542,
        -0.14139925,
        -0.048987895,
        -0.0019744188,
        0.012266874,
        -0.00044902414,
        -0.048687465,
        -0.11504658,
        -0.17288345,
        -0.23633347,
        -0.32917592,
        -0.3747861,
        -0.43767664,
        -0.4841382,
        -0.52085066,
        -0.5615043,
        -0.6149957,
        -0.6761772,
        -0.71125746,
        -0.71062416,
        -0.68878585,
        -0.6578746,
        -0.6655631,
        -0.63747597,
        -0.6357479,
        -0.6223912,
        -0.52594984,
        -0.442091,
        -0.37553158,
        -0.30217043,
        -0.25800973,
        -0.21689577,
        -0.15540192,
        -0.11478783,
        -0.10043812,
        -0.050616235,
        -0.0111652315,
        0.01295802,
        0.0503262,
        0.09369737,
        0.104741395,
        0.10482988,
        0.07237589,
        0.07705054,
        0.04497987,
        0.03654307,
        0.03052786,
        0.026991665,
        0.033346176,
        0.030599862,
        0.04759735,
        0.058175296,
        0.024052829,
        0.019394547,
        -0.013343364,
        -0.016612649,
        0.009508789,
        0.009976834,
        0.025310427,
        0.038716048,
        0.06447071,
        0.09046927,
        0.099841684,
        0.123434514,
        0.12520188,
        0.12640274,
        0.11228201,
        0.09948149,
        0.07616651,
        0.08322677,
        0.06341308,
        0.06968868,
        0.04501432,
        0.0014193058,
        -0.01811269,
        -0.05414766,
        -0.058922738,
        -0.08740255,
        -0.074937314,
        -0.057514727,
        -0.040059566,
        0.03710863,
        0.06632143,
        0.08340606,
        0.13395473
    ],
    "y": [
        0.047771454,
        0.06464052,
        0.058912754,
        0.040195465,
        0.018095016,
        -0.05936098,
        -0.09635925,
        -0.14513588,
        -0.14584684,
        -0.1601429,
        -0.17085695,
        -0.15619087,
        -0.11832285,
        -0.10197735,
        -0.06858683,
        -0.06821585,
        -0.059378624,
        -0.065808296,
        -0.10423517,
        -0.12927675,
        -0.17685413,
        -0.24194002,
        -0.29786062,
        -0.36764312,
        -0.4548843,
        -0.5965495,
        -0.7317796,
        -0.8766968,
        -0.9928124,
        -1.1852484,
        -1.382228,
        -1.6079419,
        -1.8082395,
        -1.9415753,
        -2.0194943,
        -1.9873486,
        -1.8103788,
        -1.5793526,
        -1.3191779,
        -1.0747182,
        -1.0078597,
        -1.0854386,
        -1.2775128,
        -1.5092961,
        -1.7640898,
        -1.8803858,
        -1.9084594,
        -1.8422871,
        -1.7447677,
        -1.7073413,
        -1.6779435,
        -1.6718407,
        -1.6566656,
        -1.5812565,
        -1.4693615,
        -1.2903051,
        -1.0671992,
        -0.82882345,
        -0.5975398,
        -0.33637798,
        -0.17629457,
        -0.0662086,
        -0.019709349,
        -0.023800373,
        -0.046103716,
        -0.09949589,
        -0.1508472,
        -0.19749975,
        -0.26008677,
        -0.33428383,
        -0.42722774,
        -0.5074744,
        -0.558156,
        -0.57465076,
        -0.569597,
        -0.5273659,
        -0.4663086,
        -0.44339967,
        -0.41772914,
        -0.3581586,
        -0.33663702,
        -0.31272984,
        -0.29887056,
        -0.34117222,
        -0.37817287,
        -0.39627647,
        -0.43684196,
        -0.40235233,
        -0.34369707,
        -0.2710185,
        -0.22553158,
        -0.1956377,
        -0.18890905,
        -0.22249699,
        -0.24431086,
        -0.2596526,
        -0.23792744,
        -0.25851965,
        -0.24056053,
        -0.2492423,
        -0.22281694,
        -0.22886705,
        -0.20554256,
        -0.22476768,
        -0.20750809,
        -0.24185276,
        -0.22944546,
        -0.20109606,
        -0.1828413,
        -0.1767025,
        -0.18004084,
        -0.16157961,
        -0.13315201,
        -0.13294935,
        -0.12034035,
        -0.09315014,
        -0.09939003,
        -0.08913088,
        -0.086523056,
        -0.07726288,
        -0.056621075,
        -0.034002304,
        -0.05458975,
        -0.070206165,
        -0.04954815,
        -0.035556793,
        0.022083282,
        0.05389309,
        0.09543705,
        0.11780548,
        0.12814999,
        0.10957003,
        0.076379776,
        0.03805828,
        0.051951885,
        0.05588007,
        0.052297115,
        0.051059723,
        0.052347183,
        0.0801425,
        0.09862852,
        0.1292162,
        0.116924286,
        0.104865074,
        0.06680822,
        0.0649519,
        0.051495075,
        0.069440365,
        0.097219944
    ],