{
    "class": "zneg",
    "duration_ms": 700,
    "x": [
        -0.04576215,
        0.060316384,
        0.14699145,
        0.22424576,
        0.29217458,
        0.34864634,
        0.37970746,
        0.37371865,
        0.34288898,
        0.31356442,
        0.24778378,
        0.18164892,
        0.12002039,
        0.020378202,
        -0.059997696,
        -0.14219505,
        -0.23968486,
        -0.33032885,
        -0.39948723,
        -0.46590552,
        -0.5177875,
        -0.52252346,
        -0.49581426,
        -0.4491263,
        -0.45623624,
        -0.45837063,
        -0.49978802,
        -0.5245969,
        -0.5465585,
        -0.615273,
        -0.7632134,
        -0.96930707,
        -1.1587992,
        -1.3851619,
        -1.6409686,
        -1.8535318,
        -2.0171304,
        -2.1219854,
        -2.0706377,
        -1.9219303,
        -1.731317,
        -1.4937614,
        -1.2390375,
        -0.85673326,
        -0.40596914,
        0.07867122,
        0.48110443,
        0.71093506,
        0.8354176,
        0.6856151,
        0.7680599,
        0.5545267,
        0.325307,
        0.2679432,
        0.2409581,
        0.26598793,
        0.40028763,
        0.57177365,
        0.7356626,
        0.9117502,
        0.9448396,
        0.849081,
        0.6379975,
        0.3850538,
        0.11331552,
        -0.13550508,
        -0.28229252,
        -0.35164824,
        -0.33290955,
        -0.2827508,
        -0.1913299,
        -0.061196744,
        0.102451354,
        0.26849207,
        0.46373487,
        0.67462337,
        0.89292765,
        1.0441937,
        1.1935813,
        1.2609357,
        1.2459133,
        1.1315733,
        0.9462385,
        0.705828,
        0.4020074,
        0.102815956,
        -0.20754303,
        -0.5041086,
        -0.7619567,
        -0.9585986,
        -1.1390523,
        -1.262538,
        -1.3796827,
        -1.3934822,
        -1.3480966,
        -1.2614267,
        -1.1273123,
        -1.0493428,
        -0.95381343,
        -0.8553595,
        -0.75404364,
        -0.671667,
        -0.60837317,
        -0.535641,
        -0.44678974,
        -0.38774207,
        -0.3564369,
        -0.27437204,
        -0.18763182,
        -0.09155379,
        0.02146922,
        0.12111245,
        0.22015639,
        0.32171416,
        0.37856442,
        0.42477006,
        0.4464702,
        0.3935901,
        0.34031513,
        0.26500893,
        0.17206031,
        0.03463663,
        -0.05439338,
        -0.14821315,
        -0.2231552,
        -0.26038885,
        -0.2933636,
        -0.2572621,
        -0.2069853,
        -0.13985491,
        -0.10621542,
        -0.022134706,
        0.02397564,
        0.13050906,
        0.19743995,
        0.21804391,
        0.15652263,
        0.1443288,
        0.1236849,
        0.12526834,
        0.09863451,
        0.10786758,
        0.09528041,
        0.09643637,
        0.056034252,
        0.017037556,
        -0.044601694,
        -0.09303779,
        -0.11868725
    ],
    "y": [
        -0.0039889812,
        0.0035660267,
        0.016481638,
        0.030123234,
        0.07763815,
        0.04958129,
        0.0345037,
        0.008664131,
        -0.009045839,
        -0.002180338,
        -0.039978504,
        -0.043745756,
        -0.07543397,
        -0.11581087,
        -0.12184906,
        -0.13159943,
        -0.15873313,
        -0.15003657,
        -0.16659617,
        -0.21207571,
        -0.18085098,
        -0.20598555,
        -0.3055842,
        -0.4224732,
        -0.5229466,
        -0.59000087,
        -0.6831436,
        -0.7633724,
        -0.80829334,
        -0.8527385,
        -0.92941463,
        -1.0708412,
        -1.1487823,
        -1.1782662,
        -1.2196417,
        -1.2090981,
        -1.2343447,
        -1.3167598,
        -1.468802,
        -1.6680709,
        -1.9216037,
        -2.1748755,
        -2.428936,
        -2.7094328,
        -3.021587,
        -3.2925568,
        -3.490847,
        -3.6035774,
        -3.5693402,
        -3.3213763,
        -3.212841,
        -2.9768343,
        -2.7303286,
        -2.578569,
        -2.5671916,
        -2.6922886,
        -2.8725653,
        -3.0481157,
        -3.171331,
        -3.2718515,
        -3.2575645,
        -3.1444895,
        -2.889558,
        -2.5416684,
        -2.1744447,
        -1.8619887,
        -1.6382318,
        -1.4367182,
        -1.3560047,
        -1.2672526,
        -1.1946893,
        -1.1455468,
        -1.1316346,
        -1.1263566,
        -1.1412034,
        -1.2401886,
        -1.3200864,
        -1.464087,
        -1.6045353,
        -1.7617345,
        -1.9102279,
        -2.0192916,
        -2.1200056,
        -2.1569777,
        -2.1538372,
        -2.021921,
        -1.8167206,
        -1.51285,
        -1.1763012,
        -0.81141114,
        -0.51155114,
        -0.23873448,
        -0.07020521,
        0.014891148,
        0.04434204,
        -0.021334648,
        -0.118852615,
        -0.22804356,
        -0.31418228,
        -0.32125401,
        -0.23841429,
        -0.21261168,
        -0.11788416,
        -0.04593754,
        0.00013399124,
        0.03897333,
        0.014997959,
        -0.010090351,
        -0.025111198,
        -0.10009432,
        -0.1423893,
        -0.21465492,
        -0.26935315,
        -0.33512807,
        -0.36168385,
        -0.39892292,
        -0.38182902,
        -0.40330458,
        -0.40783215,
        -0.40698576,
        -0.38116527,
        -0.36126184,
        -0.32319403,
        -0.31245613,
        -0.28867245,
        -0.29770207,
        -0.299325,
        -0.31793666,
        -0.33231497,
        -0.3068416,
        -0.30127048,
        -0.23909307,
        -0.17046213,
        -0.10716033,
        -0.025063753,
        0.016362667,
        0.098514795,
        0.16150856,
        0.22657228,
        0.23836851,
        0.1845851,
        0.13892484,
        0.08902049,
        0.020290136,
        -0.017084599,
        -0.020539999,
        -0.023191214,
        0.025786877,
        0.06727338
    ],