{
    "class": "zneg",
    "duration_ms": 700,
    "x": [
        -0.25884512,
        -0.24804385,
        -0.2283639,
        -0.18021563,
        -0.14596328,
        -0.09179242,
        -0.07461426,
        -0.065678924,
        -0.09817108,
        -0.14534187,
        -0.20211622,
        -0.23529208,
        -0.24778251,
        -0.23741694,
        -0.20205675,
        -0.16791655,
        -0.12992933,
        -0.07590394,
        -0.06984934,
        -0.06639974,
        -0.09435737,
        -0.1460234,
        -0.22107619,
        -0.37465858,
        -0.5198914,
        -0.6854584,
        -0.8483471,
        -1.0400074,
        -1.1889573,
        -1.2922364,
        -1.3217167,
        -1.2145535,
        -1.1244034,
        -1.2134461,
        -1.2189331,
        -1.0135121,
        -0.7093903,
        -0.3765292,
        -0.10067592,
        0.099713735,
        0.27077335,
        0.42545253,
        0.5917306,
        0.7721026,
        0.9251502,
        1.053117,
        1.123523,
        1.1311522,
        1.0974114,
        1.1355667,
        1.3951353,
        1.383015,
        1.5919526,
        1.902938,
        2.0508554,
        1.9660612,
        1.8249522,
        1.5870107,
        1.3762866,
        1.1941696,
        1.0317025,
        0.8624214,
        0.6620386,
        0.48462307,
        0.2878722,
        0.110352755,
        -0.042668536,
        -0.14857611,
        -0.1837961,
        -0.14811862,
        -0.07227823,
        0.010259345,
        0.12336003,
        0.26227745,
        0.3908893,
        0.5114274,
        0.6092782,
        0.6840361,
        0.7521634,
        0.7893938,
        0.80994856,
        0.8137318,
        0.7627609,
        0.6572071,
        0.5141196,
        0.36693674,
        0.25155914,
        0.110756665,
        -0.033611506,
        -0.09246048,
        -0.14632413,
        -0.16567811,
        -0.16418567,
        -0.13672283,
        -0.12148851,
        -0.092154205,
        -0.08484182,
        -0.14798597,
        -0.20317593,
        -0.2917178,
        -0.42611948,
        -0.46569243,
        -0.5014302,
        -0.5331707,
        -0.5488408,
        -0.56480527,
        -0.6025238,
        -0.62351906,
        -0.6396698,
        -0.6438346,
        -0.6530608,
        -0.6461066,
        -0.6326667,
        -0.6319884,
        -0.62488055,
        -0.61592776,
        -0.5927348,
        -0.5525749,
        -0.52156985,
        -0.4756495,
        -0.39078063,
        -0.33880526,
        -0.27423686,
        -0.2523522,
        -0.2804254,
        -0.26328993,
        -0.2681506,
        -0.26185417,
        -0.27578872,
        -0.25027773,
        -0.19962808,
        -0.15461206,
        -0.0837698,
        -0.027424902,
        0.065063745,
        0.13888533,
        0.17506664,
        0.21898787,
        0.27296197,
        0.31043923,
        0.3073056,
        0.33286685,
        0.33219147,
        0.28140795,
        0.26168773,
        0.21540998,
        0.1545885,
        0.09112662,
        0.046743155
    ],
    "y": [
        -0.21474648,
        -0.2014432,
        -0.18107939,
        -0.18227148,
        -0.21205378,
        -0.24903584,
        -0.28865147,
        -0.30742598,
        -0.29153442,
        -0.30074072,
        -0.27320766,
        -0.20441961,
        -0.15375137,
        -0.15156364,
        -0.16866589,
        -0.16180944,
        -0.09530115,
        -0.0097203255,
        0.07361174,
        0.15226841,
        0.20502567,
        0.23015165,
        0.21179819,
        0.21003294,
        0.17717075,
        0.10947752,
        0.022824287,
        -0.08024073,
        -0.19464731,
        -0.3148644,
        -0.37297106,
        -0.10970998,
        -0.41116524,
        -0.7250602,
        -0.95426416,
        -1.2887349,
        -1.6242797,
        -1.8981962,
        -2.0296574,
        -1.9964235,
        -1.9406188,
        -1.9126183,
        -1.9663506,
        -2.081718,
        -2.1925797,
        -2.291223,
        -2.2871559,
        -2.1058161,
        -1.8587217,
        -1.544327,
        -1.3958204,
        -1.3532012,
        -1.1938121,
        -0.9077324,
        -0.68801117,
        -0.6134864,
        -0.62518156,
        -0.65633863,
        -0.75277203,
        -0.81239426,
        -0.9034069,
        -0.9752402,
        -1.0137945,
        -0.97681594,
        -0.89203185,
        -0.8163323,
        -0.73029375,
        -0.6433637,
        -0.5366839,
        -0.49867678,
        -0.5457771,
        -0.6203325,
        -0.724231,
        -0.7852638,
        -0.82952034,
        -0.85920477,
        -0.929127,
        -0.9506233,
        -1.0003254,
        -1.0614121,
        -1.1551561,
        -1.2214625,
        -1.2409177,
        -1.217977,
        -1.1211579,
        -1.0553219,
        -0.9673135,
        -0.878252,
        -0.7520306,
        -0.6483371,
        -0.55527925,
        -0.4874835,
        -0.47153068,
        -0.4909649,
        -0.50065184,
        -0.48668766,
        -0.42327595,
        -0.39237928,
        -0.28924274,
        -0.2409792,
        -0.17373896,
        -0.1045742,
        -0.07444525,
        -0.05710697,
        -0.06450558,
        -0.04637289,
        -0.06735563,
        -0.07007694,
        -0.0404644,
        -0.03622055,
        -0.043346405,
        -0.038216114,
        -0.04226446,
        -0.048208714,
        -0.03933525,
        -0.04416275,
        -0.024320126,
        0.003692627,
        -0.0031051636,
        0.01998949,
        -0.0011086464,
        -0.035208702,
        -0.055963516,
        -0.06358385,
        -0.05113983,
        -0.040427208,
        -0.005367279,
        -0.008332729,
        -0.02317667,
        -0.030708313,
        -0.040546417,
        -0.0527339,
        -0.045989037,
        -0.037267208,
        -0.029227257,
        -0.019699097,
        -0.018393993,
        -0.02303505,
        -0.03371048,
        -0.043262005,
        -0.039608955,
        -0.08959389,
        -0.07576084,
        -0.05052328,
        -0.011355877,
        0.039549828,
        0.03321314,
        0.05109644,
        0.05986452
    ],