{
    "class": "zneg",
    "duration_ms": 700,
    "x": [
        0.23944202,
        0.1896517,
        0.14405613,
        0.07643361,
        0.04388545,
        0.024917021,
        0.016877681,
        0.010215841,
        -0.0044851154,
        -0.01772578,
        -0.034510285,
        -0.052717432,
        -0.07277045,
        -0.06378074,
        -0.07516393,
        -0.08693032,
        -0.107847854,
        -0.11847311,
        -0.16410094,
        -0.19971675,
        -0.2310591,
        -0.26381227,
        -0.3027409,
        -0.28931117,
        -0.32947662,
        -0.38231,
        -0.43291965,
        -0.5333906,
        -0.59725225,
        -0.70778203,
        -0.84304065,
        -0.9096166,
        -0.94345105,
        -0.9206319,
        -0.8196101,
        -0.68806845,
        -0.5277345,
        -0.3761127,
        -0.24680215,
        -0.1750558,
        -0.12232947,
        -0.024184644,
        0.018338442,
        0.14060363,
        0.2332829,
        0.31783187,
        0.38397515,
        0.5285412,
        0.71707904,
        0.9601122,
        1.277634,
        1.4343917,
        1.4291685,
        1.3449626,
        1.1940747,
        1.0490904,
        0.9635105,
        0.9089318,
        0.8560387,
        0.77445066,
        0.6568003,
        0.5237854,
        0.35732108,
        0.17970127,
        0.040131822,
        -0.019140527,
        -0.02513823,
        0.031011254,
        0.10030244,
        0.16195685,
        0.23566735,
        0.3055821,
        0.32303715,
        0.33785936,
        0.32150885,
        0.26987803,
        0.20270304,
        0.101732,
        -0.048622906,
        -0.17053983,
        -0.33942884,
        -0.5376308,
        -0.7191447,
        -0.8551278,
        -0.9888932,
        -1.0877035,
        -1.1259301,
        -1.1759872,
        -1.1975521,
        -1.1668564,
        -1.1438498,
        -1.0595706,
        -0.9884257,
        -0.8993258,
        -0.8135107,
        -0.72367764,
        -0.6201351,
        -0.49331507,
        -0.36959645,
        -0.21807557,
        -0.115322694,
        -0.0013607293,
        0.11694579,
        0.20387647,
        0.26197565,
        0.31320128,
        0.36753243,
        0.3822613,
        0.35522223,
        0.2980369,
        0.25364733,
        0.2098982,
        0.10214612,
        0.07392259,
        0.050943095,
        0.02596905,
        0.01818065,
        0.034874722,
        0.049826067,
        0.07971751,
        0.124457106,
        0.16445854,
        0.21606208,
        0.2504248,
        0.2867139,
        0.3110579,
        0.304472,
        0.28644103,
        0.2738767,
        0.24780425,
        0.20596445,
        0.11739965,
        0.027096264,
        -0.068244025,
        -0.15273792,
        -0.17695698,
        -0.17743483,
        -0.11138001,
        -0.06975989,
        -0.08807942,
        -0.029547917,
        0.003250625,
        0.022502515,
        0.074105546,
        0.09878925,
        0.09735424,
        0.11147489,
        0.110737786
    ],
    "y": [
        0.094120026,
        0.1153512,
        0.14476466,
        0.1702807,
        0.19433069,
        0.20977545,
        0.20487094,
        0.16554189,
        0.09450269,
        0.051480293,
        0.048244476,
        0.0015563965,
        -0.031109333,
        -0.025830507,
        -0.07502866,
        -0.120541096,
        -0.14497614,
        -0.16896582,
        -0.21543527,
        -0.2837112,
        -0.37585497,
        -0.51922727,
        -0.6251011,
        -0.7462417,
        -0.84892964,
        -0.90401447,
        -0.9393891,
        -0.90399754,
        -0.8665277,
        -0.7786058,
        -0.64959157,
        -0.58228236,
        -0.5602156,
        -0.5956372,
        -0.69136065,
        -0.77640504,
        -0.8425238,
        -0.88664365,
        -0.91086006,
        -0.87935567,
        -0.82396895,
        -0.7959119,
        -0.8198055,
        -0.90072274,
        -1.0262377,
        -1.2241585,
        -1.4097253,
        -1.606009,
        -1.7820827,
        -1.9776827,
        -2.0978673,
        -2.0794137,
        -2.0391643,
        -2.0209546,
        -2.031857,
        -2.0929067,
        -2.205633,
        -2.340257,
        -2.4287305,
        -2.4870906,
        -2.4574132,
        -2.320597,
        -2.0510702,
        -1.7029822,
        -1.3719823,
        -1.0874103,
        -0.8739253,
        -0.76122075,
        -0.73776835,
        -0.7798328,
        -0.8416376,
        -0.8844848,
        -0.9195168,
        -0.9670934,
        -1.0041852,
        -1.0434247,
        -1.0830581,
        -1.126185,
        -1.1138042,
        -1.0925407,
        -1.0252235,
        -0.9300282,
        -0.8396399,
        -0.6913161,
        -0.5495324,
        -0.42409134,
        -0.303514,
        -0.19569206,
        -0.13773632,
        -0.10446811,
        -0.1424222,
        -0.22385716,
        -0.29479837,
        -0.35627484,
        -0.37110114,
        -0.36908746,
        -0.40362334,
        -0.4441793,
        -0.4338045,
        -0.39670277,
        -0.37370563,
        -0.3336773,
        -0.27424264,
        -0.19066858,
        -0.11893129,
        -0.063907385,
        -0.076030016,
        -0.11457181,
        -0.17233205,
        -0.20614696,
        -0.21116209,
        -0.21337795,
        -0.14545393,
        -0.062054634,
        0.008579731,
        0.07413936,
        0.103942156,
        0.17471051,
        0.24093914,
        0.30240107,
        0.34417963,
        0.31800652,
        0.2711842,
        0.23881364,
        0.1557355,
        0.14103603,
        0.103420496,
        0.083375454,
        0.1048398,
        0.13205123,
        0.16779041,
        0.15038228,
        0.17840743,
        0.20417333,
        0.2779758,
        0.23941565,
        0.1983304,
        0.14953947,
        0.082926035,
        -0.006806135,
        -0.098513365,
        -0.16608214,
        -0.20954776,
        -0.25022316,
        -0.2422843,
        -0.22096229,
        -0.2261455,
        -0.2042818
    ],