{
    "class": "zneg",
    "duration_ms": 700,
    "x": [
        -0.013868965,
        0.010568544,
        0.043331504,
        0.04673423,
        0.044633307,
        0.0320827,
        -0.00066922605,
        -0.006616719,
        -0.06722233,
        -0.09706908,
        -0.14196718,
        -0.15495926,
        -0.16744077,
        -0.16038856,
        -0.13835327,
        -0.14874735,
        -0.17913952,
        -0.19569552,
        -0.23844913,
        -0.28545403,
        -0.36696917,
        -0.43477142,
        -0.5339213,
        -0.6572345,
        -0.8001698,
        -0.9371498,
        -1.0522671,
        -1.1844431,
        -1.3249403,
        -1.4434218,
        -1.5121382,
        -1.5722497,
        -1.6548288,
        -1.6720301,
        -1.6606379,
        -1.6477019,
        -1.5507252,
        -1.466701,
        -1.3779869,
        -1.3080629,
        -1.2267051,
        -1.1555402,
        -1.0512377,
        -0.89163834,
        -0.7070517,
        -0.5232215,
        -0.3205384,
        -0.13017136,
        0.049336612,
        0.30897558,
        0.50899553,
        0.69770396,
        0.843674,
        1.0037079,
        1.0982523,
        1.1609999,
        1.1683433,
        1.1774728,
        1.1906223,
        1.2319988,
        1.3627661,
        1.5494243,
        1.759083,
        1.9637027,
        2.1411948,
        2.1911626,
        2.1382527,
        1.9316225,
        1.808013,
        1.7255542,
        1.5798774,
        1.3659818,
        1.1108575,
        0.93250954,
        0.77398497,
        0.6208528,
        0.45395976,
        0.371242,
        0.3031368,
        0.25645745,
        0.24974436,
        0.27544522,
        0.35268718,
        0.46493214,
        0.57157624,
        0.7060882,
        0.89205754,
        1.0524601,
        1.2370579,
        1.3830775,
        1.4685328,
        1.5334828,
        1.5702293,
        1.537511,
        1.480331,
        1.3885677,
        1.2235113,
        1.0424583,
        0.8526508,
        0.6832603,
        0.54439455,
        0.47263572,
        0.39455274,
        0.32305807,
        0.28998503,
        0.24819821,
        0.20776173,
        0.17375548,
        0.12009482,
        0.042209804,
        -0.031350344,
        -0.117618725,
        -0.19770327,
        -0.25063455,
        -0.22899014,
        -0.20969428,
        -0.19767092,
        -0.19546747,
        -0.17923316,
        -0.17056099,
        -0.17660478,
        -0.24287774,
        -0.29751924,
        -0.3573555,
        -0.40817386,
        -0.4930131,
        -0.52337265,
        -0.57563347,
        -0.5946866,
        -0.6212008,
        -0.561815,
        -0.5097782,
        -0.41455114,
        -0.33071232,
        -0.2890521,
        -0.2535761,
        -0.23631015,
        -0.20844944,
        -0.18443145,
        -0.13332123,
        -0.112488315,
        -0.11280469,
        -0.13703263,
        -0.19516811,
        -0.23978218,
        -0.2687698,
        -0.2631107,
        -0.2467333,
        -0.20988156
    ],
    "y": [
        0.09066391,
        0.08213234,
        0.067759514,
        0.05221653,
        0.01626873,
        0.009669304,
        0.015201092,
        -0.007946968,
        0.011281967,
        0.0057559013,
        0.02295971,
        0.017594337,
        0.023059845,
        0.043963432,
        0.03271532,
        0.020802021,
        0.043994904,
        0.07384062,
        0.10839558,
        0.15298033,
        0.20584965,
        0.18932629,
        0.18056965,
        0.19896841,
        0.20659018,
        0.19885588,
        0.20206594,
        0.20873213,
        0.19471073,
        0.21195984,
        0.18382502,
        0.12009525,
        0.0637393,
        0.05504942,
        0.012760162,
        -0.07753992,
        -0.2276349,
        -0.39224362,
        -0.5811329,
        -0.7552514,
        -0.88935614,
        -0.94345474,
        -0.95605826,
        -0.89133334,
        -0.82605267,
        -0.7489197,
        -0.72360873,
        -0.7811012,
        -0.9625566,
        -1.1183101,
        -1.2738813,
        -1.4169024,
        -1.4470507,
        -1.5035921,
        -1.5490031,
        -1.5629338,
        -1.5063577,
        -1.4261676,
        -1.3404832,
        -1.2671822,
        -1.2620306,
        -1.2941513,
        -1.3797476,
        -1.4906464,
        -1.6494229,
        -1.7266171,
        -1.6503159,
        -1.3892007,
        -1.0452754,
        -0.82191837,
        -0.7064508,
        -0.7080436,
        -0.8004275,
        -0.90008163,
        -0.94286156,
        -0.88889986,
        -0.79424787,
        -0.6362952,
        -0.4477322,
        -0.23996699,
        -0.02013266,
        0.17324483,
        0.32771087,
        0.41149306,
        0.4312725,
        0.35549402,
        0.24609947,
        0.07425952,
        -0.0738368,
        -0.21256065,
        -0.32044506,
        -0.41185832,
        -0.4819367,
        -0.5304389,
        -0.52596045,
        -0.5303931,
        -0.50978184,
        -0.51380205,
        -0.49181485,
        -0.48180342,
        -0.45959282,
        -0.4655745,
        -0.5138154,
        -0.50595784,
        -0.54706526,
        -0.53409815,
        -0.49342346,
        -0.45368457,
        -0.3765931,
        -0.34834623,
        -0.30668044,
        -0.24926376,
        -0.20014834,
        -0.1692133,
        -0.16884851,
        -0.16622972,
        -0.14530706,
        -0.15686941,
        -0.13912868,
        -0.12351799,
        -0.086256504,
        -0.048916817,
        -0.020962238,
        0.0025577545,
        0.036301136,
        0.03983736,
        0.05163908,
        0.06706524,
        0.050293922,
        0.034761906,
        -0.0011334419,
        -0.01196146,
        -0.043289185,
        -0.054497242,
        -0.0838933,
        -0.119577885,
        -0.12328386,
        -0.14284801,
        -0.13749933,
        -0.16213512,
        -0.18566084,
        -0.17696714,
        -0.16967106,
        -0.12093592,
        -0.09082317,
        -0.08684063,
        -0.07820797,
        -0.069969654,
        -0.102929115
    ],