{
    "class": "zneg",
    "duration_ms": 700,
    "x": [
        -0.24486968,
        -0.13414806,
        0.009926856,
        0.16180706,
        0.29419613,
        0.42995626,
        0.52266043,
        0.5285659,
        0.4681107,
        0.4133251,
        0.2880542,
        0.23262095,
        0.16750579,
        0.090010226,
        0.052246243,
        0.018060088,
        0.013317198,
        -0.0027022064,
        -0.029993445,
        -0.03295681,
        -0.059147358,
        -0.072349876,
        -0.13858485,
        -0.18785211,
        -0.22396854,
        -0.27432933,
        -0.34987554,
        -0.4046517,
        -0.44502813,
        -0.49167395,
        -0.46897882,
        -0.342874,
        -0.1664511,
        0.117556036,
        0.4580959,
        0.749902,
        1.0314142,
        1.2595417,
        1.3476955,
        1.3750372,
        1.2895609,
        0.9949327,
        0.6441938,
        0.23412311,
        0.13017786,
        0.09364617,
        -0.1707083,
        -0.5772033,
        -1.2139709,
        -1.7381738,
        -1.8054974,
        -1.7565957,
        -1.652225,
        -1.4214143,
        -1.0857359,
        -0.6483164,
        -0.15863597,
        0.4689048,
        0.9899515,
        1.4243059,
        1.7163012,
        1.8834779,
        1.8805919,
        1.7726798,
        1.5463393,
        1.2718583,
        0.9448721,
        0.5845865,
        0.28739747,
        -0.012811601,
        -0.27451402,
        -0.52614707,
        -0.76527125,
        -0.9797799,
        -1.1694226,
        -1.3003817,
        -1.3363681,
        -1.3038911,
        -1.158079,
        -0.95254534,
        -0.6358761,
        -0.27885884,
        0.08799851,
        0.43925172,
        0.7642936,
        1.0814162,
        1.3421929,
        1.5533115,
        1.7265841,
        1.8123266,
        1.858861,
        1.8667572,
        1.8438506,
        1.8193979,
        1.7599726,
        1.595721,
        1.426398,
        1.1702249,
        0.9226241,
        0.6906433,
        0.49605435,
        0.27752617,
        0.06499606,
        -0.18345761,
        -0.42602044,
        -0.72165006,
        -0.9763912,
        -1.182661,
        -1.2946048,
        -1.3500183,
        -1.3510568,
        -1.3359123,
        -1.2327919,
        -1.1640487,
        -1.1542101,
        -1.1086584,
        -1.0431441,
        -0.93497485,
        -0.809075,
        -0.70423144,
        -0.59215724,
        -0.44648635,
        -0.3482476,
        -0.28222156,
        -0.22820842,
        -0.22646397,
        -0.21219516,
        -0.25244707,
        -0.3260978,
        -0.4146387,
        -0.48748648,
        -0.5020762,
        -0.5425284,
        -0.4726501,
        -0.43097287,
        -0.3693418,
        -0.2848093,
        -0.19828874,
        -0.13067305,
        -0.071793914,
        -0.033173144,
        0.01622039,
        0.023588121,
        0.017314017,
        0.03798622,
        0.023255408,
        -0.0054177046,
        -0.014977217,
        -0.04426056
    ],
    "y": [
        -0.0117836,
        0.022872925,
        0.0006866455,
        0.0029826164,
        0.017686367,
        0.044692993,
        0.07188702,
        0.11808586,
        0.17354298,
        0.18818283,
        0.19081926,
        0.15782595,
        0.09887934,
        0.071148396,
        0.026834965,
        0.003987789,
        -0.02596569,
        -0.043747425,
        -0.05865717,
        -0.060899258,
        -0.07187414,
        -0.07466984,
        -0.07865095,
        -0.083488464,
        -0.069711685,
        -0.04143715,
        -0.007422924,
        0.049805164,
        0.09524107,
        0.1699934,
        0.17237759,
        0.090017796,
        -0.06783056,
        -0.22406721,
        -0.4001403,
        -0.6410537,
        -1.0206876,
        -1.3978884,
        -1.8371804,
        -2.2809215,
        -2.5949407,
        -2.6854858,
        -2.456295,
        -2.2936409,
        -2.3997636,
        -2.5253224,
        -2.627125,
        -2.8151426,
        -2.8838196,
        -2.618884,
        -2.293962,
        -2.01264,
        -1.8380784,
        -1.7528749,
        -1.7217536,
        -1.8323939,
        -2.0182426,
        -2.2809277,
        -2.5527325,
        -2.7963965,
        -3.027435,
        -3.185001,
        -3.2422247,
        -3.1808572,
        -3.0108347,
        -2.8091052,
        -2.6456103,
        -2.5479198,
        -2.5205379,
        -2.5589833,
        -2.654016,
        -2.7482214,
        -2.7500763,
        -2.672845,
        -2.5272396,
        -2.2906938,
        -2.041257,
        -1.7998357,
        -1.6832731,
        -1.6196901,
        -1.6020064,
        -1.6375992,
        -1.6787798,
        -1.720665,
        -1.7557933,
        -1.8454752,
        -1.9145837,
        -1.973734,
        -2.0358298,
        -2.0779254,
        -2.1416297,
        -2.1564581,
        -2.2286515,
        -2.2941759,
        -2.4131863,
        -2.5430207,
        -2.617393,
        -2.6182027,
        -2.5969093,
        -2.5905669,
        -2.5810971,
        -2.4883692,
        -2.4260063,
        -2.2900984,
        -2.1446042,
        -1.9628103,
        -1.7544057,
        -1.5771844,
        -1.445904,
        -1.3658524,
        -1.3066373,
        -1.3097165,
        -1.3159289,
        -1.2950239,
        -1.2407775,
        -1.1475205,
        -1.0480046,
        -0.95580053,
        -0.91049767,
        -0.9109144,
        -0.9391892,
        -0.9726882,
        -1.007694,
        -1.0115354,
        -1.039609,
        -1.0966716,
        -1.1130962,
        -1.1674283,
        -1.1849861,
        -1.1653693,
        -1.0986814,
        -1.0396006,
        -0.97350883,
        -0.87129784,
        -0.8114362,
        -0.7216625,
        -0.61124897,
        -0.5156121,
        -0.40093136,
        -0.29571486,
        -0.24066639,
        -0.1403079,
        -0.09060907,
        -0.08462763,
        -0.04603243,
        -0.029909134,
        -0.014713287,
        -0.031433582,
        -0.032117844
    ],