{
    "class": "zneg",
    "duration_ms": 700,
    "x": [
        -0.28587526,
        -0.2559119,
        -0.28804308,
        -0.3142846,
        -0.35517806,
        -0.35822487,
        -0.30277282,
        -0.25978196,
        -0.21199256,
        -0.1806562,
        -0.17986897,
        -0.15945256,
        -0.21703953,
        -0.32002413,
        -0.3135904,
        -0.6769804,
        -1.0147345,
        -1.1690903,
        -1.4745083,
        -1.6798446,
        -2.030353,
        -2.5008793,
        -2.8923297,
        -2.5218754,
        -1.9001416,
        -1.405184,
        -0.8841652,
        -0.16731691,
        0.5623543,
        1.1349348,
        1.6441796,
        2.0309224,
        2.185705,
        2.1219473,
        1.8227695,
        1.3144951,
        0.7321533,
        0.22397062,
        -0.16317886,
        -0.4060616,
        -0.5118077,
        -0.49702835,
        -0.31395906,
        -0.1012992,
        0.14405996,
        0.3945151,
        0.63672537,
        0.8663695,
        1.0668595,
        1.2475952,
        1.3816439,
        1.4748623,
        1.5541347,
        1.5935111,
        1.627284,
        1.6085777,
        1.576987,
        1.5270584,
        1.4847949,
        1.4911051,
        1.5012796,
        1.537344,
        1.5711131,
        1.5601462,
        1.5029107,
        1.3695002,
        1.1945475,
        0.9816197,
        0.73911196,
        0.47775212,
        0.22944656,
        -0.0074283034,
        -0.20855452,
        -0.36876285,
        -0.46631768,
        -0.554071,
        -0.5773953,
        -0.596737,
        -0.5556289,
        -0.48384228,
        -0.42793015,
        -0.34779647,
        -0.25829577,
        -0.19265614,
        -0.1530392,
        -0.15838355,
        -0.17739084,
        -0.21458639,
        -0.28406546,
        -0.34459367,
        -0.45581958,
        -0.50064933,
        -0.57788527,
        -0.6356248,
        -0.6863868,
        -0.7498078,
        -0.8525679,
        -0.9232464,
        -0.9716047,
        -0.9857553,
        -0.9198973,
        -0.85245454,
        -0.7782691,
        -0.7353772,
        -0.62785757,
        -0.55123746,
        -0.4550177,
        -0.38921934,
        -0.30593088,
        -0.25792906,
        -0.22400925,
        -0.1784494,
        -0.13585113,
        -0.103490666,
        -0.09809126,
        -0.086132035,
        -0.072076395,
        -0.12985452,
        -0.14009954,
        -0.14583464,
        -0.17558905,
        -0.22925028,
        -0.26616797,
        -0.2697538,
        -0.27600282,
        -0.24893652,
        -0.22425094,
        -0.17546807,
        -0.119516194,
        -0.10423832,
        -0.08164412,
        -0.061185986,
        -0.0787431,
        -0.12002376,
        -0.18997814,
        -0.26495177,
        -0.37632665,
        -0.4718513,
        -0.59958005,
        -0.6664306,
        -0.6796092,
        -0.6390033,
        -0.53709286,
        -0.40696448,
        -0.27194887,
        -0.12438345,
        0.031709433,
        0.113239676,
        0.14920887
    ],
    "y": [
        0.40826368,
        0.45850348,
        0.47846055,
        0.44122815,
        0.35628414,
        0.17807174,
        -0.05067873,
        -0.29724097,
        -0.591378,
        -0.998515,
        -1.4763272,
        -1.9968593,
        -2.4651845,
        -2.9460783,
        -3.345912,
        -3.3915377,
        -3.1778002,
        -2.51181,
        -2.0249476,
        -1.8739543,
        -1.7256088,
        -1.7267581,
        -1.6954763,
        -1.5842953,
        -1.6186595,
        -1.7067863,
        -1.8539674,
        -2.1615844,
        -2.7189717,
        -3.3072553,
        -3.830584,
        -4.2313395,
        -4.432823,
        -4.360848,
        -4.0755334,
        -3.5432272,
        -2.8728366,
        -2.1955504,
        -1.6191747,
        -1.2261553,
        -1.0283461,
        -0.99795175,
        -1.0992131,
        -1.2601571,
        -1.3713295,
        -1.4677156,
        -1.4774128,
        -1.4226832,
        -1.3263996,
        -1.2121724,
        -1.0371196,
        -0.9117563,
        -0.77928865,
        -0.67388475,
        -0.591357,
        -0.53210014,
        -0.45102143,
        -0.38669246,
        -0.4087512,
        -0.47413218,
        -0.6663035,
        -0.8960721,
        -1.1431985,
        -1.425451,
        -1.6356595,
        -1.7742679,
        -1.8133221,
        -1.7845495,
        -1.7675803,
        -1.6792225,
        -1.5611503,
        -1.429019,
        -1.258119,
        -1.0862991,
        -0.9132917,
        -0.7893629,
        -0.6694281,
        -0.6307694,
        -0.636132,
        -0.69876695,
        -0.7697561,
        -0.90285456,
        -1.0081859,
        -1.1126976,
        -1.1543856,
        -1.147555,
        -1.0825565,
        -0.98317313,
        -0.8373978,
        -0.671577,
        -0.5911162,
        -0.5244551,
        -0.48410034,
        -0.50868654,
        -0.55565715,
        -0.63030744,
        -0.6923001,
        -0.7513447,
        -0.78826046,
        -0.7455797,
        -0.7068002,
        -0.6285653,
        -0.53694606,
        -0.4866755,
        -0.42027617,
        -0.38560295,
        -0.32763386,
        -0.30863,
        -0.3118658,
        -0.35172105,
        -0.37079167,
        -0.3837223,
        -0.37413073,
        -0.37834,
        -0.38956428,
        -0.37958336,
        -0.37491465,
        -0.33505893,
        -0.31263256,
        -0.28843284,
        -0.2694714,
        -0.2126,
        -0.1725905,
        -0.17542958,
        -0.1443336,
        -0.1222837,
        -0.09728742,
        -0.1029098,
        -0.117679596,
        -0.096054554,
        -0.09783363,
        -0.10367322,
        -0.08234525,
        -0.03849721,
        -0.0389688,
        -0.04296899,
        -0.04315257,
        0.0035231113,
        0.058484793,
        0.090415716,
        0.115695715,
        0.07171917,
        -0.0010478497,
        -0.13385248,
        -0.22161555,
        -0.3433931,
        -0.3842759,
        -0.38956738,
        -0.38272595
    ],