{
    "class": "zneg",
    "duration_ms": 700,
    "x": [
        0.1286124,
        0.16029957,
        0.20697781,
        0.23826173,
        0.2786017,
        0.295357,
        0.33707333,
        0.29024312,
        0.21724796,
        0.10821649,
        0.03605322,
        -0.0052846745,
        0.0045598894,
        0.069302484,
        0.11715193,
        0.18179937,
        0.21122447,
        0.19391142,
        0.15660395,
        0.14274216,
        0.11182004,
        0.062143266,
        0.101668894,
        0.18347773,
        0.23078853,
        0.29429698,
        0.3394212,
        0.3223545,
        0.30863556,
        0.3032022,
        0.28659475,
        0.3013999,
        0.34714422,
        0.40355396,
        0.4241292,
        0.47560006,
        0.44604123,
        0.38851267,
        0.27211437,
        0.15343472,
        0.0237239,
        0.10460967,
        -0.14765358,
        -0.34196654,
        -0.34774905,
        -0.4071289,
        -0.5532299,
        -0.7371427,
        -0.8859643,
        -0.958921,
        -0.9340653,
        -0.85395294,
        -0.72742164,
        -0.58674455,
        -0.4381073,
        -0.25503957,
        -0.03817177,
        0.18259537,
        0.35122603,
        0.4385955,
        0.43974915,
        0.37356633,
        0.30930197,
        0.24200901,
        0.17875683,
        0.18643785,
        0.19346812,
        0.20748329,
        0.23087394,
        0.22493601,
        0.23443973,
        0.20858562,
        0.21670666,
        0.23060337,
        0.2681167,
        0.3137336,
        0.3922095,
        0.4681737,
        0.5561075,
        0.5742773,
        0.6030697,
        0.63395816,
        0.6225818,
        0.5967614,
        0.5705598,
        0.52451503,
        0.48725003,
        0.44878423,
        0.4448968,
        0.4350701,
        0.4581889,
        0.44608703,
        0.4407335,
        0.39274836,
        0.32905155,
        0.21158624,
        0.08364102,
        -0.08852655,
        -0.24541795,
        -0.3756048,
        -0.47718042,
        -0.529021,
        -0.57150805,
        -0.58696294,
        -0.5767863,
        -0.5595021,
        -0.53005743,
        -0.53637433,
        -0.5260769,
        -0.5381383,
        -0.54696906,
        -0.56760406,
        -0.6004456,
        -0.6001351,
        -0.6196939,
        -0.65226555,
        -0.6957411,
        -0.7046915,
        -0.7053145,
        -0.6615333,
        -0.62597644,
        -0.5697671,
        -0.5047872,
        -0.42135647,
        -0.3839686,
        -0.33961833,
        -0.3190564,
        -0.29554695,
        -0.2544818,
        -0.25561157,
        -0.24874774,
        -0.25790122,
        -0.25691447,
        -0.2628671,
        -0.24007183,
        -0.24372074,
        -0.22362831,
        -0.2419526,
        -0.25566807,
        -0.269702,
        -0.26739234,
        -0.2535422,
        -0.23558086,
        -0.19923094,
        -0.15185466,
        -0.10051307,
        -0.042604864,
        0.043698028
    ],
    "y": [
        -0.21129346,
        -0.20145392,
        -0.14921117,
        -0.10914755,
        -0.08545089,
        -0.06829524,
        -0.10022378,
        -0.11888099,
        -0.162148,
        -0.18449593,
        -0.17169333,
        -0.119202614,
        -0.06293821,
        -0.036220312,
        0.0016732216,
        0.020248413,
        0.06310272,
        0.1283567,
        0.15482426,
        0.1923058,
        0.20909643,
        0.21722865,
        0.16170192,
        0.13110805,
        0.07298291,
        0.021066666,
        -0.08451092,
        -0.2056911,
        -0.292867,
        -0.37102664,
        -0.4916498,
        -0.57002765,
        -0.6846224,
        -0.7778051,
        -0.84975237,
        -0.95292294,
        -1.0435361,
        -1.1152343,
        -1.2087737,
        -1.2957699,
        -1.4049878,
        -1.7883254,
        -1.9224114,
        -2.002025,
        -1.9827021,
        -1.9478232,
        -1.8984082,
        -1.8511914,
        -1.8872795,
        -1.8672936,
        -1.8306882,
        -1.7351314,
        -1.676913,
        -1.582677,
        -1.5395519,
        -1.4315903,
        -1.3129673,
        -1.2404598,
        -1.1731834,
        -1.0514992,
        -0.88286734,
        -0.6914866,
        -0.5011889,
        -0.34754872,
        -0.21570933,
        -0.05028081,
        0.10094273,
        0.21420175,
        0.25150782,
        0.21327281,
        0.20760638,
        0.19397116,
        0.21747667,
        0.24878362,
        0.19622108,
        0.07871261,
        -0.14173266,
        -0.3904658,
        -0.5636128,
        -0.6889867,
        -0.7848555,
        -0.82178056,
        -0.80644625,
        -0.8054131,
        -0.7655446,
        -0.7362698,
        -0.71239054,
        -0.6480639,
        -0.6413764,
        -0.6470876,
        -0.71582544,
        -0.8216888,
        -0.91004336,
        -0.96925986,
        -0.96602297,
        -0.91949725,
        -0.89651096,
        -0.90361714,
        -0.8635539,
        -0.8475249,
        -0.8427744,
        -0.8294244,
        -0.81408954,
        -0.81055665,
        -0.77991796,
        -0.7551682,
        -0.70248055,
        -0.72442293,
        -0.6964638,
        -0.674047,
        -0.61967325,
        -0.5627229,
        -0.5229361,
        -0.5292983,
        -0.5315933,
        -0.5154338,
        -0.4831457,
        -0.43015957,
        -0.3925507,
        -0.33228302,
        -0.2974925,
        -0.29086494,
        -0.29595375,
        -0.30121708,
        -0.28067875,
        -0.28256845,
        -0.28554583,
        -0.30411625,
        -0.33594656,
        -0.36896896,
        -0.40308666,
        -0.363976,
        -0.31382227,
        -0.2239008,
        -0.13002348,
        -0.013030529,
        0.059954643,
        0.1438632,
        0.18114805,
        0.20984507,
        0.20109558,
        0.19050932,
        0.17770529,
        0.14315033,
        0.1368041,
        0.091427326,
        0.07150316,
        0.050855637
    ],