{
    "class": "zneg",
    "duration_ms": 700,
    "x": [
        0.09750715,
        0.17085665,
        0.22429192,
        0.27481306,
        0.32983333,
        0.330325,
        0.31502622,
        0.30804405,
        0.2856562,
        0.27635968,
        0.23966494,
        0.25708768,
        0.24758258,
        0.2553538,
        0.24962944,
        0.2207125,
        0.15370291,
        0.08833504,
        -0.002782315,
        -0.10626401,
        -0.1850085,
        -0.27374214,
        -0.42868885,
        -0.58384943,
        -0.78341687,
        -0.89694846,
        -1.0108554,
        -1.1749356,
        -1.0781372,
        -1.35035,
        -1.7121065,
        -2.0022712,
        -2.2333674,
        -2.3935373,
        -2.3869908,
        -1.9934078,
        -1.6288546,
        -1.3358303,
        -0.96296656,
        -0.57254493,
        -0.2024914,
        0.16515428,
        0.5387908,
        0.8386271,
        1.0591524,
        1.2059422,
        1.2520785,
        1.2316839,
        1.1409883,
        0.97251046,
        0.79844207,
        0.69328177,
        0.6020355,
        0.58014,
        0.6107096,
        0.6356049,
        0.68183017,
        0.6762248,
        0.679392,
        0.6561247,
        0.6021935,
        0.50556767,
        0.36314446,
        0.24039233,
        0.13020128,
        0.075005114,
        0.097531915,
        0.16996598,
        0.28604847,
        0.39682066,
        0.52267754,
        0.62660706,
        0.76259136,
        0.8965362,
        1.0184592,
        1.1211591,
        1.1811836,
        1.2568842,
        1.272593,
        1.2862248,
        1.2668009,
        1.2238338,
        1.152693,
        1.020082,
        0.87163204,
        0.7050071,
        0.48919314,
        0.27932262,
        0.058855474,
        -0.12888777,
        -0.32668218,
        -0.48175678,
        -0.601516,
        -0.7053869,
        -0.74364316,
        -0.7286598,
        -0.73982584,
        -0.69812137,
        -0.67997015,
        -0.6803107,
        -0.69687873,
        -0.70584226,
        -0.7120347,
        -0.71090215,
        -0.69782394,
        -0.6419663,
        -0.5889165,
        -0.52922606,
        -0.4869833,
        -0.42875487,
        -0.4118594,
        -0.38127926,
        -0.36346632,
        -0.3538807,
        -0.32401848,
        -0.34082142,
        -0.34678942,
        -0.39419478,
        -0.41102406,
        -0.41867977,
        -0.44789425,
        -0.47203398,
        -0.49103814,
        -0.5049182,
        -0.49946356,
        -0.47717178,
        -0.4689539,
        -0.45080674,
        -0.42752934,
        -0.39684308,
        -0.39232838,
        -0.38295567,
        -0.35690928,
        -0.32380635,
        -0.27887082,
        -0.19109005,
        -0.12508458,
        -0.078613356,
        -0.018270671,
        0.036802262,
        0.0843164,
        0.117100924,
        0.15926594,
        0.17021301,
        0.13332751,
        0.11771515,
        0.09917471,
        0.04168725,
        -0.011793032
    ],
    "y": [
        -0.07978439,
        -0.03190136,
        -0.009062767,
        0.017349243,
        0.05905199,
        0.03742695,
        0.04072237,
        0.009306908,
        -0.0019478798,
        -0.043014526,
        -0.044616222,
        -0.06149006,
        -0.03164625,
        -0.028288841,
        -0.029218674,
        -0.036044598,
        -0.05039358,
        -0.057042122,
        -0.088801384,
        -0.16210842,
        -0.25018597,
        -0.3623209,
        -0.52934456,
        -0.6983824,
        -0.9290221,
        -1.149137,
        -1.3918848,
        -1.3724279,
        -1.1983416,
        -1.367028,
        -1.4736137,
        -1.5415874,
        -1.6348546,
        -1.682899,
        -1.6628523,
        -1.6235093,
        -1.6024742,
        -1.5737137,
        -1.5813472,
        -1.6653967,
        -1.7948043,
        -2.0469704,
        -2.3544753,
        -2.669805,
        -3.0122023,
        -3.316478,
        -3.5496643,
        -3.596631,
        -3.4709446,
        -3.2027442,
        -2.92232,
        -2.6283045,
        -2.4029074,
        -2.2400012,
        -2.1074443,
        -2.0068724,
        -1.9705253,
        -1.9720352,
        -2.0196428,
        -2.0578694,
        -2.039817,
        -1.8678609,
        -1.6505423,
        -1.4108379,
        -1.2131885,
        -1.0293953,
        -0.8728202,
        -0.7670629,
        -0.6785786,
        -0.6241942,
        -0.5418258,
        -0.47669685,
        -0.46184206,
        -0.45109725,
        -0.48648345,
        -0.5240346,
        -0.5605173,
        -0.58793175,
        -0.6512071,
        -0.7975788,
        -0.93577373,
        -1.077168,
        -1.194851,
        -1.2762297,
        -1.3108428,
        -1.3050537,
        -1.296183,
        -1.2472315,
        -1.1309147,
        -0.9897058,
        -0.81135845,
        -0.6536355,
        -0.5315466,
        -0.4843905,
        -0.47734118,
        -0.535367,
        -0.62855196,
        -0.7292142,
        -0.77599216,
        -0.77902603,
        -0.7673998,
        -0.70065165,
        -0.653018,
        -0.5790086,
        -0.49314642,
        -0.43135452,
        -0.41773748,
        -0.4213252,
        -0.45679522,
        -0.46455288,
        -0.45462084,
        -0.42978334,
        -0.4190941,
        -0.40127516,
        -0.41002345,
        -0.42142487,
        -0.4139278,
        -0.40891647,
        -0.35598755,
        -0.33367753,
        -0.32233953,
        -0.266752,
        -0.24098611,
        -0.21404552,
        -0.17901254,
        -0.16503453,
        -0.18900347,
        -0.22711658,
        -0.22914124,
        -0.207026,
        -0.19661951,
        -0.1332128,
        -0.07651925,
        -0.024062634,
        0.009816408,
        0.0083703995,
        0.024111986,
        0.027974129,
        0.067335844,
        0.08911872,
        0.10489392,
        0.1094296,
        0.104747295,
        0.112134695,
        0.09328699,
        0.11750007,
        0.14189863,
        0.13547897,
        0.15120935
    ],