{
    "class": "zneg",
    "duration_ms": 700,
    "x": [
        0.06687358,
        0.1063256,
        0.17010374,
        0.18728045,
        0.19650503,
        0.18113656,
        0.13159417,
        0.09500909,
        0.04940039,
        0.020590186,
        0.022619337,
        0.012270451,
        -0.010402352,
        -0.028863668,
        -0.050124973,
        -0.03831598,
        -0.024377912,
        0.0015161037,
        0.034741253,
        0.008855313,
        -0.013875216,
        -0.019179732,
        -0.028726667,
        -0.025825083,
        0.020361453,
        0.047982723,
        0.07169518,
        0.07500699,
        0.08185753,
        0.092345536,
        0.10457653,
        0.092772394,
        0.10957393,
        0.1335057,
        0.21373051,
        0.32983035,
        0.4567738,
        0.63203424,
        0.74355245,
        0.8214632,
        0.9038416,
        0.72589993,
        0.7089557,
        0.59679997,
        0.27126735,
        -0.24611479,
        -0.50482893,
        -0.6196656,
        -0.93614215,
        -1.4898528,
        -1.9792993,
        -2.3767772,
        -2.5693457,
        -2.621459,
        -2.6784105,
        -2.6190143,
        -2.6769676,
        -2.7180958,
        -2.4440403,
        -1.9328617,
        -1.1280398,
        -0.07170555,
        0.68070436,
        1.1051286,
        1.5085967,
        1.8463752,
        1.7202878,
        1.3491529,
        0.93367213,
        0.33369368,
        -0.54312015,
        -1.4539659,
        -2.124267,
        -2.3771067,
        -2.1726258,
        -1.6576276,
        -1.127588,
        -0.739766,
        -0.47210068,
        -0.30074894,
        -0.18332714,
        -0.11815667,
        -0.074946165,
        -0.037995458,
        -0.01852101,
        -0.013365209,
        -0.0036307573,
        0.017593622,
        0.03242469,
        0.051015913,
        0.047315538,
        0.06433332,
        0.111635685,
        0.18003559,
        0.22508544,
        0.24821359,
        0.23739755,
        0.24349207,
        0.23900974,
        0.24458146,
        0.264189,
        0.28012776,
        0.3081374,
        0.31102055,
        0.34919506,
        0.37271428,
        0.41234097,
        0.44647455,
        0.49461052,
        0.5044061,
        0.5239245,
        0.5409498,
        0.48556098,
        0.40985203,
        0.32988927,
        0.23802882,
        0.13133028,
        0.028368771,
        -0.030809522,
        -0.029697299,
        -0.016154528,
        0.014735818,
        0.06802809,
        0.16552919,
        0.2313542,
        0.29711926,
        0.3276207,
        0.36418605,
        0.40500966,
        0.428959,
        0.4360337,
        0.38764653,
        0.35057575,
        0.27184254,
        0.20854332,
        0.1745547,
        0.12412065,
        0.11668828,
        0.08994931,
        0.070268124,
        0.041158408,
        0.009820104,
        -0.047610193,
        -0.11704743,
        -0.1580089,
        -0.19455856,
        -0.23148814,
        -0.2520289,
        -0.24150023
    ],
    "y": [
        0.06268406,
        0.048088074,
        0.08138895,
        0.06475353,
        0.06257868,
        0.09601116,
        0.088900566,
        0.06299496,
        0.063626766,
        0.05720997,
        0.07221842,
        0.0775609,
        0.07556772,
        0.059081078,
        0.04474163,
        0.04190731,
        0.026688099,
        0.00873518,
        -0.009459972,
        -0.04667425,
        -0.03370905,
        -0.037338734,
        -0.06684828,
        -0.08635616,
        -0.11241293,
        -0.13536453,
        -0.1408658,
        -0.10521746,
        -0.09536505,
        -0.06842995,
        -0.07675791,
        -0.09371376,
        -0.11400795,
        -0.15840483,
        -0.15016222,
        -0.13929701,
        -0.08540487,
        -0.18357706,
        -0.28997564,
        -0.4003687,
        -0.45796156,
        -0.5314832,
        -0.74849176,
        -0.86876774,
        -0.98741007,
        -0.66784763,
        -0.4796853,
        -0.28307962,
        -0.26683998,
        -0.3366022,
        -0.38446617,
        -0.42772007,
        -0.2381587,
        -0.57550335,
        -1.0242534,
        -1.530072,
        -2.1778548,
        -2.8042736,
        -3.2516196,
        -3.590967,
        -3.9315042,
        -4.3393416,
        -4.755457,
        -5.127617,
        -5.539136,
        -5.9237056,
        -6.1684585,
        -6.1420336,
        -5.8036294,
        -5.1071906,
        -4.2772675,
        -3.6809592,
        -3.3085728,
        -3.1967542,
        -3.35203,
        -3.5244026,
        -3.59342,
        -3.550986,
        -3.4201596,
        -3.1766183,
        -2.887645,
        -2.552237,
        -2.2183294,
        -1.869956,
        -1.5612466,
        -1.2750702,
        -1.0638951,
        -0.8946193,
        -0.7749437,
        -0.72712994,
        -0.6728834,
        -0.6655618,
        -0.6652871,
        -0.65366113,
        -0.6574677,
        -0.6572808,
        -0.67636335,
        -0.6756413,
        -0.6899885,
        -0.70614815,
        -0.7013924,
        -0.72741175,
        -0.7305043,
        -0.7194381,
        -0.672148,
        -0.6482198,
        -0.60468006,
        -0.55863714,
        -0.5461705,
        -0.56251764,
        -0.5979848,
        -0.6498451,
        -0.7080281,
        -0.7291446,
        -0.6960559,
        -0.62049747,
        -0.5120058,
        -0.40406322,
        -0.30180693,
        -0.26288366,
        -0.20394087,
        -0.20673847,
        -0.23349142,
        -0.29405594,
        -0.3482461,
        -0.3629079,
        -0.35740805,
        -0.3272233,
        -0.3130269,
        -0.26228428,
        -0.26344728,
        -0.23764753,
        -0.18756199,
        -0.19227839,
        -0.18291426,
        -0.17899942,
        -0.18344736,
        -0.25403643,
        -0.29558945,
        -0.3227148,
        -0.32625866,
        -0.28719997,
        -0.23669815,
        -0.19148588,
        -0.12050438,
        -0.074008465,
        -0.023352146,
        -0.004337311,
        0.0024561882
    ],