{
    "class": "zneg",
    "duration_ms": 700,
    "x": [
        0.13766399,
        0.14886874,
        0.15848917,
        0.13561115,
        0.10177061,
        0.12586202,
        0.121949635,
        0.11861402,
        0.09893874,
        0.1007287,
        0.08310212,
        0.04371869,
        0.006507963,
        -0.004878763,
        -0.033383243,
        -0.057472464,
        -0.093659624,
        -0.1297917,
        -0.12772487,
        -0.1540401,
        -0.13478409,
        -0.124830484,
        -0.09792309,
        -0.054266118,
        -0.051001493,
        -0.0072461925,
        0.019596647,
        0.022482038,
        0.013266105,
        0.0038416125,
        -0.010633096,
        -0.044519715,
        -0.04304374,
        -0.025310937,
        -0.017564073,
        0.018472642,
        0.032738514,
        0.075446695,
        0.0990125,
        0.12285958,
        0.10435465,
        0.096081845,
        0.08367963,
        0.038477503,
        0.010494463,
        -0.021875992,
        -0.046806328,
        -0.07158478,
        -0.07495649,
        -0.088035956,
        -0.10355612,
        -0.11196047,
        -0.13462806,
        -0.16424613,
        -0.14369744,
        -0.1611874,
        -0.15469494,
        -0.16489175,
        -0.15133394,
        -0.18082313,
        -0.1985944,
        -0.22385833,
        -0.22564885,
        -0.21842277,
        -0.17828295,
        -0.16237997,
        -0.12987281,
        -0.08064517,
        -0.0052040964,
        0.05347363,
        0.10996497,
        0.14997275,
        0.17108572,
        0.14937034,
        0.10389047,
        0.07251989,
        0.028714627,
        -0.015695099,
        -0.04395081,
        -0.07506215,
        -0.08502559,
        -0.033401854,
        0.013154216,
        0.012213074,
        0.042828098,
        0.03837151,
        0.017952092,
        0.02447699,
        0.017217033,
        0.022291765,
        0.013387337,
        0.0071524903,
        -0.008472197,
        0.0067058355,
        0.0357636,
        0.054907843,
        0.088034995,
        0.1233728,
        0.12305079,
        0.09950727,
        0.08414019,
        0.07719203,
        0.052429162,
        0.02424018,
        0.07525103,
        0.100532606,
        0.07539972,
        0.030514337,
        -0.12664483,
        -0.32895753,
        -0.463799,
        -0.49480388,
        -0.43025905,
        -0.3935942,
        -0.27899364,
        -0.20815066,
        -0.1372777,
        -0.4858691,
        -0.2101664,
        -0.12085611,
        -0.21717358,
        -0.42805663,
        -0.5777205,
        -0.92030674,
        -1.3880328,
        -1.7643384,
        -2.0805688,
        -2.3238342,
        -2.487048,
        -2.4198947,
        -2.1398468,
        -1.7863749,
        -1.4431744,
        -1.0660703,
        -0.59444165,
        -0.14526236,
        0.2597469,
        0.57996076,
        0.85884917,
        1.048064,
        1.1736796,
        1.3029071,
        1.4630654,
        1.6393229,
        1.827832,
        1.975503,
        2.1043699,
        2.098009,
        1.9709618
    ],
    "y": [
        -0.010691643,
        -0.010620117,
        0.010937214,
        0.04891014,
        0.057887077,
        0.061542034,
        0.03601122,
        0.014703751,
        -0.02632618,
        -0.046721935,
        -0.056293964,
        -0.059882164,
        -0.05753374,
        -0.06333113,
        -0.055597305,
        -0.055477142,
        -0.03154373,
        -0.0072574615,
        0.024857044,
        0.03883171,
        0.05409479,
        0.042167187,
        0.03178692,
        0.010903358,
        0.007997513,
        -0.06283283,
        -0.07077503,
        -0.085463524,
        -0.09993124,
        -0.064538,
        -0.048784733,
        -0.009963989,
        0.016070843,
        0.041107655,
        0.0342412,
        0.01700735,
        -0.015091419,
        -0.040444374,
        -0.06133938,
        -0.0752511,
        -0.04895115,
        -0.039564133,
        -0.020715237,
        -0.011354446,
        -0.025719643,
        -0.044714928,
        -0.051728725,
        -0.04208803,
        -0.11085081,
        -0.11014128,
        -0.118813515,
        -0.09877825,
        -0.09773445,
        -0.07993412,
        -0.05033779,
        -0.07091427,
        -0.086761475,
        -0.09326553,
        -0.104940414,
        -0.091022015,
        -0.08740854,
        -0.08451462,
        -0.086940765,
        -0.0730834,
        -0.092695236,
        -0.066960335,
        -0.038680077,
        -0.00289011,
        0.026172638,
        0.03913784,
        0.033690453,
        0.057442665,
        0.041109562,
        0.058479786,
        0.082920074,
        0.088018894,
        0.090295315,
        0.075408936,
        0.07883024,
        0.04815197,
        0.028791904,
        -0.010186195,
        -0.037564278,
        -0.02938795,
        -0.035619736,
        -0.0108652115,
        0.044740677,
        0.06467724,
        0.058882236,
        0.04195738,
        0.03301096,
        0.03439808,
        0.06984377,
        0.07482052,
        0.07085419,
        0.067374706,
        0.06655884,
        0.06112051,
        0.07949257,
        0.100084305,
        0.101560116,
        0.110384464,
        0.11949253,
        0.15988636,
        0.20758533,
        0.23655319,
        0.20468616,
        0.18701887,
        0.19915819,
        0.22113132,
        0.24012375,
        0.23094511,
        0.18102503,
        0.045700073,
        -0.099042416,
        -0.3232069,
        -0.55063915,
        -0.993875,
        -1.0380731,
        -0.95809793,
        -0.8315773,
        -0.6858101,
        -0.6485219,
        -0.7612498,
        -0.7354045,
        -0.6057904,
        -0.5345657,
        -0.5003891,
        -0.5501349,
        -0.6245184,
        -0.72248006,
        -0.8478043,
        -1.0237219,
        -1.2377249,
        -1.5614151,
        -1.8220787,
        -2.092494,
        -2.3219786,
        -2.4322176,
        -2.3944817,
        -2.249187,
        -2.1060796,
        -2.0075793,
        -1.974361,
        -1.9791026,
        -1.9967332,
        -1.9925368,
        -1.9555092,
        -1.9127574
    ],