{
    "class": "zneg",
    "duration_ms": 700,
    "x": [
        -0.011515148,
        0.05832085,
        0.09831914,
        0.15740217,
        0.18465817,
        0.22636485,
        0.21653432,
        0.19904716,
        0.14376959,
        0.053661093,
        -0.028140813,
        -0.19219008,
        -0.33661413,
        -0.4393394,
        -0.53934026,
        -0.6325173,
        -0.74106497,
        -0.8655942,
        -0.9854609,
        -1.101892,
        -1.2089763,
        -1.3080031,
        -1.4023305,
        -1.4068751,
        -1.4064002,
        -1.3607948,
        -1.2796378,
        -1.107707,
        -0.9141997,
        -0.704088,
        -0.5111599,
        -0.261258,
        -0.03333497,
        0.16064036,
        0.31314313,
        0.48327148,
        0.6317791,
        0.73883414,
        0.79686654,
        0.7967371,
        0.7705476,
        0.74121726,
        0.65703285,
        0.56157446,
        0.4622463,
        0.40258765,
        0.3404243,
        0.35773885,
        0.31634188,
        0.26646912,
        0.22715676,
        0.17202663,
        0.12750173,
        0.0652082,
        0.04795766,
        0.054984808,
        0.0702461,
        0.06568527,
        0.07263678,
        0.0528422,
        0.01603645,
        0.0056135654,
        -0.0071775913,
        -0.022367895,
        -0.045045257,
        -0.051380217,
        -0.08710283,
        -0.09009725,
        -0.13234395,
        -0.18309647,
        -0.24262685,
        -0.3279416,
        -0.34593225,
        -0.36387807,
        -0.4058137,
        -0.3758886,
        -0.362232,
        -0.37886706,
        -0.36580542,
        -0.39221537,
        -0.39823937,
        -0.35753092,
        -0.35143805,
        -0.31065392,
        -0.3069672,
        -0.28781548,
        -0.28923467,
        -0.28515726,
        -0.27792248,
        -0.253065,
        -0.19848713,
        -0.2049984,
        -0.20095353,
        -0.20336728,
        -0.20766449,
        -0.19948536,
        -0.19309732,
        -0.17883378,
        -0.17097415,
        -0.15276147,
        -0.1317463,
        -0.10835573,
        -0.07803087,
        -0.055306748,
        -0.03532073,
        -0.017955646,
        -0.0010196567,
        0.01770778,
        0.023754716,
        0.026701212,
        0.041237265,
        0.06513289,
        0.07950106,
        0.058109157,
        0.034664936,
        0.040413074,
        0.020417422,
        0.01306586,
        -0.010173328,
        -0.020528525,
        -0.061017647,
        -0.079162925,
        -0.13500325,
        -0.20004267,
        -0.23384017,
        -0.27247924,
        -0.28263083,
        -0.25461394,
        -0.23842072,
        -0.24093549,
        -0.26441804,
        -0.29703104,
        -0.32219756,
        -0.33541083,
        -0.30094412,
        -0.26677015,
        -0.216192,
        -0.16356516,
        -0.1423203,
        -0.09260164,
        -0.0478068,
        0.006591581,
        0.0035916492,
        0.010193646,
        -0.0047565997,
        -0.005423069,
        -0.003975123,
        -0.017210245,
        0.019302323
    ],
    "y": [
        -0.04104185,
        -0.07993698,
        -0.08753872,
        -0.07788563,
        -0.0055217743,
        0.041725636,
        0.038663864,
        -0.037460804,
        -0.10007143,
        -0.1913228,
        -0.23420954,
        -0.26402712,
        -0.28454304,
        -0.36937237,
        -0.44360733,
        -0.51391506,
        -0.55150366,
        -0.5325196,
        -0.5626075,
        -0.59212875,
        -0.6363268,
        -0.65814614,
        -0.63755894,
        -0.6239517,
        -0.6043763,
        -0.58276176,
        -0.5847156,
        -0.63355684,
        -0.7021729,
        -0.75164795,
        -0.7979301,
        -0.8713772,
        -0.93064594,
        -0.95834184,
        -0.9512755,
        -0.90840346,
        -0.8432565,
        -0.7903555,
        -0.7841521,
        -0.73683476,
        -0.68718916,
        -0.6759492,
        -0.70491123,
        -0.80152214,
        -0.90176344,
        -0.9487683,
        -0.9981683,
        -1.0457904,
        -1.0753771,
        -1.1066852,
        -1.1545986,
        -1.1456877,
        -1.133552,
        -1.1027052,
        -1.0904661,
        -1.036422,
        -0.9545456,
        -0.88997316,
        -0.79937804,
        -0.71850586,
        -0.57565427,
        -0.4544866,
        -0.33586168,
        -0.20765042,
        -0.10325384,
        -0.068021536,
        -0.07294321,
        -0.09147787,
        -0.12575936,
        -0.1300757,
        -0.13796163,
        -0.099318266,
        -0.086015224,
        -0.09336281,
        -0.07358694,
        -0.06250334,
        -0.026539803,
        -0.0014591217,
        0.06067896,
        0.090566635,
        0.12650156,
        0.10855198,
        0.13238811,
        0.09507275,
        0.077967644,
        0.061776638,
        0.029644012,
        0.014904022,
        0.017303467,
        -0.0065026283,
        -0.023232937,
        -0.042787552,
        -0.055953503,
        -0.029689789,
        -0.021836758,
        0.010392189,
        0.0022597313,
        -0.041450977,
        -0.07997179,
        -0.08456659,
        -0.086238384,
        -0.09452915,
        -0.08551741,
        -0.061536312,
        -0.06823254,
        -0.067560196,
        -0.07639265,
        -0.06632233,
        -0.087788105,
        -0.10266733,
        -0.13512945,
        -0.2066741,
        -0.19296503,
        -0.22801256,
        -0.21115494,
        -0.19506407,
        -0.17465687,
        -0.15212917,
        -0.13430738,
        -0.12332821,
        -0.11407614,
        -0.077655315,
        -0.030766487,
        0.019377232,
        0.031847,
        0.011248112,
        0.031444073,
        0.006005764,
        -0.024534225,
        -0.04333067,
        -0.04312706,
        -0.030846596,
        0.03439045,
        0.08579111,
        0.09724426,
        0.11211538,
        0.11371517,
        0.116482735,
        0.10592365,
        0.12965488,
        0.12277317,
        0.08514309,
        0.03822422,
        -0.008532524,
        -0.017019749,
        -0.018547058,
        -0.04448557,
        -0.013633251,
        -0.026512146
    ],