{
    "class": "zneg",
    "duration_ms": 700,
    "x": [
        0.05864145,
        0.09848364,
        0.09190644,
        0.093834,
        0.10644774,
        0.1175212,
        0.15998363,
        0.1998329,
        0.24144283,
        0.32063174,
        0.35428834,
        0.3575502,
        0.34059992,
        0.30618763,
        0.29711223,
        0.35509613,
        0.4371958,
        0.5032068,
        0.55433655,
        0.63523084,
        0.6851084,
        0.6569487,
        0.47293198,
        0.14874917,
        -0.2327705,
        -0.59151095,
        -0.92427766,
        -1.1371472,
        -1.2326789,
        -1.2836263,
        -1.3639634,
        -1.4570289,
        -1.4328227,
        -1.2965324,
        -1.0981474,
        -0.8195301,
        -0.45867336,
        -0.11617467,
        0.11445257,
        0.23678726,
        0.18409821,
        0.061292768,
        -0.17809281,
        -0.34639725,
        -0.43585026,
        -0.44520083,
        -0.3652708,
        -0.2467666,
        -0.13315883,
        -0.043676525,
        0.07945317,
        0.19645773,
        0.27983266,
        0.35502416,
        0.37815475,
        0.3839661,
        0.3297479,
        0.2869892,
        0.20006305,
        0.13498205,
        0.09788114,
        0.08071244,
        0.07294047,
        0.102421254,
        0.1423589,
        0.18266588,
        0.20863843,
        0.25812578,
        0.2782067,
        0.34285793,
        0.3849436,
        0.3973484,
        0.37785634,
        0.38952228,
        0.39519233,
        0.37213093,
        0.36183703,
        0.3097601,
        0.2185637,
        0.15776694,
        0.09844279,
        0.018781215,
        -0.0672023,
        -0.11910024,
        -0.19896582,
        -0.25422,
        -0.30404344,
        -0.3438263,
        -0.37135372,
        -0.37244403,
        -0.38299128,
        -0.36929727,
        -0.35268706,
        -0.29950154,
        -0.30074027,
        -0.2609092,
        -0.24492499,
        -0.24552089,
        -0.2410917,
        -0.22925246,
        -0.22219685,
        -0.17228726,
        -0.13227084,
        -0.15981463,
        -0.15927902,
        -0.1451481,
        -0.12933078,
        -0.11169058,
        -0.099289745,
        -0.10180116,
        -0.08094934,
        -0.039206564,
        -0.067245215,
        -0.06433332,
        -0.032605827,
        -0.024342865,
        -0.017774582,
        0.0013990998,
        0.0067980587,
        0.03181511,
        0.059574455,
        0.073283166,
        0.087124765,
        0.122265756,
        0.14474607,
        0.15921542,
        0.20144063,
        0.21657945,
        0.23864162,
        0.27268583,
        0.2543341,
        0.21950409,
        0.16791528,
        0.1284374,
        0.0987356,
        0.04536277,
        0.013695598,
        -0.017870933,
        -0.04224375,
        -0.03535059,
        -0.016396701,
        0.0051226914,
        0.036516577,
        0.051413298,
        0.042553544,
        0.038622677,
        0.008518517,
        0.009356886,
        0.009922445
    ],
    "y": [
        -0.12616491,
        -0.14182258,
        -0.12189603,
        -0.09738088,
        -0.065800905,
        -0.00349164,
        0.027574062,
        0.07969165,
        0.07883358,
        0.08451486,
        0.041683197,
        -0.018607378,
        -0.086639404,
        -0.10744119,
        -0.13536835,
        -0.1747179,
        -0.23664904,
        -0.32282734,
        -0.33792043,
        -0.33926558,
        -0.34731627,
        -0.29884887,
        -0.21157765,
        -0.02670145,
        0.21832538,
        0.48057055,
        0.6066272,
        0.5123453,
        0.24996638,
        -0.10413194,
        -0.4426005,
        -0.62783694,
        -0.75294507,
        -0.83781403,
        -0.9293145,
        -1.1152482,
        -1.408848,
        -1.6816405,
        -1.8739297,
        -1.9492867,
        -1.9040449,
        -1.7651002,
        -1.5827565,
        -1.3807663,
        -1.2426941,
        -1.1847957,
        -1.1204269,
        -1.0867672,
        -1.0535407,
        -1.0120052,
        -0.948697,
        -0.89545935,
        -0.82678556,
        -0.7861116,
        -0.7379954,
        -0.62295604,
        -0.5445853,
        -0.39156044,
        -0.28290105,
        -0.17070079,
        -0.07193208,
        -0.05881381,
        -0.06002474,
        -0.05425453,
        -0.07025528,
        -0.08402228,
        -0.08580017,
        -0.13253021,
        -0.17342567,
        -0.20102239,
        -0.26319027,
        -0.25919604,
        -0.27728367,
        -0.26689053,
        -0.2802372,
        -0.25261045,
        -0.27223682,
        -0.30500126,
        -0.33121514,
        -0.35043192,
        -0.3502779,
        -0.31616855,
        -0.33167934,
        -0.25780845,
        -0.22386265,
        -0.19883657,
        -0.18762493,
        -0.20225763,
        -0.2306552,
        -0.21567535,
        -0.25322056,
        -0.2575693,
        -0.25070238,
        -0.22604704,
        -0.23429966,
        -0.24481487,
        -0.23185492,
        -0.23892546,
        -0.24728632,
        -0.26668215,
        -0.28522158,
        -0.30766487,
        -0.2836113,
        -0.28711367,
        -0.22712135,
        -0.19474936,
        -0.1279726,
        -0.08917427,
        -0.076100826,
        -0.069722176,
        -0.0893116,
        -0.094288826,
        -0.10407925,
        -0.08057928,
        -0.04774189,
        -0.03180647,
        -0.016145706,
        -0.0031547546,
        -0.00938797,
        0.006029129,
        0.00982523,
        0.016337872,
        0.049402237,
        0.106704235,
        0.09720659,
        0.13088703,
        0.14506292,
        0.13952875,
        0.10919094,
        0.1113081,
        0.081143856,
        0.07134199,
        0.08929825,
        0.08951998,
        0.13666034,
        0.15196037,
        0.17391896,
        0.17146349,
        0.1879003,
        0.18736362,
        0.1651442,
        0.16200018,
        0.1561575,
        0.13813639,
        0.15109849,
        0.14245152,
        0.12885499,
        0.14620233,
        0.12508678
    ],