{
    "class": "xneg",
    "duration_ms": 700,
    "x": [
        -1.676851,
        -1.3667116,
        -1.0741401,
        -0.7621617,
        -0.5304483,
        -0.32843786,
        -0.2330609,
        -0.17550015,
        -0.067917824,
        0.108749926,
        0.30418533,
        0.47293988,
        0.63660866,
        0.7256477,
        0.72754776,
        0.6728942,
        0.6187389,
        0.57449275,
        0.5735682,
        0.532189,
        0.51486194,
        0.4617645,
        0.44238997,
        0.39699304,
        0.33772102,
        0.2549668,
        0.16996258,
        0.053538382,
        -0.03726262,
        -0.19856244,
        -0.39506918,
        -0.67577523,
        -1.0396625,
        -1.4855773,
        -1.9596689,
        -2.4466825,
        -2.9937773,
        -3.6389906,
        -4.3145986,
        -4.9376707,
        -5.3592653,
        -5.3342223,
        -5.8256373,
        -6.172048,
        -6.4202414,
        -6.5550394,
        -6.54259,
        -6.3779135,
        -5.974205,
        -5.385589,
        -4.8258595,
        -3.9911895,
        -2.8430877,
        -1.7373507,
        -0.2719283,
        1.2471154,
        2.7295175,
        4.1299863,
        5.381191,
        6.4777246,
        7.444143,
        8.340501,
        9.068723,
        9.453871,
        9.781203,
        9.893861,
        9.883481,
        9.514631,
        8.531399,
        7.661928,
        6.9499,
        6.264898,
        5.5869713,
        4.8965797,
        4.288856,
        3.7224033,
        3.206246,
        2.7302868,
        2.3109233,
        1.9235709,
        1.5240431,
        1.0873853,
        0.6792114,
        0.32917428,
        -0.06919861,
        -0.44522047,
        -0.7923271,
        -1.1301376,
        -1.3584473,
        -1.5085427,
        -1.6523255,
        -1.5242863,
        -1.4378526,
        -1.4093306,
        -1.3970937,
        -1.3116016,
        -1.206998,
        -1.1207784,
        -1.0810997,
        -1.0614555,
        -1.0091603,
        -0.9700166,
        -0.9203466,
        -0.8963002,
        -0.8811507,
        -0.90364766,
        -0.9132186,
        -0.8809763,
        -0.85934734,
        -0.81227547,
        -0.8018215,
        -0.82545877,
        -0.8329843,
        -0.8339658,
        -0.8475133,
        -0.8329109,
        -0.8211021,
        -0.7856413,
        -0.7672057,
        -0.74168307,
        -0.7617037,
        -0.7625723,
        -0.77817297,
        -0.84953606,
        -0.90777355,
        -0.98923814,
        -1.0296106,
        -1.0551866,
        -1.0324208,
        -0.98506653,
        -0.92210495,
        -0.8693921,
        -0.7882406,
        -0.74304247,
        -0.70228475,
        -0.61782426,
        -0.48231095,
        -0.35568762,
        -0.26929832,
        -0.25463495,
        -0.24749991,
        -0.25316238,
        -0.28156668,
        -0.29472625,
        -0.32623968,
        -0.35240015,
        -0.3471281,
        -0.2722851
    ],
    "y": [
        -0.17945004,
        -0.18028831,
        -0.20359612,
        -0.2901759,
        -0.3709669,
        -0.39134836,
        -0.3781004,
        -0.35794306,
        -0.32387686,
        -0.24002886,
        -0.16617012,
        -0.09767246,
        -0.051278114,
        -0.03661251,
        0.025188923,
        0.05264902,
        0.11513138,
        0.18146992,
        0.25150013,
        0.27495432,
        0.20875311,
        0.14623165,
        0.123283386,
        0.118526936,
        0.13934946,
        0.16676235,
        0.18636465,
        0.13823175,
        0.07947445,
        0.017172337,
        -0.048916817,
        -0.15267038,
        -0.27047682,
        -0.38107443,
        -0.51824903,
        -0.6608763,
        -0.8499832,
        -1.0113873,
        -1.1210184,
        -1.1424408,
        -1.1991487,
        -1.1777163,
        -1.3314862,
        -1.461514,
        -1.6865482,
        -1.9672489,
        -2.2403164,
        -2.4975243,
        -2.615881,
        -2.7238035,
        -2.8060799,
        -2.9073486,
        -2.928802,
        -2.5234537,
        -2.249064,
        -1.8787975,
        -1.5192542,
        -1.1386304,
        -0.69327164,
        -0.25667572,
        0.22698116,
        0.65803766,
        1.0040474,
        1.2350922,
        1.4317303,
        1.5024347,
        1.5258493,
        1.502058,
        1.5679541,
        1.6813912,
        1.7211728,
        1.5971498,
        1.3793821,
        1.1712356,
        0.9590497,
        0.839066,
        0.7637224,
        0.70470667,
        0.61453533,
        0.46967125,
        0.31816816,
        0.13392735,
        -0.041918755,
        -0.14184332,
        -0.15110874,
        -0.06697035,
        0.010405064,
        0.06707764,
        0.12704754,
        0.1161356,
        0.060471535,
        -0.10240507,
        -0.33698606,
        -0.46679688,
        -0.5640416,
        -0.5572405,
        -0.54721737,
        -0.5197382,
        -0.46564865,
        -0.50485754,
        -0.5586467,
        -0.5913825,
        -0.6152377,
        -0.5992713,
        -0.5650153,
        -0.49797153,
        -0.45548058,
        -0.425426,
        -0.4362116,
        -0.4494624,
        -0.4650283,
        -0.4542966,
        -0.41967773,
        -0.3994708,
        -0.36975336,
        -0.31621408,
        -0.2747178,
        -0.2571764,
        -0.19416475,
        -0.19330978,
        -0.18754625,
        -0.19611931,
        -0.19265127,
        -0.19641685,
        -0.17884636,
        -0.1736517,
        -0.18097734,
        -0.15069628,
        -0.10427618,
        -0.12057781,
        -0.0918746,
        -0.082675934,
        -0.078389645,
        -0.078863144,
        -0.07914162,
        -0.08141327,
        -0.088027,
        -0.11562109,
        -0.11174917,
        -0.12918425,
        -0.091439724,
        -0.05599165,
        -0.04676819,
        -0.018307209,
        -0.00420475,
        0.04324341,
        0.11915779,
        0.12545013
    ],