{
    "class": "xneg",
    "duration_ms": 700,
    "x": [
        0.21230072,
        0.24152052,
        0.31279522,
        0.39793974,
        0.5023384,
        0.63116235,
        0.7541219,
        0.85032535,
        0.9416121,
        0.97822607,
        0.988909,
        0.9544884,
        0.9200733,
        0.9516959,
        1.001228,
        0.9854451,
        0.9449458,
        0.91998816,
        0.90297186,
        0.8390112,
        0.75682425,
        0.6967374,
        0.6345297,
        0.5675992,
        0.49825448,
        0.4622172,
        0.39271873,
        0.31629515,
        0.18542987,
        0.045374036,
        -0.097124696,
        -0.2662158,
        -0.43102777,
        -0.6248944,
        -0.81190634,
        -1.0060052,
        -1.2377062,
        -1.5611917,
        -1.9686815,
        -2.4823499,
        -3.124699,
        -3.8757503,
        -4.666317,
        -5.471318,
        -6.29642,
        -7.0414085,
        -7.684304,
        -8.259916,
        -8.795318,
        -9.245511,
        -9.553181,
        -9.7034445,
        -9.862711,
        -9.914525,
        -9.73018,
        -9.321405,
        -9.122825,
        -8.799506,
        -8.337785,
        -7.860207,
        -7.295764,
        -6.6260853,
        -5.818089,
        -4.9409657,
        -4.0613127,
        -3.1197639,
        -2.15799,
        -1.0928782,
        0.080262184,
        1.3759396,
        2.8111184,
        4.3598514,
        6.118265,
        7.899866,
        9.719465,
        11.558453,
        13.392084,
        15.01149,
        15.859895,
        16.432652,
        16.996378,
        17.310524,
        17.190296,
        16.666426,
        15.521978,
        14.165525,
        13.113102,
        12.239591,
        11.332263,
        10.4681,
        9.707073,
        9.013991,
        8.399524,
        7.773649,
        7.1825123,
        6.597815,
        5.9521737,
        5.263633,
        4.568909,
        3.823428,
        3.0547323,
        2.319575,
        1.5582631,
        0.8268219,
        0.10971022,
        -0.59891033,
        -1.3241011,
        -2.0488164,
        -2.7901917,
        -3.4964957,
        -4.1762447,
        -4.8118706,
        -5.3759356,
        -5.8072624,
        -6.339171,
        -6.745491,
        -7.1641192,
        -7.4815297,
        -7.684352,
        -7.7756433,
        -7.798496,
        -7.774157,
        -7.5611515,
        -7.2909007,
        -7.0442533,
        -6.75585,
        -6.391278,
        -5.925794,
        -5.4397388,
        -4.9871807,
        -4.55764,
        -4.1123424,
        -3.633932,
        -3.159932,
        -2.7157807,
        -2.272017,
        -1.8566412,
        -1.5577171,
        -1.2936422,
        -1.0954407,
        -0.86037123,
        -0.66047955,
        -0.48388755,
        -0.3284123,
        -0.1966064,
        -0.036161542,
        0.09779382,
        0.22442073,
        0.38471097
    ],
    "y": [
        0.10979605,
        0.19960451,
        0.22959471,
        0.2501216,
        0.23498821,
        0.22720766,
        0.22423267,
        0.17856407,
        0.17828512,
        0.16117811,
        0.16999245,
        0.16870213,
        0.15718174,
        0.14729929,
        0.12723064,
        0.12316799,
        0.092303276,
        0.06333876,
        0.07193518,
        0.079907894,
        0.051669598,
        0.06836748,
        0.04652548,
        0.03876686,
        0.02836132,
        0.005903721,
        -0.023684502,
        -0.036567688,
        -0.07092428,
        -0.10764933,
        -0.11829424,
        -0.19578266,
        -0.22092915,
        -0.2559042,
        -0.284029,
        -0.3386612,
        -0.40052462,
        -0.4077115,
        -0.49575043,
        -0.52759886,
        -0.5811739,
        -0.65431833,
        -0.80016327,
        -0.9952307,
        -1.218298,
        -1.4145813,
        -1.6510568,
        -1.9249978,
        -2.1881413,
        -2.51902,
        -2.811688,
        -3.2254434,
        -3.409956,
        -3.5673919,
        -3.8970714,
        -4.344613,
        -4.34891,
        -4.437491,
        -4.666167,
        -4.9592705,
        -5.243986,
        -5.5554743,
        -5.828574,
        -6.010299,
        -6.009902,
        -5.9403315,
        -5.754429,
        -5.4625587,
        -5.1204634,
        -4.693248,
        -4.1752152,
        -3.5682502,
        -2.994488,
        -2.5094614,
        -2.1308503,
        -1.9124923,
        -1.7576365,
        -1.4937859,
        -0.91261053,
        0.04150963,
        0.9133439,
        1.7684584,
        2.3483906,
        2.5230284,
        2.4095898,
        2.2071424,
        1.9114327,
        1.5323844,
        1.1870556,
        0.8988581,
        0.70772743,
        0.5531759,
        0.4034257,
        0.23624563,
        0.05069256,
        -0.2620139,
        -0.64815617,
        -1.1211743,
        -1.596704,
        -2.126986,
        -2.6064787,
        -2.9968553,
        -3.3027744,
        -3.5193067,
        -3.7083204,
        -3.9219718,
        -4.1621113,
        -4.392377,
        -4.5766354,
        -4.7243013,
        -4.820832,
        -4.890353,
        -5.0191402,
        -5.1977243,
        -4.974655,
        -4.7118325,
        -4.423953,
        -4.137507,
        -3.888513,
        -3.6794395,
        -3.4293494,
        -3.1864715,
        -2.9441223,
        -2.7768278,
        -2.6634216,
        -2.5277085,
        -2.379561,
        -2.2527304,
        -2.0947099,
        -1.9271579,
        -1.7573404,
        -1.5496078,
        -1.3544073,
        -1.1956749,
        -1.0469685,
        -0.9106293,
        -0.8055997,
        -0.717401,
        -0.63872623,
        -0.5861306,
        -0.504446,
        -0.4653654,
        -0.4615798,
        -0.402184,
        -0.3446765,
        -0.2841959,
        -0.19203615,
        -0.13739634,
        -0.07943487
    ],