{
    "class": "xneg",
    "duration_ms": 700,
    "x": [
        0.389481,
        0.4412557,
        0.46368098,
        0.44611898,
        0.37795565,
        0.31707454,
        0.29665124,
        0.2165544,
        0.16508633,
        0.16812378,
        0.17784286,
        0.2297219,
        0.27585244,
        0.3825065,
        0.46824193,
        0.5140087,
        0.5694374,
        0.59132594,
        0.6080935,
        0.6051917,
        0.5658461,
        0.49962008,
        0.37797254,
        0.28907627,
        0.15885139,
        0.037348986,
        -0.08018708,
        -0.24342525,
        -0.41377842,
        -0.57440865,
        -0.77963984,
        -1.07865,
        -1.4947616,
        -2.0560527,
        -2.750702,
        -3.6292171,
        -4.6578455,
        -5.7086754,
        -6.7839108,
        -7.820315,
        -8.741051,
        -9.583122,
        -10.425938,
        -11.233941,
        -11.894998,
        -12.272356,
        -11.6755495,
        -11.422388,
        -11.942842,
        -11.789485,
        -11.210669,
        -10.144198,
        -8.619452,
        -6.3714495,
        -4.0899944,
        -1.8941087,
        0.42658567,
        2.7940822,
        5.127631,
        7.116246,
        9.057387,
        11.017851,
        12.8894415,
        14.507591,
        15.72282,
        16.755695,
        17.388231,
        17.661089,
        17.572111,
        17.059788,
        16.06901,
        14.672679,
        13.477682,
        12.541098,
        11.703857,
        10.925865,
        10.177718,
        9.453124,
        8.754946,
        8.0454445,
        7.2774143,
        6.4063773,
        5.408568,
        4.3356776,
        3.1407576,
        2.0180347,
        0.85346663,
        -0.39302048,
        -1.6158597,
        -2.7813716,
        -3.9292822,
        -4.9096603,
        -5.8425436,
        -6.6564956,
        -7.1650095,
        -7.8419623,
        -8.503101,
        -8.849993,
        -8.952822,
        -8.9388275,
        -8.783521,
        -8.548027,
        -8.271791,
        -7.968696,
        -7.6483774,
        -7.0692306,
        -6.226005,
        -5.4214807,
        -4.6565423,
        -3.91748,
        -3.2773082,
        -2.6969643,
        -2.1542654,
        -1.6654084,
        -1.2058215,
        -0.8467963,
        -0.5494808,
        -0.28504467,
        -0.10096693,
        0.11790347,
        0.28345728,
        0.42700672,
        0.53200907,
        0.6249244,
        0.6891525,
        0.7366563,
        0.72668594,
        0.71651495,
        0.70593446,
        0.6445064,
        0.5943718,
        0.54577136,
        0.4958676,
        0.4468572,
        0.3772822,
        0.34938943,
        0.31547385,
        0.3260339,
        0.33106822,
        0.32798207,
        0.34754956,
        0.31035757,
        0.2996521,
        0.2912221,
        0.2801478,
        0.24022847,
        0.23364705,
        0.19339943,
        0.18644184
    ],
    "y": [
        0.105321884,
        0.1347146,
        0.15154552,
        0.19404697,
        0.21942711,
        0.2399106,
        0.21523619,
        0.19790459,
        0.16403913,
        0.14206028,
        0.11274338,
        0.071335316,
        0.013180256,
        -0.028466225,
        -0.06101322,
        -0.11556959,
        -0.19211292,
        -0.2003169,
        -0.19777012,
        -0.19414091,
        -0.18454981,
        -0.2020297,
        -0.19399643,
        -0.18665743,
        -0.17523956,
        -0.18594646,
        -0.1996131,
        -0.24242687,
        -0.25475645,
        -0.31044197,
        -0.37586117,
        -0.44366884,
        -0.54698753,
        -0.7022605,
        -0.8262563,
        -0.9360504,
        -0.967082,
        -1.0952144,
        -1.2976804,
        -1.5584273,
        -1.8557711,
        -2.0671072,
        -2.20333,
        -2.279881,
        -2.3809257,
        -2.6354284,
        -3.3150072,
        -4.1103225,
        -4.290706,
        -4.3551326,
        -4.638667,
        -5.133748,
        -5.890311,
        -6.6886177,
        -7.2048006,
        -7.257686,
        -6.930637,
        -6.2841015,
        -5.4628887,
        -4.676281,
        -3.9179723,
        -3.3085628,
        -2.7706647,
        -2.059877,
        -1.051753,
        0.031520367,
        0.9903202,
        1.7484789,
        2.3123193,
        2.648343,
        2.7429934,
        2.6508112,
        2.3437538,
        1.8873878,
        1.464222,
        1.1292143,
        0.9251342,
        0.7366457,
        0.5126748,
        0.2831626,
        0.029938698,
        -0.38491774,
        -0.90547276,
        -1.440476,
        -2.0328908,
        -2.5271902,
        -2.9760432,
        -3.3030796,
        -3.5135217,
        -3.6627836,
        -3.7628899,
        -3.765777,
        -3.6855984,
        -3.6176972,
        -3.8604603,
        -3.5500221,
        -3.11274,
        -2.7326975,
        -2.5720735,
        -2.6972246,
        -2.8781857,
        -3.0814905,
        -3.1805234,
        -3.1874113,
        -3.0664296,
        -2.930132,
        -2.888537,
        -2.8555903,
        -2.7743096,
        -2.5781832,
        -2.3370075,
        -2.120358,
        -1.9212542,
        -1.7039957,
        -1.5215197,
        -1.3454294,
        -1.137795,
        -0.9587822,
        -0.77046967,
        -0.5875087,
        -0.4100604,
        -0.2502513,
        -0.117789745,
        0.025435925,
        0.14812136,
        0.2381792,
        0.32423687,
        0.3775735,
        0.405519,
        0.42984962,
        0.450696,
        0.4659357,
        0.48538923,
        0.4925208,
        0.51139593,
        0.5446029,
        0.5517392,
        0.52582645,
        0.5363722,
        0.4518447,
        0.39883327,
        0.3531232,
        0.31448174,
        0.26361084,
        0.25784445,
        0.23488426,
        0.20432138,
        0.14943886,
        0.14439917
    ],