{
    "class": "xneg",
    "duration_ms": 700,
    "x": [
        -0.124317765,
        -0.07867378,
        0.026011258,
        0.123611316,
        0.19847502,
        0.2731328,
        0.33411202,
        0.34636614,
        0.32220927,
        0.26165038,
        0.17897289,
        0.09742969,
        0.040181935,
        0.03274277,
        0.005748987,
        -0.005073011,
        0.012249738,
        0.007866651,
        0.029752582,
        0.056607187,
        0.045864433,
        0.06674984,
        0.026377112,
        0.01984632,
        0.008507073,
        0.027809829,
        0.065567195,
        0.07663247,
        0.1445091,
        0.19057468,
        0.24842292,
        0.28507742,
        0.27953348,
        0.27486148,
        0.29222018,
        0.3718849,
        0.39224887,
        0.48225215,
        0.56099135,
        0.6193694,
        0.70069593,
        0.7525453,
        0.7704365,
        0.8042433,
        0.83452696,
        0.8822753,
        0.89234,
        0.90983325,
        0.96070665,
        0.97347313,
        0.96490324,
        0.9348925,
        0.92374444,
        0.9050798,
        0.9667841,
        1.0871964,
        1.25207,
        1.3452176,
        1.3985271,
        1.3819666,
        1.3157396,
        1.1128199,
        0.7861856,
        0.3175563,
        -0.1406039,
        -0.58206224,
        -0.9940161,
        -1.4992503,
        -2.1318727,
        -2.8392286,
        -3.6534984,
        -4.5576367,
        -5.5154076,
        -6.4997616,
        -7.4683642,
        -8.380428,
        -9.259349,
        -10.025552,
        -10.781804,
        -11.392126,
        -11.828491,
        -11.868566,
        -11.569496,
        -11.825898,
        -11.59875,
        -11.13779,
        -10.432145,
        -9.301534,
        -7.9484105,
        -6.5600905,
        -5.132858,
        -3.6178946,
        -2.0423312,
        -0.48192525,
        1.0200626,
        2.4761865,
        3.814589,
        5.1796227,
        6.6706843,
        8.143895,
        9.534947,
        10.708739,
        11.220112,
        11.861477,
        12.369953,
        12.719847,
        12.985874,
        13.055998,
        12.880823,
        12.525472,
        12.140342,
        11.806232,
        11.40865,
        10.886829,
        10.249335,
        9.668999,
        9.145724,
        8.600602,
        8.017066,
        7.4068537,
        6.8076277,
        6.2232513,
        5.6838903,
        5.1886144,
        4.705625,
        4.19844,
        3.656951,
        3.0377598,
        2.4674497,
        1.881648,
        1.2642827,
        0.63548404,
        -0.0012160353,
        -0.67791754,
        -1.3221226,
        -1.9670144,
        -2.6388004,
        -3.3090482,
        -3.9111772,
        -4.4387712,
        -4.904053,
        -5.290549,
        -5.562729,
        -5.76157,
        -5.8395634,
        -5.832818,
        -5.7560253,
        -5.588076,
        -5.3294077,
        -5.076032
    ],
    "y": [
        -0.020326614,
        -0.009311676,
        0.055964947,
        0.11317921,
        0.15512466,
        0.15799189,
        0.13863468,
        0.10899544,
        0.071481705,
        0.016603947,
        -0.05322361,
        -0.059495926,
        -0.090604305,
        -0.13666916,
        -0.13074303,
        -0.11336565,
        -0.08667755,
        -0.04572153,
        0.0047564507,
        0.036267757,
        0.101234436,
        0.12105751,
        0.12914562,
        0.115935326,
        0.1384201,
        0.10829353,
        0.08278322,
        0.059389114,
        0.026111603,
        -0.024017334,
        -0.038596153,
        -0.029602528,
        0.0004658699,
        -0.00783062,
        0.021909237,
        0.041879654,
        0.08307028,
        0.11209154,
        0.14800072,
        0.17177773,
        0.21685076,
        0.24511337,
        0.27566862,
        0.29656696,
        0.27691603,
        0.29058886,
        0.2826147,
        0.25060034,
        0.24219179,
        0.26653194,
        0.26158,
        0.29396248,
        0.34183884,
        0.402606,
        0.41442728,
        0.4108925,
        0.3661561,
        0.30915642,
        0.25204659,
        0.15699148,
        0.13626957,
        0.021203518,
        -0.14383602,
        -0.329381,
        -0.49220705,
        -0.68735886,
        -0.94815063,
        -1.1748872,
        -1.3687639,
        -1.5013051,
        -1.6549406,
        -1.7758803,
        -1.9561291,
        -2.1846519,
        -2.4931307,
        -2.826671,
        -3.1944878,
        -3.5670636,
        -3.8166664,
        -4.0283136,
        -4.1862946,
        -4.384486,
        -4.7046566,
        -4.724123,
        -4.673392,
        -4.624718,
        -4.6403217,
        -4.863417,
        -5.197938,
        -5.5505652,
        -5.716627,
        -5.7364845,
        -5.5244427,
        -5.095932,
        -4.421627,
        -3.8962252,
        -3.3883731,
        -2.9533963,
        -2.550847,
        -2.2551649,
        -2.0496612,
        -1.8314233,
        -1.325881,
        -0.6938343,
        -0.057352066,
        0.6146836,
        1.2932029,
        1.9495726,
        2.4674454,
        2.8513718,
        3.0378623,
        3.0790195,
        3.0270166,
        2.9028373,
        2.6651235,
        2.3897948,
        2.171883,
        1.996026,
        1.8370562,
        1.6814599,
        1.5034733,
        1.2913675,
        1.0740857,
        0.75603294,
        0.43529367,
        0.030617714,
        -0.4171028,
        -0.8644781,
        -1.3086541,
        -1.6772351,
        -2.0267816,
        -2.3275673,
        -2.583394,
        -2.84575,
        -3.039417,
        -3.2141013,
        -3.319123,
        -3.3828487,
        -3.3979218,
        -3.3905067,
        -3.3510861,
        -3.3421164,
        -3.27286,
        -3.2345355,
        -3.1532037,
        -3.0937717,
        -2.996724,
        -2.8910666,
        -2.767501,
        -2.6575427
    ],