{
    "class": "xneg",
    "duration_ms": 700,
    "x": [
        0.83469045,
        0.7292335,
        0.6644932,
        0.6068824,
        0.5874205,
        0.5491819,
        0.5426198,
        0.5063053,
        0.40306646,
        0.26690286,
        0.11718112,
        -0.13396013,
        -0.44787085,
        -0.86735034,
        -1.3349112,
        -1.9433427,
        -2.6649623,
        -3.5208297,
        -4.449246,
        -5.482589,
        -6.5458603,
        -7.1473937,
        -7.80194,
        -8.700308,
        -9.278199,
        -9.479901,
        -9.551073,
        -9.2800865,
        -8.679717,
        -8.181413,
        -7.696735,
        -7.1277966,
        -6.420085,
        -5.576393,
        -4.4941883,
        -3.19948,
        -1.5694546,
        0.22047812,
        2.1846113,
        4.0701957,
        5.852332,
        7.4501324,
        8.825979,
        9.871157,
        10.438283,
        10.428299,
        10.584353,
        10.541375,
        10.127415,
        9.445733,
        8.482742,
        7.488782,
        6.781246,
        6.225955,
        5.7263603,
        5.273021,
        4.8094,
        4.4274206,
        4.044096,
        3.6266851,
        3.2551718,
        2.8973024,
        2.5516417,
        2.2524426,
        1.9499651,
        1.6251194,
        1.2802323,
        0.93889195,
        0.6385709,
        0.2850842,
        -0.07971671,
        -0.3850023,
        -0.71327966,
        -1.0366733,
        -1.3319604,
        -1.5687017,
        -1.7665777,
        -1.8996279,
        -2.042323,
        -2.1398356,
        -2.211177,
        -2.2706583,
        -2.3252206,
        -2.4032767,
        -2.4591541,
        -2.5286899,
        -2.5806034,
        -2.6028702,
        -2.609714,
        -2.577,
        -2.437354,
        -2.2548347,
        -2.074322,
        -1.8521147,
        -1.6451368,
        -1.4625926,
        -1.3066243,
        -1.1866555,
        -1.0835963,
        -1.0120499,
        -0.9601325,
        -0.9279799,
        -0.9012516,
        -0.875251,
        -0.86438173,
        -0.84013414,
        -0.82888484,
        -0.74903774,
        -0.643481,
        -0.5525207,
        -0.46379417,
        -0.3815419,
        -0.30069637,
        -0.23534763,
        -0.16869593,
        -0.09579378,
        -0.0499323,
        -0.04072702,
        0.0011431575,
        -0.0060071945,
        0.021279931,
        0.030017316,
        0.027068973,
        0.016881466,
        -0.019884765,
        -0.054635704,
        -0.075635135,
        -0.10221255,
        -0.136666,
        -0.11672336,
        -0.07809365,
        -0.01332289,
        0.06110251,
        0.08081716,
        0.09382558,
        0.15993851,
        0.16668779,
        0.16196942,
        0.15523368,
        0.13666749,
        0.09654838,
        0.08731258,
        0.06343436,
        -0.011018515,
        -0.06900543,
        -0.13699448,
        -0.20544618,
        -0.2673726
    ],
    "y": [
        0.06560612,
        0.022738457,
        -0.08036804,
        -0.15997124,
        -0.19710827,
        -0.22993469,
        -0.23460579,
        -0.25865936,
        -0.278059,
        -0.3782406,
        -0.48735476,
        -0.6266074,
        -0.77448225,
        -0.90728617,
        -1.0732985,
        -1.213789,
        -1.3339386,
        -1.3865066,
        -1.3558064,
        -1.1953549,
        -0.94487,
        -0.677228,
        -0.6059532,
        -0.64285994,
        -0.6300268,
        -0.70075464,
        -0.82757473,
        -0.9420023,
        -1.1404324,
        -1.3925166,
        -1.5942369,
        -1.7995534,
        -2.0551372,
        -2.3954802,
        -2.6995926,
        -3.0094385,
        -3.2571745,
        -3.3637066,
        -3.1815119,
        -2.7315736,
        -2.3366652,
        -2.0611362,
        -1.9477224,
        -1.8427563,
        -1.7479196,
        -1.1407075,
        -0.71597624,
        -0.29287052,
        0.2925167,
        0.89319897,
        1.4226627,
        1.8811245,
        2.1208267,
        2.1187296,
        1.9520516,
        1.6836257,
        1.4263268,
        1.2308726,
        1.0761037,
        0.9241252,
        0.816103,
        0.7787194,
        0.6666484,
        0.50703764,
        0.32693624,
        0.1391015,
        -0.02233553,
        -0.18312693,
        -0.31157875,
        -0.40481043,
        -0.43135118,
        -0.43406868,
        -0.4008155,
        -0.3960371,
        -0.3718629,
        -0.42165804,
        -0.46171522,
        -0.52570057,
        -0.6400943,
        -0.6996517,
        -0.7787514,
        -0.82720375,
        -0.86192226,
        -0.88297415,
        -0.87859535,
        -0.8514495,
        -0.8615775,
        -0.8590517,
        -0.8465247,
        -0.8433876,
        -0.86897516,
        -0.90897083,
        -0.9346366,
        -0.9890423,
        -0.993134,
        -0.9684806,
        -0.89825153,
        -0.8207407,
        -0.7359376,
        -0.64621496,
        -0.5779357,
        -0.5048666,
        -0.45106268,
        -0.423903,
        -0.3995514,
        -0.39245844,
        -0.39307547,
        -0.39656496,
        -0.35982656,
        -0.29478168,
        -0.2300024,
        -0.20599174,
        -0.13172674,
        -0.086016655,
        -0.016103268,
        0.011103153,
        0.043601513,
        0.08139324,
        0.11968374,
        0.14631844,
        0.16127968,
        0.14761925,
        0.15061522,
        0.119925976,
        0.09840393,
        0.10987377,
        0.10871267,
        0.08533335,
        0.094786644,
        0.065372944,
        0.025929451,
        -0.018578053,
        -0.06563091,
        -0.06968069,
        -0.049905777,
        -0.046851635,
        -0.014955044,
        0.0074033737,
        0.022649765,
        0.013972759,
        0.026765823,
        0.029863358,
        0.028143406,
        0.007191181,
        0.019639015,
        0.0034136772,
        0.018226147,
        0.044956684
    ],