{
    "class": "xneg",
    "duration_ms": 700,
    "x": [
        0.3180083,
        0.3641439,
        0.4632061,
        0.5488883,
        0.60513765,
        0.6373266,
        0.6576038,
        0.7015363,
        0.6878747,
        0.65707034,
        0.6351794,
        0.58857685,
        0.557598,
        0.5155407,
        0.50505805,
        0.51405543,
        0.585492,
        0.75718296,
        0.95053035,
        1.1945556,
        1.4304681,
        1.613779,
        1.7614505,
        1.8115857,
        1.7453009,
        1.5318651,
        1.2472172,
        0.9234619,
        0.5427043,
        0.13528493,
        -0.25606456,
        -0.6476797,
        -1.1342369,
        -1.7365723,
        -2.4141097,
        -3.2183704,
        -4.1519938,
        -5.226083,
        -6.4762745,
        -7.79771,
        -9.102922,
        -10.430603,
        -11.782728,
        -13.15769,
        -14.481182,
        -14.951803,
        -14.500436,
        -14.733761,
        -14.956241,
        -14.825777,
        -14.154693,
        -12.244719,
        -8.843897,
        -5.406562,
        -1.9361495,
        1.4802191,
        4.9879913,
        8.090126,
        11.563345,
        14.450771,
        16.937029,
        18.75143,
        19.447441,
        19.510302,
        19.314024,
        18.952171,
        18.304745,
        17.35674,
        16.176607,
        14.884972,
        13.59097,
        12.327684,
        11.092682,
        9.905871,
        8.759011,
        7.715926,
        6.5968323,
        5.499893,
        4.448936,
        3.4436338,
        2.4258587,
        1.4091141,
        0.37123513,
        -0.6408105,
        -1.6062968,
        -2.4114516,
        -3.3227205,
        -4.266998,
        -5.2862916,
        -6.337114,
        -7.2260094,
        -7.876545,
        -8.247323,
        -8.3721,
        -8.260263,
        -7.875042,
        -7.1860967,
        -6.4402103,
        -5.762209,
        -5.1743703,
        -4.6395874,
        -4.188253,
        -3.831822,
        -3.5389993,
        -3.264172,
        -3.0192814,
        -2.7873032,
        -2.5535254,
        -2.36062,
        -2.1315432,
        -1.9375157,
        -1.6752088,
        -1.4278269,
        -1.1685331,
        -0.85857403,
        -0.52853835,
        -0.22804269,
        0.012268305,
        0.2259137,
        0.37929058,
        0.47943163,
        0.5214035,
        0.5095927,
        0.42724344,
        0.31729326,
        0.1625771,
        -0.020503402,
        -0.25151855,
        -0.4232253,
        -0.53830373,
        -0.61605513,
        -0.6492951,
        -0.6019994,
        -0.49785584,
        -0.27180666,
        0.045591474,
        0.38093668,
        0.6248254,
        0.8352876,
        0.98130333,
        1.022132,
        0.98870873,
        0.8807372,
        0.702734,
        0.48772225,
        0.28531364,
        0.1258533,
        -0.039149597
    ],
    "y": [
        0.10706711,
        0.06732559,
        0.016264915,
        -0.01291275,
        -0.03472328,
        -0.030417442,
        -0.0313282,
        0.0027093887,
        0.01655674,
        0.055268288,
        0.06860733,
        0.078048706,
        0.08370304,
        0.09530163,
        0.08456516,
        0.10666752,
        0.11891556,
        0.1525402,
        0.14584255,
        0.12535381,
        0.08640671,
        0.047885895,
        -0.007147789,
        -0.052628517,
        -0.088804245,
        -0.08269119,
        -0.068050385,
        -0.023893356,
        0.0065746307,
        -0.0052900314,
        -0.07340717,
        -0.23289967,
        -0.42595482,
        -0.6951575,
        -0.99991226,
        -1.2998748,
        -1.6102428,
        -2.080381,
        -2.6756334,
        -3.3205266,
        -3.979463,
        -4.5964885,
        -5.049926,
        -5.260434,
        -5.1192975,
        -4.9214025,
        -5.045602,
        -5.0429473,
        -5.094754,
        -5.483901,
        -5.891634,
        -6.0688677,
        -6.3270774,
        -6.4720116,
        -5.8643975,
        -4.5776415,
        -2.947022,
        -1.5016809,
        -0.5168619,
        -0.16435623,
        -0.17299223,
        -0.144588,
        0.34820604,
        1.2670941,
        2.3450828,
        3.3566937,
        4.163659,
        4.7051525,
        4.861042,
        4.621888,
        4.1266093,
        3.6453524,
        3.1869879,
        2.7768426,
        2.3610382,
        1.8761244,
        1.3852725,
        0.7887459,
        0.1757164,
        -0.5226431,
        -1.2723985,
        -1.9966583,
        -2.6879883,
        -3.2910347,
        -3.7815213,
        -4.290559,
        -4.449192,
        -4.424725,
        -4.1669254,
        -3.706891,
        -3.1952047,
        -2.858738,
        -2.7520733,
        -2.8057208,
        -2.9574804,
        -3.0927262,
        -3.2164373,
        -3.2285695,
        -3.1657133,
        -3.0451956,
        -2.85078,
        -2.5734491,
        -2.295074,
        -2.047346,
        -1.7495604,
        -1.4955044,
        -1.2997842,
        -1.1266532,
        -1.0025425,
        -0.9105506,
        -0.8241267,
        -0.7309475,
        -0.63071346,
        -0.49207163,
        -0.38422394,
        -0.30941772,
        -0.22942162,
        -0.12767792,
        -0.066679955,
        0.015511513,
        0.10906792,
        0.19932842,
        0.24311447,
        0.25949478,
        0.24838734,
        0.24810219,
        0.2324276,
        0.2638073,
        0.3183794,
        0.343647,
        0.37325287,
        0.39053917,
        0.38366985,
        0.35047626,
        0.27927685,
        0.242239,
        0.20610332,
        0.15890884,
        0.12936306,
        0.114935875,
        0.084581375,
        0.1051321,
        0.10705948,
        0.12845516,
        0.14272594,
        0.19265747,
        0.20135164,
        0.2115426
    ],