{
    "class": "xneg",
    "duration_ms": 700,
    "x": [
        0.06655347,
        0.10218799,
        0.11211246,
        0.1370216,
        0.18148774,
        0.20482552,
        0.21189797,
        0.20269138,
        0.19623208,
        0.19000375,
        0.15783334,
        0.15915579,
        0.16755253,
        0.14024508,
        0.16309452,
        0.21454376,
        0.27088088,
        0.36068144,
        0.41504702,
        0.5010085,
        0.5450995,
        0.56434417,
        0.5824877,
        0.5661618,
        0.51059914,
        0.45153466,
        0.38645712,
        0.32240313,
        0.24970812,
        0.1540466,
        0.004522562,
        -0.18423885,
        -0.5426918,
        -1.1077845,
        -1.9594281,
        -3.0313058,
        -4.263896,
        -5.54633,
        -6.7515945,
        -7.9396276,
        -8.955485,
        -9.836802,
        -10.440283,
        -10.676076,
        -11.732,
        -12.090938,
        -11.610225,
        -9.9224615,
        -7.053256,
        -4.062721,
        -1.2247332,
        1.4454103,
        3.6939807,
        5.9019275,
        7.963398,
        9.956904,
        12.129808,
        14.196462,
        15.8897915,
        16.970594,
        17.40501,
        17.16193,
        16.124256,
        14.616011,
        12.849893,
        10.933584,
        8.945754,
        6.9492373,
        4.7824917,
        2.1397896,
        0.20048809,
        -0.9711326,
        -2.0791087,
        -2.8050451,
        -3.1443696,
        -3.2513306,
        -3.2584395,
        -3.188191,
        -3.146991,
        -3.0978026,
        -2.9488058,
        -2.7495668,
        -2.5828388,
        -2.438126,
        -2.355651,
        -2.3616526,
        -2.315016,
        -2.2658517,
        -2.1589103,
        -2.0464067,
        -1.8705105,
        -1.719589,
        -1.6081449,
        -1.5650296,
        -1.5352974,
        -1.5141959,
        -1.4971166,
        -1.4627917,
        -1.4186589,
        -1.3313805,
        -1.2654723,
        -1.1968349,
        -1.1274203,
        -1.035175,
        -0.9412558,
        -0.86912394,
        -0.7969509,
        -0.73176396,
        -0.6471247,
        -0.5788332,
        -0.4981638,
        -0.44602472,
        -0.46328515,
        -0.42845106,
        -0.4210481,
        -0.4271028,
        -0.40838903,
        -0.37678635,
        -0.30094022,
        -0.17352228,
        -0.07298575,
        0.032244116,
        0.11393655,
        0.14854051,
        0.19611953,
        0.2325202,
        0.2455253,
        0.24459866,
        0.2773555,
        0.341376,
        0.42465752,
        0.4842406,
        0.55143166,
        0.59060127,
        0.60655355,
        0.5752646,
        0.55159754,
        0.51634175,
        0.46705824,
        0.4397807,
        0.42728704,
        0.39612395,
        0.3939444,
        0.38959202,
        0.3446527,
        0.30431455,
        0.30205148,
        0.27800247,
        0.22269616
    ],
    "y": [
        -0.033185005,
        -0.0116558075,
        0.021597862,
        0.028363228,
        0.03486538,
        0.017297745,
        0.0042648315,
        0.0028009415,
        0.0009832382,
        0.013080597,
        0.019996643,
        0.02655983,
        0.018603325,
        0.041431427,
        0.06635952,
        0.09822178,
        0.12041187,
        0.14020443,
        0.17915154,
        0.23475838,
        0.2665968,
        0.31526852,
        0.32125092,
        0.32286453,
        0.31772423,
        0.28451633,
        0.25906754,
        0.22942352,
        0.20981789,
        0.1667757,
        0.0647192,
        -0.072200775,
        -0.17970276,
        -0.32225752,
        -0.51424694,
        -0.78484154,
        -1.063899,
        -1.2844801,
        -1.621131,
        -2.2145853,
        -2.9723253,
        -3.5951486,
        -3.9667187,
        -4.0771513,
        -3.617598,
        -3.2159715,
        -3.2570372,
        -3.6182113,
        -4.1113405,
        -4.338157,
        -4.108175,
        -3.4970841,
        -2.5136523,
        -1.4325905,
        -0.22532463,
        1.0453835,
        1.804698,
        2.233777,
        2.258297,
        1.8386736,
        1.2665491,
        0.72661686,
        0.40160847,
        0.42442513,
        0.5884466,
        0.6992388,
        0.7249336,
        0.74095154,
        0.8434715,
        1.1629934,
        1.5041628,
        1.5050335,
        1.404582,
        1.1215973,
        0.6444149,
        0.01887703,
        -0.47945023,
        -0.8526535,
        -1.0502515,
        -1.0816493,
        -1.1332703,
        -1.2143784,
        -1.3438845,
        -1.4810095,
        -1.613862,
        -1.6422076,
        -1.6310282,
        -1.623702,
        -1.5823355,
        -1.5599465,
        -1.4994812,
        -1.4610624,
        -1.4114418,
        -1.3340497,
        -1.2481933,
        -1.2520013,
        -1.2140074,
        -1.1510601,
        -1.0536709,
        -0.9074664,
        -0.7602291,
        -0.62378407,
        -0.51466084,
        -0.475698,
        -0.39899397,
        -0.3633461,
        -0.25137138,
        -0.18025494,
        -0.121175766,
        0.007209778,
        0.111577034,
        0.18951797,
        0.2338028,
        0.25388622,
        0.2640953,
        0.26453495,
        0.26720047,
        0.27933884,
        0.25322628,
        0.2536087,
        0.2423687,
        0.190876,
        0.17817974,
        0.13978195,
        0.13562393,
        0.1417656,
        0.14858246,
        0.14396954,
        0.15408993,
        0.11901474,
        0.11290932,
        0.107019424,
        0.08693695,
        0.09327316,
        0.10205269,
        0.08692455,
        0.0837698,
        0.07577324,
        0.0772419,
        0.08092785,
        0.07007313,
        0.03514576,
        -0.0022287369,
        -0.039640427,
        -0.026958466,
        -0.031226158,
        -0.02143097,
        0.012020111,
        0.028495789
    ],