{
    "class": "xneg",
    "duration_ms": 700,
    "x": [
        0.74372464,
        0.7522297,
        0.77875185,
        0.76439285,
        0.8000335,
        0.8310559,
        0.86753994,
        0.90274817,
        0.88451463,
        0.88195205,
        0.85678804,
        0.8183142,
        0.72761333,
        0.57944614,
        0.38507086,
        0.1199283,
        -0.21210533,
        -0.6022866,
        -1.0919017,
        -1.6934617,
        -2.3861876,
        -3.1687565,
        -4.0193405,
        -4.8705516,
        -5.701143,
        -6.5131125,
        -7.336195,
        -8.155696,
        -9.010843,
        -9.784725,
        -10.4708395,
        -10.996036,
        -11.306532,
        -11.315083,
        -11.012839,
        -10.519964,
        -9.930307,
        -9.239831,
        -8.369773,
        -7.195901,
        -5.6079764,
        -4.0867248,
        -2.5677874,
        -1.0760869,
        0.119711876,
        1.6083581,
        2.8542247,
        4.3185387,
        5.9148073,
        7.4169416,
        8.765534,
        9.742683,
        10.283601,
        10.997227,
        11.562046,
        11.982756,
        12.252263,
        12.358782,
        12.28177,
        11.982238,
        11.4784775,
        10.855148,
        10.127815,
        9.410338,
        8.706529,
        8.023517,
        7.368826,
        6.696768,
        6.076337,
        5.5381665,
        5.0129995,
        4.541951,
        4.0421696,
        3.574209,
        3.1268888,
        2.6340828,
        2.1395266,
        1.6892749,
        1.2171395,
        0.74541795,
        0.26747876,
        -0.21614304,
        -0.7148179,
        -1.1665845,
        -1.6343193,
        -2.0807643,
        -2.5670726,
        -3.0564718,
        -3.5290854,
        -4.0052485,
        -4.3955507,
        -4.7707405,
        -5.038441,
        -5.2326317,
        -5.3007417,
        -5.2781887,
        -5.185753,
        -5.005818,
        -4.864289,
        -4.729051,
        -4.611243,
        -4.486606,
        -4.3355384,
        -4.1385727,
        -3.8572047,
        -3.5149848,
        -3.1641824,
        -2.7973673,
        -2.4311528,
        -2.0916378,
        -1.7905698,
        -1.5061246,
        -1.2666657,
        -1.0813956,
        -0.93107843,
        -0.83241,
        -0.76646245,
        -0.7334767,
        -0.7384223,
        -0.7625198,
        -0.79902554,
        -0.86749876,
        -0.8871229,
        -0.8869355,
        -0.90758777,
        -0.8652188,
        -0.8528228,
        -0.8030166,
        -0.66982234,
        -0.61071837,
        -0.5318842,
        -0.5046843,
        -0.4354472,
        -0.381481,
        -0.31146467,
        -0.22062472,
        -0.17362109,
        -0.14911345,
        -0.14276543,
        -0.18850827,
        -0.23428601,
        -0.27846527,
        -0.31681213,
        -0.34736678,
        -0.3726485,
        -0.38061115,
        -0.33289203,
        -0.2506851
    ],
    "y": [
        0.005724907,
        0.02961731,
        0.093117714,
        0.119865894,
        0.14343834,
        0.15196323,
        0.17156553,
        0.19031,
        0.17956495,
        0.17499304,
        0.17878485,
        0.14094877,
        0.12356663,
        0.057602406,
        0.010078907,
        -0.026335716,
        -0.08032751,
        -0.12836552,
        -0.19460106,
        -0.24363136,
        -0.29513836,
        -0.39982605,
        -0.47863865,
        -0.6518531,
        -0.9511442,
        -1.3240895,
        -1.7035365,
        -2.0651064,
        -2.3287945,
        -2.4934182,
        -2.578979,
        -2.6480803,
        -2.8321443,
        -3.1307468,
        -3.5742736,
        -4.0065994,
        -4.437004,
        -4.8224993,
        -5.1777964,
        -5.5873237,
        -5.975595,
        -6.0930915,
        -5.925769,
        -5.472435,
        -4.744664,
        -3.7785323,
        -2.9570825,
        -2.4144545,
        -2.0624022,
        -1.9349456,
        -1.932414,
        -1.9121008,
        -1.6212196,
        -1.2741628,
        -0.7746291,
        -0.07409096,
        0.739861,
        1.4755869,
        2.0408998,
        2.3955078,
        2.4338484,
        2.2764435,
        1.9481926,
        1.5623202,
        1.2336988,
        1.019165,
        0.89611053,
        0.77200127,
        0.6309433,
        0.4714327,
        0.3084302,
        0.1234951,
        -0.049232006,
        -0.29037428,
        -0.5010395,
        -0.74271154,
        -1.0025969,
        -1.263102,
        -1.540184,
        -1.7612658,
        -1.9830952,
        -2.2073689,
        -2.4836035,
        -2.7586699,
        -2.9702225,
        -3.1710415,
        -3.2729635,
        -3.2600398,
        -3.1926935,
        -3.0692787,
        -2.897532,
        -2.6853337,
        -2.4572937,
        -2.22124,
        -2.018457,
        -1.8875413,
        -1.8287387,
        -1.7751017,
        -1.7529049,
        -1.6829362,
        -1.5913949,
        -1.5067706,
        -1.3931079,
        -1.3147602,
        -1.2643223,
        -1.253521,
        -1.2318449,
        -1.2136436,
        -1.1844916,
        -1.106154,
        -1.0241809,
        -0.914773,
        -0.8042226,
        -0.6663008,
        -0.5512476,
        -0.48295832,
        -0.4232502,
        -0.38172102,
        -0.36098623,
        -0.37322474,
        -0.36128664,
        -0.36375427,
        -0.34258604,
        -0.32664824,
        -0.28005123,
        -0.24093914,
        -0.2186718,
        -0.1698947,
        -0.15899849,
        -0.14256239,
        -0.10604,
        -0.068398476,
        -0.031890392,
        -0.001244545,
        0.08096361,
        0.14296675,
        0.16567469,
        0.16586447,
        0.17466164,
        0.18709803,
        0.22432852,
        0.25015736,
        0.25717115,
        0.24987555,
        0.20409632,
        0.1603694,
        0.09466267,
        0.02132368
    ],