{
    "class": "xneg",
    "duration_ms": 700,
    "x": [
        0.26659283,
        0.25569963,
        0.29586202,
        0.2787497,
        0.28234652,
        0.28631887,
        0.3085941,
        0.30947286,
        0.34184173,
        0.32485467,
        0.32265732,
        0.2895142,
        0.2536128,
        0.2762641,
        0.30432266,
        0.32554162,
        0.36813378,
        0.4080467,
        0.4690892,
        0.5249024,
        0.59451956,
        0.67550015,
        0.772918,
        0.8064482,
        0.8150959,
        0.7967628,
        0.7514044,
        0.72411174,
        0.6505152,
        0.597433,
        0.5313376,
        0.47108927,
        0.44255382,
        0.3957048,
        0.35215497,
        0.3071658,
        0.18729737,
        0.07137224,
        -0.08121538,
        -0.2303417,
        -0.45982993,
        -0.70556784,
        -0.9871108,
        -1.1930954,
        -1.4026581,
        -1.6254231,
        -1.8423704,
        -2.0797238,
        -2.2897124,
        -2.576509,
        -2.9069092,
        -3.321539,
        -3.7895942,
        -4.2945476,
        -4.7944174,
        -5.3142896,
        -5.81452,
        -6.2958574,
        -6.715983,
        -7.0918894,
        -7.344865,
        -7.5302024,
        -7.638677,
        -7.7084723,
        -7.7510276,
        -7.787228,
        -7.7945995,
        -7.7669234,
        -7.6737866,
        -7.4553285,
        -7.1021223,
        -6.5425177,
        -5.810276,
        -4.874275,
        -3.827764,
        -2.6580405,
        -1.3880479,
        -0.098161995,
        1.3358226,
        3.0005417,
        4.7715416,
        6.6172786,
        8.450101,
        10.004788,
        11.286385,
        12.520612,
        13.295205,
        13.665885,
        13.766182,
        13.593868,
        13.120371,
        12.446298,
        11.700492,
        10.975165,
        10.359202,
        9.851404,
        9.489952,
        9.225321,
        9.022542,
        8.814785,
        8.538632,
        8.196238,
        7.737944,
        7.141922,
        6.524002,
        5.9083486,
        5.258704,
        4.6319795,
        3.9482906,
        3.2328868,
        2.5376158,
        1.8383086,
        1.1428139,
        0.45528296,
        -0.19988245,
        -0.8638886,
        -1.4981346,
        -2.1616929,
        -2.8132136,
        -3.4647348,
        -4.0622387,
        -4.5641656,
        -5.0660853,
        -5.520237,
        -5.865113,
        -6.1137857,
        -6.370222,
        -6.540006,
        -6.653249,
        -6.7874403,
        -6.835579,
        -6.846177,
        -6.8103304,
        -6.671075,
        -6.4478736,
        -6.1481047,
        -5.783758,
        -5.3520465,
        -4.9052453,
        -4.4834795,
        -4.067333,
        -3.6829,
        -3.3012388,
        -2.9509058,
        -2.5789244,
        -2.2019238,
        -1.8313615,
        -1.442896,
        -1.0694586,
        -0.7249927
    ],
    "y": [
        -0.09316397,
        -0.10686493,
        -0.07541704,
        0.017709732,
        0.09617233,
        0.18169737,
        0.21501827,
        0.22280693,
        0.20067406,
        0.15129709,
        0.10327482,
        0.080221176,
        0.09593582,
        0.08095837,
        0.14201927,
        0.17128658,
        0.15199661,
        0.14841461,
        0.1434784,
        0.11564064,
        0.088835716,
        0.07977486,
        0.055245876,
        0.048792362,
        0.0485487,
        0.056991577,
        0.062331676,
        0.057674408,
        0.08603573,
        0.111634254,
        0.08720827,
        0.07038021,
        0.044689655,
        -0.008438587,
        -0.01730442,
        -0.041484356,
        -0.01657772,
        0.04520893,
        0.04866457,
        0.044166565,
        0.034264565,
        0.011789799,
        0.009768963,
        -0.015180588,
        -0.04689026,
        -0.09072113,
        -0.17785168,
        -0.2420106,
        -0.28859282,
        -0.3844638,
        -0.51086617,
        -0.61955357,
        -0.7579179,
        -0.84931993,
        -0.99164677,
        -1.2016506,
        -1.4002295,
        -1.6615777,
        -1.9330661,
        -2.3006032,
        -2.6704278,
        -3.0205133,
        -3.3455367,
        -3.6329813,
        -3.7961178,
        -3.8559372,
        -3.8833847,
        -3.8677418,
        -3.867289,
        -3.8968623,
        -3.980464,
        -4.137262,
        -4.417583,
        -4.7358217,
        -4.9519367,
        -5.0819,
        -5.142125,
        -5.0803885,
        -4.885713,
        -4.6007476,
        -4.2188597,
        -3.861073,
        -3.4798343,
        -2.9596834,
        -2.3098388,
        -1.6057976,
        -0.8376901,
        -0.020166397,
        0.78346944,
        1.4510663,
        1.9664767,
        2.340354,
        2.49749,
        2.3775995,
        2.1287587,
        1.8943303,
        1.6977589,
        1.6343529,
        1.6078849,
        1.6632576,
        1.6993356,
        1.7033346,
        1.6861894,
        1.5865624,
        1.4768848,
        1.3334458,
        1.1564507,
        0.9076307,
        0.5797968,
        0.22059655,
        -0.1632185,
        -0.5414007,
        -0.946249,
        -1.3811786,
        -1.8515915,
        -2.3267703,
        -2.8016028,
        -3.2275388,
        -3.5843637,
        -3.8803265,
        -4.157003,
        -4.4296713,
        -4.675516,
        -4.9007144,
        -5.061526,
        -5.238688,
        -5.3456264,
        -5.377409,
        -5.3746176,
        -5.2798057,
        -5.1146784,
        -4.8699613,
        -4.601017,
        -4.3177457,
        -4.0277443,
        -3.7624054,
        -3.5222726,
        -3.2911134,
        -3.0622923,
        -2.8770623,
        -2.6307967,
        -2.3672924,
        -2.0680244,
        -1.7502015,
        -1.3926871,
        -1.0817304,
        -0.83410263,
        -0.61128426,
        -0.4346118,
        -0.32068205
    ],