{
    "class": "xneg",
    "duration_ms": 700,
    "x": [
        0.06041588,
        0.034902453,
        0.07356718,
        0.10257971,
        0.15091899,
        0.21630394,
        0.25125176,
        0.29646072,
        0.32824725,
        0.3419673,
        0.35183746,
        0.31502956,
        0.27899614,
        0.26942527,
        0.23135929,
        0.23379257,
        0.22657467,
        0.22659047,
        0.2530236,
        0.2535787,
        0.2617926,
        0.22546566,
        0.21864152,
        0.21733442,
        0.20009905,
        0.16695216,
        0.12972549,
        0.06207642,
        -0.017015457,
        -0.1124984,
        -0.20555753,
        -0.32262495,
        -0.42112163,
        -0.5038526,
        -0.60942245,
        -0.780771,
        -0.9914503,
        -1.3339853,
        -1.7677149,
        -2.2670906,
        -2.8545861,
        -3.4364302,
        -4.0100765,
        -4.586261,
        -5.157003,
        -5.754985,
        -6.3838696,
        -6.913186,
        -7.3862267,
        -7.594217,
        -7.3351865,
        -7.679129,
        -7.7792516,
        -7.6840067,
        -7.123622,
        -6.3905587,
        -5.7360067,
        -5.037478,
        -4.223303,
        -3.2362971,
        -2.0143197,
        -0.59270144,
        0.9839246,
        2.5680478,
        4.20343,
        5.842287,
        7.4695654,
        9.0454235,
        10.405154,
        11.513401,
        12.384577,
        12.856138,
        13.2476015,
        13.397723,
        13.264959,
        12.833239,
        12.138361,
        11.407582,
        10.583763,
        9.750865,
        8.876014,
        8.010093,
        7.165538,
        6.2735476,
        5.351498,
        4.440751,
        3.5758014,
        2.772409,
        2.0010483,
        1.2995996,
        0.7084259,
        0.23948932,
        -0.29845387,
        -0.8956307,
        -1.326966,
        -1.8920019,
        -2.2968185,
        -2.613926,
        -2.8871639,
        -3.1647966,
        -3.4088707,
        -3.2488976,
        -3.4891703,
        -3.7636547,
        -4.0052433,
        -4.1183767,
        -3.9835677,
        -3.8398585,
        -3.7293236,
        -3.5934136,
        -3.4741797,
        -3.3566446,
        -3.1231158,
        -2.8781285,
        -2.5633297,
        -2.242363,
        -1.9908563,
        -1.7771474,
        -1.6246164,
        -1.5306687,
        -1.4641793,
        -1.4133345,
        -1.4286827,
        -1.4842048,
        -1.4965158,
        -1.5307539,
        -1.5441464,
        -1.4820483,
        -1.3614783,
        -1.2517949,
        -1.1121626,
        -0.9949764,
        -0.9070637,
        -0.7908748,
        -0.7110361,
        -0.62223005,
        -0.493338,
        -0.36957413,
        -0.21723735,
        -0.07432634,
        0.04755503,
        0.09852666,
        0.16265011,
        0.16341496,
        0.1628781,
        0.1343649,
        0.06335187,
        -0.026362777,
        -0.058563054
    ],
    "y": [
        -0.056432724,
        -0.015647888,
        0.02229309,
        0.06701374,
        0.10182476,
        0.14582062,
        0.12298107,
        0.14779663,
        0.1224165,
        0.12075901,
        0.0950861,
        0.081095695,
        0.071520805,
        0.08761215,
        0.11006451,
        0.10800171,
        0.07220554,
        0.08618641,
        0.061807632,
        0.0684042,
        0.07502651,
        0.060297966,
        0.07913113,
        0.07661152,
        0.04817009,
        0.022539139,
        -0.0027809143,
        -0.04205227,
        -0.07149315,
        -0.09356022,
        -0.09173012,
        -0.08990383,
        -0.09522629,
        -0.112402916,
        -0.11998749,
        -0.12523365,
        -0.114025116,
        -0.08187771,
        -0.114673615,
        -0.1908598,
        -0.33169174,
        -0.50603294,
        -0.65914917,
        -0.8542881,
        -1.0746574,
        -1.3847232,
        -1.6745901,
        -1.975452,
        -2.2867723,
        -2.5717707,
        -2.9702277,
        -3.134255,
        -2.9986444,
        -2.7826982,
        -2.7172508,
        -2.8703814,
        -3.0449634,
        -3.1545515,
        -3.21099,
        -3.1424599,
        -2.927538,
        -2.5930543,
        -2.1520452,
        -1.6467934,
        -1.0722361,
        -0.37791634,
        0.2832737,
        0.8063984,
        1.0460463,
        1.062849,
        0.8726082,
        0.42016602,
        0.12191677,
        0.016112328,
        -0.057234764,
        0.15141678,
        0.5377779,
        0.96199894,
        1.3153658,
        1.4581518,
        1.3772564,
        1.0738287,
        0.70656776,
        0.34297848,
        0.06489086,
        -0.09881306,
        -0.17437458,
        -0.17860413,
        -0.1810236,
        -0.16498089,
        -0.17363358,
        -0.3409996,
        -0.516345,
        -0.57557297,
        -0.7365303,
        -0.7697067,
        -0.90724516,
        -1.0557189,
        -1.2080641,
        -1.3404536,
        -1.4268417,
        -1.6610203,
        -1.7488809,
        -1.6648345,
        -1.4787121,
        -1.2337074,
        -1.1568375,
        -1.2619038,
        -1.3860226,
        -1.4836655,
        -1.5573001,
        -1.5949397,
        -1.5630703,
        -1.5213833,
        -1.4554319,
        -1.386733,
        -1.2674904,
        -1.1432161,
        -1.0713243,
        -0.9584904,
        -0.8549681,
        -0.7846818,
        -0.7116618,
        -0.6526184,
        -0.5979705,
        -0.53569937,
        -0.46835423,
        -0.38882923,
        -0.35446072,
        -0.3293543,
        -0.31828403,
        -0.30696487,
        -0.28109646,
        -0.24297905,
        -0.17831421,
        -0.12776852,
        -0.09849167,
        -0.09043312,
        -0.07471657,
        -0.043941498,
        -0.0315094,
        -0.032518387,
        -0.03964138,
        -0.03129196,
        0.00459671,
        0.029777527,
        0.06560993,
        0.11898327,
        0.14659691
    ],