{
    "class": "xneg",
    "duration_ms": 700,
    "x": [
        0.64248586,
        0.67639554,
        0.7435105,
        0.8434519,
        0.9664767,
        1.096206,
        1.2569906,
        1.3922348,
        1.5382029,
        1.6093304,
        1.6937866,
        1.7700386,
        1.8740395,
        1.9940902,
        2.0901995,
        2.1749096,
        2.2509127,
        2.3255033,
        2.37734,
        2.3566992,
        2.3470645,
        2.3740237,
        2.391857,
        2.2983346,
        2.136886,
        1.9122956,
        1.5816741,
        1.1844578,
        0.6783814,
        0.15245986,
        -0.41956437,
        -1.0257894,
        -1.6304497,
        -2.3005404,
        -2.9723225,
        -3.7506728,
        -4.6192617,
        -5.588595,
        -6.7074733,
        -7.9237638,
        -9.347306,
        -10.848147,
        -11.5236635,
        -13.037125,
        -15.169466,
        -16.107798,
        -16.708126,
        -17.106293,
        -17.625467,
        -17.750223,
        -17.291458,
        -16.167904,
        -15.00903,
        -13.583349,
        -11.826554,
        -9.974677,
        -8.104183,
        -6.094788,
        -4.0532613,
        -2.22998,
        -0.36336774,
        1.7634833,
        4.104657,
        6.6847,
        9.159736,
        10.910694,
        11.9398365,
        12.441587,
        12.67345,
        12.673054,
        12.451119,
        12.463912,
        12.949802,
        13.58657,
        14.06834,
        14.272256,
        14.1263275,
        13.742896,
        13.212452,
        12.568937,
        11.912382,
        11.345252,
        10.994101,
        10.738547,
        10.327541,
        9.826714,
        9.3415785,
        8.852996,
        8.398852,
        7.8188124,
        6.9732943,
        5.912901,
        4.777943,
        3.6939566,
        2.6982446,
        1.820986,
        1.2552769,
        1.0300405,
        0.8924811,
        0.72221196,
        0.47223467,
        0.20163807,
        -0.18324892,
        -0.546072,
        -0.934023,
        -1.3160256,
        -1.6732112,
        -2.0495257,
        -2.3954105,
        -2.7856095,
        -3.1820648,
        -3.49622,
        -3.801547,
        -4.0916276,
        -4.3187475,
        -4.5110373,
        -4.6720557,
        -4.764114,
        -4.7995577,
        -4.8577633,
        -4.8965445,
        -4.97923,
        -5.073588,
        -5.121625,
        -5.190361,
        -5.2564745,
        -5.244363,
        -5.229537,
        -5.0864606,
        -4.8520026,
        -4.5601,
        -4.2037864,
        -3.7880547,
        -3.4445224,
        -3.158449,
        -2.878975,
        -2.6030736,
        -2.3369598,
        -2.1133966,
        -1.8886391,
        -1.6525524,
        -1.4452306,
        -1.2038964,
        -0.9998113,
        -0.82552505,
        -0.6690694,
        -0.54963565,
        -0.44820952,
        -0.4128574
    ],
    "y": [
        0.19198275,
        0.19082832,
        0.2133627,
        0.20007467,
        0.18232536,
        0.20070124,
        0.22651577,
        0.25031805,
        0.2697339,
        0.2658062,
        0.27897406,
        0.2972088,
        0.31342888,
        0.28748608,
        0.2555027,
        0.22476912,
        0.17176056,
        0.16340399,
        0.12588263,
        0.11635494,
        0.11076832,
        0.042577744,
        -0.03784895,
        -0.13537264,
        -0.24993849,
        -0.39580297,
        -0.48250246,
        -0.53811264,
        -0.53050613,
        -0.5461478,
        -0.5350809,
        -0.53822374,
        -0.67777824,
        -0.92030144,
        -1.2372475,
        -1.5834703,
        -1.9979548,
        -2.440936,
        -2.8916364,
        -3.2615988,
        -3.3879297,
        -3.2103446,
        -3.2105505,
        -2.8725371,
        -2.0910683,
        -1.4484057,
        -1.097044,
        -1.1632428,
        -1.8554244,
        -2.9088528,
        -4.0756936,
        -5.2972,
        -6.4434967,
        -7.301723,
        -8.034381,
        -8.750924,
        -9.505648,
        -10.24527,
        -10.948162,
        -11.622171,
        -12.235619,
        -12.721769,
        -12.993244,
        -13.066835,
        -12.786301,
        -11.926995,
        -10.562539,
        -8.805574,
        -6.8479443,
        -4.9047804,
        -3.1617377,
        -1.8606699,
        -1.0935123,
        -0.76205134,
        -0.6739764,
        -0.5694785,
        -0.36825466,
        -0.09767032,
        0.22864246,
        0.5006654,
        0.646132,
        0.72340345,
        0.7806003,
        0.79365087,
        0.70003796,
        0.547405,
        0.3856554,
        0.25517893,
        0.14110422,
        0.07147312,
        0.17929482,
        0.58998394,
        1.2644961,
        1.9229374,
        2.1925783,
        1.976083,
        1.2765391,
        0.35079455,
        -0.6491933,
        -1.4541516,
        -2.0365381,
        -2.3402686,
        -2.5080419,
        -2.558417,
        -2.6153693,
        -2.7026777,
        -2.825152,
        -3.0378594,
        -3.22363,
        -3.4162107,
        -3.579949,
        -3.6769018,
        -3.7670233,
        -3.8383324,
        -3.8717148,
        -3.893534,
        -3.8822064,
        -3.835216,
        -3.7618709,
        -3.6380148,
        -3.5089574,
        -3.2909462,
        -3.0438054,
        -2.7675114,
        -2.500521,
        -2.231165,
        -1.9908783,
        -1.7992408,
        -1.6400542,
        -1.5186605,
        -1.4738879,
        -1.5013156,
        -1.5724354,
        -1.6132388,
        -1.6046925,
        -1.5323877,
        -1.4174356,
        -1.2641091,
        -1.1338983,
        -1.0430188,
        -0.9456186,
        -0.9012461,
        -0.8761735,
        -0.86787176,
        -0.8428507,
        -0.85627127,
        -0.85091305,
        -0.8318939,
        -0.7996068
    ],