{
    "class": "xneg",
    "duration_ms": 700,
    "x": [
        -0.028461486,
        -0.005984366,
        -0.00016057491,
        -0.001159519,
        0.022118747,
        0.045847297,
        0.04645145,
        0.06685856,
        0.09041926,
        0.13356909,
        0.124809355,
        0.10948083,
        0.1562576,
        0.14575729,
        0.14723673,
        0.12011424,
        0.10504347,
        0.11377692,
        0.112914145,
        0.09787613,
        0.13767472,
        0.15373027,
        0.15575063,
        0.15091589,
        0.14851278,
        0.15308121,
        0.1624004,
        0.19562432,
        0.17683512,
        0.18475872,
        0.20288807,
        0.20503625,
        0.22930622,
        0.26343974,
        0.22654313,
        0.19760606,
        0.1813162,
        0.18202731,
        0.20410955,
        0.20458394,
        0.2379151,
        0.25406727,
        0.2958159,
        0.41996115,
        0.5803522,
        0.7459986,
        0.91969174,
        1.087667,
        1.307709,
        1.5873299,
        1.8509452,
        2.1019027,
        2.3147335,
        2.509116,
        2.5876045,
        2.6124368,
        2.5266006,
        2.427487,
        2.3142328,
        2.115133,
        1.9087626,
        1.6258361,
        1.3427601,
        1.040808,
        0.6612203,
        0.24753869,
        -0.30722106,
        -0.98602605,
        -1.7970486,
        -2.7870822,
        -3.8408928,
        -4.958373,
        -6.148518,
        -7.4200845,
        -8.697898,
        -9.916022,
        -11.037128,
        -12.10607,
        -13.139584,
        -13.939402,
        -14.840049,
        -15.368551,
        -15.240263,
        -14.717037,
        -14.379956,
        -14.525429,
        -13.925991,
        -12.862058,
        -11.46332,
        -9.595467,
        -7.340642,
        -5.0327215,
        -2.7031097,
        -0.31191218,
        2.2508,
        4.9576817,
        7.5092754,
        9.789666,
        11.828793,
        13.432022,
        14.552079,
        14.982862,
        14.997449,
        14.884125,
        14.643558,
        14.261953,
        13.831245,
        13.423354,
        12.949242,
        12.384118,
        11.72153,
        10.939528,
        10.143557,
        9.33361,
        8.509525,
        7.747429,
        6.9796705,
        6.308228,
        5.6740904,
        5.0301747,
        4.393614,
        3.72191,
        3.057867,
        2.3143697,
        1.6071552,
        0.95331025,
        0.369785,
        -0.16897911,
        -0.6453121,
        -1.0702244,
        -1.4330244,
        -1.7800839,
        -2.1026554,
        -2.389196,
        -2.6421282,
        -2.8898041,
        -3.1079633,
        -3.3319001,
        -3.5731375,
        -3.8599007,
        -4.113239,
        -4.354445,
        -4.523249,
        -4.6262307,
        -4.617362,
        -4.5104036,
        -4.3572354,
        -4.1257153,
        -3.889379
    ],
    "y": [
        -0.06768131,
        -0.04054308,
        -0.05376339,
        -0.011996746,
        -0.010735989,
        0.012167454,
        0.011511326,
        0.039744854,
        0.041898727,
        0.051216125,
        0.0817523,
        0.0713892,
        0.072488785,
        0.061172485,
        0.023281574,
        -0.0005850792,
        -0.015189648,
        0.005451679,
        0.0042324066,
        0.026528835,
        0.027124405,
        0.008646488,
        0.01878357,
        0.028839111,
        0.034132957,
        0.046488762,
        0.07998657,
        0.06807852,
        0.058695793,
        0.054293156,
        0.050130367,
        0.05098009,
        0.04965496,
        0.07695675,
        0.049362183,
        0.035911083,
        0.06709099,
        0.08302164,
        0.100367546,
        0.07401323,
        0.09454584,
        0.1000309,
        0.10738325,
        0.093048096,
        0.045524597,
        0.0032196045,
        -0.03150177,
        -0.030204773,
        -0.050094128,
        -0.04106617,
        -0.05081463,
        -0.01752615,
        0.008564949,
        0.029783249,
        0.04135418,
        0.047994137,
        0.056722164,
        0.034139156,
        0.053849697,
        0.025043964,
        0.023921013,
        -0.07335377,
        -0.1473136,
        -0.27413893,
        -0.4343257,
        -0.5823612,
        -0.7870879,
        -0.99575996,
        -1.2195473,
        -1.3895946,
        -1.5425482,
        -1.6127424,
        -1.6829019,
        -1.8450894,
        -2.0643315,
        -2.372356,
        -2.7382011,
        -3.0969987,
        -3.4742136,
        -3.98574,
        -4.201928,
        -4.484136,
        -5.175514,
        -5.8532457,
        -5.7584953,
        -5.2314453,
        -5.0152483,
        -5.2016,
        -5.676682,
        -6.4255495,
        -7.2883167,
        -7.8938985,
        -8.154846,
        -8.152327,
        -7.8731875,
        -7.3605094,
        -6.704085,
        -6.0397964,
        -5.3601303,
        -4.5831165,
        -3.5035691,
        -2.0341983,
        -0.49975395,
        0.84845924,
        1.8627653,
        2.4126315,
        2.6428094,
        2.581036,
        2.4299831,
        2.2560167,
        2.1379142,
        2.0657535,
        2.0701327,
        2.1406584,
        2.2595453,
        2.3417435,
        2.3475084,
        2.3184671,
        2.1764164,
        1.970099,
        1.7364278,
        1.4643025,
        1.1808424,
        0.8746538,
        0.6226201,
        0.34602976,
        0.121576786,
        -0.14887762,
        -0.43669605,
        -0.70145655,
        -0.9221077,
        -1.1277914,
        -1.2735496,
        -1.4173098,
        -1.5476022,
        -1.6911092,
        -1.8314667,
        -1.930799,
        -2.0299745,
        -2.062262,
        -2.1353817,
        -2.1609926,
        -2.1535392,
        -2.1536965,
        -2.1636481,
        -2.1496968,
        -2.1402144,
        -2.1254215,
        -2.0955472
    ],