{
    "class": "xneg",
    "duration_ms": 700,
    "x": [
        0.06562042,
        0.12448534,
        0.15959296,
        0.16915335,
        0.20577753,
        0.22439702,
        0.23015498,
        0.23041154,
        0.24428965,
        0.20965809,
        0.2049726,
        0.18450005,
        0.15753432,
        0.09531218,
        0.04075718,
        0.02208504,
        -0.01346159,
        -0.0041344166,
        -0.02881679,
        -0.0067308545,
        0.019104868,
        0.07042,
        0.13319379,
        0.20792928,
        0.25685358,
        0.33982047,
        0.39270627,
        0.4611134,
        0.46684816,
        0.44848144,
        0.41312808,
        0.39363435,
        0.35364133,
        0.29528695,
        0.26596004,
        0.23422876,
        0.2448735,
        0.29756287,
        0.41585213,
        0.5713581,
        0.77633375,
        1.0410053,
        1.337508,
        1.6261723,
        1.8460057,
        2.012376,
        2.1642835,
        2.2543018,
        2.2871835,
        2.219468,
        2.0316417,
        1.7873926,
        1.4357009,
        0.98292273,
        0.42867243,
        -0.21289039,
        -0.94413924,
        -1.6512537,
        -2.3855019,
        -3.1945677,
        -4.0580573,
        -5.0130863,
        -6.017646,
        -7.029367,
        -8.082119,
        -9.118437,
        -10.250645,
        -11.186735,
        -11.9585,
        -12.842108,
        -13.476739,
        -13.720286,
        -13.370526,
        -12.075863,
        -11.57633,
        -10.516033,
        -8.895292,
        -7.025444,
        -5.261221,
        -3.5575695,
        -1.831568,
        -0.08248007,
        1.7358019,
        3.4501586,
        5.1691494,
        6.9072337,
        8.695742,
        10.408331,
        11.91721,
        13.156475,
        13.904318,
        14.616944,
        15.14673,
        15.575644,
        15.844215,
        15.752027,
        15.282391,
        14.62499,
        14.172182,
        13.76618,
        13.162066,
        12.251366,
        11.150049,
        10.017816,
        8.824245,
        7.601257,
        6.4096584,
        5.2343693,
        4.026983,
        2.8295481,
        1.6095563,
        0.40137744,
        -0.7410805,
        -1.8756555,
        -2.9537587,
        -3.9433014,
        -4.824005,
        -5.621408,
        -6.36391,
        -7.0401006,
        -7.7465754,
        -8.379637,
        -8.835997,
        -9.103058,
        -9.081518,
        -8.797964,
        -8.2876425,
        -7.673,
        -6.992159,
        -6.3188143,
        -5.676478,
        -5.096121,
        -4.5469294,
        -4.0010805,
        -3.4815698,
        -3.0067158,
        -2.5620823,
        -2.1861987,
        -1.879571,
        -1.6384654,
        -1.4712512,
        -1.3817682,
        -1.3018683,
        -1.2904092,
        -1.276665,
        -1.2496054,
        -1.2385529,
        -1.1765577
    ],
    "y": [
        -0.044866085,
        -0.08078146,
        -0.047517776,
        -0.02619648,
        0.01196146,
        0.031334877,
        0.046453953,
        0.06445265,
        0.09711552,
        0.108683586,
        0.1156168,
        0.12484598,
        0.11943674,
        0.115914345,
        0.12348747,
        0.09920406,
        0.071688175,
        0.03146696,
        0.009444237,
        0.005592346,
        -0.006167412,
        0.002898693,
        -0.0074653625,
        0.012980938,
        0.023769379,
        0.029946804,
        0.034019947,
        0.040889263,
        0.05056286,
        0.08440733,
        0.0947628,
        0.07459068,
        0.097587585,
        0.06829405,
        0.05341673,
        0.031335354,
        0.04007387,
        0.022293568,
        0.025769234,
        0.057428837,
        0.07435799,
        0.11479759,
        0.15964603,
        0.20188904,
        0.24885368,
        0.25557613,
        0.2770548,
        0.24203253,
        0.2504902,
        0.21867418,
        0.17727137,
        0.13776255,
        0.10663414,
        0.06666708,
        0.050621986,
        -0.048996925,
        -0.2270732,
        -0.44291496,
        -0.6871233,
        -0.9213743,
        -1.2369027,
        -1.5860934,
        -1.9641347,
        -2.3038988,
        -2.5716386,
        -2.8144999,
        -2.9741044,
        -3.1425633,
        -3.4164205,
        -3.3064718,
        -3.2134962,
        -3.3002524,
        -3.7482324,
        -4.3825283,
        -4.9091845,
        -5.3835106,
        -5.9054418,
        -6.3070593,
        -6.4237585,
        -6.2693596,
        -5.8492785,
        -5.139121,
        -4.110777,
        -3.1146631,
        -2.424512,
        -2.1036215,
        -1.99757,
        -1.9951687,
        -1.9181976,
        -1.554997,
        -0.7395272,
        0.16375923,
        0.93764114,
        1.6154037,
        2.2406244,
        2.68963,
        2.8531213,
        2.839693,
        2.7676082,
        2.6452632,
        2.4575758,
        2.099163,
        1.6564579,
        1.1724963,
        0.73273945,
        0.30939054,
        -0.053928375,
        -0.40001917,
        -0.6713457,
        -0.9348941,
        -1.202601,
        -1.371911,
        -1.5079112,
        -1.6252522,
        -1.7406297,
        -1.9229202,
        -2.128319,
        -2.3298516,
        -2.5890398,
        -2.7212741,
        -2.8246987,
        -2.835071,
        -2.8702843,
        -2.921277,
        -3.036393,
        -3.1869147,
        -3.356074,
        -3.498252,
        -3.606066,
        -3.6147044,
        -3.5504067,
        -3.3985078,
        -3.2615318,
        -3.0959656,
        -2.9637563,
        -2.850422,
        -2.70356,
        -2.5811355,
        -2.4669342,
        -2.3064263,
        -2.164816,
        -2.0187955,
        -1.8785,
        -1.7470083,
        -1.6295304,
        -1.4787059,
        -1.3426466,
        -1.2046685
    ],