{
    "class": "xneg",
    "duration_ms": 700,
    "x": [
        0.21614622,
        0.23899615,
        0.28654,
        0.31610286,
        0.35168254,
        0.36018205,
        0.3609585,
        0.33042806,
        0.26392156,
        0.24926504,
        0.22611503,
        0.18706533,
        0.15091273,
        0.12921262,
        0.11459611,
        0.078377366,
        0.075391084,
        0.055428162,
        0.07335238,
        0.060079858,
        0.115897655,
        0.13845602,
        0.14955612,
        0.17561167,
        0.22842067,
        0.28426176,
        0.32895222,
        0.34360158,
        0.33555552,
        0.33100158,
        0.33446848,
        0.34834084,
        0.3345957,
        0.36957657,
        0.419881,
        0.47360972,
        0.47142774,
        0.44453263,
        0.41177416,
        0.36578524,
        0.2731339,
        0.18844801,
        0.0614897,
        -0.13359994,
        -0.3630994,
        -0.7194231,
        -1.1874789,
        -1.8167491,
        -2.6813045,
        -3.7754743,
        -4.9559526,
        -6.1541886,
        -7.252355,
        -8.361227,
        -9.231136,
        -8.852673,
        -9.684458,
        -10.708176,
        -11.152689,
        -11.419407,
        -11.279761,
        -10.410703,
        -8.868299,
        -6.7316713,
        -4.4603195,
        -2.2060466,
        0.050933003,
        2.3281274,
        4.6173277,
        7.0710545,
        9.457247,
        11.639016,
        13.363489,
        14.491022,
        15.093213,
        15.355427,
        15.234903,
        14.844067,
        14.161394,
        13.180025,
        12.076619,
        11.006104,
        9.903863,
        8.799004,
        7.73263,
        6.667239,
        5.6755104,
        4.724694,
        3.8514574,
        2.9970992,
        2.0815382,
        1.1877049,
        0.22834963,
        -0.73565125,
        -1.6555789,
        -2.5639145,
        -3.3950596,
        -4.07367,
        -4.5192475,
        -4.9187384,
        -5.2074757,
        -5.3469853,
        -5.3750057,
        -5.2691064,
        -5.1047754,
        -4.9384847,
        -4.8246403,
        -4.765217,
        -4.7072396,
        -4.6579404,
        -4.5192184,
        -4.2763066,
        -3.918766,
        -3.4546974,
        -2.9877632,
        -2.5429142,
        -2.1336133,
        -1.8860865,
        -1.7282045,
        -1.6431702,
        -1.5498159,
        -1.477184,
        -1.413593,
        -1.3641899,
        -1.290984,
        -1.1871309,
        -1.0529287,
        -0.9173671,
        -0.74947894,
        -0.56113034,
        -0.41937393,
        -0.2760448,
        -0.14055467,
        0.011338174,
        0.1536066,
        0.30332065,
        0.4153353,
        0.5450668,
        0.65687203,
        0.7605971,
        0.83248353,
        0.86286646,
        0.87796056,
        0.91353595,
        0.9408106,
        0.9740903,
        1.0014278,
        1.0251452,
        1.0523217
    ],
    "y": [
        -0.052135468,
        -0.016950607,
        -0.014590263,
        -0.011487961,
        0.02083397,
        0.04642582,
        0.09134579,
        0.09127903,
        0.07973099,
        0.07572174,
        0.06476879,
        0.051527977,
        0.026320457,
        0.022320747,
        -0.008221626,
        0.0060167313,
        -0.023260117,
        0.011105537,
        0.044545174,
        0.04388714,
        0.052194595,
        0.09079361,
        0.11443806,
        0.12801266,
        0.12696838,
        0.11621952,
        0.09356594,
        0.07096672,
        0.031822205,
        0.033302307,
        0.008626938,
        0.03640747,
        0.04267788,
        0.06326294,
        0.06715584,
        0.059292793,
        0.06107998,
        0.017804146,
        0.034196854,
        0.009900093,
        -0.012085915,
        -0.060317993,
        -0.11797428,
        -0.21818733,
        -0.29637337,
        -0.41905975,
        -0.52640533,
        -0.6707983,
        -0.84297466,
        -1.1269021,
        -1.4284801,
        -1.6785669,
        -1.8636637,
        -2.151616,
        -2.54467,
        -3.4580312,
        -3.8005466,
        -3.4774165,
        -3.0571141,
        -2.7597613,
        -2.6135492,
        -2.7231379,
        -2.8944864,
        -3.0829048,
        -3.0582418,
        -2.835297,
        -2.4650717,
        -1.9223223,
        -1.1633129,
        -0.3649168,
        0.26468372,
        0.51256466,
        0.5036583,
        0.36359596,
        0.2808466,
        0.29592705,
        0.49751854,
        0.8333378,
        1.2322159,
        1.4774055,
        1.6110048,
        1.5650072,
        1.4410295,
        1.2949734,
        1.1849251,
        1.1041183,
        0.98584557,
        0.84700966,
        0.6661682,
        0.40272713,
        0.1786499,
        0.022356033,
        -0.14784431,
        -0.27980995,
        -0.42205048,
        -0.6016445,
        -0.7883053,
        -1.0185275,
        -1.2808294,
        -1.5157886,
        -1.6305094,
        -1.6898861,
        -1.7036066,
        -1.7338371,
        -1.787538,
        -1.8430061,
        -1.9288073,
        -1.99226,
        -2.055019,
        -2.1003742,
        -2.1115632,
        -2.105249,
        -2.086,
        -2.044002,
        -1.9741902,
        -1.8620625,
        -1.7289953,
        -1.5892105,
        -1.4234676,
        -1.2484255,
        -1.0926247,
        -0.9392586,
        -0.79061747,
        -0.6442833,
        -0.5242462,
        -0.4137516,
        -0.36065674,
        -0.33866787,
        -0.33108234,
        -0.290102,
        -0.21814728,
        -0.15109348,
        -0.04583931,
        0.06659603,
        0.14326763,
        0.19388294,
        0.25204277,
        0.31299114,
        0.36956882,
        0.41697598,
        0.4408741,
        0.49383354,
        0.53518486,
        0.54343414,
        0.55930424,
        0.54446983,
        0.50132275,
        0.46333122,
        0.4208851
    ],