{
    "class": "xneg",
    "duration_ms": 700,
    "x": [
        0.16923183,
        0.15933597,
        0.16546786,
        0.18534067,
        0.18828478,
        0.22218037,
        0.20849894,
        0.23793192,
        0.22494417,
        0.22690868,
        0.23195757,
        0.22367525,
        0.22610666,
        0.22270985,
        0.16116004,
        0.0866379,
        -0.01078479,
        -0.11485085,
        -0.24951693,
        -0.3888245,
        -0.5876875,
        -0.8152468,
        -1.0978017,
        -1.4992543,
        -2.0264187,
        -2.5987005,
        -3.1411514,
        -3.6510503,
        -4.2556233,
        -4.8438063,
        -5.4853425,
        -6.14465,
        -6.7431846,
        -7.2261977,
        -7.485797,
        -7.6028,
        -7.504535,
        -7.215932,
        -6.7524486,
        -6.054977,
        -5.1930895,
        -4.147845,
        -2.8829162,
        -1.5604601,
        -0.1417563,
        1.3177992,
        2.741797,
        3.989327,
        5.1249313,
        6.3025312,
        7.4067683,
        8.400751,
        9.270987,
        9.982125,
        10.630359,
        11.144782,
        11.588071,
        11.92542,
        11.984404,
        11.707296,
        11.16656,
        10.38102,
        9.436644,
        8.399071,
        7.418482,
        6.4990892,
        5.672099,
        4.930668,
        4.2560925,
        3.6042325,
        2.974163,
        2.4011045,
        1.8364246,
        1.3196692,
        0.7659368,
        0.22397646,
        -0.34659782,
        -0.92452455,
        -1.5014285,
        -2.11214,
        -2.705813,
        -3.2703204,
        -3.7773921,
        -4.208433,
        -4.575528,
        -4.88295,
        -5.074419,
        -5.13871,
        -5.155084,
        -5.1068773,
        -5.017649,
        -4.874537,
        -4.6718106,
        -4.3913946,
        -4.015072,
        -3.612699,
        -3.2013593,
        -2.8077905,
        -2.3824592,
        -2.0435538,
        -1.7062092,
        -1.4104134,
        -1.2088706,
        -1.056193,
        -0.96521455,
        -0.87904453,
        -0.810633,
        -0.741584,
        -0.6655259,
        -0.59018415,
        -0.48983,
        -0.33594966,
        -0.1621983,
        -0.033049554,
        0.06383252,
        0.15746923,
        0.19570887,
        0.2170357,
        0.22623503,
        0.23767024,
        0.22978373,
        0.18839389,
        0.21888134,
        0.21606392,
        0.25439534,
        0.30303913,
        0.3625247,
        0.40205973,
        0.4172526,
        0.42986804,
        0.43039262,
        0.43539047,
        0.423095,
        0.4026734,
        0.32587296,
        0.25912008,
        0.19485877,
        0.14233282,
        0.11081811,
        0.08328889,
        0.10744427,
        0.08258961,
        0.08773635,
        0.07755953,
        0.10483833,
        0.13637187,
        0.16991347,
        0.19610566,
        0.2150757
    ],
    "y": [
        0.022893906,
        0.036301136,
        0.054299355,
        0.09337044,
        0.13439941,
        0.17972136,
        0.21283388,
        0.21017551,
        0.19338751,
        0.17928314,
        0.14399958,
        0.10190678,
        0.09817171,
        0.08262062,
        0.06965017,
        0.030591488,
        0.01304388,
        -0.011871815,
        -0.02778387,
        -0.06346893,
        -0.10955477,
        -0.16591072,
        -0.20631552,
        -0.21907234,
        -0.22135878,
        -0.30173635,
        -0.48152685,
        -0.7127633,
        -1.0192747,
        -1.333755,
        -1.6364663,
        -1.9119904,
        -2.1421282,
        -2.2822373,
        -2.3522696,
        -2.4297493,
        -2.522707,
        -2.627838,
        -2.7875056,
        -2.9747171,
        -3.1676462,
        -3.342083,
        -3.488438,
        -3.5205836,
        -3.3750086,
        -3.0532818,
        -2.615274,
        -2.101753,
        -1.570226,
        -1.063523,
        -0.5405936,
        0.0014886856,
        0.5225532,
        0.9278252,
        1.2329288,
        1.4324155,
        1.5476573,
        1.5814245,
        1.6251488,
        1.5362723,
        1.4002435,
        1.3149085,
        1.2632751,
        1.2044039,
        1.0512462,
        0.9009619,
        0.7207937,
        0.53764296,
        0.3088913,
        0.109028816,
        -0.056850433,
        -0.1644249,
        -0.30899477,
        -0.42750502,
        -0.54560757,
        -0.6385679,
        -0.73896646,
        -0.81748366,
        -0.89751244,
        -0.94546103,
        -0.9876435,
        -0.99341345,
        -1.0088363,
        -1.0442243,
        -1.0933127,
        -1.1163301,
        -1.1454608,
        -1.1747229,
        -1.1836817,
        -1.2261696,
        -1.2504044,
        -1.2740045,
        -1.3404434,
        -1.3878734,
        -1.4499941,
        -1.495851,
        -1.5182903,
        -1.5221279,
        -1.5407336,
        -1.538053,
        -1.528147,
        -1.4772491,
        -1.4017541,
        -1.3087995,
        -1.2219942,
        -1.093375,
        -1.0065842,
        -0.91375566,
        -0.82670426,
        -0.80036974,
        -0.7867477,
        -0.7786746,
        -0.77844524,
        -0.7502246,
        -0.72530985,
        -0.6606715,
        -0.5588746,
        -0.4581957,
        -0.36099672,
        -0.26233697,
        -0.19562125,
        -0.14883876,
        -0.102772,
        -0.05492735,
        -0.03151059,
        -0.0037207603,
        0.002161026,
        0.010179758,
        0.015576601,
        0.049491405,
        0.047513247,
        0.06475854,
        0.118154764,
        0.109752655,
        0.104346275,
        0.13309479,
        0.18386531,
        0.23026991,
        0.25060368,
        0.25672412,
        0.2675085,
        0.22309446,
        0.20463681,
        0.19044638,
        0.18763947,
        0.17478848,
        0.16394186,
        0.15770411,
        0.14185715
    ],