{
    "class": "xneg",
    "duration_ms": 700,
    "x": [
        0.058371395,
        0.064613685,
        0.049273804,
        0.022199735,
        -0.018407151,
        -0.048104346,
        -0.07159142,
        -0.117545724,
        -0.16480425,
        -0.2208525,
        -0.26926574,
        -0.34100518,
        -0.41707346,
        -0.44304556,
        -0.39337364,
        -0.37082514,
        -0.31571737,
        -0.23750976,
        -0.15962717,
        -0.03192228,
        0.017395228,
        0.065066785,
        0.14424491,
        0.17161313,
        0.1807695,
        0.20754722,
        0.22808197,
        0.23538464,
        0.2675438,
        0.32666087,
        0.360727,
        0.4412998,
        0.46595073,
        0.50179744,
        0.5295559,
        0.48977226,
        0.43013248,
        0.33833084,
        0.22839433,
        0.061886847,
        -0.092392445,
        -0.3251118,
        -0.57179743,
        -0.8753229,
        -1.2877865,
        -1.8158865,
        -2.5097008,
        -3.3865974,
        -4.404747,
        -5.5148835,
        -6.6614447,
        -7.8077393,
        -8.93039,
        -10.030088,
        -11.0132065,
        -11.989764,
        -12.859572,
        -13.378057,
        -13.6801605,
        -13.666865,
        -13.188489,
        -12.241487,
        -10.716579,
        -8.659245,
        -6.438587,
        -4.188367,
        -1.8064885,
        0.7522322,
        3.3210068,
        5.8924866,
        8.150597,
        10.186579,
        11.97773,
        13.8236885,
        15.284775,
        16.069653,
        16.383022,
        16.289062,
        15.872875,
        15.072095,
        13.91114,
        12.726207,
        11.6843605,
        10.824858,
        10.076334,
        9.404516,
        8.940673,
        8.61292,
        8.296399,
        8.066381,
        7.822929,
        7.523564,
        7.072956,
        6.530669,
        5.85546,
        5.089198,
        4.2732286,
        3.415529,
        2.5791526,
        1.7415073,
        0.8804094,
        0.014772475,
        -0.9034858,
        -1.8415369,
        -2.7617972,
        -3.648089,
        -4.414508,
        -5.1569047,
        -5.7699957,
        -6.313569,
        -6.7183723,
        -6.9916153,
        -7.18113,
        -7.2293,
        -7.1572175,
        -6.923534,
        -6.5464745,
        -6.0965023,
        -5.615287,
        -5.082597,
        -4.5501046,
        -4.0049915,
        -3.470637,
        -2.939323,
        -2.4323928,
        -2.0285664,
        -1.6539602,
        -1.3376935,
        -1.0996106,
        -0.8853024,
        -0.73859096,
        -0.60974395,
        -0.49206495,
        -0.4145167,
        -0.3317595,
        -0.26520562,
        -0.25019717,
        -0.2934578,
        -0.30363834,
        -0.27084512,
        -0.19962555,
        -0.11120123,
        -0.029171824,
        0.044511557,
        0.10052934,
        0.14138415,
        0.21964991,
        0.2777981,
        0.2914611
    ],
    "y": [
        -0.085603714,
        -0.08123112,
        -0.036278725,
        0.01561451,
        0.09090185,
        0.09664488,
        0.11163616,
        0.11185837,
        0.078327656,
        0.037284374,
        0.0053162575,
        0.02026558,
        0.010557175,
        -0.0069851875,
        -0.010910034,
        -0.02251625,
        -0.041562557,
        -0.07494116,
        -0.09156847,
        -0.110547066,
        -0.11283016,
        -0.13182783,
        -0.15079594,
        -0.17452145,
        -0.18650055,
        -0.21520853,
        -0.18690252,
        -0.17087841,
        -0.15750313,
        -0.13945246,
        -0.14050388,
        -0.12241316,
        -0.12088919,
        -0.10976076,
        -0.11512232,
        -0.103675365,
        -0.073216915,
        -0.08805418,
        -0.069581985,
        -0.09880257,
        -0.08756161,
        -0.10992336,
        -0.120479584,
        -0.16694641,
        -0.26575708,
        -0.38810587,
        -0.49365664,
        -0.6590452,
        -0.79793596,
        -0.9643283,
        -1.1837053,
        -1.4553413,
        -1.806509,
        -2.2587218,
        -2.7272005,
        -3.0712256,
        -3.353025,
        -3.7920928,
        -4.045314,
        -4.3123455,
        -4.6513014,
        -5.1276035,
        -5.6708345,
        -6.2876706,
        -6.7081103,
        -6.8549724,
        -6.76978,
        -6.449873,
        -5.8127694,
        -4.9257197,
        -4.035877,
        -3.3403432,
        -2.6988323,
        -1.9971254,
        -1.3407521,
        -0.5378456,
        0.28391695,
        1.0656633,
        1.7384353,
        2.2635193,
        2.4930778,
        2.308332,
        1.894669,
        1.4321194,
        1.1839018,
        1.1038408,
        1.2028255,
        1.4340043,
        1.7143259,
        1.9462852,
        2.0109258,
        1.8803592,
        1.5935049,
        1.1630206,
        0.6874552,
        0.24118853,
        -0.20688868,
        -0.5805154,
        -0.9302311,
        -1.2252345,
        -1.4991703,
        -1.7306037,
        -1.9817266,
        -2.1905422,
        -2.3525062,
        -2.4606786,
        -2.4985538,
        -2.5595424,
        -2.6387541,
        -2.6857257,
        -2.7623472,
        -2.8206098,
        -2.8627558,
        -2.9077067,
        -2.8644958,
        -2.8193457,
        -2.733993,
        -2.6565459,
        -2.568059,
        -2.4687128,
        -2.3611565,
        -2.205017,
        -2.0722766,
        -1.9943523,
        -1.8878641,
        -1.7605252,
        -1.6318612,
        -1.4807477,
        -1.3147392,
        -1.1339588,
        -0.98153543,
        -0.82878065,
        -0.70918417,
        -0.5700121,
        -0.47823286,
        -0.3881111,
        -0.31610298,
        -0.21881485,
        -0.11511278,
        -0.028624535,
        0.029109478,
        0.08482456,
        0.12441206,
        0.17190266,
        0.21781349,
        0.22162676,
        0.26716423,
        0.28744268,
        0.2658515
    ],