{
    "class": "xneg",
    "duration_ms": 700,
    "x": [
        0.26419088,
        0.22736023,
        0.22343461,
        0.28622532,
        0.3831719,
        0.48877406,
        0.5706618,
        0.6390843,
        0.7372532,
        0.81052464,
        0.92580557,
        1.0235838,
        1.1922987,
        1.3466129,
        1.4704776,
        1.5425358,
        1.5865519,
        1.6070867,
        1.5943309,
        1.5477449,
        1.4740989,
        1.3658123,
        1.2462589,
        1.1651587,
        1.1954751,
        1.2369548,
        1.2546531,
        1.2587656,
        1.2428273,
        1.2023194,
        1.1092026,
        1.0206707,
        0.88188475,
        0.7336556,
        0.55453837,
        0.34239376,
        0.09457427,
        -0.19644439,
        -0.48115373,
        -0.7957798,
        -1.0815837,
        -1.368168,
        -1.6481361,
        -1.962622,
        -2.3502305,
        -2.8019128,
        -3.332355,
        -3.9131498,
        -4.6165557,
        -5.35935,
        -6.106706,
        -6.854943,
        -7.6283956,
        -8.349986,
        -9.097753,
        -9.8184805,
        -10.55247,
        -11.220782,
        -11.857316,
        -12.2429905,
        -12.139833,
        -12.507723,
        -13.0218935,
        -13.118691,
        -12.996667,
        -12.706944,
        -11.992451,
        -11.081422,
        -9.770098,
        -8.085503,
        -6.2401123,
        -4.236697,
        -2.0290215,
        0.26930165,
        2.6083484,
        5.03641,
        7.6827903,
        10.230792,
        12.547557,
        13.850013,
        14.928165,
        15.905692,
        16.713364,
        17.216543,
        17.217148,
        16.392134,
        15.406939,
        14.661233,
        13.862328,
        13.052308,
        12.351665,
        11.729123,
        11.175328,
        10.659793,
        10.242563,
        9.808513,
        9.361921,
        8.904373,
        8.4035015,
        7.8457084,
        7.2598166,
        6.590575,
        5.849686,
        4.9939637,
        4.1191754,
        3.132667,
        2.0787332,
        0.9899256,
        -0.058625817,
        -1.126132,
        -2.1672025,
        -3.160999,
        -4.168491,
        -5.1145973,
        -5.95527,
        -6.6632605,
        -7.1897793,
        -7.541204,
        -7.6974716,
        -7.733899,
        -7.6994114,
        -7.6164117,
        -7.4352283,
        -7.168156,
        -6.8556466,
        -6.5093203,
        -6.090308,
        -5.545291,
        -4.968926,
        -4.4195595,
        -3.845608,
        -3.2340195,
        -2.717608,
        -2.261642,
        -1.8987283,
        -1.6308004,
        -1.4673947,
        -1.3800372,
        -1.3864084,
        -1.4851403,
        -1.6464568,
        -1.8310733,
        -1.9848423,
        -2.0438287,
        -2.0799093,
        -2.0234647,
        -1.9313052,
        -1.7688899,
        -1.520921
    ],
    "y": [
        0.046180725,
        0.12830353,
        0.2544074,
        0.3763523,
        0.47690105,
        0.53479767,
        0.50258636,
        0.45699072,
        0.39101982,
        0.36440945,
        0.2607584,
        0.21881294,
        0.20053005,
        0.19191122,
        0.21938753,
        0.21411514,
        0.19778013,
        0.19642448,
        0.18836594,
        0.19468975,
        0.22891808,
        0.24997807,
        0.24336147,
        0.23263311,
        0.21990728,
        0.16935778,
        0.09522867,
        -0.030703545,
        -0.10124493,
        -0.19488907,
        -0.30155945,
        -0.35429478,
        -0.39812946,
        -0.42819548,
        -0.51059437,
        -0.52831316,
        -0.54093313,
        -0.5341568,
        -0.5151973,
        -0.5480399,
        -0.5777817,
        -0.6421871,
        -0.732697,
        -0.82801247,
        -0.942688,
        -1.0741143,
        -1.2437549,
        -1.4201541,
        -1.624908,
        -1.8961315,
        -2.2124658,
        -2.6170878,
        -3.0791564,
        -3.5459428,
        -4.050591,
        -4.460847,
        -4.8214345,
        -5.126647,
        -5.332534,
        -5.517378,
        -5.522814,
        -5.7333856,
        -5.851906,
        -5.88696,
        -5.889821,
        -5.9997005,
        -6.238473,
        -6.529916,
        -6.905478,
        -7.27954,
        -7.6051564,
        -7.778501,
        -7.691942,
        -7.3393335,
        -6.6685605,
        -5.705413,
        -4.9712133,
        -4.5894833,
        -4.394226,
        -3.7552176,
        -2.9510925,
        -2.0494454,
        -1.2398047,
        -0.4634714,
        0.25386524,
        1.2028296,
        2.1472514,
        2.7714164,
        3.122552,
        3.236084,
        3.1071007,
        2.905224,
        2.7187243,
        2.5377557,
        2.3690653,
        2.1926596,
        2.0001583,
        1.814136,
        1.522974,
        1.1873789,
        0.765121,
        0.26444387,
        -0.30880642,
        -0.8769672,
        -1.4293194,
        -1.9505277,
        -2.3628387,
        -2.7394545,
        -3.0552588,
        -3.352051,
        -3.6143057,
        -3.8099196,
        -3.9311001,
        -3.96791,
        -3.9634585,
        -3.922673,
        -3.9009888,
        -3.8603575,
        -3.8153667,
        -3.7590907,
        -3.6678727,
        -3.5111492,
        -3.325545,
        -3.1188407,
        -2.8869598,
        -2.6209056,
        -2.4050899,
        -2.2088366,
        -2.0467763,
        -1.9669342,
        -1.9071875,
        -1.8557124,
        -1.7862663,
        -1.6848145,
        -1.6016817,
        -1.4938831,
        -1.3734941,
        -1.2763953,
        -1.1713657,
        -1.0608826,
        -0.96637535,
        -0.84712315,
        -0.74860764,
        -0.6659889,
        -0.60406065,
        -0.5365391,
        -0.506444,
        -0.4801464,
        -0.42148256
    ],