{
    "class": "xneg",
    "duration_ms": 700,
    "x": [
        0.040699482,
        0.08224723,
        0.11042267,
        0.16405924,
        0.207758,
        0.24190745,
        0.26180112,
        0.2577306,
        0.2698944,
        0.27630442,
        0.290905,
        0.28733543,
        0.32483828,
        0.34120548,
        0.37462285,
        0.3750252,
        0.37588257,
        0.38425112,
        0.44073108,
        0.4690957,
        0.48634112,
        0.54264444,
        0.6214341,
        0.6850385,
        0.7006707,
        0.74038255,
        0.7493313,
        0.73699826,
        0.6937018,
        0.62628466,
        0.5652399,
        0.5024324,
        0.4041948,
        0.28945082,
        0.1839009,
        0.0633682,
        -0.053347945,
        -0.19513535,
        -0.3813647,
        -0.58121836,
        -0.79239464,
        -1.0523503,
        -1.4029855,
        -1.8835374,
        -2.5954947,
        -3.6430948,
        -5.0243034,
        -6.3220873,
        -7.437071,
        -8.481938,
        -9.42351,
        -10.267544,
        -10.916813,
        -11.446768,
        -11.812088,
        -11.703582,
        -11.508057,
        -10.839648,
        -9.689513,
        -8.169955,
        -7.1511545,
        -6.230839,
        -4.9235563,
        -3.0805697,
        -0.9482119,
        1.0498362,
        2.8933315,
        4.723363,
        6.574086,
        8.389601,
        9.957335,
        11.3774605,
        12.630851,
        13.441413,
        13.73776,
        14.085304,
        14.116956,
        13.892937,
        13.219771,
        12.253465,
        11.28701,
        10.537314,
        9.915973,
        9.398423,
        8.89002,
        8.415961,
        8.022671,
        7.6322546,
        7.1695285,
        6.6501994,
        6.0585747,
        5.3978987,
        4.714499,
        4.006582,
        3.2651343,
        2.4666767,
        1.6496744,
        0.8882661,
        0.1149686,
        -0.65638447,
        -1.4358511,
        -2.231493,
        -3.0108705,
        -3.7419066,
        -4.476356,
        -5.165536,
        -5.719931,
        -6.025917,
        -6.3903666,
        -6.6438937,
        -6.7101994,
        -6.6916866,
        -6.673604,
        -6.5162067,
        -6.314271,
        -6.0283184,
        -5.6934185,
        -5.241705,
        -4.727289,
        -4.1826296,
        -3.6449556,
        -3.161352,
        -2.709969,
        -2.3361063,
        -1.968061,
        -1.6682163,
        -1.4202119,
        -1.2412388,
        -1.1248758,
        -1.021311,
        -0.95510983,
        -0.89560616,
        -0.83572674,
        -0.72056544,
        -0.6191741,
        -0.5049206,
        -0.42031538,
        -0.33119702,
        -0.22519499,
        -0.15209454,
        -0.07324892,
        0.009342015,
        0.053046644,
        0.12511492,
        0.18472189,
        0.2531141,
        0.3251328,
        0.3959821,
        0.4536112
    ],
    "y": [
        -0.04752302,
        0.038630962,
        0.120607376,
        0.17004538,
        0.25601912,
        0.2783556,
        0.28722048,
        0.25884962,
        0.18381405,
        0.16441774,
        0.11680317,
        0.11918831,
        0.09020138,
        0.0963521,
        0.0850153,
        0.11081982,
        0.111600876,
        0.11375046,
        0.074509144,
        0.048869133,
        -0.0058169365,
        -0.03214836,
        -0.08240938,
        -0.080209255,
        -0.03769064,
        -0.0119867325,
        0.039984703,
        0.07054043,
        0.046598434,
        0.03736496,
        -0.0001912117,
        -0.023536682,
        -0.05206442,
        -0.026696682,
        -0.06438017,
        -0.095974445,
        -0.10017681,
        -0.09624004,
        -0.10558319,
        -0.123343945,
        -0.163558,
        -0.25941372,
        -0.417521,
        -0.6420698,
        -0.90181494,
        -1.1894975,
        -1.5489664,
        -1.9519019,
        -2.2740407,
        -2.4854803,
        -2.5212612,
        -2.4418054,
        -2.289845,
        -2.1647673,
        -2.2249885,
        -2.5473614,
        -2.8551307,
        -3.4653788,
        -3.987602,
        -4.381196,
        -4.959795,
        -5.1973686,
        -5.0590935,
        -4.8624544,
        -4.6648817,
        -4.3384943,
        -3.9598777,
        -3.556386,
        -3.2586346,
        -3.1282523,
        -3.06513,
        -2.9004853,
        -2.437339,
        -1.5387311,
        -0.29892588,
        0.7308016,
        1.5754628,
        2.0607,
        2.2765613,
        2.2920427,
        2.0713744,
        1.7178779,
        1.3823881,
        1.0861712,
        0.8621917,
        0.6979394,
        0.57361794,
        0.49778175,
        0.47641897,
        0.4147458,
        0.29689264,
        0.09495163,
        -0.1447568,
        -0.44788074,
        -0.7756119,
        -1.1395092,
        -1.4722385,
        -1.7782483,
        -2.0524645,
        -2.2944314,
        -2.4798727,
        -2.6467578,
        -2.7183843,
        -2.7403162,
        -2.7223594,
        -2.6553392,
        -2.7119117,
        -2.5816622,
        -2.3922048,
        -2.2277522,
        -2.1364026,
        -2.0965838,
        -2.0843606,
        -2.0996943,
        -2.0850525,
        -2.035688,
        -2.01615,
        -1.969039,
        -1.9279261,
        -1.8975801,
        -1.8468828,
        -1.7784514,
        -1.6972651,
        -1.6323342,
        -1.5552511,
        -1.5141392,
        -1.4590702,
        -1.3831668,
        -1.3224134,
        -1.2315612,
        -1.1441822,
        -0.9957938,
        -0.8630314,
        -0.73147964,
        -0.5794668,
        -0.4809041,
        -0.35661554,
        -0.285357,
        -0.19272232,
        -0.119074345,
        -0.047302723,
        0.03719282,
        0.084508896,
        0.125978,
        0.118680954,
        0.1463499,
        0.1396141,
        0.14382362,
        0.19234133
    ],