{
    "class": "xneg",
    "duration_ms": 700,
    "x": [
        0.06838596,
        0.13963753,
        0.18205023,
        0.25071263,
        0.31970286,
        0.39158642,
        0.43792656,
        0.4612904,
        0.48315236,
        0.56525725,
        0.60292554,
        0.6606476,
        0.6527488,
        0.66731894,
        0.6537742,
        0.70228595,
        0.74828345,
        0.81323284,
        0.8732067,
        0.94968134,
        1.0401224,
        1.1326282,
        1.2347806,
        1.3089604,
        1.374524,
        1.431366,
        1.4577909,
        1.4588089,
        1.432462,
        1.38623,
        1.2516712,
        1.0201656,
        0.81150234,
        0.50825787,
        0.09268886,
        -0.40678895,
        -0.9807805,
        -1.6802778,
        -2.4637547,
        -3.3978019,
        -4.4034204,
        -5.5382833,
        -6.7455173,
        -7.9851675,
        -9.179199,
        -10.26306,
        -11.190356,
        -11.916143,
        -12.472757,
        -12.875149,
        -13.001822,
        -12.791108,
        -12.346245,
        -11.686747,
        -10.784451,
        -9.5915985,
        -8.090715,
        -6.2992268,
        -4.346404,
        -2.150878,
        0.2130884,
        2.6710014,
        5.173533,
        7.5689297,
        9.616859,
        11.425305,
        13.187238,
        14.596725,
        15.49728,
        15.8647785,
        15.865414,
        15.5303545,
        14.89537,
        13.958315,
        12.84503,
        11.683002,
        10.386802,
        9.153205,
        8.074517,
        7.2218156,
        6.535482,
        5.959066,
        5.388621,
        4.8416862,
        4.268269,
        3.6825457,
        3.1007805,
        2.4670918,
        1.8517923,
        1.2293631,
        0.59298825,
        0.0019707046,
        -0.633396,
        -1.2716429,
        -1.9313363,
        -2.5714548,
        -3.1824389,
        -3.7522314,
        -4.2305384,
        -4.5811496,
        -4.841542,
        -4.967356,
        -5.0355005,
        -5.0169225,
        -4.9468403,
        -4.8674126,
        -4.835017,
        -4.805378,
        -4.710661,
        -4.621905,
        -4.4330115,
        -4.2171783,
        -3.9306579,
        -3.603975,
        -3.2773314,
        -2.9118967,
        -2.5981584,
        -2.3167408,
        -2.0725155,
        -1.947235,
        -1.8169279,
        -1.6823182,
        -1.5967238,
        -1.5295053,
        -1.4521673,
        -1.3265152,
        -1.1858206,
        -1.0632837,
        -0.9538691,
        -0.8716306,
        -0.7805719,
        -0.7091354,
        -0.65239835,
        -0.5380859,
        -0.39698803,
        -0.28157818,
        -0.15570724,
        -0.06698418,
        0.037389398,
        0.092769265,
        0.11106926,
        0.11851555,
        0.1266765,
        0.1256311,
        0.12467861,
        0.11399692,
        0.1363653,
        0.1437155,
        0.15027732
    ],
    "y": [
        -0.008181572,
        -0.0033016205,
        0.03981304,
        0.040225983,
        0.08615637,
        0.12265825,
        0.11174059,
        0.11554003,
        0.09831715,
        0.09577036,
        0.06036997,
        0.051611423,
        0.028948307,
        0.049220085,
        0.05496359,
        0.043761253,
        0.04647875,
        0.04157114,
        0.029213428,
        0.05465746,
        0.07733059,
        0.11420345,
        0.10147953,
        0.104127884,
        0.10122919,
        0.112300396,
        0.14236784,
        0.11318874,
        0.03012085,
        -0.049328804,
        -0.17967463,
        -0.26063776,
        -0.4302249,
        -0.55391645,
        -0.67184925,
        -0.8080964,
        -0.97465086,
        -1.0856905,
        -1.17029,
        -1.2481728,
        -1.2431793,
        -1.1509571,
        -1.0126147,
        -0.8621454,
        -0.76203537,
        -0.8055382,
        -1.008925,
        -1.3378339,
        -1.7099478,
        -2.0458016,
        -2.321602,
        -2.6980326,
        -3.1538618,
        -3.648862,
        -4.1566663,
        -4.6097274,
        -5.047615,
        -5.4929256,
        -5.8727055,
        -6.1552386,
        -6.3646646,
        -6.337145,
        -6.052847,
        -5.681303,
        -5.2579565,
        -4.4762387,
        -3.462753,
        -2.4350255,
        -1.3976386,
        -0.46026158,
        0.38014555,
        1.094111,
        1.6145518,
        1.9156432,
        1.9482372,
        1.7591085,
        1.5216255,
        1.2223401,
        0.9266243,
        0.69955564,
        0.51536155,
        0.41534853,
        0.27604914,
        0.16070509,
        0.01554203,
        -0.1197505,
        -0.28433704,
        -0.4028077,
        -0.60540295,
        -0.8262551,
        -1.025804,
        -1.2054262,
        -1.3522873,
        -1.4201839,
        -1.42788,
        -1.3489127,
        -1.2480662,
        -1.1568279,
        -1.032651,
        -0.979136,
        -1.0088296,
        -1.0934792,
        -1.2358923,
        -1.3600335,
        -1.502353,
        -1.5821719,
        -1.5859551,
        -1.521698,
        -1.4332771,
        -1.3548265,
        -1.2797577,
        -1.2251387,
        -1.203104,
        -1.2091169,
        -1.2313719,
        -1.2506945,
        -1.2528291,
        -1.2568405,
        -1.2339437,
        -1.1910667,
        -1.1329088,
        -1.0951953,
        -1.0466638,
        -0.9848931,
        -0.9528017,
        -0.921649,
        -0.84820795,
        -0.8137121,
        -0.7414856,
        -0.69617796,
        -0.6228137,
        -0.54309416,
        -0.47372246,
        -0.43137026,
        -0.41341877,
        -0.37885523,
        -0.36097288,
        -0.31639004,
        -0.25931597,
        -0.1990056,
        -0.14475346,
        -0.09156656,
        -0.022437096,
        0.017277718,
        0.05146551,
        0.089521885,
        0.11687088,
        0.121412754,
        0.15093899
    ],