{
    "class": "xneg",
    "duration_ms": 700,
    "x": [
        0.21206525,
        0.15483987,
        0.15595818,
        0.19470769,
        0.21018845,
        0.23941079,
        0.27645844,
        0.30346972,
        0.31640142,
        0.25607294,
        0.208081,
        0.16482303,
        0.15456885,
        0.14157292,
        0.13539922,
        0.10964483,
        0.070993185,
        0.014092684,
        -0.03778106,
        -0.08028865,
        -0.12827265,
        -0.18216634,
        -0.19478977,
        -0.16183156,
        -0.08592677,
        -0.07629168,
        -0.06308025,
        -0.088945985,
        -0.08472109,
        -0.057782292,
        -0.055660248,
        -0.06608701,
        -0.110093296,
        -0.17537785,
        -0.2141822,
        -0.33842635,
        -0.48076707,
        -0.6365475,
        -0.84159887,
        -1.0624847,
        -1.3994946,
        -1.8575861,
        -2.3732724,
        -3.0118005,
        -3.7627382,
        -4.6074142,
        -5.515607,
        -6.459386,
        -7.3312016,
        -8.1683,
        -8.861793,
        -9.297484,
        -9.728458,
        -10.050449,
        -10.173453,
        -10.10047,
        -9.905076,
        -9.349796,
        -8.290496,
        -6.626183,
        -4.632269,
        -2.4654286,
        -0.18953729,
        2.1044147,
        4.3705473,
        6.498454,
        8.566446,
        10.607153,
        12.499294,
        14.215523,
        15.59034,
        16.504763,
        17.067823,
        17.370323,
        17.225761,
        16.653614,
        15.6016865,
        14.32733,
        12.937547,
        11.48246,
        10.042014,
        8.595972,
        7.257852,
        6.0505996,
        5.0170836,
        4.162514,
        3.425005,
        2.7597365,
        2.1387246,
        1.5194317,
        0.77779883,
        -0.1226373,
        -1.0703884,
        -2.045884,
        -2.9679234,
        -3.76503,
        -4.815249,
        -5.7859225,
        -6.521331,
        -7.1473255,
        -7.5065374,
        -7.6558714,
        -7.6206045,
        -7.401786,
        -7.040696,
        -6.5400863,
        -6.0249534,
        -5.573072,
        -5.2172055,
        -4.9116883,
        -4.580187,
        -4.1676307,
        -3.6759717,
        -3.1403148,
        -2.6172404,
        -2.1511974,
        -1.7270883,
        -1.3373976,
        -1.005873,
        -0.6868185,
        -0.40621352,
        -0.1227237,
        0.12105638,
        0.30184343,
        0.4153474,
        0.49784195,
        0.5447986,
        0.54665875,
        0.5367585,
        0.5147351,
        0.47787172,
        0.4354378,
        0.38488445,
        0.3307086,
        0.24611521,
        0.20236614,
        0.11997712,
        0.053568006,
        0.007615924,
        -0.0037603378,
        0.045811236,
        0.17325503,
        0.2976083,
        0.39533365,
        0.5003158,
        0.5795375,
        0.6333444,
        0.60942066
    ],
    "y": [
        -0.08420706,
        -0.055143356,
        0.032610893,
        0.08163977,
        0.13782501,
        0.19204235,
        0.25879717,
        0.28586864,
        0.25687504,
        0.19822073,
        0.14551067,
        0.0770092,
        0.056773663,
        0.06758642,
        0.04739809,
        0.055752277,
        0.030627728,
        0.0030927658,
        0.020534992,
        0.030238628,
        0.036928177,
        0.052396774,
        0.06953001,
        0.057611942,
        0.02666378,
        -0.032498837,
        -0.09586716,
        -0.12786484,
        -0.16209936,
        -0.16778278,
        -0.1784277,
        -0.19409418,
        -0.19583797,
        -0.20042658,
        -0.19353104,
        -0.19414568,
        -0.18787432,
        -0.1841836,
        -0.19010401,
        -0.2078023,
        -0.24426126,
        -0.31609297,
        -0.39237785,
        -0.44488525,
        -0.5136118,
        -0.6416116,
        -0.7533431,
        -0.90471315,
        -1.1152534,
        -1.408639,
        -1.8174901,
        -2.3453536,
        -2.6391668,
        -2.8457837,
        -3.0611777,
        -3.309205,
        -3.6781783,
        -4.1368876,
        -4.6495748,
        -5.0278273,
        -5.1965237,
        -5.081516,
        -4.643572,
        -4.0000715,
        -3.3451595,
        -2.7652802,
        -2.1938653,
        -1.6389523,
        -1.1090264,
        -0.68175364,
        -0.24547672,
        0.24709082,
        0.7984433,
        1.3232803,
        1.8256688,
        2.1791244,
        2.363636,
        2.321773,
        1.9728723,
        1.3917289,
        0.86769056,
        0.4717331,
        0.3222127,
        0.31689262,
        0.38688564,
        0.42008924,
        0.2568369,
        -0.092592716,
        -0.6154432,
        -1.2940421,
        -1.9384613,
        -2.5312228,
        -2.961916,
        -3.2351642,
        -3.441916,
        -3.5751991,
        -3.2050972,
        -2.7175756,
        -2.251758,
        -1.8795233,
        -1.6964636,
        -1.762147,
        -1.9709969,
        -2.2056155,
        -2.365436,
        -2.4645886,
        -2.5078025,
        -2.4306607,
        -2.2742682,
        -2.0750198,
        -1.9123125,
        -1.8558235,
        -1.8244071,
        -1.815773,
        -1.7918892,
        -1.74823,
        -1.6419892,
        -1.4614725,
        -1.2643561,
        -1.0387211,
        -0.8061609,
        -0.63592243,
        -0.45846367,
        -0.29755878,
        -0.1698184,
        -0.041736603,
        0.07472229,
        0.19144058,
        0.30587673,
        0.4321947,
        0.5367613,
        0.5979128,
        0.673028,
        0.6853962,
        0.6731944,
        0.6434045,
        0.61972237,
        0.58517647,
        0.5325699,
        0.44267797,
        0.36814308,
        0.25164366,
        0.16277552,
        0.10400772,
        0.08265543,
        0.113283634,
        0.105208874,
        0.099402905
    ],