{
    "class": "xneg",
    "duration_ms": 700,
    "x": [
        0.158039,
        0.16557506,
        0.17844915,
        0.1873714,
        0.15445927,
        0.15357977,
        0.12263557,
        0.08306283,
        0.022825569,
        -0.017827153,
        -0.043994695,
        -0.04391712,
        -0.04653749,
        -0.046966493,
        -0.03567773,
        0.0016173422,
        0.03631684,
        0.08767632,
        0.098659635,
        0.109953016,
        0.0668765,
        0.026625484,
        -0.025183052,
        -0.08151263,
        -0.12104902,
        -0.1605219,
        -0.18806446,
        -0.213292,
        -0.20514989,
        -0.15897593,
        -0.14148462,
        -0.08341181,
        -0.015877128,
        0.039803833,
        0.08839619,
        0.1633812,
        0.23846667,
        0.28999996,
        0.32046753,
        0.34427235,
        0.36140835,
        0.39559543,
        0.42304018,
        0.45341998,
        0.49171388,
        0.56883276,
        0.64898473,
        0.7417714,
        0.84251356,
        0.9585755,
        1.085479,
        1.237808,
        1.4348649,
        1.6198214,
        1.721703,
        1.7315233,
        1.6423504,
        1.5112605,
        1.3138603,
        1.0971161,
        0.8960767,
        0.66742736,
        0.4444247,
        0.1820854,
        -0.06439197,
        -0.477857,
        -1.0169126,
        -1.7571584,
        -2.6386218,
        -3.6060321,
        -4.7974086,
        -6.1123414,
        -7.5185328,
        -8.982266,
        -10.48235,
        -11.782139,
        -12.722062,
        -13.161656,
        -13.231181,
        -13.112623,
        -12.736416,
        -12.131086,
        -11.2750025,
        -10.208398,
        -9.026305,
        -7.6537247,
        -6.226023,
        -4.717998,
        -3.0976596,
        -1.3257807,
        0.6540028,
        2.8738673,
        5.325989,
        7.8395424,
        10.090382,
        11.457048,
        12.92456,
        13.723439,
        14.067755,
        14.362132,
        14.336584,
        13.912019,
        12.556317,
        10.803998,
        9.318611,
        8.024009,
        6.866854,
        5.8069396,
        4.8737917,
        4.0491047,
        3.358038,
        2.7809048,
        2.3081818,
        1.9231741,
        1.5736614,
        1.3103923,
        1.0693796,
        0.8464931,
        0.6398479,
        0.43074965,
        0.24093711,
        0.06343281,
        -0.111558676,
        -0.2629131,
        -0.4700812,
        -0.6761725,
        -0.8410963,
        -0.9509158,
        -1.0226707,
        -1.0684254,
        -1.1215973,
        -1.1891135,
        -1.2588165,
        -1.3305839,
        -1.4043125,
        -1.4895315,
        -1.5648642,
        -1.5944204,
        -1.534966,
        -1.4841716,
        -1.455801,
        -1.3488095,
        -1.2656093,
        -1.1603945,
        -1.1092998,
        -1.0761461,
        -1.0655968,
        -1.0730598
    ],
    "y": [
        0.10037327,
        0.13814354,
        0.10685158,
        0.118691444,
        0.13764668,
        0.149333,
        0.15143299,
        0.1415577,
        0.11502361,
        0.10282898,
        0.05021572,
        0.06670284,
        0.03773594,
        0.053962708,
        0.029522896,
        0.028903961,
        0.037683487,
        0.03208065,
        0.014533043,
        0.030225754,
        0.045578003,
        0.07016182,
        0.06589317,
        0.063996315,
        0.012183189,
        -0.02260971,
        -0.052321434,
        -0.06506634,
        -0.07515049,
        -0.07302761,
        -0.08011627,
        -0.06540966,
        -0.064741135,
        -0.035280228,
        -0.017749786,
        -0.016896248,
        -0.035103798,
        -0.043745995,
        -0.050131798,
        -0.042456627,
        -0.06603813,
        -0.032769203,
        -0.047624588,
        -0.03660488,
        -0.009392738,
        -0.0063972473,
        -0.0059928894,
        0.0038366318,
        0.0039987564,
        0.03037548,
        0.025950432,
        0.05289364,
        0.06594658,
        0.06538391,
        0.058530807,
        0.033543587,
        0.02138424,
        0.05038929,
        0.025193214,
        -0.023036003,
        -0.12510109,
        -0.27818775,
        -0.43679142,
        -0.6008363,
        -0.77027655,
        -0.99016666,
        -1.3004065,
        -1.491498,
        -1.5956187,
        -1.6111245,
        -1.5563216,
        -1.5449958,
        -1.521451,
        -1.4875627,
        -1.5098009,
        -1.7304282,
        -2.1085348,
        -2.5253124,
        -2.693687,
        -2.5991845,
        -2.3730564,
        -2.2709112,
        -2.4766798,
        -2.9352903,
        -3.5322723,
        -4.103322,
        -4.563677,
        -4.874613,
        -4.957218,
        -4.826417,
        -4.485807,
        -3.8513417,
        -3.0767164,
        -2.2062016,
        -1.3966928,
        -0.3694558,
        0.10495758,
        0.42227268,
        0.61522675,
        0.7412119,
        0.6833496,
        0.49959087,
        0.47548866,
        0.66991043,
        0.99840975,
        1.2137752,
        1.3672967,
        1.454823,
        1.4816227,
        1.4576406,
        1.4094801,
        1.3922653,
        1.3317928,
        1.2639799,
        1.1698561,
        1.0663147,
        0.92251873,
        0.74598885,
        0.5466404,
        0.31994343,
        0.097213745,
        -0.090423584,
        -0.19995022,
        -0.33187485,
        -0.34275866,
        -0.3118229,
        -0.28476763,
        -0.307333,
        -0.37980366,
        -0.44975424,
        -0.57237625,
        -0.68800306,
        -0.78241634,
        -0.8078842,
        -0.86493397,
        -0.9080944,
        -0.92532635,
        -0.92618465,
        -0.9534602,
        -0.8826246,
        -0.7853279,
        -0.64233255,
        -0.55642414,
        -0.48435974,
        -0.42369413,
        -0.3672719,
        -0.3055992,
        -0.24119186
    ],