{
    "class": "xneg",
    "duration_ms": 700,
    "x": [
        1.4316455,
        1.7102101,
        1.9862286,
        2.2048376,
        2.3991313,
        2.613225,
        2.7668827,
        2.8948524,
        2.9258616,
        2.874189,
        2.7723324,
        2.645508,
        2.4947205,
        2.3396175,
        2.2076633,
        2.0287325,
        1.797317,
        1.5581244,
        1.3011172,
        1.0286722,
        0.7648572,
        0.5026922,
        0.16588277,
        -0.24271345,
        -0.66997725,
        -1.1490588,
        -1.6990447,
        -2.2793446,
        -2.8737204,
        -3.5474014,
        -4.2266483,
        -5.0536356,
        -5.9361534,
        -6.8324475,
        -7.7009244,
        -8.54766,
        -9.332921,
        -10.155305,
        -11.033519,
        -11.919031,
        -12.658087,
        -13.226682,
        -13.612888,
        -13.7258,
        -13.648493,
        -13.141068,
        -12.499282,
        -11.764281,
        -10.888962,
        -9.947552,
        -8.875106,
        -7.764825,
        -6.5761995,
        -5.2833157,
        -4.013823,
        -2.7955928,
        -1.5353658,
        -0.22945547,
        1.1305523,
        2.6323698,
        4.153813,
        5.77642,
        7.4411306,
        9.066374,
        10.409606,
        11.187011,
        12.412652,
        13.509818,
        14.299092,
        14.812267,
        14.897384,
        14.593702,
        14.197615,
        13.677159,
        13.068085,
        12.392927,
        11.656195,
        10.8943405,
        10.055861,
        9.167917,
        8.309998,
        7.4661474,
        6.5941744,
        5.797827,
        5.0847907,
        4.4339304,
        3.776174,
        3.0852726,
        2.3919568,
        1.6478431,
        0.9476956,
        0.2232812,
        -0.45280707,
        -1.1014731,
        -1.7149123,
        -2.3112688,
        -2.860805,
        -3.3693686,
        -3.8424022,
        -4.191582,
        -4.3499985,
        -4.3893204,
        -4.35682,
        -4.2277336,
        -4.096555,
        -3.947725,
        -3.8497825,
        -3.7352576,
        -3.7378883,
        -3.635177,
        -3.5682678,
        -3.4822247,
        -3.339196,
        -3.117972,
        -2.8595028,
        -2.5516906,
        -2.220527,
        -1.8561816,
        -1.511069,
        -1.2112107,
        -0.9442427,
        -0.77192813,
        -0.6484009,
        -0.59052455,
        -0.56980026,
        -0.62464064,
        -0.69799286,
        -0.74440616,
        -0.81648755,
        -0.8063345,
        -0.7924424,
        -0.70472044,
        -0.5637124,
        -0.43798625,
        -0.3343044,
        -0.27855867,
        -0.25888336,
        -0.30192202,
        -0.2907511,
        -0.26680028,
        -0.2545938,
        -0.24508399,
        -0.21707267,
        -0.20417696,
        -0.15627706,
        -0.16445655,
        -0.13074905,
        -0.103096366,
        -0.0694468
    ],
    "y": [
        0.6278987,
        0.79287624,
        0.9380388,
        1.0133929,
        1.0312514,
        0.9849639,
        0.90087557,
        0.84129953,
        0.8302765,
        0.8055191,
        0.78843355,
        0.72373295,
        0.6638689,
        0.56086445,
        0.4550581,
        0.32232714,
        0.19597292,
        0.1258359,
        0.020781994,
        -0.11215925,
        -0.2297616,
        -0.39160633,
        -0.5518012,
        -0.7648659,
        -0.975379,
        -1.0992603,
        -1.2273645,
        -1.3548684,
        -1.4865966,
        -1.6797919,
        -1.8887963,
        -2.1516514,
        -2.4276462,
        -2.7288537,
        -3.0601513,
        -3.4476569,
        -3.8788188,
        -4.242628,
        -4.521288,
        -4.701441,
        -4.769188,
        -4.8372054,
        -4.9940543,
        -5.2375703,
        -5.5828295,
        -5.997317,
        -6.410387,
        -6.5175242,
        -6.92803,
        -7.430307,
        -7.7269588,
        -7.805843,
        -7.7461157,
        -7.5292983,
        -7.2068033,
        -6.813915,
        -6.3863635,
        -5.955475,
        -5.514776,
        -5.020089,
        -4.537655,
        -4.059786,
        -3.533225,
        -2.8927214,
        -2.1104832,
        -0.96610165,
        -0.31591558,
        0.15718031,
        0.5047498,
        0.78025913,
        1.1014433,
        1.5670815,
        2.0872226,
        2.56009,
        2.8928819,
        2.9566941,
        2.8785014,
        2.6944742,
        2.529654,
        2.3657637,
        2.2350926,
        2.1483645,
        2.0083923,
        1.8279047,
        1.5718045,
        1.2960696,
        0.93000746,
        0.5488858,
        0.17287731,
        -0.17551327,
        -0.4548397,
        -0.71701384,
        -0.95172024,
        -1.0867081,
        -1.1885476,
        -1.2664199,
        -1.3177338,
        -1.3568807,
        -1.3911514,
        -1.444819,
        -1.5061541,
        -1.6018007,
        -1.7417221,
        -1.9167657,
        -2.0937343,
        -2.203586,
        -2.2562737,
        -2.2305284,
        -2.162717,
        -2.1394072,
        -2.1106663,
        -2.0671155,
        -2.0233085,
        -2.043923,
        -2.0262632,
        -2.0232532,
        -2.025432,
        -1.9969213,
        -1.9497476,
        -1.8887553,
        -1.7923865,
        -1.6534038,
        -1.5005407,
        -1.3552556,
        -1.1981454,
        -1.0410099,
        -0.8979802,
        -0.807055,
        -0.7414632,
        -0.6913223,
        -0.6061697,
        -0.579164,
        -0.5023484,
        -0.42592764,
        -0.33556557,
        -0.2481966,
        -0.1496172,
        -0.04731655,
        0.027367115,
        0.0955925,
        0.11408234,
        0.09935427,
        0.11579943,
        0.14635849,
        0.18602085,
        0.17251158,
        0.20632267,
        0.2060237,
        0.20755911
    ],