{
    "class": "xneg",
    "duration_ms": 700,
    "x": [
        0.25079566,
        0.32146955,
        0.40926135,
        0.49084774,
        0.54058963,
        0.54470557,
        0.4986514,
        0.4689639,
        0.39563078,
        0.33315796,
        0.27640343,
        0.23699677,
        0.20504332,
        0.18982607,
        0.18882126,
        0.14509737,
        0.10174042,
        0.07019979,
        0.016943574,
        -0.05557704,
        -0.09002352,
        -0.13395607,
        -0.15619278,
        -0.11844945,
        -0.032728553,
        0.020139337,
        0.0738219,
        0.13543749,
        0.23106867,
        0.37232065,
        0.52814615,
        0.6109535,
        0.6382907,
        0.64357984,
        0.63606393,
        0.62236816,
        0.6427084,
        0.73277354,
        0.8519084,
        1.0120451,
        1.2603056,
        1.5485092,
        1.8175058,
        2.063356,
        2.2484694,
        2.3659046,
        2.4084024,
        2.2571013,
        1.913187,
        1.4229206,
        0.8771906,
        0.3279922,
        -0.20628905,
        -0.7141397,
        -1.2075553,
        -1.5887878,
        -1.4191475,
        -2.5079904,
        -3.5284667,
        -4.698369,
        -6.0544605,
        -7.891966,
        -9.767213,
        -11.393627,
        -12.414495,
        -13.70603,
        -14.980986,
        -15.541712,
        -15.438958,
        -14.965351,
        -14.325874,
        -13.433215,
        -12.123494,
        -9.837728,
        -7.477683,
        -5.3168006,
        -3.2411675,
        -1.2021779,
        0.94597155,
        3.1929853,
        5.471334,
        7.730644,
        9.94133,
        11.818642,
        13.137195,
        14.124252,
        14.8897505,
        15.196038,
        14.838953,
        13.9063015,
        12.681679,
        11.438358,
        10.208094,
        8.991983,
        7.79424,
        6.6604333,
        5.5912495,
        4.64237,
        3.7859218,
        3.015739,
        2.383439,
        1.8552493,
        1.3812518,
        0.9692951,
        0.57001686,
        0.18928057,
        -0.17214939,
        -0.5162655,
        -0.82625026,
        -1.1503108,
        -1.4363693,
        -1.6994141,
        -1.9326673,
        -2.0191696,
        -2.0979304,
        -2.1595192,
        -2.1441846,
        -2.0638285,
        -2.0183485,
        -2.026347,
        -2.0754755,
        -2.1655514,
        -2.2437155,
        -2.2717118,
        -2.242414,
        -2.1746962,
        -2.044212,
        -1.8817418,
        -1.7587497,
        -1.6627709,
        -1.5792713,
        -1.52725,
        -1.4540882,
        -1.3670235,
        -1.2397065,
        -1.1151257,
        -0.9713611,
        -0.8345092,
        -0.73058283,
        -0.6546558,
        -0.6690145,
        -0.70936954,
        -0.73548555,
        -0.77171147,
        -0.81592304,
        -0.7964146,
        -0.7660093,
        -0.7174711
    ],
    "y": [
        0.12021637,
        0.114645004,
        0.13553238,
        0.15657997,
        0.16113377,
        0.14214325,
        0.08540058,
        0.0195961,
        -0.04586506,
        -0.113446236,
        -0.14756775,
        -0.16759491,
        -0.22821522,
        -0.23173332,
        -0.23086643,
        -0.1758318,
        -0.13122463,
        -0.09226513,
        -0.05656433,
        -0.035954475,
        0.0054302216,
        0.048602104,
        0.09377766,
        0.11266422,
        0.09860897,
        0.111483574,
        0.11535263,
        0.12670326,
        0.11207104,
        0.047904015,
        -0.025011063,
        -0.07090473,
        -0.09224415,
        -0.124708176,
        -0.11348724,
        -0.10876751,
        -0.053570747,
        0.03731346,
        0.08506775,
        0.12776756,
        0.087023735,
        0.06324196,
        0.018444061,
        0.033510208,
        0.024943352,
        -0.0024032593,
        0.011069298,
        -0.008546829,
        -0.034816742,
        -0.09845543,
        -0.1705513,
        -0.26528645,
        -0.40369606,
        -0.51655006,
        -0.63740015,
        -0.82304955,
        -1.4888105,
        -1.5742373,
        -1.5952368,
        -1.7371507,
        -2.135089,
        -2.3649588,
        -2.3479514,
        -2.1650243,
        -1.9318686,
        -1.9398627,
        -2.1044059,
        -2.3786788,
        -2.8300462,
        -3.4272714,
        -4.095783,
        -4.713029,
        -5.273464,
        -5.745316,
        -6.059556,
        -6.0670586,
        -5.770214,
        -5.209918,
        -4.382197,
        -3.496642,
        -2.6603994,
        -1.8949528,
        -1.2032156,
        -0.7773571,
        -0.5364132,
        -0.29843807,
        -0.076737404,
        0.09940338,
        0.31837177,
        0.7120743,
        1.0682802,
        1.3044462,
        1.3644257,
        1.2589741,
        1.115634,
        1.0162086,
        0.96557426,
        1.0114374,
        1.0794392,
        1.1215897,
        1.1591854,
        1.1323862,
        1.0748186,
        0.90785503,
        0.7276964,
        0.54196453,
        0.4061346,
        0.32305813,
        0.27157688,
        0.24969387,
        0.17400265,
        0.18581486,
        0.23959923,
        0.17031765,
        0.1932354,
        0.16222,
        0.07248402,
        -0.0784111,
        -0.27850056,
        -0.4559374,
        -0.5867567,
        -0.6733732,
        -0.7134075,
        -0.69486713,
        -0.6679497,
        -0.6421976,
        -0.6273222,
        -0.6376953,
        -0.69016266,
        -0.72982883,
        -0.7831087,
        -0.7975626,
        -0.7948432,
        -0.7798171,
        -0.7956681,
        -0.81127834,
        -0.82197237,
        -0.8637271,
        -0.8982315,
        -0.8800974,
        -0.8524232,
        -0.79614735,
        -0.76634216,
        -0.6626673,
        -0.65022945,
        -0.60937786,
        -0.5807867,
        -0.5668602
    ],