{
    "class": "xneg",
    "duration_ms": 700,
    "x": [
        0.17983761,
        0.24110138,
        0.31075066,
        0.34585246,
        0.4217109,
        0.48461977,
        0.61450386,
        0.7647121,
        0.9034466,
        1.068158,
        1.181128,
        1.3291936,
        1.424468,
        1.5297761,
        1.5712495,
        1.6587526,
        1.7151145,
        1.7803857,
        1.7775599,
        1.7492805,
        1.6352042,
        1.4964838,
        1.2432065,
        0.94109416,
        0.5720804,
        0.11600299,
        -0.32251555,
        -0.8349544,
        -1.4288853,
        -2.0927384,
        -2.8716793,
        -3.72939,
        -4.71576,
        -5.7973967,
        -7.028612,
        -8.326102,
        -9.566686,
        -10.626978,
        -11.655372,
        -12.452208,
        -12.6270895,
        -13.111824,
        -13.155846,
        -12.638914,
        -12.600818,
        -12.23603,
        -11.400101,
        -10.208948,
        -8.464607,
        -6.6090984,
        -4.899846,
        -3.2821107,
        -1.7182609,
        -0.12710929,
        1.6638467,
        3.46174,
        5.106224,
        6.688605,
        8.052685,
        8.980052,
        9.573233,
        9.993679,
        10.291058,
        10.533451,
        10.787953,
        11.06752,
        11.246855,
        11.436956,
        11.531,
        11.4972315,
        11.3146305,
        11.032244,
        10.570278,
        9.980776,
        9.401274,
        8.913948,
        8.54303,
        8.288931,
        8.090074,
        7.9450164,
        7.761282,
        7.5231895,
        7.1643887,
        6.7632694,
        6.1680675,
        5.5789003,
        5.071988,
        4.616359,
        4.085618,
        3.4678802,
        2.8583689,
        2.2248688,
        1.5759528,
        0.94246256,
        0.31946707,
        -0.25265193,
        -0.8078897,
        -1.416711,
        -2.085251,
        -2.7580297,
        -3.391157,
        -3.9806294,
        -4.46195,
        -4.8514028,
        -5.1339884,
        -5.277909,
        -5.2729526,
        -5.2069006,
        -5.1055274,
        -4.9777727,
        -4.827853,
        -4.6842275,
        -4.5229397,
        -4.353982,
        -4.1347733,
        -3.8629498,
        -3.5575807,
        -3.234618,
        -2.8501277,
        -2.5035896,
        -2.1366696,
        -1.8731565,
        -1.6458446,
        -1.4357915,
        -1.2671192,
        -1.1617758,
        -1.0604832,
        -0.9568835,
        -0.8948792,
        -0.8754354,
        -0.8706478,
        -0.8428651,
        -0.84274936,
        -0.8797351,
        -0.89808786,
        -0.889565,
        -0.87470376,
        -0.8694918,
        -0.8782928,
        -0.86709136,
        -0.8451063,
        -0.7761968,
        -0.68640924,
        -0.561167,
        -0.43852085,
        -0.27762485,
        -0.090418875,
        0.07309151,
        0.17960322
    ],
    "y": [
        -0.14827108,
        -0.15645409,
        -0.1581111,
        -0.1456685,
        -0.094903946,
        -0.04855013,
        -0.00861454,
        0.008471966,
        0.031446934,
        0.06037283,
        0.06417847,
        0.049966335,
        0.017686367,
        0.012699604,
        -0.0058927536,
        -0.002336979,
        -0.0030384064,
        -0.015265465,
        0.025435448,
        0.059052467,
        0.09509611,
        0.14077568,
        0.16990757,
        0.16587114,
        0.11225176,
        0.07108259,
        0.003698349,
        -0.07608366,
        -0.19766808,
        -0.39053106,
        -0.58846617,
        -0.86182976,
        -1.1395102,
        -1.4363282,
        -1.747622,
        -2.101762,
        -2.543248,
        -2.9963107,
        -3.4209237,
        -3.6957083,
        -3.749432,
        -3.7643723,
        -3.4420886,
        -3.583896,
        -4.3128624,
        -4.8529406,
        -5.519642,
        -6.3246694,
        -6.838034,
        -7.119199,
        -7.2266955,
        -7.1939707,
        -7.086444,
        -6.8314495,
        -6.4743032,
        -5.925477,
        -5.1566763,
        -4.2308116,
        -3.3359284,
        -2.5567355,
        -1.9106542,
        -1.2795208,
        -0.6233685,
        -0.02632165,
        0.51070905,
        0.95026994,
        1.2474589,
        1.4030344,
        1.468641,
        1.5036163,
        1.5029843,
        1.4976149,
        1.5495136,
        1.6010356,
        1.6948278,
        1.806169,
        1.9340701,
        2.0170808,
        2.03625,
        2.0082235,
        1.9493761,
        1.8566227,
        1.7295375,
        1.6301734,
        1.534697,
        1.3640952,
        1.1208177,
        0.81673527,
        0.46602464,
        0.042399406,
        -0.38486528,
        -0.78229666,
        -1.1594589,
        -1.4708617,
        -1.7570238,
        -2.043944,
        -2.3025017,
        -2.5133884,
        -2.6119604,
        -2.708375,
        -2.7191048,
        -2.718697,
        -2.7409132,
        -2.7165313,
        -2.7269123,
        -2.7743068,
        -2.7916214,
        -2.8527932,
        -2.8666716,
        -2.8619537,
        -2.8482442,
        -2.758438,
        -2.654818,
        -2.4967656,
        -2.3585017,
        -2.1755376,
        -2.000719,
        -1.843843,
        -1.7387395,
        -1.6355944,
        -1.5683501,
        -1.4824932,
        -1.407423,
        -1.317277,
        -1.2651958,
        -1.201179,
        -1.1182826,
        -1.0188069,
        -0.94313884,
        -0.826314,
        -0.7086408,
        -0.5562763,
        -0.41427875,
        -0.22031593,
        -0.03416896,
        0.10357714,
        0.24088645,
        0.32031775,
        0.40171933,
        0.42310333,
        0.41347814,
        0.3970816,
        0.369426,
        0.30455732,
        0.25304556,
        0.21507502,
        0.20759058,
        0.24729681,
        0.29574203
    ],