{
    "class": "xneg",
    "duration_ms": 700,
    "x": [
        0.461505,
        0.5106467,
        0.564458,
        0.6232742,
        0.66159356,
        0.697312,
        0.76212746,
        0.83726466,
        0.91782194,
        0.97299194,
        1.069661,
        1.1124752,
        1.1567279,
        1.2381699,
        1.3118495,
        1.3779453,
        1.4108028,
        1.450742,
        1.442545,
        1.3766816,
        1.2957888,
        1.2213717,
        1.1296358,
        1.018255,
        0.9986533,
        1.0228218,
        1.0502961,
        1.1455027,
        1.26534,
        1.3908432,
        1.4508457,
        1.4198408,
        1.3315988,
        1.1171286,
        0.8883693,
        0.6137461,
        0.33541787,
        0.047901392,
        -0.2540459,
        -0.535401,
        -0.80139196,
        -1.059356,
        -1.3207481,
        -1.6443937,
        -2.0275788,
        -2.491767,
        -3.0251198,
        -3.7070973,
        -4.4723425,
        -5.3301334,
        -6.2469497,
        -7.222435,
        -8.308474,
        -9.42713,
        -10.596175,
        -11.625132,
        -12.402542,
        -14.186416,
        -15.398103,
        -16.466803,
        -17.414083,
        -17.679539,
        -17.081347,
        -15.889091,
        -14.279733,
        -12.363418,
        -10.301852,
        -8.186233,
        -5.9607315,
        -3.7499876,
        -1.5982919,
        0.4613334,
        2.74644,
        5.160328,
        7.62983,
        9.725528,
        11.045504,
        11.787722,
        12.246164,
        12.562725,
        12.826164,
        12.99911,
        13.10058,
        13.172521,
        13.281435,
        13.366893,
        13.36869,
        13.250236,
        13.081613,
        12.848591,
        12.617573,
        12.379811,
        12.16112,
        11.89705,
        11.581468,
        11.188741,
        10.718898,
        10.143094,
        9.535521,
        8.76742,
        8.033032,
        7.2368364,
        6.44408,
        5.577211,
        4.683755,
        3.7713537,
        2.8561516,
        1.9343374,
        1.0131056,
        0.093122065,
        -0.80161864,
        -1.6721547,
        -2.4658327,
        -3.234171,
        -3.9745939,
        -4.6261272,
        -5.2220135,
        -5.674205,
        -6.0553613,
        -6.345062,
        -6.532677,
        -6.705108,
        -6.8096695,
        -6.8240395,
        -6.70862,
        -6.466186,
        -6.1582994,
        -5.80527,
        -5.410485,
        -5.005707,
        -4.5602374,
        -4.0745163,
        -3.553791,
        -3.065666,
        -2.606111,
        -2.1807353,
        -1.7958621,
        -1.5133365,
        -1.28771,
        -1.14072,
        -1.0922947,
        -1.1290694,
        -1.2232006,
        -1.3231134,
        -1.4134116,
        -1.5430324,
        -1.6030097,
        -1.6491042,
        -1.6646378
    ],
    "y": [
        -0.008024693,
        0.063979626,
        0.16296673,
        0.23401928,
        0.29624748,
        0.373425,
        0.42981768,
        0.4631281,
        0.41179705,
        0.36451674,
        0.29020023,
        0.23653221,
        0.21034384,
        0.2256546,
        0.23454714,
        0.20638752,
        0.20579433,
        0.20408821,
        0.17295074,
        0.15538025,
        0.14435005,
        0.14692259,
        0.17751169,
        0.1908865,
        0.22292852,
        0.16668224,
        0.09170675,
        0.005094528,
        -0.062179565,
        -0.13424301,
        -0.1825943,
        -0.21232414,
        -0.2117238,
        -0.19991446,
        -0.17451715,
        -0.22105694,
        -0.25100183,
        -0.28117275,
        -0.31182194,
        -0.35008812,
        -0.4269619,
        -0.49684334,
        -0.5779953,
        -0.7335062,
        -0.8885641,
        -1.0259604,
        -1.1741118,
        -1.3500013,
        -1.5181966,
        -1.80868,
        -2.1479392,
        -2.5890803,
        -3.0939038,
        -3.6645415,
        -4.2931566,
        -4.957414,
        -5.677731,
        -6.171015,
        -6.3740616,
        -5.936587,
        -5.591188,
        -5.549873,
        -6.024063,
        -6.9405727,
        -8.018681,
        -8.885755,
        -9.431382,
        -9.665783,
        -9.5592165,
        -9.322134,
        -8.921759,
        -8.261738,
        -7.5524445,
        -6.779708,
        -5.9850025,
        -5.123732,
        -4.149738,
        -3.170402,
        -2.2527566,
        -1.311871,
        -0.45379877,
        0.26272106,
        0.8912649,
        1.4251738,
        1.8840427,
        2.2017403,
        2.4105496,
        2.571536,
        2.751082,
        2.811832,
        2.8194618,
        2.762899,
        2.7596607,
        2.7907147,
        2.7955875,
        2.76375,
        2.6938467,
        2.591446,
        2.4242487,
        2.1267066,
        1.7673731,
        1.3217187,
        0.8038058,
        0.22528362,
        -0.3681655,
        -0.9953296,
        -1.5380454,
        -2.0571496,
        -2.509646,
        -2.8951497,
        -3.2466638,
        -3.470529,
        -3.6268172,
        -3.732723,
        -3.7630637,
        -3.8054378,
        -3.7421477,
        -3.6735637,
        -3.5950463,
        -3.5212243,
        -3.4335265,
        -3.3685782,
        -3.2960997,
        -3.162296,
        -3.0284076,
        -2.8598754,
        -2.6940234,
        -2.525193,
        -2.3808203,
        -2.235522,
        -2.0755606,
        -1.9802656,
        -1.9232836,
        -1.9139137,
        -1.9061799,
        -1.8495159,
        -1.8128853,
        -1.7429047,
        -1.6439323,
        -1.5443025,
        -1.3838019,
        -1.2242651,
        -1.0226574,
        -0.8268857,
        -0.66318655,
        -0.51493216,
        -0.40857935,
        -0.34160137,
        -0.27820587
    ],