{
    "class": "xneg",
    "duration_ms": 700,
    "x": [
        0.42250052,
        0.468243,
        0.5273575,
        0.54989576,
        0.51447344,
        0.4906497,
        0.51408744,
        0.54664344,
        0.588558,
        0.6976557,
        0.84069896,
        0.98437345,
        1.1096747,
        1.2143682,
        1.2700336,
        1.3054255,
        1.2821505,
        1.2479414,
        1.1379521,
        1.0428863,
        0.8811621,
        0.69794583,
        0.5169455,
        0.35214895,
        0.21506405,
        0.026716232,
        -0.12438655,
        -0.2886232,
        -0.4802338,
        -0.62286997,
        -0.86527467,
        -1.1839945,
        -1.5674733,
        -2.004384,
        -2.4429688,
        -2.8719537,
        -3.2942595,
        -3.437499,
        -4.0100927,
        -4.6558933,
        -5.206127,
        -5.594282,
        -5.956681,
        -6.2761526,
        -6.5373335,
        -6.777471,
        -7.0792217,
        -7.408099,
        -7.789739,
        -8.178747,
        -8.606521,
        -9.092677,
        -9.556436,
        -9.938818,
        -10.221496,
        -10.34524,
        -10.3123,
        -10.074351,
        -9.618746,
        -8.746472,
        -7.543017,
        -6.074317,
        -4.3604565,
        -2.346867,
        -0.2436688,
        1.8898995,
        3.9916646,
        5.8289413,
        7.4264984,
        9.009028,
        10.327438,
        11.396596,
        12.492073,
        13.614086,
        14.593413,
        15.377548,
        16.043102,
        16.499308,
        16.736992,
        16.472134,
        15.757523,
        15.092073,
        14.569711,
        13.950298,
        13.348181,
        12.854079,
        12.407913,
        11.949393,
        11.393865,
        10.7231655,
        10.016779,
        9.275305,
        8.473157,
        7.596998,
        6.7004857,
        5.725069,
        4.74652,
        3.7880592,
        2.8637476,
        1.9575685,
        0.9727624,
        -0.0037707658,
        -0.9594694,
        -1.8773096,
        -2.7883494,
        -3.6070428,
        -4.3342447,
        -4.8251014,
        -5.6454716,
        -6.1157923,
        -6.5112543,
        -7.0879955,
        -7.4638224,
        -7.819164,
        -8.0907,
        -8.2128,
        -8.15784,
        -7.8950644,
        -7.371971,
        -6.7387476,
        -6.0302186,
        -5.347833,
        -4.687989,
        -4.0783887,
        -3.5134466,
        -3.0187285,
        -2.5862153,
        -2.238849,
        -1.9544516,
        -1.7013116,
        -1.5653676,
        -1.5274733,
        -1.4992065,
        -1.5431011,
        -1.6405779,
        -1.6676302,
        -1.6508579,
        -1.6163783,
        -1.5663966,
        -1.5270247,
        -1.4502599,
        -1.3477644,
        -1.190709,
        -1.0316806,
        -0.86116946,
        -0.7198361,
        -0.60304034,
        -0.48233414,
        -0.38188052
    ],
    "y": [
        0.18444204,
        0.24307919,
        0.29744434,
        0.3932147,
        0.48022413,
        0.54884243,
        0.5678115,
        0.57292986,
        0.5687628,
        0.5309496,
        0.48782635,
        0.48449707,
        0.45849752,
        0.41688013,
        0.3907547,
        0.33223915,
        0.31083393,
        0.3076172,
        0.3347435,
        0.39715195,
        0.42326927,
        0.43254852,
        0.43954945,
        0.4061556,
        0.33259773,
        0.23355389,
        0.17378616,
        0.08885002,
        0.005109787,
        -0.10149574,
        -0.23353672,
        -0.39118433,
        -0.5243411,
        -0.6738863,
        -0.8446727,
        -1.0104604,
        -1.259553,
        -2.1030746,
        -2.1439075,
        -2.0408063,
        -1.8920946,
        -1.9343209,
        -2.1071248,
        -2.438826,
        -2.8215237,
        -3.2433715,
        -3.6806278,
        -4.147857,
        -4.63812,
        -5.1131725,
        -5.4988165,
        -5.7806735,
        -5.9702363,
        -6.0383835,
        -6.096959,
        -6.094927,
        -6.0746956,
        -6.0235405,
        -6.0103297,
        -6.065543,
        -6.2220855,
        -6.319292,
        -6.2541933,
        -6.0601926,
        -5.6728463,
        -4.973351,
        -4.0159426,
        -2.969798,
        -2.0063133,
        -1.2843418,
        -0.71840477,
        -0.14169455,
        0.37802553,
        0.67007065,
        0.8197789,
        0.8406606,
        0.77266216,
        0.7416129,
        0.8228245,
        1.0365872,
        1.5447307,
        2.1771073,
        2.6995602,
        3.0478854,
        3.165372,
        3.021882,
        2.730731,
        2.4361105,
        2.1503258,
        1.9071269,
        1.6634765,
        1.3788967,
        0.99856806,
        0.55646276,
        0.1008625,
        -0.336555,
        -0.78638506,
        -1.2050171,
        -1.5942645,
        -2.010748,
        -2.4367557,
        -2.8256092,
        -3.1858563,
        -3.4567518,
        -3.671222,
        -3.8909366,
        -4.0891953,
        -4.4833117,
        -4.286439,
        -4.142413,
        -3.9554157,
        -3.6562033,
        -3.3765268,
        -3.0688071,
        -2.793169,
        -2.5332108,
        -2.320489,
        -2.2749329,
        -2.3033466,
        -2.4010992,
        -2.5062366,
        -2.4994483,
        -2.381154,
        -2.1781,
        -2.0197663,
        -1.8609595,
        -1.7354994,
        -1.63415,
        -1.5667658,
        -1.5359516,
        -1.5060182,
        -1.4531536,
        -1.394247,
        -1.3197579,
        -1.1629133,
        -1.0098295,
        -0.8340454,
        -0.69741344,
        -0.58049536,
        -0.47108126,
        -0.3594246,
        -0.33380985,
        -0.3150854,
        -0.31521177,
        -0.3030095,
        -0.27379322,
        -0.1751566,
        -0.07429075,
        0.016707897
    ],