{
    "class": "xneg",
    "duration_ms": 700,
    "x": [
        0.17691982,
        0.23974374,
        0.33227846,
        0.47146094,
        0.5647546,
        0.66024643,
        0.7343793,
        0.7898481,
        0.81264704,
        0.8478958,
        0.90728104,
        0.95969844,
        1.054761,
        1.1253785,
        1.1954393,
        1.2198657,
        1.2513736,
        1.2136769,
        1.1901314,
        1.1635009,
        1.2616833,
        1.4340105,
        1.6544638,
        1.8757386,
        2.0464253,
        2.138795,
        2.1463714,
        2.0625699,
        1.8829892,
        1.5485537,
        1.1235514,
        0.61682904,
        0.120296,
        -0.33872747,
        -0.74729764,
        -1.1278392,
        -1.5452536,
        -1.9706628,
        -2.4481213,
        -3.0398455,
        -3.7800765,
        -4.653081,
        -5.6363125,
        -6.6676636,
        -7.6524334,
        -8.619825,
        -9.541225,
        -10.344658,
        -11.050583,
        -11.444922,
        -11.614946,
        -11.333841,
        -11.878056,
        -12.204065,
        -12.305709,
        -12.066766,
        -11.188334,
        -9.8011,
        -8.212998,
        -6.738191,
        -5.311856,
        -3.6707048,
        -1.8508514,
        0.000120162964,
        1.9246978,
        3.7957053,
        5.6719103,
        7.4086733,
        9.120465,
        10.908882,
        12.442707,
        13.236706,
        14.307577,
        14.627668,
        15.076348,
        15.292764,
        15.230798,
        14.974449,
        14.661514,
        14.362385,
        13.771584,
        12.584048,
        11.198083,
        9.958382,
        8.946677,
        8.066019,
        7.190522,
        6.288393,
        5.4125195,
        4.561075,
        3.7251842,
        2.8647761,
        1.9989879,
        1.1771648,
        0.38371146,
        -0.34185702,
        -1.0986764,
        -1.8086247,
        -2.4751303,
        -2.9719791,
        -3.509142,
        -4.1904984,
        -4.7206016,
        -5.2703648,
        -5.6995573,
        -5.97078,
        -6.0508394,
        -5.937456,
        -5.7448335,
        -5.4573054,
        -5.0948696,
        -4.7824836,
        -4.460742,
        -4.1804237,
        -3.9541876,
        -3.7016273,
        -3.4191558,
        -3.1272101,
        -2.820003,
        -2.5162692,
        -2.2397952,
        -2.0314794,
        -1.8560442,
        -1.776603,
        -1.7344688,
        -1.7353758,
        -1.7227916,
        -1.7118014,
        -1.7172637,
        -1.6917232,
        -1.6735747,
        -1.6461049,
        -1.5757135,
        -1.512406,
        -1.4293475,
        -1.2661209,
        -1.1033833,
        -0.9378481,
        -0.76173973,
        -0.615178,
        -0.44990158,
        -0.3350197,
        -0.2756257,
        -0.23370361,
        -0.23136938,
        -0.22156858,
        -0.22889555,
        -0.24427366,
        -0.2679571
    ],
    "y": [
        0.11171818,
        0.17858076,
        0.21941376,
        0.23198366,
        0.19747734,
        0.14005375,
        0.12625313,
        0.08411932,
        0.072918415,
        0.097007275,
        0.087070465,
        0.0978899,
        0.09844303,
        0.11487627,
        0.09722805,
        0.10534334,
        0.15562105,
        0.18372202,
        0.20174837,
        0.23343086,
        0.18361187,
        0.14314032,
        0.05975771,
        0.021659851,
        0.01437664,
        0.016444683,
        0.039885998,
        0.077711105,
        0.111231804,
        0.16214848,
        0.18770742,
        0.16671562,
        0.10648584,
        0.016685486,
        -0.08599043,
        -0.16841984,
        -0.28316832,
        -0.44042206,
        -0.5809636,
        -0.66675234,
        -0.7413826,
        -0.7840295,
        -0.79803944,
        -0.87323284,
        -0.9845753,
        -1.1737366,
        -1.4557033,
        -1.7494559,
        -2.0810199,
        -2.5306396,
        -2.809641,
        -3.1001034,
        -3.5148396,
        -3.991792,
        -4.5235987,
        -4.9972363,
        -5.5502834,
        -6.165224,
        -6.705613,
        -7.0193152,
        -7.160592,
        -7.093467,
        -6.854124,
        -6.3764906,
        -5.7580543,
        -4.9920187,
        -4.230611,
        -3.5977218,
        -3.131319,
        -2.6465306,
        -2.0490866,
        -0.9434309,
        0.4077139,
        2.056065,
        3.1625686,
        3.433239,
        2.909689,
        1.5430322,
        0.754858,
        0.72477436,
        0.806087,
        1.0713339,
        1.3514414,
        1.4281406,
        1.313386,
        1.0265293,
        0.6627593,
        0.25694036,
        -0.10401678,
        -0.42912388,
        -0.686604,
        -0.95470047,
        -1.1464653,
        -1.3115296,
        -1.4182715,
        -1.5119157,
        -1.5064511,
        -1.4667945,
        -1.4289355,
        -1.6943069,
        -1.59795,
        -1.4588017,
        -1.3420568,
        -1.2484679,
        -1.2481246,
        -1.3869076,
        -1.622221,
        -1.9471598,
        -2.2566853,
        -2.4843016,
        -2.5803652,
        -2.5718207,
        -2.4950824,
        -2.3290248,
        -2.2029543,
        -2.1024957,
        -2.0201626,
        -1.955689,
        -1.9565992,
        -1.919641,
        -1.8614912,
        -1.7942019,
        -1.6868758,
        -1.5612617,
        -1.3937588,
        -1.2540498,
        -1.1208334,
        -0.98698807,
        -0.89572954,
        -0.82551813,
        -0.7524357,
        -0.6979418,
        -0.64992094,
        -0.60829306,
        -0.5368757,
        -0.49522543,
        -0.44697905,
        -0.42520142,
        -0.39816284,
        -0.33918428,
        -0.28850794,
        -0.2004056,
        -0.089128494,
        -0.028826714,
        0.061779022,
        0.12026644,
        0.16321039,
        0.20001268,
        0.18979263
    ],