{
    "class": "xneg",
    "duration_ms": 700,
    "x": [
        0.11350107,
        0.2684312,
        0.38827693,
        0.47101104,
        0.5118997,
        0.5181412,
        0.5066797,
        0.5089616,
        0.5400578,
        0.60030234,
        0.68518007,
        0.779885,
        0.862182,
        0.93376815,
        0.9940707,
        1.0282379,
        1.0289372,
        0.98648036,
        0.92445314,
        0.85241884,
        0.7822575,
        0.7089713,
        0.63509923,
        0.5515554,
        0.4702509,
        0.39104307,
        0.3065859,
        0.21969318,
        0.13076437,
        0.057231426,
        -0.0004197359,
        -0.046682,
        -0.08860564,
        -0.12897265,
        -0.16312659,
        -0.20332348,
        -0.25011384,
        -0.3041197,
        -0.3513806,
        -0.399166,
        -0.4379319,
        -0.4678725,
        -0.48694146,
        -0.48563433,
        -0.4663185,
        -0.43623626,
        -0.40496743,
        -0.38451397,
        -0.372486,
        -0.36376333,
        -0.35083044,
        -0.32848167,
        -0.28204048,
        -0.20876288,
        -0.11547327,
        -0.016546607,
        0.06597304,
        0.11936891,
        0.14999318,
        0.16187143,
        0.16384232,
        0.18141234,
        0.1972667,
        0.19739366,
        0.1867168,
        0.17005765,
        0.15698218,
        0.14566314,
        0.12741256,
        0.107560515,
        0.10356903,
        0.10420227,
        0.10309285,
        0.110143185,
        0.11566174,
        0.1314466,
        0.14505577,
        0.16320193,
        0.18738097,
        0.22137308,
        0.25313038,
        0.26678112,
        0.27749872,
        0.2768704,
        0.27344173,
        0.2660481,
        0.25281283,
        0.2285614,
        0.1776255,
        0.112997025,
        0.0015145838,
        -0.16378358,
        -0.38356185,
        -0.6587274,
        -1.0093836,
        -1.4307914,
        -1.9190527,
        -2.470763,
        -3.1702006,
        -4.0235243,
        -4.9915967,
        -6.001177,
        -7.026674,
        -8.052058,
        -9.03662,
        -9.913262,
        -10.674857,
        -11.330957,
        -11.888807,
        -12.346321,
        -12.67482,
        -12.779077,
        -12.557794,
        -12.054865,
        -11.306909,
        -10.295773,
        -9.041895,
        -7.6018825,
        -5.991456,
        -4.279443,
        -2.5190005,
        -0.75462747,
        0.9709935,
        2.6099625,
        4.132544,
        5.5133176,
        6.772446,
        7.921256,
        8.986009,
        10.000889,
        10.9841585,
        11.920689,
        12.737249,
        13.369032,
        13.764517,
        13.907476,
        13.817673,
        13.553368,
        13.158881,
        12.669241,
        12.109816,
        11.491683,
        10.821077,
        10.084585,
        9.278106,
        8.404627,
        7.474566,
        6.503148
    ],
    "y": [
        0.28496027,
        0.2759447,
        0.26765633,
        0.26485395,
        0.2626152,
        0.25131464,
        0.23565722,
        0.22752237,
        0.22926188,
        0.24579859,
        0.27038622,
        0.30827713,
        0.34556007,
        0.3777771,
        0.3956952,
        0.40647888,
        0.41969728,
        0.44225502,
        0.47391272,
        0.5143633,
        0.54905367,
        0.55627394,
        0.5502715,
        0.5428624,
        0.5385356,
        0.54205227,
        0.5393319,
        0.5355077,
        0.5333152,
        0.53069687,
        0.5159216,
        0.49638748,
        0.4673953,
        0.42660236,
        0.37869644,
        0.32368946,
        0.26632404,
        0.21616459,
        0.17541075,
        0.1417799,
        0.1201787,
        0.09874725,
        0.07281017,
        0.040033817,
        -0.006585598,
        -0.059725285,
        -0.11691666,
        -0.16153765,
        -0.1769309,
        -0.17517138,
        -0.15884686,
        -0.13756561,
        -0.11392832,
        -0.09764719,
        -0.074581146,
        -0.06641483,
        -0.05419445,
        -0.038189888,
        -0.01871109,
        0.015843391,
        0.055701256,
        0.07230711,
        0.08254528,
        0.09817982,
        0.12616062,
        0.15689945,
        0.1904831,
        0.23408031,
        0.2779951,
        0.3126173,
        0.32623768,
        0.3191948,
        0.30851173,
        0.29672718,
        0.27925968,
        0.24679756,
        0.20191479,
        0.1495409,
        0.10419083,
        0.07554531,
        0.058790207,
        0.058740616,
        0.056124687,
        0.05812931,
        0.05758953,
        0.04727173,
        0.027041435,
        -0.007980347,
        -0.06734753,
        -0.16060162,
        -0.2831478,
        -0.40651894,
        -0.52582645,
        -0.64328766,
        -0.7779417,
        -0.94710445,
        -1.1660461,
        -1.4560642,
        -1.8200197,
        -2.1920424,
        -2.5097117,
        -2.7414346,
        -2.9649906,
        -3.2553601,
        -3.613584,
        -4.0241323,
        -4.473814,
        -4.9444838,
        -5.413238,
        -5.8573685,
        -6.2591352,
        -6.608314,
        -6.911887,
        -7.1391,
        -7.2621627,
        -7.24178,
        -7.070076,
        -6.751397,
        -6.314428,
        -5.771213,
        -5.1454997,
        -4.489344,
        -3.818615,
        -3.1561642,
        -2.4932122,
        -1.8349166,
        -1.198102,
        -0.59728146,
        -0.025364876,
        0.51275253,
        0.99522877,
        1.4050016,
        1.720561,
        1.9376497,
        2.0834713,
        2.1759062,
        2.2254982,
        2.2354136,
        2.2157516,
        2.1670485,
        2.0780144,
        1.9397783,
        1.7459211,
        1.4996471,
        1.2112112,
        0.90030384,
        0.60064507,
        0.31465244
    ],