{
    "class": "xneg",
    "duration_ms": 700,
    "x": [
        0.3747827,
        0.48316288,
        0.58967674,
        0.6793597,
        0.7940942,
        0.9017651,
        1.0131255,
        1.0459058,
        1.0984626,
        1.0924776,
        1.0240054,
        0.9434173,
        0.8361674,
        0.7494267,
        0.63471234,
        0.6075366,
        0.5712168,
        0.59173846,
        0.5298227,
        0.35460705,
        0.35311812,
        0.4386388,
        0.57477236,
        0.7424677,
        0.96181333,
        1.3178992,
        1.702074,
        2.13238,
        2.4685183,
        2.591278,
        2.5219343,
        2.4919267,
        2.4018312,
        2.2196667,
        1.9924045,
        1.66231,
        1.3896238,
        1.2795372,
        1.2338562,
        1.0520005,
        0.6800033,
        0.21882391,
        -0.32236564,
        -0.9136518,
        -1.6304395,
        -2.3777688,
        -3.1279125,
        -3.6188633,
        -4.8329744,
        -6.0817194,
        -7.193743,
        -8.182692,
        -9.1579895,
        -10.154193,
        -11.226884,
        -12.367768,
        -13.581187,
        -14.755985,
        -15.765708,
        -16.315664,
        -16.914919,
        -17.17453,
        -16.353777,
        -15.387992,
        -14.631041,
        -13.704961,
        -12.60456,
        -11.289546,
        -9.637245,
        -7.3388395,
        -4.3301473,
        -1.4839941,
        1.0627372,
        3.664342,
        6.1700363,
        8.65761,
        11.070013,
        13.446832,
        15.707036,
        17.634666,
        19.055092,
        19.660286,
        19.227726,
        18.269287,
        17.193098,
        16.150547,
        15.259804,
        14.529502,
        13.775197,
        13.028487,
        12.259001,
        11.376793,
        10.373365,
        9.278366,
        8.224115,
        7.2734823,
        6.4036665,
        5.602366,
        4.860406,
        4.1287603,
        3.3898327,
        2.6548653,
        1.92289,
        1.1996415,
        0.48759794,
        -0.3307649,
        -1.1150122,
        -1.7824466,
        -2.4368615,
        -3.0575104,
        -3.6666594,
        -4.15569,
        -4.9304442,
        -5.6382008,
        -6.1798325,
        -6.5233283,
        -6.684,
        -6.573536,
        -6.325425,
        -5.9964013,
        -5.5664673,
        -5.084835,
        -4.507266,
        -3.8969135,
        -3.2740414,
        -2.7474022,
        -2.2825096,
        -1.9530509,
        -1.6801295,
        -1.4854751,
        -1.3191452,
        -1.2124974,
        -1.1321998,
        -1.1121372,
        -1.0833,
        -1.0556111,
        -1.007884,
        -0.9736751,
        -0.9532311,
        -0.90559894,
        -0.902398,
        -0.9744575,
        -1.0116104,
        -1.0711935,
        -1.1436638,
        -1.1763104,
        -1.1809621,
        -1.1860967,
        -1.2011144
    ],
    "y": [
        0.38947296,
        0.40404654,
        0.3627181,
        0.3111,
        0.301538,
        0.26729393,
        0.23455954,
        0.18171597,
        0.1513462,
        0.08828974,
        -0.009676933,
        -0.06874323,
        -0.108085155,
        -0.1015811,
        -0.08255482,
        -0.05825758,
        0.0069413185,
        0.041552067,
        0.04196024,
        -0.13968515,
        -0.08182907,
        0.22744703,
        0.60150814,
        0.9446788,
        1.1850328,
        1.2101078,
        0.991467,
        0.7112994,
        0.46312237,
        0.32330847,
        0.08370781,
        0.17961931,
        0.40744638,
        0.697474,
        0.99214363,
        1.0836682,
        0.95345926,
        0.7764368,
        0.5574126,
        0.38254976,
        0.17035389,
        -0.057691574,
        -0.36631918,
        -0.68159246,
        -0.96805143,
        -1.3076468,
        -1.7559586,
        -2.836728,
        -3.5387673,
        -4.1010914,
        -4.7909536,
        -5.7096806,
        -6.8123903,
        -8.056177,
        -9.292624,
        -10.334809,
        -10.94982,
        -11.210632,
        -11.118094,
        -10.997673,
        -10.602911,
        -10.192184,
        -9.767508,
        -9.594417,
        -9.635356,
        -9.709436,
        -9.848589,
        -9.873763,
        -9.658463,
        -9.145806,
        -8.576043,
        -7.750293,
        -6.5239067,
        -5.0979238,
        -3.6930141,
        -2.6372533,
        -2.2559109,
        -2.3215709,
        -2.4158998,
        -2.377181,
        -2.1467981,
        -1.6252699,
        -0.64535904,
        0.6357131,
        1.951755,
        3.0370731,
        3.7455144,
        4.1578064,
        4.280423,
        4.1797156,
        3.864882,
        3.57053,
        3.2445297,
        2.9473715,
        2.6773424,
        2.4638567,
        2.2120476,
        1.9204001,
        1.5661311,
        1.1411443,
        0.67349863,
        0.18396139,
        -0.27349997,
        -0.79335546,
        -1.1114016,
        -1.3297501,
        -1.5147419,
        -1.7013006,
        -1.9077682,
        -2.0928874,
        -2.2969637,
        -2.5676918,
        -2.4437947,
        -2.1869383,
        -1.9247165,
        -1.7199488,
        -1.6280317,
        -1.620336,
        -1.6514096,
        -1.7356029,
        -1.7771792,
        -1.7952757,
        -1.7515388,
        -1.729476,
        -1.6234798,
        -1.4693513,
        -1.3294015,
        -1.2037482,
        -1.0927081,
        -1.0012507,
        -0.9296107,
        -0.8540678,
        -0.76542234,
        -0.69049835,
        -0.62744474,
        -0.5385847,
        -0.49389172,
        -0.47002745,
        -0.48182154,
        -0.4988451,
        -0.52629423,
        -0.48777628,
        -0.44302416,
        -0.34629345,
        -0.25927305,
        -0.1717453,
        -0.07344103,
        -0.037755013,
        -0.0042800903
    ],