{
    "class": "xneg",
    "duration_ms": 700,
    "x": [
        1.0456932,
        0.9809983,
        0.9301402,
        0.8314487,
        0.7262125,
        0.6300489,
        0.4729057,
        0.29204324,
        0.010256588,
        -0.30449873,
        -0.76083976,
        -1.2794927,
        -1.8509747,
        -2.5242956,
        -3.1890936,
        -3.8846397,
        -4.523162,
        -5.0861855,
        -5.612532,
        -6.119422,
        -6.5978293,
        -7.063186,
        -7.569919,
        -8.072091,
        -8.518933,
        -8.894974,
        -9.198497,
        -9.392041,
        -9.530487,
        -9.577004,
        -9.494013,
        -9.3103895,
        -8.913464,
        -8.338655,
        -7.568482,
        -6.640364,
        -5.562997,
        -4.4194746,
        -3.2547503,
        -2.1095312,
        -0.9199028,
        0.2626469,
        1.4133093,
        2.399067,
        3.272301,
        4.1002493,
        4.922996,
        5.7594905,
        6.5904617,
        7.358848,
        8.032251,
        8.185977,
        8.713629,
        9.626323,
        10.475121,
        10.944612,
        11.081322,
        10.785924,
        10.323919,
        9.792303,
        9.228075,
        8.59889,
        8.054871,
        7.646391,
        7.3697042,
        7.094433,
        6.893511,
        6.713327,
        6.526703,
        6.265321,
        5.8484044,
        5.3764367,
        4.9543,
        4.6053057,
        4.308072,
        4.0366344,
        3.6688828,
        3.2686694,
        2.8176203,
        2.3229733,
        1.7919596,
        1.3252017,
        0.8470082,
        0.30833817,
        -0.2343437,
        -0.76501286,
        -1.2649863,
        -1.6818085,
        -2.079551,
        -2.4336467,
        -2.7624211,
        -3.0506659,
        -3.2949958,
        -3.5235806,
        -3.7311082,
        -3.8693047,
        -3.9880977,
        -4.037075,
        -4.078191,
        -4.097136,
        -4.1154556,
        -4.0761056,
        -3.9485035,
        -3.974731,
        -4.026026,
        -4.002564,
        -3.9000654,
        -3.7761798,
        -3.5995631,
        -3.3867142,
        -3.1371279,
        -2.8549757,
        -2.5898438,
        -2.3482578,
        -2.1513906,
        -2.013053,
        -1.8921515,
        -1.7884631,
        -1.6827718,
        -1.5509996,
        -1.4144878,
        -1.2275902,
        -1.0738431,
        -0.9484477,
        -0.81561005,
        -0.7210239,
        -0.6216222,
        -0.57007813,
        -0.54490817,
        -0.48879826,
        -0.33953857,
        -0.20460927,
        -0.100501776,
        -0.024744034,
        0.0611037,
        0.11629808,
        0.16241157,
        0.16819811,
        0.16214621,
        0.12748063,
        0.08818579,
        0.060898542,
        0.08620387,
        0.101981044,
        0.13455921,
        0.13383383,
        0.1501317,
        0.13325047,
        0.14527005
    ],
    "y": [
        0.2711215,
        0.26951456,
        0.28007936,
        0.2858281,
        0.28650856,
        0.26285315,
        0.19608307,
        0.11751509,
        0.010848045,
        -0.10679197,
        -0.22812271,
        -0.37200737,
        -0.5048742,
        -0.54265356,
        -0.5749731,
        -0.6519785,
        -0.7496376,
        -0.8988662,
        -1.121027,
        -1.3583255,
        -1.5984325,
        -1.8576899,
        -2.0784469,
        -2.3873043,
        -2.750388,
        -3.0927055,
        -3.4181347,
        -3.7205842,
        -3.9601154,
        -4.156428,
        -4.316968,
        -4.4682217,
        -4.5769234,
        -4.6960907,
        -4.8883553,
        -5.049484,
        -5.214679,
        -5.307458,
        -5.3285375,
        -5.310137,
        -5.2133713,
        -4.9856544,
        -4.665864,
        -4.2761254,
        -3.8408513,
        -3.353313,
        -2.8478043,
        -2.3302543,
        -1.8404152,
        -1.4489675,
        -1.0635781,
        -0.58841467,
        0.015937328,
        0.18718815,
        0.2343235,
        0.24582672,
        0.28436947,
        0.56410694,
        0.9796572,
        1.421504,
        1.7823453,
        1.9255805,
        1.8719053,
        1.6678934,
        1.5055861,
        1.3255811,
        1.1857395,
        1.0792804,
        1.0472279,
        0.98944855,
        0.9327059,
        0.8320184,
        0.71412706,
        0.5413985,
        0.381279,
        0.15766144,
        -0.052408695,
        -0.28205252,
        -0.50457287,
        -0.71019125,
        -0.8988776,
        -1.056397,
        -1.2187557,
        -1.3167257,
        -1.3243995,
        -1.3235388,
        -1.3288832,
        -1.3311143,
        -1.3493252,
        -1.3785896,
        -1.42115,
        -1.4744563,
        -1.5289948,
        -1.5582988,
        -1.5886252,
        -1.6437154,
        -1.6707754,
        -1.7080786,
        -1.7436507,
        -1.7536626,
        -1.7693901,
        -1.8316114,
        -1.8615391,
        -1.8355031,
        -1.7776966,
        -1.7385511,
        -1.7755172,
        -1.8309705,
        -1.8162799,
        -1.7984142,
        -1.7535355,
        -1.7103305,
        -1.6570158,
        -1.6128855,
        -1.544507,
        -1.4662914,
        -1.344707,
        -1.2489715,
        -1.1550622,
        -1.0700035,
        -1.0151525,
        -0.94496965,
        -0.84045553,
        -0.73756266,
        -0.6628456,
        -0.52786064,
        -0.42829514,
        -0.3688736,
        -0.27291012,
        -0.22415257,
        -0.22954464,
        -0.21726513,
        -0.22325945,
        -0.21651983,
        -0.1542387,
        -0.07735205,
        -0.005288124,
        0.066576004,
        0.10453844,
        0.11556864,
        0.1569295,
        0.1495943,
        0.143857,
        0.12286425,
        0.07472944,
        0.06167364,
        0.11730862,
        0.16046667,
        0.20577478
    ],