{
    "class": "xneg",
    "duration_ms": 700,
    "x": [
        0.0604949,
        0.08075434,
        0.11252794,
        0.17024755,
        0.18752527,
        0.19337878,
        0.16416731,
        0.1715045,
        0.19133338,
        0.20473982,
        0.23569739,
        0.2794047,
        0.27862015,
        0.28116986,
        0.28906924,
        0.2783436,
        0.29173562,
        0.288694,
        0.27655125,
        0.28858092,
        0.29368103,
        0.32033584,
        0.31607574,
        0.29315943,
        0.2970322,
        0.30847922,
        0.2681515,
        0.2381968,
        0.17326842,
        0.09958276,
        0.05028817,
        0.0036511421,
        -0.04986745,
        -0.11015445,
        -0.20083919,
        -0.32639015,
        -0.5483351,
        -0.8518497,
        -1.1986381,
        -1.6721382,
        -2.3826187,
        -3.3216417,
        -4.1709204,
        -4.223152,
        -4.9474072,
        -6.448754,
        -7.7058578,
        -8.73329,
        -9.51656,
        -10.048778,
        -10.32369,
        -10.365358,
        -10.200303,
        -9.867022,
        -9.353617,
        -8.697875,
        -7.9038606,
        -7.002279,
        -6.0124664,
        -4.755329,
        -3.2859147,
        -1.567553,
        0.40069008,
        2.5219557,
        4.6968565,
        6.8332596,
        8.896009,
        10.964239,
        12.968248,
        14.854643,
        16.443092,
        17.6609,
        18.413256,
        18.56128,
        18.09454,
        17.056786,
        15.564529,
        13.877015,
        12.033465,
        10.214113,
        8.474461,
        6.9392314,
        5.534787,
        4.3143706,
        3.264767,
        2.490868,
        1.9791538,
        1.6981561,
        1.5837746,
        1.5056603,
        1.4055599,
        1.1702716,
        0.7630521,
        0.35750484,
        -0.031348944,
        -0.46305215,
        -0.95871645,
        -1.4749386,
        -1.9685006,
        -2.4181628,
        -2.8363497,
        -3.1302586,
        -3.6161957,
        -4.0196505,
        -4.3392878,
        -4.585549,
        -4.713382,
        -4.557913,
        -4.6575475,
        -4.763529,
        -4.866597,
        -4.9937444,
        -4.958968,
        -4.8246617,
        -4.659936,
        -4.428014,
        -4.123194,
        -3.756246,
        -3.354609,
        -2.9938457,
        -2.6491044,
        -2.3482943,
        -2.1194057,
        -1.9358546,
        -1.7998306,
        -1.7018068,
        -1.6060317,
        -1.4936758,
        -1.3839854,
        -1.2459848,
        -1.1202751,
        -0.96138823,
        -0.81236017,
        -0.7066928,
        -0.60150665,
        -0.5325884,
        -0.48795158,
        -0.43878734,
        -0.41387975,
        -0.36066657,
        -0.25761533,
        -0.14263833,
        -0.027434886,
        0.12185708,
        0.19791928,
        0.25096756,
        0.30013472,
        0.3573396
    ],
    "y": [
        -0.08190155,
        -0.10102081,
        -0.08724499,
        -0.08835602,
        -0.05673027,
        -0.023433685,
        0.021056175,
        0.031650543,
        0.041897774,
        0.054164886,
        0.028075218,
        0.02802658,
        0.06093502,
        0.045811653,
        0.040019035,
        0.010201454,
        0.011112213,
        -0.004940033,
        0.04294014,
        0.049788475,
        0.06340408,
        0.057715416,
        0.03766918,
        0.034272194,
        0.04741764,
        0.034240723,
        0.03293705,
        0.043426514,
        0.022825241,
        0.025956154,
        0.016935349,
        -0.011287689,
        -0.037154198,
        -0.03445053,
        -0.04838085,
        -0.024009705,
        0.019572258,
        0.049004555,
        0.09769535,
        0.11793995,
        0.07872963,
        -0.024870872,
        -0.26615143,
        -1.1209378,
        -1.8909512,
        -2.0854688,
        -1.9455094,
        -1.7581167,
        -1.7349648,
        -1.9822435,
        -2.4460096,
        -3.0531578,
        -3.5819502,
        -3.989821,
        -4.286727,
        -4.482893,
        -4.7011504,
        -4.8396344,
        -4.9284487,
        -4.9000072,
        -4.728079,
        -4.296575,
        -3.6241755,
        -2.8306174,
        -2.01439,
        -1.3029194,
        -0.7157974,
        -0.19372368,
        0.3513298,
        0.81623936,
        1.196392,
        1.4614668,
        1.4864721,
        1.2481833,
        0.8200617,
        0.20950031,
        -0.2836256,
        -0.59644127,
        -0.6880522,
        -0.5969906,
        -0.34792805,
        0.017288208,
        0.38698864,
        0.7066555,
        0.988307,
        1.2195225,
        1.2704153,
        1.1092167,
        0.76643467,
        0.29421902,
        -0.12841892,
        -0.5951853,
        -0.8099766,
        -0.8761864,
        -1.0210943,
        -1.2014956,
        -1.3886876,
        -1.5899715,
        -1.846036,
        -2.1159487,
        -2.363615,
        -2.6437845,
        -2.731481,
        -2.7056532,
        -2.6523623,
        -2.6384072,
        -2.6014533,
        -2.6228094,
        -2.621296,
        -2.5589733,
        -2.5150852,
        -2.4395351,
        -2.3300104,
        -2.2392616,
        -2.1196346,
        -2.0024996,
        -1.8689117,
        -1.7190146,
        -1.5792241,
        -1.4329548,
        -1.2874613,
        -1.1451688,
        -0.9917669,
        -0.87509346,
        -0.70180225,
        -0.59391785,
        -0.4580078,
        -0.36096478,
        -0.2954502,
        -0.24456596,
        -0.2201252,
        -0.20528316,
        -0.17604446,
        -0.15630817,
        -0.09816933,
        -0.0399065,
        0.011392593,
        0.046283722,
        0.09354305,
        0.11972237,
        0.12965107,
        0.15207005,
        0.16299152,
        0.16953468,
        0.16441536,
        0.13083267,
        0.1309433,
        0.116841316
    ],