{
    "class": "xneg",
    "duration_ms": 700,
    "x": [
        0.40268165,
        0.39586645,
        0.38138306,
        0.36412376,
        0.34891093,
        0.35704255,
        0.31689787,
        0.26663727,
        0.26543278,
        0.22712576,
        0.20626962,
        0.20729345,
        0.17040408,
        0.15526873,
        0.13306421,
        0.13469535,
        0.11952484,
        0.099428535,
        0.10288262,
        0.113063335,
        0.11554837,
        0.093556166,
        0.05195415,
        -0.037756562,
        -0.13276458,
        -0.25233614,
        -0.36563182,
        -0.52518034,
        -0.7047229,
        -0.91393125,
        -1.2101295,
        -1.590781,
        -2.0178733,
        -2.5275183,
        -3.0755138,
        -3.6246505,
        -4.180682,
        -4.776127,
        -5.407069,
        -6.144291,
        -6.8602653,
        -7.4685297,
        -7.8870792,
        -8.088655,
        -8.32988,
        -8.699084,
        -8.72838,
        -8.453969,
        -7.923392,
        -7.159833,
        -6.322199,
        -5.1958957,
        -3.8749132,
        -2.4625463,
        -0.99056715,
        0.6619054,
        2.4504201,
        4.2998085,
        6.1689034,
        7.9374056,
        9.567595,
        10.930268,
        12.035626,
        12.783821,
        13.301169,
        13.67328,
        13.861557,
        13.834606,
        13.467135,
        12.8770275,
        12.137095,
        11.251664,
        10.285444,
        9.2574835,
        8.151098,
        7.0194607,
        5.9081697,
        4.843931,
        3.9259558,
        3.142277,
        2.5296104,
        2.0130868,
        1.5016079,
        1.0213803,
        0.4450427,
        -0.18085325,
        -0.8755828,
        -1.6257,
        -2.3948193,
        -3.1687942,
        -3.897795,
        -4.5847645,
        -5.0600557,
        -5.318287,
        -5.800501,
        -6.0833683,
        -6.130805,
        -6.0183873,
        -5.8043594,
        -5.534523,
        -5.321885,
        -5.1458683,
        -5.0152416,
        -4.8412213,
        -4.6355724,
        -4.3287992,
        -3.994794,
        -3.6260684,
        -3.222086,
        -2.8562999,
        -2.5210376,
        -2.237486,
        -1.9169745,
        -1.6909436,
        -1.4322625,
        -1.1836805,
        -0.94014573,
        -0.6942738,
        -0.45538092,
        -0.23737109,
        -0.027846694,
        0.12564778,
        0.22104204,
        0.27514392,
        0.2759893,
        0.22802466,
        0.12147856,
        0.04699737,
        0.011532664,
        -0.004276037,
        -0.009969473,
        -0.000685215,
        0.016415536,
        0.024550438,
        0.018786967,
        -0.001105845,
        -0.04254508,
        -0.043492377,
        -0.032815218,
        0.0038794875,
        0.10753387,
        0.25921297,
        0.41630036,
        0.53124136,
        0.6041863,
        0.6159766,
        0.6957258,
        0.71184206,
        0.7217529
    ],
    "y": [
        0.09619427,
        0.10026693,
        0.09707594,
        0.10796547,
        0.09469938,
        0.08345604,
        0.090773106,
        0.07600784,
        0.07967043,
        0.039866447,
        0.035379887,
        0.0256114,
        0.015437126,
        0.0048999786,
        0.0059137344,
        0.008890152,
        -0.021856308,
        -0.041031837,
        -0.06549597,
        -0.062191963,
        -0.095555305,
        -0.12744522,
        -0.14141273,
        -0.19706917,
        -0.24907637,
        -0.2807207,
        -0.28732395,
        -0.3306465,
        -0.33448076,
        -0.3561082,
        -0.42860126,
        -0.4400463,
        -0.417202,
        -0.3725419,
        -0.35889387,
        -0.35036898,
        -0.43786478,
        -0.54716396,
        -0.7116909,
        -0.967288,
        -1.2566395,
        -1.5247264,
        -1.7901154,
        -2.0635576,
        -2.2528582,
        -2.3280463,
        -2.4188237,
        -2.6207757,
        -3.0099344,
        -3.4496942,
        -3.7515206,
        -4.0743012,
        -4.4217634,
        -4.5854545,
        -4.5442595,
        -4.258762,
        -3.7787213,
        -3.1639643,
        -2.4532762,
        -1.857872,
        -1.366302,
        -1.0341597,
        -0.8784485,
        -0.6287427,
        -0.26821566,
        0.33007956,
        1.0491056,
        1.6888809,
        2.1246142,
        2.366551,
        2.325284,
        2.0482836,
        1.5903053,
        0.9986658,
        0.42799664,
        0.03709936,
        -0.15423203,
        -0.17187595,
        -0.07283449,
        0.054646015,
        0.08664751,
        -0.07395363,
        -0.41888762,
        -0.87062263,
        -1.2368712,
        -1.5671024,
        -1.8248224,
        -2.0576077,
        -2.229733,
        -2.2698102,
        -2.2619338,
        -2.1849613,
        -2.2042742,
        -2.3318038,
        -2.0010514,
        -1.731544,
        -1.6448045,
        -1.728056,
        -1.9135866,
        -2.0931907,
        -2.202148,
        -2.180707,
        -2.0984044,
        -2.0009694,
        -1.9222479,
        -1.9272957,
        -1.9661655,
        -1.9793978,
        -2.0031834,
        -1.9492736,
        -1.853796,
        -1.7337627,
        -1.5774798,
        -1.4043441,
        -1.2503729,
        -1.0845275,
        -0.9858098,
        -0.8776617,
        -0.76010466,
        -0.6690626,
        -0.5877757,
        -0.51638603,
        -0.40961552,
        -0.33224392,
        -0.265213,
        -0.13695002,
        0.009325981,
        0.12088394,
        0.21689129,
        0.28546667,
        0.31723928,
        0.3433447,
        0.38056564,
        0.35960674,
        0.3642311,
        0.36094427,
        0.364089,
        0.39283943,
        0.41139746,
        0.39606762,
        0.3758049,
        0.35089588,
        0.29522848,
        0.24719238,
        0.24507809,
        0.26244688,
        0.2657199,
        0.27161503,
        0.27530003
    ],