{
    "class": "xneg",
    "duration_ms": 700,
    "x": [
        0.45984563,
        0.4034024,
        0.3692721,
        0.3743474,
        0.40446764,
        0.4669002,
        0.53834045,
        0.58375907,
        0.6394094,
        0.6104749,
        0.5190141,
        0.3655522,
        0.13816088,
        -0.13282454,
        -0.50313807,
        -0.8641058,
        -1.3358861,
        -1.9260511,
        -2.6141272,
        -3.3494146,
        -4.110572,
        -4.841799,
        -5.489155,
        -6.0741706,
        -6.59346,
        -7.093269,
        -7.4445777,
        -6.9993668,
        -7.516523,
        -7.9593606,
        -8.4199915,
        -8.725523,
        -8.837701,
        -8.630143,
        -7.4789667,
        -6.0674977,
        -4.650889,
        -3.1737597,
        -1.6083398,
        -0.17135382,
        1.231855,
        2.5740266,
        3.8830204,
        5.0667396,
        5.985507,
        6.6844196,
        7.4369593,
        7.9756775,
        8.52333,
        8.967985,
        9.329749,
        9.557554,
        9.65784,
        9.534446,
        8.727815,
        7.7590175,
        6.9835744,
        6.3906674,
        5.848153,
        5.291314,
        4.684254,
        4.0798626,
        3.5044417,
        2.957672,
        2.4391599,
        2.0012562,
        1.650995,
        1.345225,
        1.0622069,
        0.79463726,
        0.53033996,
        0.30001163,
        0.09371251,
        -0.062140197,
        -0.24624474,
        -0.43175137,
        -0.5944008,
        -0.76025826,
        -0.8645871,
        -1.0319529,
        -1.2095151,
        -1.3420575,
        -1.4366112,
        -1.4978647,
        -1.5471209,
        -1.5745286,
        -1.5510129,
        -1.5310844,
        -1.4880528,
        -1.4670417,
        -1.4515129,
        -1.4779353,
        -1.494529,
        -1.5523512,
        -1.6043674,
        -1.6777807,
        -1.7160769,
        -1.7557954,
        -1.7351663,
        -1.7500951,
        -1.6949933,
        -1.6480514,
        -1.5461156,
        -1.4551072,
        -1.3742145,
        -1.2551265,
        -1.140562,
        -1.0516198,
        -0.978464,
        -0.88728625,
        -0.825835,
        -0.75341266,
        -0.6821284,
        -0.6170283,
        -0.57754385,
        -0.5617707,
        -0.502953,
        -0.43938383,
        -0.38102484,
        -0.32122412,
        -0.2772986,
        -0.24232146,
        -0.20202482,
        -0.18978316,
        -0.17200786,
        -0.17498723,
        -0.19634926,
        -0.18604288,
        -0.16295505,
        -0.13370496,
        -0.078448325,
        0.0010556579,
        0.0983392,
        0.15154037,
        0.1897988,
        0.21550965,
        0.20209047,
        0.17550132,
        0.1590225,
        0.13783693,
        0.12578642,
        0.12013379,
        0.14456347,
        0.13218519,
        0.13834727,
        0.14423735,
        0.14303215,
        0.17811342,
        0.20410821
    ],
    "y": [
        0.11926746,
        0.11473608,
        0.11041641,
        0.12290716,
        0.17819214,
        0.24730158,
        0.29437828,
        0.32884884,
        0.2814479,
        0.20449829,
        0.1192112,
        0.0395751,
        -0.018091202,
        -0.061244965,
        -0.13991022,
        -0.23240662,
        -0.3599,
        -0.48424292,
        -0.5891385,
        -0.6867509,
        -0.79224586,
        -0.91495466,
        -1.0617666,
        -1.3088622,
        -1.5574465,
        -1.8115387,
        -2.0508099,
        -2.73275,
        -2.7440038,
        -2.517672,
        -2.0801063,
        -1.631846,
        -1.3177238,
        -1.2558265,
        -1.8152847,
        -2.6214576,
        -3.217134,
        -3.4309008,
        -3.3381934,
        -3.0027108,
        -2.485411,
        -1.9519172,
        -1.3548751,
        -0.8167429,
        -0.41685486,
        0.004072666,
        0.3584056,
        0.63982344,
        0.76799965,
        0.6991129,
        0.63337564,
        0.49100733,
        0.3308816,
        0.19045496,
        0.42482758,
        0.80808973,
        1.1155791,
        1.268949,
        1.2402225,
        1.1257024,
        0.9787793,
        0.8501773,
        0.70465374,
        0.59084177,
        0.48335075,
        0.39501143,
        0.31232738,
        0.25515223,
        0.23137617,
        0.21524525,
        0.14521313,
        0.079241276,
        -0.008345604,
        -0.11940622,
        -0.24865007,
        -0.36225986,
        -0.44806623,
        -0.5250411,
        -0.60748625,
        -0.57823515,
        -0.49732685,
        -0.4749813,
        -0.46624136,
        -0.45714808,
        -0.46260834,
        -0.47844458,
        -0.49310637,
        -0.51655054,
        -0.5324445,
        -0.5602274,
        -0.6145544,
        -0.67657185,
        -0.6915674,
        -0.7052779,
        -0.6439643,
        -0.61800766,
        -0.55819273,
        -0.51715565,
        -0.46129274,
        -0.37617493,
        -0.31667995,
        -0.26348782,
        -0.2641363,
        -0.3229251,
        -0.41042805,
        -0.43544817,
        -0.46706343,
        -0.45720673,
        -0.42714977,
        -0.38417673,
        -0.35230255,
        -0.3459983,
        -0.33887577,
        -0.32612944,
        -0.27679253,
        -0.20535469,
        -0.15032387,
        -0.116529465,
        -0.07297182,
        -0.022395134,
        0.011197567,
        0.058759212,
        0.053050995,
        0.09677839,
        0.12269831,
        0.13547134,
        0.10637808,
        0.11199665,
        0.13334322,
        0.1563487,
        0.15489149,
        0.14136744,
        0.13758278,
        0.14628029,
        0.15093565,
        0.13025856,
        0.1417327,
        0.1541667,
        0.18415785,
        0.17894411,
        0.1552825,
        0.14421225,
        0.17432356,
        0.1762495,
        0.195436,
        0.23423195,
        0.259089,
        0.26536226,
        0.24586058
    ],