{
    "class": "xneg",
    "duration_ms": 700,
    "x": [
        -0.06888825,
        0.03758426,
        0.1557783,
        0.27910745,
        0.3794035,
        0.4690496,
        0.5102467,
        0.50563234,
        0.4957777,
        0.4637561,
        0.43307266,
        0.38893312,
        0.3620438,
        0.31411478,
        0.27148157,
        0.25063932,
        0.2538779,
        0.32629934,
        0.39875174,
        0.48347053,
        0.5616899,
        0.6219341,
        0.65270686,
        0.6518276,
        0.6385841,
        0.6369769,
        0.6447362,
        0.6832537,
        0.7023704,
        0.70930904,
        0.6901015,
        0.67617375,
        0.67008203,
        0.6882725,
        0.699267,
        0.73376524,
        0.66302836,
        0.61355925,
        0.4899771,
        0.36158234,
        0.20894197,
        0.062205553,
        -0.15321916,
        -0.3591053,
        -0.5632664,
        -0.85914004,
        -1.27316,
        -1.7484032,
        -2.3498125,
        -3.0737677,
        -3.8674092,
        -4.671023,
        -5.4127903,
        -6.151874,
        -6.7386813,
        -7.1860175,
        -7.560826,
        -7.7594123,
        -7.8689237,
        -8.299162,
        -8.556198,
        -8.62008,
        -8.566538,
        -8.339422,
        -7.956688,
        -7.3956733,
        -6.697773,
        -5.7894454,
        -4.597224,
        -3.1523147,
        -1.7554958,
        -0.17386389,
        1.5288875,
        3.3392763,
        5.3062267,
        7.344881,
        9.367962,
        11.175428,
        12.657733,
        13.777928,
        14.576693,
        14.9094305,
        14.702938,
        14.281038,
        13.4985485,
        12.364989,
        11.161508,
        9.908023,
        8.598861,
        7.331257,
        6.106851,
        5.090282,
        3.9919302,
        3.0272079,
        2.2440784,
        1.5380107,
        0.8885119,
        0.33549917,
        -0.14520079,
        -0.58675915,
        -1.019764,
        -1.4654827,
        -1.9740872,
        -2.426035,
        -2.7974613,
        -3.069058,
        -3.3267853,
        -3.5246942,
        -3.6048913,
        -3.6026368,
        -3.526649,
        -3.4359148,
        -3.3606472,
        -3.3434994,
        -3.3270972,
        -3.3716455,
        -3.4512205,
        -3.4680338,
        -3.4247193,
        -3.2805383,
        -3.0689256,
        -2.8324697,
        -2.5897233,
        -2.3447464,
        -2.1615865,
        -1.9774355,
        -1.8681275,
        -1.7398424,
        -1.6159656,
        -1.4936476,
        -1.3437494,
        -1.2403424,
        -1.1809891,
        -1.1181394,
        -1.0664723,
        -0.9737457,
        -0.8833782,
        -0.8125111,
        -0.7160332,
        -0.61586654,
        -0.52399457,
        -0.40696803,
        -0.3030613,
        -0.221849,
        -0.12715518,
        -0.047486544,
        0.058208764,
        0.15427372,
        0.21480426
    ],
    "y": [
        0.033779144,
        0.067209244,
        0.11503506,
        0.14154053,
        0.17298508,
        0.1950655,
        0.1697321,
        0.14714432,
        0.13179398,
        0.11635971,
        0.1173048,
        0.12015629,
        0.13197231,
        0.14318466,
        0.14672089,
        0.14031792,
        0.13833427,
        0.16458607,
        0.15712261,
        0.12807083,
        0.14405632,
        0.14533997,
        0.15577221,
        0.14446831,
        0.18044758,
        0.16606045,
        0.1611023,
        0.15607262,
        0.10821438,
        0.0772953,
        0.044114113,
        0.032435417,
        0.032510757,
        0.006134033,
        -0.041789055,
        -0.11359215,
        -0.19026089,
        -0.25765896,
        -0.27322578,
        -0.25650024,
        -0.24803734,
        -0.2524786,
        -0.2958622,
        -0.33293247,
        -0.38058567,
        -0.486516,
        -0.6076422,
        -0.75354624,
        -0.8006258,
        -0.8604975,
        -0.93989086,
        -1.0657372,
        -1.2601724,
        -1.5307746,
        -1.8895473,
        -2.2978287,
        -2.5728817,
        -2.78269,
        -2.7032413,
        -2.4744816,
        -2.2720776,
        -2.2379074,
        -2.487422,
        -2.875217,
        -3.2873273,
        -3.6172843,
        -3.866665,
        -3.9081979,
        -3.8230329,
        -3.5731158,
        -3.2310252,
        -2.8075843,
        -2.350008,
        -1.8579545,
        -1.3266339,
        -0.72530365,
        -0.17428875,
        0.22045708,
        0.41546917,
        0.42310047,
        0.41682243,
        0.47750092,
        0.7560148,
        1.0258512,
        1.1927052,
        1.2776699,
        1.2376127,
        1.0172968,
        0.7093487,
        0.36291122,
        0.12727928,
        -0.05421257,
        0.08685684,
        0.2563181,
        0.427989,
        0.55409527,
        0.63218975,
        0.5809517,
        0.41951466,
        0.17891407,
        -0.06204605,
        -0.29881,
        -0.52929974,
        -0.70837784,
        -0.85552883,
        -0.9304352,
        -1.0361619,
        -1.1105275,
        -1.1798601,
        -1.2822123,
        -1.3742228,
        -1.4246244,
        -1.4644527,
        -1.4579172,
        -1.4027162,
        -1.3421535,
        -1.2931838,
        -1.335,
        -1.3719978,
        -1.4424686,
        -1.496274,
        -1.5000243,
        -1.4681053,
        -1.3765879,
        -1.2613311,
        -1.1103044,
        -0.96883297,
        -0.80809975,
        -0.671154,
        -0.5794115,
        -0.49224854,
        -0.45993996,
        -0.41559887,
        -0.37126064,
        -0.33903885,
        -0.27357864,
        -0.22045517,
        -0.21084023,
        -0.16099548,
        -0.17853355,
        -0.16530132,
        -0.1713934,
        -0.13929272,
        -0.10720062,
        -0.08229828,
        -0.0741024,
        -0.06812382,
        -0.04520893,
        -0.01011467
    ],