{
    "class": "xneg",
    "duration_ms": 700,
    "x": [
        0.5728457,
        0.5550277,
        0.52960455,
        0.49168932,
        0.4553582,
        0.41831243,
        0.39234006,
        0.36790982,
        0.35235786,
        0.34358323,
        0.34670788,
        0.3549013,
        0.36594003,
        0.3776099,
        0.38031143,
        0.376409,
        0.36590654,
        0.35603422,
        0.34925663,
        0.34561837,
        0.33775485,
        0.34227872,
        0.34962016,
        0.35970777,
        0.3702768,
        0.3765458,
        0.38342965,
        0.39339393,
        0.40411085,
        0.41307586,
        0.41780514,
        0.41339678,
        0.4020006,
        0.37869084,
        0.34101123,
        0.2911725,
        0.22628093,
        0.1480912,
        0.051638722,
        -0.062925816,
        -0.20053315,
        -0.3662114,
        -0.569929,
        -0.82648635,
        -1.1437387,
        -1.527682,
        -1.9748789,
        -2.4674652,
        -2.989834,
        -3.5464625,
        -4.1136427,
        -4.6837864,
        -5.251736,
        -5.807706,
        -6.339896,
        -6.812518,
        -7.1915326,
        -7.43465,
        -7.4698753,
        -7.250269,
        -6.793181,
        -6.101809,
        -5.18709,
        -4.069943,
        -2.7570748,
        -1.2837294,
        0.30266058,
        1.8747069,
        3.4044719,
        4.815635,
        6.0520763,
        7.13339,
        8.033514,
        8.778327,
        9.315346,
        9.557368,
        9.517574,
        9.277563,
        8.8974085,
        8.3968115,
        7.790712,
        7.11321,
        6.360132,
        5.5659137,
        4.7457385,
        3.919722,
        3.1108487,
        2.3379252,
        1.620053,
        0.96494824,
        0.37807935,
        -0.13242483,
        -0.5704126,
        -0.9446542,
        -1.249452,
        -1.495918,
        -1.6882868,
        -1.8382547,
        -1.965042,
        -2.0691104,
        -2.1633043,
        -2.2461452,
        -2.3112786,
        -2.3642402,
        -2.3934364,
        -2.396401,
        -2.3727024,
        -2.3194008,
        -2.2307472,
        -2.1155052,
        -1.9799818,
        -1.8281333,
        -1.6570485,
        -1.482757,
        -1.3141443,
        -1.1531968,
        -1.011901,
        -0.89757305,
        -0.8056994,
        -0.73912764,
        -0.6911283,
        -0.647933,
        -0.5761274,
        -0.50898254,
        -0.47529727,
        -0.4468282,
        -0.41674882,
        -0.39487535,
        -0.37391174,
        -0.35623854,
        -0.34893924,
        -0.34714067,
        -0.35569263,
        -0.38884127,
        -0.42253882,
        -0.44704336,
        -0.45505357,
        -0.43201214,
        -0.37756467,
        -0.28880167,
        -0.17488241,
        -0.04983759,
        0.08175999,
        0.19598496,
        0.29006466,
        0.361055,
        0.40379292,
        0.42020738,
        0.42443877
    ],
    "y": [
        0.08501816,
        0.08223724,
        0.09151268,
        0.10054302,
        0.11150551,
        0.11716461,
        0.12225914,
        0.13386631,
        0.15183926,
        0.17137146,
        0.18054485,
        0.18188953,
        0.17788982,
        0.16626263,
        0.15667534,
        0.15631294,
        0.15813541,
        0.16230774,
        0.17136574,
        0.18775654,
        0.1970396,
        0.21335506,
        0.21984482,
        0.21885872,
        0.21521854,
        0.20662594,
        0.19786358,
        0.18656921,
        0.17756176,
        0.16841316,
        0.16158772,
        0.15248394,
        0.14121723,
        0.13023281,
        0.11476326,
        0.10190201,
        0.08680439,
        0.06702232,
        0.042305946,
        0.012363434,
        -0.02055645,
        -0.054056168,
        -0.09779358,
        -0.151865,
        -0.22370052,
        -0.32084274,
        -0.43410683,
        -0.55908203,
        -0.6886859,
        -0.8263588,
        -0.9715276,
        -1.1116138,
        -1.2460012,
        -1.3739433,
        -1.4993463,
        -1.6306934,
        -1.7619352,
        -1.8845148,
        -1.9923759,
        -2.0915985,
        -2.1575036,
        -2.17556,
        -2.1269426,
        -2.0195522,
        -1.8448143,
        -1.5920258,
        -1.3057508,
        -0.970696,
        -0.62890625,
        -0.29083776,
        0.036149025,
        0.2827158,
        0.47046566,
        0.59917355,
        0.6969347,
        0.81559753,
        0.9595766,
        1.1190786,
        1.2556906,
        1.3429027,
        1.3660407,
        1.3198891,
        1.2234731,
        1.0841403,
        0.92622805,
        0.759851,
        0.5999708,
        0.4450264,
        0.28642464,
        0.12740803,
        -0.035972595,
        -0.1981759,
        -0.34658623,
        -0.46881294,
        -0.5812464,
        -0.6836467,
        -0.78553104,
        -0.88936996,
        -0.9881582,
        -1.0702486,
        -1.1360369,
        -1.1884699,
        -1.2113495,
        -1.2220001,
        -1.2089019,
        -1.1820254,
        -1.1416302,
        -1.0901585,
        -1.032269,
        -0.9750018,
        -0.9204788,
        -0.8685789,
        -0.8240776,
        -0.78454447,
        -0.7452431,
        -0.7037802,
        -0.66735315,
        -0.62405014,
        -0.5786543,
        -0.5263915,
        -0.47685575,
        -0.4276476,
        -0.41212273,
        -0.38957977,
        -0.3337493,
        -0.25898504,
        -0.18199444,
        -0.11464596,
        -0.0640192,
        -0.027674675,
        -0.005587578,
        0.016681671,
        0.036851883,
        0.052642822,
        0.07362747,
        0.1022501,
        0.1362524,
        0.16137886,
        0.17534351,
        0.17585278,
        0.1677103,
        0.1532526,
        0.14188385,
        0.1335001,
        0.125494,
        0.12730503,
        0.13403797,
        0.13597298,
        0.14270306
    ],