{
    "class": "xneg",
    "duration_ms": 700,
    "x": [
        0.19944236,
        0.26584965,
        0.3317716,
        0.37359995,
        0.40600005,
        0.48643124,
        0.50559014,
        0.5381872,
        0.5723965,
        0.5891422,
        0.58837056,
        0.62462384,
        0.66184515,
        0.7501,
        0.82746303,
        0.8845207,
        0.8973873,
        0.9159391,
        0.88720405,
        0.8275132,
        0.74344873,
        0.69158673,
        0.6405037,
        0.55651927,
        0.4775795,
        0.36045358,
        0.26701677,
        0.19721234,
        0.12506974,
        0.06782544,
        -0.014687717,
        -0.12193364,
        -0.27038264,
        -0.44591218,
        -0.6606862,
        -1.000473,
        -1.4345894,
        -1.9634858,
        -2.542344,
        -3.1761723,
        -3.8545115,
        -4.579839,
        -5.3558836,
        -6.2034464,
        -7.0886025,
        -8.032894,
        -9.00939,
        -10.00419,
        -10.944901,
        -11.848763,
        -12.653878,
        -13.330927,
        -13.649524,
        -13.893274,
        -13.762309,
        -12.837721,
        -12.384814,
        -12.256724,
        -11.696668,
        -10.480452,
        -8.929848,
        -7.49485,
        -6.101008,
        -4.5433626,
        -2.9848497,
        -1.3983805,
        0.29699922,
        2.1848357,
        4.201357,
        6.2874155,
        8.421423,
        10.66351,
        13.036693,
        15.2949295,
        17.251783,
        18.800014,
        19.943098,
        20.749577,
        21.325235,
        21.563093,
        21.448042,
        21.242384,
        21.01466,
        20.602297,
        19.972507,
        19.133032,
        18.229498,
        17.419764,
        16.687874,
        15.956207,
        15.1226225,
        14.251335,
        13.37226,
        12.494486,
        11.550066,
        10.508836,
        9.4070635,
        8.222821,
        6.950907,
        5.596677,
        4.2339444,
        2.8462965,
        1.5059729,
        0.18226075,
        -1.1197438,
        -2.3707514,
        -3.5457218,
        -4.626701,
        -5.603046,
        -6.4808927,
        -7.2182937,
        -7.824289,
        -8.346477,
        -8.693742,
        -8.940703,
        -8.897549,
        -8.9377,
        -8.597675,
        -8.918218,
        -9.280016,
        -9.424488,
        -9.552121,
        -9.456718,
        -9.077829,
        -8.105192,
        -7.1918707,
        -6.4897656,
        -5.8078437,
        -5.2257447,
        -4.653702,
        -4.0884123,
        -3.564507,
        -3.0825272,
        -2.5759044,
        -2.1552844,
        -1.8026018,
        -1.5098015,
        -1.312332,
        -1.2077701,
        -1.1603088,
        -1.1131519,
        -1.0814104,
        -1.0466853,
        -1.0097716,
        -1.0046799,
        -0.9720472,
        -0.9003087,
        -0.84208834,
        -0.761351
    ],
    "y": [
        0.0053191185,
        -0.008421421,
        -0.015612602,
        0.019412994,
        0.04669237,
        0.09257412,
        0.1167593,
        0.14089823,
        0.2124114,
        0.28339672,
        0.33226871,
        0.3517928,
        0.35396957,
        0.3388753,
        0.33743715,
        0.30431366,
        0.25392723,
        0.19807005,
        0.18651438,
        0.15691662,
        0.13058615,
        0.12398863,
        0.1606369,
        0.21908236,
        0.23995304,
        0.28546047,
        0.29853535,
        0.29380846,
        0.25258017,
        0.22512054,
        0.17356205,
        0.14096022,
        0.075068,
        0.011692047,
        -0.042132378,
        -0.11030626,
        -0.23089695,
        -0.349041,
        -0.47427177,
        -0.61847115,
        -0.86347485,
        -1.2025046,
        -1.6523223,
        -2.2154856,
        -2.80867,
        -3.4609327,
        -4.093278,
        -4.5951195,
        -4.946066,
        -5.108366,
        -5.3044815,
        -5.627364,
        -6.1341248,
        -6.3368917,
        -6.630623,
        -7.144201,
        -7.4951916,
        -7.3594847,
        -7.061499,
        -7.0234766,
        -7.4190807,
        -7.920689,
        -8.321478,
        -8.513411,
        -8.4363785,
        -8.112025,
        -7.634325,
        -6.9713793,
        -6.0854387,
        -5.08844,
        -4.138446,
        -3.3311222,
        -2.6198325,
        -2.0184813,
        -1.4771202,
        -0.8264744,
        -0.13390827,
        0.626039,
        1.2208393,
        1.611294,
        1.9055245,
        2.0456367,
        2.0662081,
        2.1110992,
        2.2303104,
        2.3757427,
        2.4735863,
        2.5219698,
        2.4687166,
        2.2593546,
        1.9549222,
        1.5568981,
        1.0667853,
        0.5671153,
        -0.015515804,
        -0.7330055,
        -1.5609553,
        -2.4677048,
        -3.4526675,
        -4.433964,
        -5.3530807,
        -6.153877,
        -6.787539,
        -7.3368864,
        -7.717391,
        -7.985623,
        -8.114308,
        -8.157609,
        -8.188936,
        -8.1979885,
        -8.153169,
        -8.087466,
        -7.993174,
        -7.8482776,
        -7.645366,
        -7.5734353,
        -7.2189994,
        -6.7858205,
        -6.4084854,
        -5.8390684,
        -5.212848,
        -4.626744,
        -4.167743,
        -3.8745925,
        -3.8906996,
        -4.1919413,
        -4.386408,
        -4.374443,
        -4.238121,
        -3.9872775,
        -3.7247703,
        -3.4745374,
        -3.2151093,
        -2.9753447,
        -2.78165,
        -2.6054907,
        -2.4160776,
        -2.2663002,
        -2.1301641,
        -2.0199766,
        -1.9647851,
        -1.8692517,
        -1.7911325,
        -1.6471176,
        -1.4592056,
        -1.294579,
        -1.03618,
        -0.7774434,
        -0.5589647
    ],