{
    "class": "xneg",
    "duration_ms": 700,
    "x": [
        0.10132253,
        0.121251866,
        0.1573351,
        0.1413788,
        0.11474681,
        0.08045376,
        0.038770556,
        -0.010189548,
        -0.09514646,
        -0.16627197,
        -0.19798356,
        -0.2336643,
        -0.19984025,
        -0.12547378,
        -0.029830918,
        0.054007933,
        0.14047234,
        0.17971717,
        0.16953036,
        0.12660718,
        0.048522145,
        -0.1004135,
        -0.31519642,
        -0.58832705,
        -0.92909086,
        -1.3587451,
        -1.8725183,
        -2.5085676,
        -3.229319,
        -3.9353178,
        -4.6215043,
        -5.241118,
        -5.788256,
        -6.3257656,
        -6.9116693,
        -7.530231,
        -8.216308,
        -8.940112,
        -9.595147,
        -10.112676,
        -10.4373865,
        -10.481807,
        -10.260649,
        -9.749499,
        -8.945523,
        -8.190064,
        -7.218058,
        -5.9679437,
        -4.407579,
        -2.6123214,
        -0.705198,
        1.3360844,
        3.5068905,
        5.7118044,
        7.585074,
        9.138184,
        10.530587,
        11.713202,
        12.578966,
        13.073225,
        13.243439,
        13.33336,
        13.344233,
        13.209205,
        13.003066,
        12.6216545,
        12.203612,
        11.695676,
        11.146782,
        10.53497,
        9.859462,
        9.195179,
        8.472416,
        7.768541,
        7.0621614,
        6.37691,
        5.7431116,
        5.083465,
        4.4111614,
        3.7295473,
        3.044332,
        2.3134212,
        1.6101501,
        0.92920125,
        0.2655361,
        -0.3975902,
        -1.0720757,
        -1.7628531,
        -2.3889604,
        -2.9961457,
        -3.6112404,
        -4.1821566,
        -4.7166076,
        -5.1623297,
        -5.529141,
        -5.740205,
        -5.849972,
        -5.9008317,
        -5.834978,
        -5.743013,
        -5.6295304,
        -5.4631577,
        -5.320012,
        -5.154328,
        -4.9374795,
        -4.7319374,
        -4.480443,
        -4.171264,
        -3.840652,
        -3.4336653,
        -2.9838166,
        -2.543775,
        -2.094198,
        -1.651609,
        -1.1990187,
        -0.79562974,
        -0.3908222,
        -0.06304704,
        0.26486367,
        0.51204795,
        0.705297,
        0.87589884,
        0.99769,
        1.0754822,
        1.1379336,
        1.1610353,
        1.1639339,
        1.1130329,
        1.0417935,
        0.95247126,
        0.8425158,
        0.7020184,
        0.6003708,
        0.5350506,
        0.5278969,
        0.4858056,
        0.4303836,
        0.3853661,
        0.3743943,
        0.36140653,
        0.3848401,
        0.42091417,
        0.40273228,
        0.41635913,
        0.42552343,
        0.41088316,
        0.38156402,
        0.32545972,
        0.2709888
    ],
    "y": [
        -0.0032052994,
        -0.0065159798,
        -0.02107954,
        -0.020433903,
        0.009788513,
        0.017292976,
        0.049705982,
        0.052189827,
        0.077041626,
        0.10720396,
        0.11384392,
        0.13947916,
        0.11489439,
        0.09251642,
        0.06278944,
        0.042289734,
        0.0023903847,
        -0.009302139,
        -0.033447742,
        -0.065237045,
        -0.07369232,
        -0.09695053,
        -0.1445961,
        -0.17390776,
        -0.20648909,
        -0.30887032,
        -0.36190987,
        -0.46824455,
        -0.56835127,
        -0.7201681,
        -0.9701557,
        -1.3663163,
        -1.8176599,
        -2.3458018,
        -2.816804,
        -3.1948116,
        -3.443521,
        -3.473314,
        -3.4260712,
        -3.3499012,
        -3.3786616,
        -3.555155,
        -3.8216014,
        -4.14912,
        -4.334756,
        -4.893317,
        -5.554627,
        -5.972606,
        -6.2418346,
        -6.3543215,
        -6.212128,
        -5.754826,
        -5.0555186,
        -4.2395344,
        -3.5677462,
        -2.9954715,
        -2.427001,
        -1.8358517,
        -1.2124171,
        -0.5075395,
        0.23030615,
        0.950084,
        1.5986047,
        2.089628,
        2.349716,
        2.3877985,
        2.3471398,
        2.2780654,
        2.245301,
        2.248733,
        2.2472336,
        2.2904286,
        2.2555385,
        2.1842244,
        2.0679257,
        1.9311247,
        1.7813365,
        1.5853367,
        1.3409638,
        1.0197062,
        0.71741676,
        0.36708307,
        -0.047920704,
        -0.4773755,
        -0.95230675,
        -1.3913529,
        -1.7944117,
        -2.1730971,
        -2.462441,
        -2.7503889,
        -2.9647114,
        -3.1480432,
        -3.3025017,
        -3.408699,
        -3.5144444,
        -3.5980115,
        -3.6447613,
        -3.6997523,
        -3.7290645,
        -3.7299616,
        -3.6640534,
        -3.5504918,
        -3.3894033,
        -3.195468,
        -2.9571083,
        -2.7513418,
        -2.5068963,
        -2.3057108,
        -2.074067,
        -1.8963618,
        -1.7179754,
        -1.5059226,
        -1.3109977,
        -1.0857997,
        -0.8928919,
        -0.6583991,
        -0.44471884,
        -0.2781949,
        -0.091795444,
        0.035733223,
        0.118967056,
        0.24431896,
        0.29472303,
        0.34452868,
        0.38666964,
        0.4188013,
        0.45285797,
        0.5199146,
        0.5531955,
        0.6054187,
        0.6886115,
        0.7287097,
        0.80479765,
        0.82613754,
        0.85045433,
        0.8564429,
        0.8466883,
        0.81401205,
        0.7869649,
        0.7560272,
        0.69965696,
        0.6227627,
        0.53507996,
        0.47494936,
        0.43982458,
        0.42460108,
        0.36928225,
        0.31664276,
        0.28785944
    ],