{
    "class": "xneg",
    "duration_ms": 700,
    "x": [
        -0.15213037,
        -0.048241496,
        -0.0032896996,
        0.029030442,
        0.0396899,
        0.014630437,
        -0.05078137,
        -0.09485304,
        -0.14183009,
        -0.18972683,
        -0.2222867,
        -0.2352258,
        -0.20036638,
        -0.15870142,
        -0.11508834,
        -0.06735647,
        -0.04636264,
        -0.03049779,
        -0.0149457455,
        -0.009258747,
        -0.036910772,
        -0.07154548,
        -0.08227956,
        -0.07172668,
        -0.07309544,
        -0.08383298,
        -0.08020592,
        -0.09323931,
        -0.1203959,
        -0.14500117,
        -0.20040667,
        -0.20325243,
        -0.18223155,
        -0.15645158,
        -0.123456955,
        -0.068944454,
        -0.009655714,
        0.032997966,
        0.047093153,
        0.08957136,
        0.13401306,
        0.23273188,
        0.38524723,
        0.5205724,
        0.6964566,
        0.82540405,
        0.9200401,
        0.97344327,
        1.0190299,
        1.0445851,
        1.1260253,
        1.2129803,
        1.3294648,
        1.4612663,
        1.6442482,
        1.8971112,
        2.2410574,
        2.6211743,
        3.006946,
        3.453262,
        3.926383,
        4.373716,
        4.666578,
        4.775643,
        4.726259,
        4.455422,
        4.108401,
        3.6651473,
        3.1370592,
        2.521624,
        1.830736,
        0.86647236,
        0.13203406,
        -0.2604258,
        -0.6032858,
        -1.1500306,
        -1.9783256,
        -2.9195707,
        -3.8946118,
        -5.031209,
        -6.331333,
        -7.7852135,
        -9.414459,
        -11.028585,
        -12.691505,
        -14.378936,
        -15.987562,
        -17.413956,
        -18.493055,
        -19.02486,
        -18.675468,
        -17.991726,
        -17.107462,
        -16.035837,
        -14.7519045,
        -13.253138,
        -11.634531,
        -9.739705,
        -7.6706505,
        -5.4472723,
        -3.0810528,
        -0.5880234,
        2.128352,
        5.133597,
        8.538075,
        11.801043,
        14.171289,
        15.702726,
        17.19884,
        18.267471,
        18.85393,
        18.87738,
        18.42881,
        17.523308,
        15.976203,
        14.060825,
        12.23028,
        10.689764,
        9.259311,
        7.872075,
        6.610858,
        5.5068974,
        4.529994,
        3.715337,
        3.0362232,
        2.5021193,
        2.0383205,
        1.5857047,
        1.1506039,
        0.6921402,
        0.2468976,
        -0.15395562,
        -0.57999647,
        -1.0075948,
        -1.5208696,
        -1.8569801,
        -2.2741497,
        -2.6835387,
        -3.0052533,
        -3.2569237,
        -3.3908806,
        -3.4907045,
        -3.489033,
        -3.507147,
        -3.5561953,
        -3.6809251,
        -3.792413,
        -3.8781738,
        -3.8779058
    ],
    "y": [
        -0.08386135,
        -0.04388714,
        -0.008160114,
        0.040187836,
        0.055858135,
        0.08667278,
        0.03752756,
        0.041844845,
        0.053761482,
        0.056190968,
        0.05139017,
        0.003624916,
        -0.041903973,
        -0.054445744,
        -0.084172726,
        -0.11191177,
        -0.1092515,
        -0.0928936,
        -0.115047455,
        -0.0897851,
        -0.07922268,
        -0.06427479,
        -0.06870556,
        -0.035314083,
        -0.057147026,
        -0.05080509,
        -0.061436176,
        -0.05813837,
        -0.08133268,
        -0.0785017,
        -0.07817364,
        -0.096716404,
        -0.08386183,
        -0.08473873,
        -0.060991287,
        -0.08156061,
        -0.060678482,
        -0.03933239,
        -0.029735565,
        -0.022500992,
        0.0130229,
        -0.006743431,
        -0.0028047562,
        -0.022841454,
        -0.00487566,
        0.05339861,
        0.10888243,
        0.142766,
        0.15744305,
        0.14600945,
        0.16057968,
        0.10592222,
        0.10587597,
        0.08376694,
        0.0848608,
        0.08063793,
        0.08311653,
        0.10917187,
        0.14938688,
        0.20662928,
        0.28117847,
        0.28048182,
        0.2533536,
        0.16893768,
        0.10171509,
        0.05390787,
        0.032205105,
        0.04094267,
        0.050803185,
        0.04908991,
        -0.041715622,
        -0.07452297,
        -0.08880186,
        -0.29561567,
        -0.6378617,
        -1.0299506,
        -1.3700576,
        -1.692769,
        -1.9575877,
        -2.1881747,
        -2.3414292,
        -2.503879,
        -2.6405516,
        -2.8698878,
        -3.0945263,
        -3.4796872,
        -3.5634143,
        -3.4956024,
        -3.4177506,
        -3.326775,
        -3.809192,
        -4.448663,
        -5.1523914,
        -5.878371,
        -6.7074566,
        -7.598845,
        -8.47375,
        -9.2296095,
        -9.779197,
        -10.052971,
        -10.051695,
        -9.855494,
        -9.4307785,
        -8.658892,
        -7.614551,
        -6.524234,
        -5.4445763,
        -4.3783903,
        -3.384322,
        -2.2517195,
        -1.1068807,
        -0.047011852,
        0.75666857,
        1.3749852,
        1.8746686,
        2.1512232,
        2.12999,
        1.872899,
        1.5658212,
        1.3487215,
        1.239368,
        1.2245235,
        1.2959523,
        1.4310179,
        1.5213184,
        1.5472126,
        1.484251,
        1.3249478,
        1.0448074,
        0.7529669,
        0.450562,
        0.19335079,
        -0.082476616,
        -0.3809781,
        -0.6587515,
        -0.89671946,
        -1.056984,
        -1.1522274,
        -1.1834569,
        -1.2257471,
        -1.2394986,
        -1.2786746,
        -1.3565845,
        -1.3978167,
        -1.4681892,
        -1.5543776,
        -1.5953159,
        -1.6186056,
        -1.6656432
    ],