{
    "class": "xneg",
    "duration_ms": 700,
    "x": [
        0.33084917,
        0.42839128,
        0.5449036,
        0.6997748,
        0.8552035,
        1.0472744,
        1.2285596,
        1.4256642,
        1.5795546,
        1.733627,
        1.8714595,
        1.9507153,
        2.0028288,
        2.0042348,
        1.9810817,
        1.9757962,
        1.947483,
        1.9149895,
        1.84946,
        1.793502,
        1.7490087,
        1.6469182,
        1.5471306,
        1.4664903,
        1.3718749,
        1.2777283,
        1.176848,
        1.0359077,
        0.84803057,
        0.575542,
        0.38970053,
        0.21039748,
        0.072441936,
        -0.10874832,
        -0.3649894,
        -0.6701164,
        -1.0413139,
        -1.4696878,
        -1.9603612,
        -2.4656427,
        -2.937665,
        -3.0266593,
        -3.3305433,
        -4.3024025,
        -5.0446715,
        -5.8114605,
        -7.082325,
        -8.823597,
        -12.196369,
        -14.889739,
        -16.58919,
        -17.094337,
        -16.51341,
        -15.690411,
        -14.92229,
        -14.008135,
        -12.936481,
        -11.675554,
        -10.219112,
        -8.438778,
        -6.334848,
        -4.1437283,
        -1.8192103,
        0.57970285,
        2.561293,
        4.389947,
        5.462747,
        6.53393,
        7.9701004,
        9.350624,
        10.577805,
        11.58652,
        12.297071,
        12.828558,
        13.233446,
        13.618561,
        13.762934,
        13.059448,
        11.643799,
        10.079333,
        8.567637,
        7.262267,
        6.1975985,
        5.270626,
        4.4514856,
        3.692107,
        3.1777475,
        2.7822065,
        2.3143702,
        1.9826958,
        1.778025,
        1.7174361,
        1.2628466,
        0.9623765,
        0.6220833,
        0.34227788,
        0.13918865,
        -0.059055805,
        -0.21674389,
        -0.30756336,
        -0.37686205,
        -0.5346871,
        -0.7236823,
        -0.9513451,
        -1.1848047,
        -1.4078704,
        -1.6212605,
        -1.8469968,
        -2.0115168,
        -2.0817924,
        -2.1250892,
        -2.0719414,
        -1.9436517,
        -1.7924385,
        -1.677379,
        -1.6169385,
        -1.6415814,
        -1.7127186,
        -1.8039463,
        -1.9080435,
        -1.8262073,
        -1.8452979,
        -2.066016,
        -2.192049,
        -2.3052251,
        -2.4325628,
        -2.402405,
        -2.1623323,
        -1.9010359,
        -1.7040644,
        -1.5088477,
        -1.2508622,
        -1.258912,
        -1.3931667,
        -1.4246302,
        -1.395308,
        -1.3227504,
        -1.3218427,
        -1.3156874,
        -1.3039846,
        -1.2507608,
        -1.1275356,
        -0.97750425,
        -0.8315924,
        -0.68429255,
        -0.5994983,
        -0.5433965,
        -0.46115595,
        -0.41534033
    ],
    "y": [
        0.21108723,
        0.25201893,
        0.2561245,
        0.27356434,
        0.21408176,
        0.17345524,
        0.14931679,
        0.18437195,
        0.21402073,
        0.27628517,
        0.30198956,
        0.3080368,
        0.311244,
        0.30934048,
        0.29533768,
        0.26475048,
        0.23216915,
        0.24038506,
        0.21556568,
        0.18640137,
        0.19327068,
        0.20260715,
        0.22866344,
        0.29262638,
        0.31586456,
        0.28211403,
        0.19206238,
        0.07954502,
        0.013552666,
        -0.027733803,
        -0.044695854,
        -0.08752251,
        -0.15619373,
        -0.31928158,
        -0.53958607,
        -0.90044594,
        -1.2196636,
        -1.4036064,
        -1.4976082,
        -1.5733819,
        -1.7049351,
        -2.317296,
        -2.8093338,
        -2.758812,
        -2.8156128,
        -3.08138,
        -3.1749058,
        -3.3947039,
        -3.2151375,
        -1.1029592,
        -0.6108427,
        -1.525372,
        -3.4589686,
        -5.067869,
        -5.56537,
        -5.2968364,
        -4.9033628,
        -4.6738906,
        -4.80635,
        -5.2693768,
        -5.7573195,
        -6.03483,
        -5.951247,
        -5.643652,
        -4.7811193,
        -3.6197906,
        -1.6718407,
        -0.6092768,
        -0.19434643,
        -0.23738766,
        -0.41489983,
        -0.7115202,
        -1.125751,
        -1.5267386,
        -1.9153643,
        -2.0849829,
        -2.1903558,
        -1.6205268,
        -0.48203182,
        0.78226566,
        1.7567635,
        2.3040915,
        2.4976912,
        2.2794695,
        1.9404602,
        1.496213,
        0.9093151,
        0.6038132,
        0.5847244,
        0.6227274,
        0.5962353,
        0.5152769,
        0.7244358,
        0.81955814,
        0.9636059,
        0.98928833,
        0.863451,
        0.68430424,
        0.40650654,
        0.030153275,
        -0.382452,
        -0.6998596,
        -0.93185806,
        -1.0140495,
        -1.0042267,
        -0.9576216,
        -0.86480236,
        -0.73551846,
        -0.6152859,
        -0.49937534,
        -0.47150898,
        -0.49817467,
        -0.6486311,
        -0.82472134,
        -1.0192223,
        -1.1962099,
        -1.2575436,
        -1.2271886,
        -1.1577172,
        -1.0490441,
        -1.0469394,
        -0.99575806,
        -0.79281807,
        -0.6104593,
        -0.4104576,
        -0.20480156,
        -0.08671951,
        -0.1325674,
        -0.2967701,
        -0.4357996,
        -0.5116911,
        -0.6704836,
        -0.632555,
        -0.51805496,
        -0.3943262,
        -0.31666374,
        -0.2660799,
        -0.25233936,
        -0.23491955,
        -0.19953728,
        -0.18933964,
        -0.22815895,
        -0.2656412,
        -0.29926777,
        -0.33369446,
        -0.32579708,
        -0.30430508,
        -0.20702076,
        -0.11530781
    ],