{
    "class": "xneg",
    "duration_ms": 700,
    "x": [
        0.027931094,
        0.08248615,
        0.15487063,
        0.18594024,
        0.2357586,
        0.26176047,
        0.30733845,
        0.34902468,
        0.36337242,
        0.36737943,
        0.3920915,
        0.3801265,
        0.3482021,
        0.32929373,
        0.32785037,
        0.34372675,
        0.37461972,
        0.43244228,
        0.51226985,
        0.58556545,
        0.6930958,
        0.8254309,
        0.9829086,
        1.0921942,
        1.1894886,
        1.2608188,
        1.3297418,
        1.4125614,
        1.4637494,
        1.5378981,
        1.6015698,
        1.6212804,
        1.6610796,
        1.6893702,
        1.6891837,
        1.6914254,
        1.698374,
        1.6720963,
        1.6175506,
        1.4967027,
        1.3407128,
        1.1613894,
        0.96340936,
        0.73728925,
        0.49464983,
        0.26601732,
        0.06250334,
        -0.16629303,
        -0.37763333,
        -0.63558054,
        -0.9798511,
        -1.3806359,
        -1.9077559,
        -2.5555274,
        -3.3625197,
        -4.3703966,
        -5.5480356,
        -6.879715,
        -8.352327,
        -9.911931,
        -11.321209,
        -12.610617,
        -13.1573305,
        -14.287433,
        -15.28175,
        -16.340578,
        -17.197954,
        -17.186241,
        -15.99002,
        -14.231455,
        -12.169535,
        -10.224852,
        -8.382599,
        -6.5306635,
        -4.5543985,
        -2.4658842,
        -0.2581346,
        2.0407517,
        4.5585,
        7.2118196,
        9.493529,
        11.257395,
        12.465357,
        12.911996,
        13.436998,
        13.56531,
        13.771656,
        13.854116,
        13.856362,
        13.644678,
        13.140306,
        12.235824,
        11.032508,
        9.868661,
        8.805518,
        7.9149847,
        7.1468244,
        6.4535265,
        5.9050803,
        5.404471,
        5.015117,
        4.7145424,
        4.411138,
        4.118436,
        3.8327708,
        3.490495,
        3.1685739,
        2.8409262,
        2.5527205,
        2.2626634,
        2.0036023,
        1.7744336,
        1.5522896,
        1.354826,
        1.1375072,
        0.90146613,
        0.6384615,
        0.3549617,
        0.09806323,
        -0.20933259,
        -0.49109572,
        -0.79550433,
        -1.0820569,
        -1.3268303,
        -1.634837,
        -1.9100109,
        -2.1904292,
        -2.4709678,
        -2.7176566,
        -2.9539368,
        -3.1168523,
        -3.2008858,
        -3.207706,
        -3.177312,
        -3.1017606,
        -3.0447268,
        -2.964875,
        -2.8764527,
        -2.8082092,
        -2.671635,
        -2.5891917,
        -2.4847198,
        -2.4280937,
        -2.3789709,
        -2.3665226,
        -2.369527,
        -2.3884783,
        -2.342406
    ],
    "y": [
        -0.08250713,
        -0.080578804,
        -0.061820507,
        -0.043022633,
        -0.0028038025,
        0.044516563,
        0.07029915,
        0.12681866,
        0.09271765,
        0.068511486,
        0.07754755,
        0.053043842,
        0.03541422,
        0.010084152,
        0.043493748,
        0.013995647,
        -0.009245396,
        -0.011958599,
        -0.027499199,
        -0.02248907,
        -0.0017075539,
        -0.01023531,
        0.01633358,
        0.04934883,
        0.06034708,
        0.082737446,
        0.10225773,
        0.08094883,
        0.09748602,
        0.101676464,
        0.046037197,
        0.042608738,
        0.031583786,
        0.0390296,
        0.064816,
        0.108649254,
        0.11817646,
        0.122186184,
        0.11602688,
        0.1259594,
        0.12346125,
        0.12067127,
        0.15560865,
        0.18771315,
        0.20511198,
        0.17931938,
        0.13192987,
        0.10566759,
        0.057435036,
        -0.010041714,
        -0.13431644,
        -0.2766099,
        -0.45631886,
        -0.6140604,
        -0.77160835,
        -0.948421,
        -1.1665015,
        -1.4577184,
        -1.8014803,
        -2.2465477,
        -2.7817144,
        -3.3975778,
        -4.100685,
        -4.1708593,
        -3.856753,
        -3.5874462,
        -3.6396277,
        -4.192804,
        -5.215805,
        -6.317236,
        -7.1310344,
        -7.648679,
        -7.9724264,
        -8.252605,
        -8.522682,
        -8.661089,
        -8.614166,
        -8.417734,
        -7.95376,
        -7.234776,
        -6.3911176,
        -5.440801,
        -4.1575413,
        -2.2637672,
        -0.5466995,
        1.0459914,
        1.9216232,
        2.1812901,
        1.9473567,
        1.4767351,
        1.0867682,
        1.0497761,
        1.2173724,
        1.3721828,
        1.5239506,
        1.5812759,
        1.591404,
        1.6320477,
        1.5820217,
        1.4944448,
        1.4102373,
        1.3105054,
        1.2242589,
        1.1111197,
        0.96923447,
        0.8421931,
        0.71388435,
        0.6062889,
        0.4697318,
        0.3812518,
        0.27397108,
        0.14558935,
        -0.013510227,
        -0.1650238,
        -0.32829,
        -0.44377756,
        -0.5717082,
        -0.667171,
        -0.7571144,
        -0.8346944,
        -0.88137865,
        -0.9215865,
        -0.97016096,
        -1.0202193,
        -1.0578208,
        -1.0617704,
        -1.0707235,
        -1.051652,
        -0.9954009,
        -0.93112564,
        -0.8543873,
        -0.80848646,
        -0.7744889,
        -0.75011253,
        -0.7641039,
        -0.8139043,
        -0.84897995,
        -0.8834686,
        -0.90493965,
        -0.9177861,
        -0.9120798,
        -0.8947177,
        -0.84155273,
        -0.80521107,
        -0.77610874,
        -0.728189,
        -0.70955515,
        -0.67247915
    ],