{
    "class": "xneg",
    "duration_ms": 700,
    "x": [
        -0.16394407,
        -0.09900573,
        0.018108666,
        0.09967691,
        0.1464951,
        0.17572165,
        0.17563584,
        0.14142054,
        0.10132158,
        0.05253747,
        0.037549376,
        0.039408207,
        0.055666834,
        0.050715536,
        0.029229224,
        0.005409062,
        -0.0279904,
        -0.04502368,
        -0.043468475,
        -0.075544536,
        -0.057857275,
        -0.049955428,
        -0.07070619,
        -0.060248554,
        -0.056638837,
        -0.02389741,
        0.007155299,
        0.06275034,
        0.11415318,
        0.14240474,
        0.1379962,
        0.1507498,
        0.159006,
        0.14611676,
        0.1619851,
        0.1708112,
        0.20836091,
        0.23645231,
        0.26490167,
        0.2960136,
        0.29164192,
        0.26632828,
        0.26522988,
        0.25733817,
        0.2571488,
        0.25999242,
        0.27304083,
        0.2725857,
        0.31115967,
        0.33868098,
        0.35041124,
        0.43203565,
        0.47853702,
        0.54245555,
        0.5761264,
        0.5869185,
        0.60103345,
        0.55860424,
        0.49773008,
        0.45384508,
        0.37908894,
        0.34470105,
        0.2859683,
        0.26967394,
        0.26476932,
        0.314385,
        0.34944713,
        0.3798771,
        0.3392536,
        0.2614367,
        0.13221133,
        0.020474672,
        -0.14558065,
        -0.32097661,
        -0.55610883,
        -0.917529,
        -1.4074209,
        -1.961559,
        -2.6832771,
        -3.6622033,
        -4.8400774,
        -6.0699377,
        -7.4001894,
        -8.639279,
        -9.758089,
        -10.631059,
        -11.234387,
        -11.526759,
        -11.479796,
        -10.802352,
        -10.944485,
        -10.603508,
        -9.944804,
        -8.583193,
        -6.455046,
        -4.219931,
        -1.9727999,
        0.23721886,
        2.4002466,
        4.3075933,
        6.2103806,
        8.053213,
        9.811054,
        11.540146,
        13.141071,
        14.559433,
        15.602259,
        16.229149,
        16.353188,
        15.716694,
        14.615979,
        13.310706,
        11.959701,
        10.576034,
        9.185468,
        7.7949014,
        6.4116006,
        5.143371,
        3.9545908,
        2.8362908,
        1.8948135,
        1.0792037,
        0.3368799,
        -0.21661136,
        -0.7908472,
        -1.335031,
        -1.8607441,
        -2.3608177,
        -2.897903,
        -3.350867,
        -3.763797,
        -4.120786,
        -4.401124,
        -4.584052,
        -4.674848,
        -4.7815757,
        -4.746356,
        -4.5974693,
        -4.3965144,
        -4.176073,
        -3.901507,
        -3.588366,
        -3.2452297,
        -2.9620063,
        -2.7237144,
        -2.503605,
        -2.3276422,
        -2.1669474,
        -2.0069423
    ],
    "y": [
        0.073924065,
        0.08192253,
        0.10208893,
        0.09882736,
        0.065229416,
        0.049074173,
        0.05012417,
        0.015847206,
        0.00095176697,
        0.026431084,
        0.011033058,
        -0.030787468,
        -0.07040787,
        -0.08170509,
        -0.08864975,
        -0.0865221,
        -0.063591,
        -0.046159744,
        -0.029393196,
        -0.032232285,
        -0.0401659,
        -0.038785934,
        -0.032751083,
        -0.014899254,
        0.0077028275,
        0.032658577,
        0.033883095,
        0.035276413,
        0.0035715103,
        -0.013576508,
        -0.021227837,
        -0.031412125,
        -0.053664207,
        -0.07126999,
        -0.04389,
        -0.052625656,
        -0.023521423,
        -0.011481285,
        -0.0020999908,
        -0.0024604797,
        -0.002954483,
        -0.03209591,
        -0.037427902,
        -0.03331375,
        -0.010245323,
        -0.018138885,
        0.019307137,
        0.06845093,
        0.081703186,
        0.12582016,
        0.13868046,
        0.122945786,
        0.12631226,
        0.112968445,
        0.09724617,
        0.06969547,
        0.04708004,
        0.02458191,
        0.014019966,
        -0.01080513,
        0.01680088,
        0.022883415,
        0.04333973,
        0.059124947,
        0.08698845,
        0.06988621,
        0.067539215,
        0.0038080215,
        -0.05674362,
        -0.10470009,
        -0.10937786,
        -0.13539124,
        -0.15893841,
        -0.21813774,
        -0.28198528,
        -0.36720848,
        -0.45953655,
        -0.5638809,
        -0.70455265,
        -0.93182945,
        -1.2826185,
        -1.6501098,
        -1.867454,
        -1.9540586,
        -2.0534167,
        -2.2153077,
        -2.455388,
        -2.6978421,
        -2.942998,
        -3.341535,
        -3.5139155,
        -3.5257668,
        -3.5782743,
        -3.7742696,
        -4.090347,
        -4.1839833,
        -3.9221258,
        -3.483305,
        -2.933766,
        -2.3207235,
        -1.6511159,
        -0.9559326,
        -0.32100296,
        0.36883068,
        0.9177923,
        1.2957916,
        1.2795172,
        1.0936222,
        0.8506136,
        0.830719,
        1.0034971,
        1.1643524,
        1.3121872,
        1.316575,
        1.2192421,
        0.9899702,
        0.8493004,
        0.74706745,
        0.77411366,
        0.81777096,
        0.85401535,
        0.7943754,
        0.5936346,
        0.23546886,
        -0.1362114,
        -0.4302969,
        -0.6801052,
        -0.83043766,
        -0.90995884,
        -0.9712477,
        -1.0119686,
        -1.0896435,
        -1.178072,
        -1.2869511,
        -1.3565574,
        -1.3895426,
        -1.4434004,
        -1.5492396,
        -1.697525,
        -1.790204,
        -1.8680158,
        -1.9118161,
        -1.895392,
        -1.8524241,
        -1.7926474,
        -1.7090487,
        -1.623261,
        -1.520989,
        -1.3951583
    ],