{
    "class": "xneg",
    "duration_ms": 700,
    "x": [
        0.2783578,
        0.29878366,
        0.34049952,
        0.38208956,
        0.44773972,
        0.51854974,
        0.59717035,
        0.75596035,
        0.93108934,
        1.041766,
        1.1334238,
        1.1317517,
        1.149081,
        1.1397659,
        1.1566634,
        1.1856105,
        1.2268332,
        1.2707555,
        1.2836962,
        1.2845377,
        1.3138341,
        1.3473386,
        1.3824389,
        1.4070973,
        1.3877676,
        1.3720496,
        1.3119098,
        1.2237076,
        1.1717176,
        1.0479956,
        0.900205,
        0.7182976,
        0.51625705,
        0.29383862,
        0.043680906,
        -0.22970521,
        -0.4547665,
        -0.77519786,
        -1.1433797,
        -1.552538,
        -1.9595366,
        -1.4014331,
        -2.174612,
        -3.5361695,
        -5.020271,
        -6.3179297,
        -7.517463,
        -8.711125,
        -9.79616,
        -10.599085,
        -10.86654,
        -11.468471,
        -12.018893,
        -12.113237,
        -11.850791,
        -11.3488655,
        -10.669965,
        -10.041919,
        -9.284554,
        -8.310957,
        -7.0838075,
        -5.6175656,
        -4.0269604,
        -2.5495856,
        -1.0569959,
        0.3345785,
        1.8223524,
        3.3639615,
        4.9097295,
        6.4625263,
        7.8939514,
        9.245002,
        10.459788,
        11.524742,
        12.447406,
        13.210854,
        13.822319,
        14.151556,
        14.498469,
        14.564175,
        14.087351,
        12.755378,
        11.1755905,
        9.750642,
        8.603494,
        7.609272,
        6.5959044,
        5.6236105,
        4.748146,
        3.9656434,
        3.2966578,
        2.6808538,
        2.1370254,
        1.6716998,
        1.2940121,
        0.9316995,
        0.6514709,
        0.41497838,
        0.17413604,
        -0.12872803,
        -0.4266286,
        -0.6934129,
        -0.96286714,
        -1.2161036,
        -1.4390156,
        -1.6341519,
        -1.8015836,
        -1.9271588,
        -2.0252528,
        -2.1200733,
        -2.2452886,
        -2.3364527,
        -2.4559555,
        -2.5393665,
        -2.6922193,
        -2.81639,
        -2.9551778,
        -2.910444,
        -2.7464824,
        -2.820972,
        -2.8249056,
        -2.6651297,
        -2.4778168,
        -2.3317778,
        -2.2431197,
        -2.146882,
        -2.0216506,
        -1.9056523,
        -1.8536899,
        -1.8321965,
        -1.8003845,
        -1.7296981,
        -1.6321548,
        -1.538753,
        -1.4086654,
        -1.2585717,
        -1.1123633,
        -0.9986171,
        -0.8669835,
        -0.7580664,
        -0.67649573,
        -0.5527716,
        -0.42035598,
        -0.29831648,
        -0.18892336,
        -0.08232504,
        0.04573843,
        0.11420259
    ],
    "y": [
        0.019392967,
        0.07079506,
        0.13374233,
        0.19818974,
        0.22303581,
        0.21988773,
        0.2148161,
        0.18850517,
        0.17915726,
        0.15816307,
        0.10910416,
        0.05854702,
        0.0020093918,
        -0.0006570816,
        0.021873474,
        0.0600605,
        0.07577133,
        0.102705956,
        0.06919861,
        0.044808388,
        0.0127363205,
        0.0015945435,
        0.030391693,
        0.051158905,
        0.06626129,
        0.051812172,
        0.014956474,
        -0.0011758804,
        -0.039827347,
        -0.09622288,
        -0.13440228,
        -0.17374802,
        -0.26209164,
        -0.37546635,
        -0.4802885,
        -0.59307814,
        -0.7280483,
        -0.73934746,
        -0.6797776,
        -0.70713806,
        -0.8639164,
        -2.0907645,
        -2.5018263,
        -2.5266862,
        -2.1931462,
        -1.8041816,
        -1.5259018,
        -1.5456076,
        -1.8204389,
        -2.2830439,
        -2.5451689,
        -2.5896096,
        -2.611658,
        -2.7341337,
        -2.983799,
        -3.4448423,
        -3.9958677,
        -4.4176826,
        -4.7448864,
        -4.98336,
        -5.074722,
        -5.0710616,
        -4.9650464,
        -4.7043076,
        -4.2918363,
        -3.876967,
        -3.4083247,
        -2.9233599,
        -2.402368,
        -1.9502516,
        -1.6313467,
        -1.3641305,
        -1.1506495,
        -0.97591925,
        -0.76009655,
        -0.5162163,
        -0.26189804,
        -0.23226833,
        -0.16254807,
        -0.017539024,
        0.1570282,
        0.69641113,
        1.2644262,
        1.6070442,
        1.5444117,
        1.2433224,
        0.97049236,
        0.70767117,
        0.5393429,
        0.39685154,
        0.32393932,
        0.259058,
        0.18604183,
        0.13653755,
        0.07742405,
        0.08553028,
        0.06532574,
        0.00027751923,
        -0.10708332,
        -0.28769493,
        -0.49849796,
        -0.69418526,
        -0.83660793,
        -0.91643715,
        -0.9315901,
        -0.92297935,
        -0.95304585,
        -1.0027809,
        -1.1153908,
        -1.2527065,
        -1.3360109,
        -1.4564648,
        -1.485074,
        -1.436491,
        -1.3396683,
        -1.2449265,
        -1.1212692,
        -1.054862,
        -1.0814724,
        -1.1053419,
        -1.0881882,
        -1.0610666,
        -1.0358515,
        -0.9886093,
        -0.9433193,
        -0.8665352,
        -0.81566143,
        -0.7595835,
        -0.7007408,
        -0.6415634,
        -0.60838795,
        -0.56532574,
        -0.5291586,
        -0.4688282,
        -0.37253094,
        -0.33123112,
        -0.25643635,
        -0.2152195,
        -0.20285034,
        -0.16196251,
        -0.13565636,
        -0.1430893,
        -0.14119339,
        -0.12525845,
        -0.10488033,
        -0.08252621,
        -0.031929016,
        0.0037870407
    ],