{
    "class": "xneg",
    "duration_ms": 700,
    "x": [
        0.305569,
        0.4281631,
        0.54521894,
        0.6714765,
        0.79815376,
        0.9619158,
        1.1348003,
        1.2893934,
        1.4221387,
        1.5431125,
        1.6668853,
        1.7849061,
        1.8896682,
        1.9787385,
        2.052042,
        2.1166005,
        2.0956514,
        2.1156533,
        2.109319,
        2.0403845,
        1.9633104,
        1.8774784,
        1.7652872,
        1.6115124,
        1.4724858,
        1.2561349,
        0.96154284,
        0.7148931,
        0.3918807,
        -0.009461194,
        -0.5438171,
        -1.141657,
        -1.8505387,
        -2.6681995,
        -3.586217,
        -4.69282,
        -6.0791383,
        -7.663938,
        -9.310633,
        -10.960268,
        -12.480266,
        -13.873329,
        -14.993577,
        -15.794343,
        -16.257254,
        -16.403923,
        -16.148989,
        -15.408327,
        -14.123231,
        -12.459232,
        -10.58908,
        -8.512085,
        -6.2835493,
        -3.8950448,
        -1.4777424,
        0.9466872,
        3.4131517,
        5.9768686,
        8.15581,
        9.497471,
        10.383368,
        11.470812,
        12.68956,
        13.890129,
        14.957566,
        15.846421,
        16.274178,
        16.813608,
        16.898932,
        16.733734,
        16.255638,
        15.373494,
        13.718184,
        12.131364,
        11.005586,
        10.036323,
        9.155917,
        8.3014555,
        7.475187,
        6.620062,
        5.7153134,
        4.7738686,
        3.7630608,
        2.7099802,
        1.6915,
        0.6909598,
        -0.26551253,
        -1.1835294,
        -1.9924747,
        -2.700664,
        -3.3402066,
        -3.9096038,
        -4.3710246,
        -4.7153506,
        -5.017323,
        -5.2296367,
        -5.386206,
        -5.525693,
        -5.605165,
        -5.584185,
        -5.489248,
        -5.3393803,
        -5.115139,
        -4.820906,
        -4.5110292,
        -4.20387,
        -3.884288,
        -3.5686011,
        -3.2970774,
        -3.0549712,
        -2.8061755,
        -2.603057,
        -2.3738291,
        -2.0993295,
        -1.8275194,
        -1.5702915,
        -1.3421353,
        -1.1311301,
        -0.9182606,
        -0.75140345,
        -0.60906005,
        -0.5510355,
        -0.5103504,
        -0.4704836,
        -0.50804085,
        -0.5540946,
        -0.61360615,
        -0.64370805,
        -0.5628982,
        -0.41620284,
        -0.26021007,
        -0.13955574,
        -0.03669677,
        0.017809164,
        0.076681904,
        0.061065055,
        0.04504824,
        -0.031603,
        -0.09278296,
        -0.15594453,
        -0.19517665,
        -0.23749074,
        -0.20204535,
        -0.079615936,
        0.06070964,
        0.17393185,
        0.23663543,
        0.29717055,
        0.28660834
    ],
    "y": [
        0.00344038,
        0.048132896,
        0.1322093,
        0.19132447,
        0.23054504,
        0.24291515,
        0.24777961,
        0.26656318,
        0.2706821,
        0.2887466,
        0.22733879,
        0.18025446,
        0.1354549,
        0.143116,
        0.15779042,
        0.18207526,
        0.22568679,
        0.27938747,
        0.3195262,
        0.36084414,
        0.41301155,
        0.43531084,
        0.44438314,
        0.47820044,
        0.4670272,
        0.4345045,
        0.43781185,
        0.42655277,
        0.41257715,
        0.38388538,
        0.24497461,
        0.046281338,
        -0.20297909,
        -0.46075583,
        -0.79054546,
        -1.1602066,
        -1.5589716,
        -2.0161307,
        -2.5031707,
        -3.0414543,
        -3.6134715,
        -4.03816,
        -4.308216,
        -4.3776965,
        -4.3992953,
        -4.4275513,
        -4.5143957,
        -4.792799,
        -5.216613,
        -5.6162176,
        -5.997629,
        -6.336972,
        -6.654254,
        -6.9532166,
        -7.156889,
        -7.167736,
        -6.880171,
        -6.1616917,
        -4.8709273,
        -3.1904151,
        -1.6416116,
        -0.4944799,
        0.4381895,
        1.0146995,
        1.1500466,
        1.1416483,
        1.387753,
        1.2639744,
        1.2233429,
        1.0802715,
        0.7888596,
        1.1129596,
        1.7981615,
        2.3575084,
        2.5125713,
        2.2864223,
        1.7613294,
        1.1769488,
        0.5978694,
        0.13176489,
        -0.24256682,
        -0.54104304,
        -0.83154345,
        -1.0527308,
        -1.2319613,
        -1.4137142,
        -1.5951893,
        -1.744951,
        -1.93003,
        -2.1362488,
        -2.313651,
        -2.4218493,
        -2.5114014,
        -2.5657396,
        -2.5660067,
        -2.5506885,
        -2.481982,
        -2.3483722,
        -2.1672893,
        -2.0063114,
        -1.8755866,
        -1.7901227,
        -1.76005,
        -1.7474822,
        -1.7671089,
        -1.7807367,
        -1.7572422,
        -1.7157496,
        -1.6226678,
        -1.4778653,
        -1.336509,
        -1.2176907,
        -1.092768,
        -0.9929373,
        -0.9372077,
        -0.870631,
        -0.82432556,
        -0.7554126,
        -0.6782882,
        -0.5763035,
        -0.47092223,
        -0.36198068,
        -0.2708633,
        -0.21164656,
        -0.17920351,
        -0.1421988,
        -0.10297537,
        -0.0637629,
        -0.04118991,
        -0.018276691,
        -0.013848543,
        0.01554203,
        0.034271717,
        0.059417725,
        0.11504507,
        0.20119596,
        0.29386497,
        0.39062548,
        0.45068645,
        0.49055886,
        0.5074091,
        0.52471066,
        0.5012357,
        0.43425727,
        0.38085532,
        0.2953031,
        0.2013526,
        0.12770367,
        0.05288911
    ],