{
    "class": "xneg",
    "duration_ms": 700,
    "x": [
        0.029619202,
        -0.0033587143,
        0.034663424,
        0.098391235,
        0.20230779,
        0.35863882,
        0.5580674,
        0.76514965,
        0.9327875,
        1.045056,
        1.0905484,
        1.1529102,
        1.2104957,
        1.3085628,
        1.4087836,
        1.4732963,
        1.5475302,
        1.5648072,
        1.5704511,
        1.5881078,
        1.6127439,
        1.6110373,
        1.538146,
        1.387438,
        1.1637865,
        0.87908804,
        0.5734973,
        0.22046888,
        -0.19685096,
        -0.6214328,
        -1.056418,
        -1.4509376,
        -1.6854748,
        -2.4328628,
        -3.1896906,
        -4.7197475,
        -6.502508,
        -8.537394,
        -10.728826,
        -12.675463,
        -14.3154545,
        -15.702753,
        -16.679205,
        -17.259747,
        -17.10617,
        -16.533302,
        -15.67247,
        -14.660438,
        -13.60781,
        -12.189329,
        -10.275756,
        -8.191538,
        -5.9785967,
        -3.6286945,
        -1.4797469,
        0.5097797,
        2.3280637,
        4.158199,
        7.373953,
        9.586184,
        11.223808,
        12.947478,
        14.309185,
        15.2751465,
        15.942332,
        16.584026,
        16.652933,
        16.178442,
        15.356795,
        14.30728,
        13.16563,
        12.088753,
        11.137993,
        10.418716,
        9.860794,
        9.473327,
        9.193668,
        8.928819,
        8.6461,
        8.365208,
        8.024227,
        7.577852,
        6.992503,
        6.3346596,
        5.6201563,
        4.773842,
        3.8902376,
        2.9318256,
        1.9733105,
        1.0438592,
        0.18011737,
        -0.60260355,
        -1.1739962,
        -1.6453276,
        -2.6234555,
        -3.5810642,
        -4.4291143,
        -5.164439,
        -5.723888,
        -6.0580378,
        -6.200323,
        -6.207508,
        -6.0451407,
        -5.7862267,
        -5.4655943,
        -5.2113657,
        -4.965143,
        -4.608942,
        -4.110936,
        -3.7118912,
        -3.3460948,
        -3.0486033,
        -2.7492115,
        -2.4331007,
        -2.1622,
        -1.8665346,
        -1.5932888,
        -1.3490429,
        -1.1764034,
        -1.0703702,
        -1.0574039,
        -1.123288,
        -1.2588438,
        -1.4262418,
        -1.5780667,
        -1.6642741,
        -1.6971571,
        -1.6960815,
        -1.6490192,
        -1.5845346,
        -1.519247,
        -1.4028944,
        -1.2376015,
        -1.0467279,
        -0.82255435,
        -0.6124384,
        -0.47816396,
        -0.36926594,
        -0.273759,
        -0.21551332,
        -0.19455439,
        -0.20868576,
        -0.27754742,
        -0.31280023,
        -0.3529312,
        -0.33337244,
        -0.3426404,
        -0.37581983
    ],
    "y": [
        0.42621613,
        0.48032093,
        0.4939375,
        0.50057507,
        0.45037937,
        0.38184166,
        0.2950697,
        0.19492245,
        0.10756874,
        0.07792282,
        0.046113968,
        0.045342445,
        0.061058998,
        0.059848785,
        0.0822382,
        0.11607456,
        0.111346245,
        0.094447136,
        0.046500206,
        0.012910843,
        -0.022947311,
        -0.05621624,
        -0.08689785,
        -0.08654785,
        -0.10050106,
        -0.13334656,
        -0.19197655,
        -0.22150803,
        -0.2648039,
        -0.30506992,
        -0.41827297,
        -0.5626421,
        -0.77578926,
        -0.7516022,
        -0.956954,
        -1.0383949,
        -1.0424795,
        -1.0157928,
        -1.1721449,
        -1.6028404,
        -2.0447645,
        -2.2152705,
        -2.3045335,
        -2.4515305,
        -2.7085228,
        -3.8018427,
        -5.419041,
        -7.123827,
        -8.58119,
        -9.750769,
        -10.690393,
        -11.19796,
        -11.2021,
        -10.893376,
        -10.529704,
        -10.084879,
        -9.535977,
        -8.65745,
        -7.5437856,
        -6.1661973,
        -3.928337,
        -1.8979654,
        -0.15072775,
        1.2415214,
        2.4476948,
        3.267291,
        3.5371113,
        3.477767,
        3.2506633,
        2.9983149,
        2.8583212,
        2.8102598,
        2.8640814,
        3.0501156,
        3.2612314,
        3.4475908,
        3.5331316,
        3.4272642,
        3.0728102,
        2.551443,
        1.918519,
        1.2270117,
        0.5299654,
        -0.20568848,
        -0.9054041,
        -1.5187664,
        -2.0074644,
        -2.3571029,
        -2.5939064,
        -2.6867247,
        -2.7072215,
        -2.7629795,
        -3.004572,
        -3.307438,
        -3.1910105,
        -3.0050492,
        -2.8216534,
        -2.5860329,
        -2.343748,
        -2.1570582,
        -2.0713139,
        -1.9739928,
        -1.9870219,
        -1.9738536,
        -1.9918208,
        -1.9787359,
        -1.9801679,
        -1.9292612,
        -1.9481621,
        -1.9795661,
        -2.0165372,
        -1.9947038,
        -1.9191236,
        -1.7636623,
        -1.6026273,
        -1.4002991,
        -1.2142944,
        -1.0806246,
        -0.97071743,
        -0.8775492,
        -0.78207016,
        -0.6820011,
        -0.5559416,
        -0.40151024,
        -0.2880993,
        -0.23950768,
        -0.17194366,
        -0.106918335,
        -0.046827316,
        0.022744179,
        0.032567024,
        0.033060074,
        0.04345131,
        0.039862633,
        0.062942505,
        0.03368187,
        -0.01448822,
        -0.060189247,
        -0.093966484,
        -0.094314575,
        -0.06610966,
        0.00014400482,
        0.0111141205,
        0.06017971,
        0.089951515,
        0.10773277,
        0.1232357,
        0.1316185
    ],