{
    "class": "xneg",
    "duration_ms": 700,
    "x": [
        0.32200834,
        0.32582384,
        0.3292367,
        0.34300676,
        0.36805588,
        0.34784707,
        0.32614848,
        0.32252574,
        0.29744512,
        0.2754435,
        0.24271649,
        0.22294652,
        0.1800133,
        0.15163094,
        0.101765454,
        0.05388236,
        0.0027161837,
        -0.023791432,
        -0.061910868,
        -0.06703156,
        -0.032390237,
        -0.034246624,
        -0.0056087375,
        0.03450328,
        0.048195183,
        0.068954766,
        0.08246958,
        0.14577591,
        0.23736939,
        0.3576619,
        0.46189287,
        0.5981967,
        0.75259167,
        0.9231137,
        1.0864277,
        1.1811788,
        1.2054025,
        1.2255399,
        1.1743305,
        1.0534148,
        0.8668225,
        0.6540492,
        0.3998887,
        0.14871252,
        -0.081359625,
        -0.29318368,
        -0.5107497,
        -0.7762637,
        -1.1173272,
        -1.5830327,
        -2.1628327,
        -2.8562632,
        -3.6586008,
        -4.5318537,
        -5.4321723,
        -6.288992,
        -7.106039,
        -7.8465753,
        -8.5672245,
        -9.241475,
        -9.876624,
        -10.378439,
        -10.694545,
        -10.926677,
        -10.879189,
        -10.617268,
        -10.14821,
        -9.393136,
        -8.299172,
        -6.856131,
        -5.3359995,
        -3.6564434,
        -1.8258135,
        0.21024561,
        2.3746524,
        4.82932,
        7.3120475,
        9.511952,
        11.509213,
        12.935543,
        13.224668,
        13.851219,
        14.309544,
        14.463961,
        14.433149,
        14.315548,
        13.774809,
        12.376313,
        10.711986,
        9.408761,
        8.302568,
        7.2765365,
        6.360211,
        5.621484,
        4.9706945,
        4.4212413,
        3.9315512,
        3.4311876,
        2.990724,
        2.5132747,
        2.0526729,
        1.6025286,
        1.1823647,
        0.73256516,
        0.34808627,
        -0.027336597,
        -0.41438985,
        -0.81944287,
        -1.184609,
        -1.5308022,
        -1.8929526,
        -2.2867646,
        -2.6321769,
        -2.7633762,
        -2.9856143,
        -3.1584911,
        -3.1893344,
        -3.185813,
        -3.1523395,
        -3.1094706,
        -3.0392501,
        -2.997586,
        -2.9901955,
        -3.0085018,
        -3.0222423,
        -3.041815,
        -3.0466409,
        -3.0307958,
        -3.0390778,
        -3.0111477,
        -2.958968,
        -2.882564,
        -2.7822187,
        -2.6105099,
        -2.4446223,
        -2.2781723,
        -2.0786219,
        -1.8848989,
        -1.6999227,
        -1.5238737,
        -1.3663298,
        -1.2128214,
        -1.0826955,
        -1.0239635,
        -0.97467536,
        -0.88481236,
        -0.76393294,
        -0.6166841
    ],
    "y": [
        -0.15520954,
        -0.12265921,
        -0.123040676,
        -0.058465958,
        0.00910759,
        0.06071663,
        0.12492943,
        0.18959618,
        0.20215559,
        0.20554686,
        0.18542624,
        0.15843439,
        0.115026474,
        0.062288284,
        0.021484375,
        0.008907795,
        -0.020908833,
        -0.020317078,
        -0.046418667,
        -0.01583147,
        -0.021493435,
        -0.001229763,
        0.0045661926,
        0.029464245,
        0.028257847,
        0.036864758,
        0.062181473,
        0.05407095,
        0.019841671,
        -0.030789375,
        -0.06670189,
        -0.12591124,
        -0.16067219,
        -0.17826986,
        -0.19294405,
        -0.164433,
        -0.124023914,
        -0.11710024,
        -0.12707376,
        -0.11135101,
        -0.0823884,
        -0.06929684,
        -0.03442812,
        -0.054427624,
        -0.107904434,
        -0.16400719,
        -0.25383472,
        -0.33659458,
        -0.4549923,
        -0.52065563,
        -0.5410342,
        -0.46428442,
        -0.37497902,
        -0.27265024,
        -0.24627829,
        -0.27913618,
        -0.39492178,
        -0.65032053,
        -1.0441122,
        -1.4530387,
        -1.9310384,
        -2.4050283,
        -2.8014417,
        -3.0459764,
        -3.17647,
        -3.1183438,
        -3.0797222,
        -3.2020926,
        -3.5768704,
        -4.128665,
        -4.739735,
        -5.288244,
        -5.7008076,
        -5.847357,
        -5.790168,
        -5.4179883,
        -4.9099817,
        -4.4816356,
        -4.047737,
        -3.2385805,
        -1.4828727,
        -0.034882545,
        1.0372081,
        1.7680101,
        1.9794779,
        1.7333069,
        1.304677,
        1.0512242,
        1.0112557,
        0.906147,
        0.76604986,
        0.5010638,
        0.1882739,
        -0.08402634,
        -0.26640987,
        -0.3887496,
        -0.47898006,
        -0.53403664,
        -0.59170675,
        -0.70386505,
        -0.8005657,
        -0.8764696,
        -0.923996,
        -0.9834719,
        -1.0569234,
        -1.1344433,
        -1.1896143,
        -1.2032132,
        -1.2112122,
        -1.2424927,
        -1.2017751,
        -1.1615095,
        -1.2226639,
        -1.2089396,
        -1.1377873,
        -1.0887609,
        -1.1076512,
        -1.1780238,
        -1.2881479,
        -1.3449192,
        -1.3987613,
        -1.3683581,
        -1.2848234,
        -1.1791368,
        -1.0438743,
        -0.938643,
        -0.8750758,
        -0.7787013,
        -0.7424617,
        -0.6968708,
        -0.6588111,
        -0.6163902,
        -0.57456064,
        -0.53824997,
        -0.48151588,
        -0.40485716,
        -0.3374691,
        -0.3059969,
        -0.2891631,
        -0.2751422,
        -0.26874352,
        -0.2914858,
        -0.30501413,
        -0.28799105,
        -0.2501464,
        -0.23699522,
        -0.21271324,
        -0.2370534
    ],