{
    "class": "xneg",
    "duration_ms": 700,
    "x": [
        0.024341553,
        0.09572087,
        0.13803,
        0.12105563,
        0.11190677,
        0.10100663,
        0.090577886,
        0.07350634,
        0.07352583,
        0.06658776,
        0.052610353,
        0.06472471,
        0.0505334,
        0.0578143,
        0.076855496,
        0.11009945,
        0.13146596,
        0.15302886,
        0.21056633,
        0.2944088,
        0.34276164,
        0.37046838,
        0.40163004,
        0.44339174,
        0.4386357,
        0.43745637,
        0.4206144,
        0.4262008,
        0.39482352,
        0.44570893,
        0.48815283,
        0.53891236,
        0.600158,
        0.6338114,
        0.65180874,
        0.69215965,
        0.6782266,
        0.6220432,
        0.59222275,
        0.52663374,
        0.42028272,
        0.3517185,
        0.2707836,
        0.2322525,
        0.1885984,
        0.1590925,
        0.13433793,
        0.08597426,
        0.045043007,
        0.037566736,
        0.03713131,
        -0.01805228,
        -0.11836851,
        -0.27801767,
        -0.47785294,
        -0.75113225,
        -1.1643157,
        -1.6723467,
        -2.2478087,
        -2.8307064,
        -3.5676727,
        -4.251933,
        -4.858907,
        -5.7583594,
        -6.6063766,
        -7.4993486,
        -8.30607,
        -8.950162,
        -9.383616,
        -9.677653,
        -9.778813,
        -9.655033,
        -9.40317,
        -8.928983,
        -7.848593,
        -6.516435,
        -5.0682254,
        -3.4407282,
        -1.6782703,
        0.29698515,
        2.2974424,
        4.1573086,
        6.214987,
        8.394335,
        10.548101,
        12.5653105,
        14.30588,
        15.53302,
        16.276562,
        16.548126,
        16.566565,
        16.049465,
        15.225745,
        14.150775,
        12.807196,
        11.1249695,
        9.311007,
        7.552124,
        5.9130983,
        4.3943624,
        2.929439,
        1.5192697,
        0.23897469,
        -0.90076435,
        -1.8983161,
        -2.729756,
        -3.4179258,
        -3.848327,
        -4.0969396,
        -3.8895812,
        -3.604596,
        -3.3804727,
        -3.2269366,
        -3.1616795,
        -3.1479433,
        -3.2140875,
        -3.285663,
        -3.4032407,
        -3.5238543,
        -3.6765769,
        -3.8356154,
        -3.9368765,
        -3.9347506,
        -3.785304,
        -3.5186415,
        -3.1382408,
        -2.7315762,
        -2.3021972,
        -1.9353149,
        -1.5944198,
        -1.3936374,
        -1.334625,
        -1.3244206,
        -1.2971357,
        -1.2556456,
        -1.2978759,
        -1.3900486,
        -1.4198128,
        -1.3780088,
        -1.2603018,
        -1.1338004,
        -1.0701003,
        -1.0188155,
        -0.93465555,
        -0.88234866,
        -0.80689466,
        -0.7369444,
        -0.65328664
    ],
    "y": [
        0.031266212,
        0.03987503,
        0.031606674,
        0.016067505,
        -0.0044088364,
        -0.0084524155,
        -0.0057668686,
        -0.0036354065,
        -0.0069236755,
        -0.020386696,
        0.0059576035,
        0.017287254,
        -0.0028038025,
        0.026806831,
        0.048775673,
        0.03713894,
        0.03491974,
        0.020736694,
        0.037409782,
        0.06569958,
        0.055638313,
        0.050281525,
        0.08286667,
        0.098493576,
        0.080700874,
        0.07960415,
        0.09504223,
        0.09596634,
        0.07775402,
        0.09039879,
        0.10512447,
        0.07917786,
        0.060401917,
        0.046281815,
        0.010622025,
        -0.022685051,
        -0.039391518,
        -0.05383873,
        -0.09201813,
        -0.07763958,
        -0.07515812,
        -0.046414375,
        0.025138855,
        0.03720379,
        0.04267311,
        0.07023811,
        0.09132767,
        0.14398861,
        0.20408058,
        0.26660538,
        0.29097366,
        0.284441,
        0.23997593,
        0.16712475,
        0.09667683,
        0.11614704,
        0.08663082,
        0.03888607,
        -0.03935623,
        -0.20542431,
        -0.3548746,
        -0.6970377,
        -1.2555852,
        -1.5399017,
        -1.7387066,
        -1.8727474,
        -2.0748034,
        -2.2764168,
        -2.6027508,
        -2.9181619,
        -3.2427201,
        -3.5343642,
        -3.7657003,
        -3.954783,
        -4.205849,
        -4.5611663,
        -4.764744,
        -4.7430778,
        -4.3155665,
        -3.5510097,
        -2.4398112,
        -1.1283255,
        0.0026865005,
        0.9672909,
        1.6259794,
        2.008953,
        2.070341,
        1.832531,
        1.3697329,
        0.85521317,
        0.5868387,
        -0.120718956,
        -0.82257175,
        -1.4346967,
        -1.8034768,
        -1.9334574,
        -1.7578249,
        -1.4373789,
        -1.0782614,
        -0.7630367,
        -0.44550133,
        -0.12310028,
        0.21831512,
        0.54705524,
        0.7928295,
        0.8971853,
        0.8948412,
        0.7727194,
        0.558547,
        0.1058588,
        -0.4373331,
        -0.8609543,
        -1.0554085,
        -1.1263008,
        -1.1167984,
        -1.124959,
        -1.1364145,
        -1.2325497,
        -1.3368783,
        -1.4374337,
        -1.5221786,
        -1.6053166,
        -1.6626825,
        -1.8015347,
        -1.8851142,
        -1.9729748,
        -1.9836082,
        -1.8931355,
        -1.7853327,
        -1.6602211,
        -1.5393782,
        -1.437233,
        -1.3108144,
        -1.1889048,
        -1.066803,
        -0.92548275,
        -0.7339821,
        -0.58092594,
        -0.46626377,
        -0.3637123,
        -0.30688763,
        -0.28629208,
        -0.2613201,
        -0.2797842,
        -0.26266956,
        -0.3103609,
        -0.30079556,
        -0.28423023
    ],