{
    "class": "xneg",
    "duration_ms": 700,
    "x": [
        0.39470813,
        0.50555146,
        0.5844644,
        0.6706253,
        0.7220718,
        0.794155,
        0.83257735,
        0.799902,
        0.741912,
        0.6444047,
        0.5594745,
        0.49127483,
        0.4202306,
        0.38152516,
        0.34352395,
        0.31533027,
        0.3061764,
        0.2563253,
        0.21098366,
        0.15801175,
        0.14479811,
        0.12830253,
        0.13499627,
        0.14826684,
        0.18277863,
        0.18633373,
        0.16196728,
        0.12915684,
        0.13528696,
        0.13247561,
        0.1348306,
        0.142243,
        0.17858087,
        0.23651342,
        0.3515459,
        0.4595093,
        0.5654014,
        0.6907314,
        0.7999713,
        0.88620967,
        0.90194035,
        0.89991647,
        0.7992747,
        0.72650117,
        0.59102273,
        0.49252564,
        0.42546865,
        0.3891748,
        0.41198605,
        0.46950936,
        0.53791636,
        0.6554171,
        0.7913507,
        0.9437872,
        1.0850444,
        1.1873016,
        1.2417066,
        1.2938204,
        1.3908589,
        1.47532,
        1.5258391,
        1.5710398,
        1.5986832,
        1.6250963,
        1.6405021,
        1.5761327,
        1.4730433,
        1.4122396,
        1.3247069,
        1.208447,
        1.0328869,
        0.8055637,
        0.5338273,
        0.29856592,
        0.027844667,
        -0.24750406,
        -0.5044045,
        -0.7792099,
        -1.0818998,
        -1.4496636,
        -1.8426142,
        -2.3095562,
        -2.7883186,
        -3.3434505,
        -4.0371637,
        -4.8938894,
        -5.9053707,
        -7.0878267,
        -8.299824,
        -9.538748,
        -10.699712,
        -11.818335,
        -12.628601,
        -12.734891,
        -13.413536,
        -14.073052,
        -14.078832,
        -13.640746,
        -13.279644,
        -12.486328,
        -11.353097,
        -10.038921,
        -8.792775,
        -7.533094,
        -6.1667633,
        -4.657808,
        -3.0653467,
        -1.4195802,
        0.3379488,
        2.1869564,
        3.9415402,
        5.595648,
        7.48699,
        8.976028,
        9.987388,
        10.713139,
        11.215902,
        11.538456,
        11.780443,
        12.000866,
        12.064229,
        12.110941,
        12.258459,
        12.35206,
        12.083409,
        11.539706,
        10.824729,
        9.992256,
        9.282351,
        8.701325,
        8.20565,
        7.966496,
        7.9584107,
        8.14215,
        8.270897,
        8.327915,
        8.323615,
        8.238821,
        7.9626184,
        7.48835,
        6.86182,
        6.2266808,
        5.501921,
        4.7462626,
        3.9469774,
        3.134787,
        2.362372,
        1.6228774,
        0.996015
    ],
    "y": [
        -0.030131817,
        0.038781643,
        0.04102087,
        -0.0130262375,
        -0.091814995,
        -0.15929079,
        -0.20356274,
        -0.19641066,
        -0.1882925,
        -0.16271877,
        -0.15093994,
        -0.12701082,
        -0.14345503,
        -0.17401409,
        -0.20926762,
        -0.25649023,
        -0.258698,
        -0.22825336,
        -0.18442392,
        -0.12964201,
        -0.06862497,
        -0.03926325,
        -0.024676323,
        -0.06268263,
        -0.041042328,
        -0.059869766,
        -0.023911,
        -0.009765625,
        0.00898695,
        0.020314217,
        0.005431175,
        0.0050377846,
        0.0023207664,
        -0.0025305748,
        0.009568691,
        0.019433498,
        -0.025175095,
        -0.05243492,
        -0.06014061,
        -0.08205795,
        -0.08257532,
        -0.059638977,
        -0.02073145,
        0.007931232,
        0.059584618,
        0.08898401,
        0.07245731,
        0.022355556,
        0.010111332,
        0.009314537,
        0.012699127,
        0.06281948,
        0.08327103,
        0.1051507,
        0.13807583,
        0.17259884,
        0.17335224,
        0.19778681,
        0.22457361,
        0.20162725,
        0.21730137,
        0.20720482,
        0.20237494,
        0.22885704,
        0.27941036,
        0.32786703,
        0.391037,
        0.4190626,
        0.4170761,
        0.4066887,
        0.4142003,
        0.39685392,
        0.40704107,
        0.39222813,
        0.3549223,
        0.30234003,
        0.24640226,
        0.20363474,
        0.17132711,
        0.08082771,
        -0.004705429,
        -0.11446524,
        -0.2969532,
        -0.5691967,
        -0.881495,
        -1.1962051,
        -1.4903779,
        -1.7651317,
        -2.0764956,
        -2.363427,
        -2.745945,
        -3.1810615,
        -3.6538308,
        -3.8397517,
        -4.3729467,
        -5.082878,
        -5.3903456,
        -5.5389204,
        -6.07757,
        -6.577157,
        -6.893643,
        -7.2806463,
        -7.7095985,
        -8.006844,
        -8.250633,
        -8.505112,
        -8.70296,
        -8.861294,
        -8.8280945,
        -8.586576,
        -8.171459,
        -7.5648623,
        -6.744182,
        -5.7854395,
        -4.7757864,
        -3.7054741,
        -2.728229,
        -1.7826234,
        -0.8121772,
        0.09190941,
        0.7921407,
        1.2486122,
        1.4273803,
        1.4606912,
        1.5823679,
        1.7496483,
        1.9659526,
        2.103511,
        2.2233865,
        2.3401892,
        2.415078,
        2.4259279,
        2.4261315,
        2.4779215,
        2.4780593,
        2.4709525,
        2.3984425,
        2.3152158,
        2.170459,
        1.9569569,
        1.7125711,
        1.3653107,
        0.9895048,
        0.59453344,
        0.14688301,
        -0.31030178,
        -0.79138565,
        -1.267318,
        -1.711432
    ],