{
    "class": "xneg",
    "duration_ms": 700,
    "x": [
        0.2937556,
        0.3105342,
        0.32808742,
        0.37022448,
        0.44660893,
        0.4908444,
        0.5747808,
        0.6701815,
        0.69434357,
        0.7266169,
        0.7506217,
        0.79986966,
        0.8268311,
        0.8914503,
        0.92253745,
        0.95130104,
        0.9396852,
        0.92554724,
        0.8917528,
        0.8783463,
        0.8728713,
        0.88221896,
        0.91326165,
        0.9253337,
        0.9707648,
        1.032713,
        1.1043541,
        1.1576269,
        1.2145282,
        1.2421632,
        1.2668188,
        1.2194942,
        1.1715652,
        1.0869154,
        0.9963507,
        0.90680385,
        0.7610359,
        0.5377197,
        0.31072342,
        0.05826184,
        -0.23659325,
        -0.5838986,
        -0.91505593,
        -1.2186618,
        -1.575563,
        -1.9400995,
        -2.3367233,
        -2.7837732,
        -3.3941388,
        -4.206419,
        -5.161331,
        -6.158293,
        -7.1910367,
        -8.212295,
        -9.305232,
        -10.224036,
        -10.929404,
        -11.306571,
        -11.327852,
        -11.350812,
        -11.204318,
        -10.976179,
        -10.645122,
        -10.307056,
        -9.8311405,
        -9.283101,
        -8.599147,
        -7.843951,
        -7.058705,
        -6.272725,
        -5.496544,
        -4.563832,
        -3.4395406,
        -2.0466192,
        -0.60707426,
        0.8736167,
        2.466678,
        4.1384115,
        5.8171945,
        7.562865,
        9.25146,
        10.913605,
        12.583465,
        14.025361,
        15.073925,
        15.534556,
        15.392407,
        15.296027,
        15.10528,
        14.437185,
        13.403752,
        12.290584,
        11.2172,
        10.195162,
        9.307765,
        8.597131,
        8.109992,
        7.8425784,
        7.707712,
        7.578375,
        7.423047,
        7.200121,
        6.859578,
        6.4100156,
        5.806289,
        5.1244693,
        4.4453115,
        3.7216394,
        2.9721918,
        2.209612,
        1.4017842,
        0.59886414,
        -0.17072338,
        -0.9031669,
        -1.600615,
        -2.2440906,
        -2.8339634,
        -3.3947806,
        -3.8341386,
        -4.184335,
        -4.4771395,
        -4.6774673,
        -4.8552804,
        -4.968161,
        -5.0740585,
        -5.1159263,
        -5.137018,
        -5.065791,
        -5.0168977,
        -4.9259987,
        -4.8263345,
        -4.7368183,
        -4.649793,
        -4.5604167,
        -4.4209075,
        -4.27211,
        -4.061421,
        -3.8507018,
        -3.622991,
        -3.3756402,
        -3.108754,
        -2.838831,
        -2.5850182,
        -2.328209,
        -2.0732331,
        -1.8246897,
        -1.589637,
        -1.3749869,
        -1.1566311
    ],
    "y": [
        0.050073624,
        0.042438984,
        0.012829781,
        0.023077488,
        0.020473003,
        0.05499935,
        0.074186325,
        0.10206795,
        0.12449169,
        0.1914568,
        0.2363081,
        0.27124882,
        0.3059826,
        0.31921864,
        0.30401945,
        0.24880505,
        0.18933487,
        0.16121721,
        0.15446234,
        0.1874857,
        0.19804001,
        0.2051692,
        0.21344233,
        0.20132113,
        0.20459986,
        0.20654202,
        0.2404108,
        0.24209929,
        0.235713,
        0.18834925,
        0.19560671,
        0.16943407,
        0.14124012,
        0.10650587,
        0.08684015,
        0.04419136,
        0.009694576,
        0.0093951225,
        0.035851,
        0.03413725,
        0.018705845,
        -0.043695927,
        -0.10085344,
        -0.17448473,
        -0.2836628,
        -0.411901,
        -0.5442934,
        -0.613842,
        -0.6955147,
        -0.8851881,
        -1.0515189,
        -1.1373906,
        -1.1386814,
        -1.223227,
        -1.5104284,
        -2.0041766,
        -2.5229135,
        -2.8893738,
        -2.9219007,
        -3.1183405,
        -3.4570594,
        -3.8902218,
        -4.4539776,
        -5.1318035,
        -5.754479,
        -6.258677,
        -6.6486235,
        -6.9695115,
        -7.280869,
        -7.5112834,
        -7.7327924,
        -7.9767904,
        -8.138259,
        -8.15574,
        -8.073537,
        -7.7359533,
        -7.1658688,
        -6.4228554,
        -5.593963,
        -4.788221,
        -3.9830728,
        -3.0859547,
        -2.0917864,
        -1.0952554,
        -0.10205865,
        0.7724881,
        1.6468592,
        2.2301795,
        2.3944962,
        2.2858512,
        2.1390252,
        1.9735501,
        1.8846083,
        1.8041716,
        1.7972724,
        1.7778056,
        1.8238702,
        1.8957632,
        1.9844017,
        2.0538998,
        2.0801563,
        2.0311103,
        1.9036365,
        1.670512,
        1.3188183,
        0.907418,
        0.4495318,
        -0.029523373,
        -0.49707198,
        -1.0374734,
        -1.5908561,
        -2.1111853,
        -2.597546,
        -2.9744473,
        -3.2857327,
        -3.5486963,
        -3.773353,
        -3.9366453,
        -4.0040083,
        -4.07977,
        -4.1418614,
        -4.1824512,
        -4.244252,
        -4.2841177,
        -4.290077,
        -4.27415,
        -4.1838694,
        -4.074313,
        -3.8836262,
        -3.6334934,
        -3.3533504,
        -3.0676095,
        -2.8224337,
        -2.5561826,
        -2.3414674,
        -2.1193094,
        -1.9217081,
        -1.7278614,
        -1.5575209,
        -1.3754854,
        -1.2132568,
        -1.0665483,
        -0.9474797,
        -0.8348255,
        -0.711709,
        -0.58764696,
        -0.48868608,
        -0.35027218,
        -0.24393177
    ],