{
    "class": "xneg",
    "duration_ms": 700,
    "x": [
        -12.24819,
        -11.986197,
        -11.489783,
        -10.903839,
        -10.2303505,
        -9.571979,
        -8.87388,
        -8.012657,
        -6.931791,
        -5.6723537,
        -4.332601,
        -2.932081,
        -1.4282736,
        0.09020567,
        1.5540009,
        2.98624,
        4.298977,
        5.558078,
        6.90187,
        8.240318,
        9.552579,
        11.037577,
        12.512693,
        13.861643,
        14.609955,
        15.787861,
        16.370016,
        16.420471,
        16.305841,
        16.52207,
        16.402948,
        15.684473,
        14.633306,
        13.700571,
        12.856831,
        12.089018,
        11.487578,
        11.031418,
        10.708969,
        10.565558,
        10.608359,
        10.517319,
        10.237043,
        9.784244,
        9.176702,
        8.441221,
        7.576238,
        6.650939,
        5.6852813,
        4.707369,
        3.7108676,
        2.6627002,
        1.6890146,
        0.7556934,
        -0.14594963,
        -1.0735657,
        -2.01655,
        -2.9386926,
        -3.8499327,
        -4.703135,
        -5.554509,
        -6.3644786,
        -7.136642,
        -7.781512,
        -8.173972,
        -8.501464,
        -8.793305,
        -8.885166,
        -8.803824,
        -8.577776,
        -8.278132,
        -7.897236,
        -7.518132,
        -7.0442467,
        -6.5607376,
        -6.101022,
        -5.634108,
        -5.1221256,
        -4.5965757,
        -4.1249576,
        -3.6549506,
        -3.2081473,
        -2.849254,
        -2.523276,
        -2.2759752,
        -2.1002133,
        -1.8929812,
        -1.6661758,
        -1.3906306,
        -1.0654454,
        -0.69889903,
        -0.351771,
        -0.08527446,
        0.17311454,
        0.37361932,
        0.52361095,
        0.6349457,
        0.78878945,
        0.9300178,
        1.0250937,
        1.1149076,
        1.1133386,
        1.080412,
        0.9968036,
        0.83369666,
        0.67911017,
        0.49192286,
        0.37683076,
        0.30232584,
        0.22755152,
        0.1714918,
        0.14138997,
        0.13242155,
        0.18523276,
        0.21623582,
        0.22075737,
        0.22042441,
        0.18670076,
        0.17935675,
        0.17216039,
        0.18176109,
        0.24407649,
        0.33771354,
        0.41245311,
        0.4564363,
        0.5126933,
        0.5427501,
        0.5297886,
        0.5144218,
        0.5158205,
        0.5365144,
        0.6077873,
        0.6488074,
        0.68138176,
        0.70561785,
        0.64492345,
        0.5899948,
        0.5164168,
        0.47408932,
        0.42671362,
        0.3884257,
        0.39022672,
        0.37951782,
        0.33972865,
        0.29263934,
        0.20259261,
        0.0934006,
        0.012644291
    ],
    "y": [
        -3.9088213,
        -4.4609227,
        -4.9726496,
        -5.470609,
        -5.9267135,
        -6.311002,
        -6.6632595,
        -6.9611654,
        -7.2853475,
        -7.587157,
        -7.749078,
        -7.7955446,
        -7.7134466,
        -7.502611,
        -7.1518164,
        -6.6218653,
        -6.002736,
        -5.3003173,
        -4.4986205,
        -3.662897,
        -2.769905,
        -2.004776,
        -1.2370656,
        -0.7120595,
        0.36238694,
        1.0404148,
        1.4193141,
        1.6407197,
        1.7715163,
        1.1833975,
        0.5399165,
        0.11605787,
        0.07209325,
        0.23831177,
        0.34506416,
        0.36174607,
        0.3312559,
        0.2858255,
        0.20189476,
        0.1389947,
        0.07030797,
        -0.018976927,
        -0.1891756,
        -0.42370582,
        -0.6867008,
        -0.94462323,
        -1.228441,
        -1.5120351,
        -1.8651133,
        -2.2686288,
        -2.7368488,
        -3.20718,
        -3.6761394,
        -4.1521072,
        -4.56898,
        -4.9395247,
        -5.2958684,
        -5.550619,
        -5.6861887,
        -5.697502,
        -5.6226482,
        -5.4953003,
        -5.3300114,
        -5.2320895,
        -5.0321107,
        -4.804771,
        -4.476575,
        -4.215725,
        -4.0465927,
        -3.9193447,
        -3.8058562,
        -3.6519058,
        -3.4777207,
        -3.3700137,
        -3.209709,
        -3.0525215,
        -2.9492667,
        -2.8455942,
        -2.7610803,
        -2.6864984,
        -2.5981598,
        -2.5010622,
        -2.378443,
        -2.2109563,
        -2.015115,
        -1.8240051,
        -1.6085982,
        -1.4282303,
        -1.2607784,
        -1.1653333,
        -1.050128,
        -0.95523024,
        -0.8131423,
        -0.64735556,
        -0.46245432,
        -0.2821846,
        -0.118495464,
        0.014260769,
        0.12085676,
        0.18932009,
        0.24342012,
        0.32127476,
        0.40332317,
        0.47490692,
        0.5166068,
        0.5616126,
        0.59294367,
        0.60798025,
        0.573122,
        0.58141327,
        0.55839634,
        0.5086484,
        0.47274113,
        0.45543957,
        0.41597652,
        0.41898823,
        0.4358487,
        0.47132635,
        0.48734665,
        0.5246744,
        0.5189104,
        0.44856548,
        0.36402035,
        0.2794447,
        0.19930649,
        0.12110281,
        0.10452986,
        0.07286835,
        0.042832375,
        0.062251568,
        0.028360367,
        0.0035510063,
        -0.012094498,
        -0.04460287,
        -0.057874203,
        -0.0063729286,
        0.014266014,
        0.02555275,
        0.044246197,
        0.022441387,
        0.017658234,
        0.017822742,
        0.015705585,
        0.023191929,
        0.066465855,
        0.104831696,
        0.11434984,
        0.14044476
    ],