{
    "class": "xneg",
    "duration_ms": 700,
    "x": [
        0.35790014,
        0.3745112,
        0.4141124,
        0.47270313,
        0.5440245,
        0.63094926,
        0.72201407,
        0.77023786,
        0.79277766,
        0.7637928,
        0.7167018,
        0.6581157,
        0.5873724,
        0.48981997,
        0.4434543,
        0.39784846,
        0.3623167,
        0.36526573,
        0.32788265,
        0.25518796,
        0.19949296,
        0.13426086,
        0.06404579,
        -0.023328424,
        -0.108920634,
        -0.22601694,
        -0.3055095,
        -0.41658384,
        -0.511372,
        -0.64237756,
        -0.8117235,
        -1.0145197,
        -1.290852,
        -1.6716824,
        -2.1905131,
        -2.819452,
        -3.6023943,
        -4.4050145,
        -5.1583652,
        -5.843541,
        -6.4431953,
        -7.0417924,
        -7.4576845,
        -7.853247,
        -8.309526,
        -8.550588,
        -8.708458,
        -8.572083,
        -8.341483,
        -8.654646,
        -8.520518,
        -8.282086,
        -7.7005405,
        -6.7449827,
        -5.678424,
        -4.5147386,
        -3.3518982,
        -2.1185937,
        -0.84680736,
        0.43132114,
        1.795958,
        3.2432015,
        4.7590904,
        6.3285007,
        7.5171022,
        8.835366,
        10.286493,
        11.716995,
        12.869224,
        14.093482,
        14.6002035,
        14.824426,
        14.561839,
        13.532728,
        12.378296,
        11.399424,
        10.634182,
        9.911035,
        9.126339,
        8.31826,
        7.527258,
        6.7390575,
        5.9517813,
        5.1854343,
        4.441052,
        3.736257,
        3.0599372,
        2.420181,
        1.7983356,
        1.2140844,
        0.7920555,
        0.19639957,
        -0.4179867,
        -0.9780799,
        -1.5544806,
        -2.172464,
        -2.603665,
        -3.1176593,
        -3.5745285,
        -3.9707994,
        -4.305004,
        -4.5180016,
        -4.665182,
        -4.7059364,
        -4.3959,
        -4.145917,
        -4.0173845,
        -3.9230204,
        -3.842478,
        -3.7415445,
        -3.6028626,
        -3.4760737,
        -3.3412442,
        -3.1906404,
        -3.1028492,
        -3.003412,
        -2.9403522,
        -2.8994722,
        -2.8140712,
        -2.8066356,
        -2.7983294,
        -2.7392113,
        -2.6367145,
        -2.5460563,
        -2.4385405,
        -2.3071558,
        -2.161416,
        -1.9965978,
        -1.814891,
        -1.5968478,
        -1.3468714,
        -1.1029634,
        -0.84309965,
        -0.61711305,
        -0.4053126,
        -0.23364913,
        -0.075589895,
        0.06652188,
        0.18785298,
        0.29318443,
        0.36086297,
        0.45296848,
        0.54073805,
        0.61692035,
        0.6792557,
        0.73728937,
        0.7885424,
        0.8067877,
        0.83270085,
        0.8064344
    ],
    "y": [
        -0.064005375,
        -0.0058498383,
        0.12252903,
        0.2514162,
        0.34504938,
        0.39188576,
        0.39234734,
        0.35646915,
        0.27514315,
        0.2249775,
        0.1750946,
        0.13771486,
        0.11537981,
        0.086679935,
        0.094370365,
        0.1167016,
        0.12253904,
        0.15945101,
        0.14872265,
        0.15947866,
        0.11791086,
        0.088522434,
        0.052218914,
        0.009047985,
        -0.02197504,
        -0.0742178,
        -0.12857008,
        -0.14461374,
        -0.18195629,
        -0.20714664,
        -0.24625254,
        -0.29438066,
        -0.36789608,
        -0.50455475,
        -0.66591406,
        -0.82828665,
        -0.94888926,
        -1.0511608,
        -1.1932864,
        -1.3949723,
        -1.6209011,
        -1.7925019,
        -1.9388247,
        -2.0121212,
        -1.9620104,
        -1.9599442,
        -2.049852,
        -2.2512493,
        -2.504785,
        -2.225421,
        -2.1027055,
        -2.1128044,
        -2.45898,
        -3.031259,
        -3.6102734,
        -3.9630876,
        -4.1037507,
        -4.065766,
        -3.9023197,
        -3.6410012,
        -3.3077068,
        -2.9026184,
        -2.526949,
        -2.1341982,
        -1.4201546,
        -0.5903716,
        0.13338661,
        0.52849483,
        0.21553946,
        0.5122042,
        0.33528376,
        0.23616362,
        0.2239685,
        0.6968756,
        1.267159,
        1.5790348,
        1.4849553,
        1.1672668,
        0.7647586,
        0.39430857,
        0.13913536,
        -0.09975004,
        -0.22050762,
        -0.30589056,
        -0.38868046,
        -0.48036623,
        -0.59041595,
        -0.7428274,
        -0.8921652,
        -1.1246071,
        -1.5643001,
        -1.7471852,
        -1.8767867,
        -1.9722099,
        -1.985702,
        -1.977283,
        -1.9638543,
        -1.897902,
        -1.7822824,
        -1.655654,
        -1.5423098,
        -1.4856334,
        -1.5001035,
        -1.5211444,
        -1.7182803,
        -1.9285274,
        -2.0609822,
        -2.0750713,
        -1.990078,
        -1.8133307,
        -1.6500525,
        -1.533658,
        -1.4306164,
        -1.3791704,
        -1.3243399,
        -1.2231493,
        -1.1187687,
        -1.0303712,
        -0.9316702,
        -0.84412146,
        -0.7533946,
        -0.71449614,
        -0.6627598,
        -0.6053324,
        -0.56610155,
        -0.52825975,
        -0.4774871,
        -0.41387844,
        -0.34943485,
        -0.27468443,
        -0.18254328,
        -0.14954853,
        -0.12073612,
        -0.09147835,
        -0.018875599,
        -0.0011339188,
        0.021451473,
        0.034410477,
        0.035241604,
        0.052522182,
        0.07412052,
        0.07601929,
        0.0892272,
        0.099338055,
        0.13738108,
        0.16980457,
        0.19425964,
        0.20601273,
        0.23855639,
        0.25115156
    ],