{
    "class": "xneg",
    "duration_ms": 700,
    "x": [
        -2.5617952,
        -3.044389,
        -3.5333714,
        -4.02678,
        -4.517367,
        -4.993203,
        -5.4612455,
        -5.9186583,
        -6.3458066,
        -6.7349396,
        -7.085293,
        -7.3312197,
        -7.4763823,
        -7.5533776,
        -7.589849,
        -7.5871725,
        -7.5367937,
        -7.461102,
        -7.370742,
        -7.249847,
        -7.0894184,
        -6.892181,
        -6.666145,
        -6.4219894,
        -6.1690216,
        -5.9050226,
        -5.6255493,
        -5.323691,
        -4.990441,
        -4.5905476,
        -4.107391,
        -3.540568,
        -2.8868897,
        -2.1307776,
        -1.2804384,
        -0.35378504,
        0.6432357,
        1.6949039,
        2.7756424,
        3.8641458,
        4.931287,
        5.9597044,
        6.95358,
        7.910056,
        8.80719,
        9.647243,
        10.418827,
        11.10836,
        11.673538,
        12.098179,
        12.38737,
        12.546045,
        12.57641,
        12.4973955,
        12.330166,
        12.110432,
        11.8501,
        11.534296,
        11.1546,
        10.707179,
        10.183193,
        9.578273,
        8.899978,
        8.167737,
        7.4036646,
        6.628096,
        5.8519964,
        5.084263,
        4.3365192,
        3.6086745,
        2.9272752,
        2.304815,
        1.7419951,
        1.2323585,
        0.76669276,
        0.3401928,
        -0.06180346,
        -0.4539317,
        -0.83423674,
        -1.2055334,
        -1.5538433,
        -1.8648325,
        -2.1289263,
        -2.3532202,
        -2.532992,
        -2.6707757,
        -2.785975,
        -2.8814137,
        -2.9575725,
        -3.019821,
        -3.0639312,
        -3.1024773,
        -3.128648,
        -3.1331317,
        -3.09918,
        -3.024247,
        -2.9102693,
        -2.7712026,
        -2.615996,
        -2.465376,
        -2.3233993,
        -2.187036,
        -2.0533123,
        -1.9168322,
        -1.7791994,
        -1.6496447,
        -1.5351825,
        -1.4382747,
        -1.3588994,
        -1.2994381,
        -1.2573843,
        -1.2303251,
        -1.2182255,
        -1.2260588,
        -1.2348582,
        -1.2399287,
        -1.2414496,
        -1.2417843,
        -1.2410059,
        -1.2369936,
        -1.2202001,
        -1.1830428,
        -1.1203184,
        -1.0435483,
        -0.94516593,
        -0.83450556,
        -0.71372974,
        -0.59477186,
        -0.47765577,
        -0.3719678,
        -0.28494757,
        -0.22636837,
        -0.19173709,
        -0.19825467,
        -0.22709534,
        -0.27626044,
        -0.33183193,
        -0.3770071,
        -0.39944518,
        -0.40079293,
        -0.37326756,
        -0.32833755,
        -0.27533484,
        -0.2140682,
        -0.1613689,
        -0.119779825,
        -0.09432629,
        -0.075859874,
        -0.05262041,
        -0.012701839
    ],
    "y": [
        -0.8185091,
        -0.90459347,
        -1.0207334,
        -1.1449404,
        -1.2575336,
        -1.353116,
        -1.4309106,
        -1.497386,
        -1.5830078,
        -1.7111974,
        -1.888598,
        -2.1217709,
        -2.4053144,
        -2.724236,
        -3.0516791,
        -3.3798637,
        -3.7033925,
        -4.0049024,
        -4.262308,
        -4.467887,
        -4.606884,
        -4.6816564,
        -4.697238,
        -4.673422,
        -4.630028,
        -4.5748806,
        -4.5013895,
        -4.410224,
        -4.29016,
        -4.1251564,
        -3.918411,
        -3.6828442,
        -3.4268932,
        -3.1497087,
        -2.8503284,
        -2.5396142,
        -2.2137423,
        -1.8662486,
        -1.517077,
        -1.1741529,
        -0.83793926,
        -0.4994645,
        -0.14755154,
        0.20493555,
        0.54761314,
        0.87764263,
        1.1923509,
        1.4748654,
        1.7252793,
        1.9319105,
        2.10258,
        2.2261677,
        2.3010821,
        2.3230996,
        2.2806869,
        2.1740003,
        2.005478,
        1.7729821,
        1.4914885,
        1.1668506,
        0.8074088,
        0.41882706,
        0.013659,
        -0.39789915,
        -0.7914114,
        -1.1593285,
        -1.4798045,
        -1.7574582,
        -2.0039487,
        -2.2070231,
        -2.3805513,
        -2.5214539,
        -2.638609,
        -2.7289681,
        -2.792016,
        -2.834486,
        -2.8561249,
        -2.8639727,
        -2.8579893,
        -2.8358188,
        -2.8092704,
        -2.7639022,
        -2.694796,
        -2.5971265,
        -2.4733386,
        -2.3380518,
        -2.1844316,
        -2.0321488,
        -1.8888078,
        -1.7716861,
        -1.6741672,
        -1.5944223,
        -1.5306444,
        -1.4760904,
        -1.4310579,
        -1.3933101,
        -1.3535428,
        -1.3094659,
        -1.253911,
        -1.1891422,
        -1.1197805,
        -1.0527287,
        -0.99728584,
        -0.9508805,
        -0.90387154,
        -0.84676504,
        -0.78933525,
        -0.71986485,
        -0.6529503,
        -0.5935445,
        -0.5369382,
        -0.49748898,
        -0.46806479,
        -0.45102978,
        -0.43436575,
        -0.42269754,
        -0.4016409,
        -0.36882782,
        -0.3266449,
        -0.28459597,
        -0.24022436,
        -0.2030325,
        -0.1729865,
        -0.15008259,
        -0.12956095,
        -0.11862135,
        -0.11009455,
        -0.10172558,
        -0.09358692,
        -0.09520388,
        -0.09221363,
        -0.09656811,
        -0.093924046,
        -0.091555595,
        -0.07280493,
        -0.05694151,
        -0.046308517,
        -0.04800701,
        -0.059454918,
        -0.078128815,
        -0.09423971,
        -0.1077137,
        -0.1232152,
        -0.13589,
        -0.14569664,
        -0.150249,
        -0.14480639,
        -0.12943888,
        -0.116132736,
        -0.09536028
    ],