{
    "class": "xneg",
    "duration_ms": 700,
    "x": [
        0.373507,
        0.5320028,
        0.67251897,
        0.73331904,
        0.7624619,
        0.75052583,
        0.71666384,
        0.7061682,
        0.71890056,
        0.73813367,
        0.78560483,
        0.86362886,
        0.99607635,
        1.089783,
        1.1688646,
        1.159094,
        1.1510595,
        1.1299666,
        1.198218,
        1.2096586,
        1.2074878,
        1.1724805,
        1.1453743,
        1.0829544,
        1.0449142,
        1.0387878,
        1.0195909,
        0.9708245,
        0.8566127,
        0.71236455,
        0.5299467,
        0.303416,
        0.03862655,
        -0.26115334,
        -0.6048567,
        -1.0991442,
        -1.8178768,
        -2.7241745,
        -3.7128177,
        -4.6081667,
        -5.66192,
        -6.9889627,
        -8.095081,
        -10.02546,
        -11.549208,
        -12.99604,
        -14.165068,
        -14.848554,
        -14.89065,
        -15.209003,
        -15.853635,
        -15.896275,
        -16.433535,
        -16.997555,
        -17.065933,
        -15.53056,
        -12.5426035,
        -9.46902,
        -6.422626,
        -3.449156,
        -0.43020475,
        2.7688448,
        6.286308,
        9.897949,
        13.496317,
        16.836946,
        19.54325,
        21.610573,
        22.798826,
        23.28582,
        22.862373,
        21.388924,
        19.394722,
        17.562614,
        16.079437,
        14.904154,
        13.891605,
        12.968768,
        12.072039,
        11.219109,
        10.398983,
        9.589094,
        8.784468,
        8.021669,
        7.284837,
        6.5650463,
        5.7888155,
        5.004408,
        4.1808405,
        3.4205847,
        2.634542,
        1.7743872,
        0.9158964,
        0.012005329,
        -0.8895248,
        -1.7914326,
        -2.7206504,
        -3.6849935,
        -4.624783,
        -5.4651875,
        -6.068418,
        -6.640245,
        -7.139597,
        -7.362802,
        -7.323601,
        -7.071285,
        -6.6378965,
        -6.163064,
        -5.712528,
        -5.225596,
        -4.7374115,
        -4.197206,
        -3.6834073,
        -3.173736,
        -2.7153115,
        -2.3051567,
        -1.9210668,
        -1.6102415,
        -1.3196478,
        -1.0917155,
        -0.88271236,
        -0.70863885,
        -0.53339374,
        -0.4262941,
        -0.35361564,
        -0.34912163,
        -0.3772592,
        -0.462586,
        -0.5866138,
        -0.66144234,
        -0.70441276,
        -0.6512499,
        -0.56885797,
        -0.38993382,
        -0.20502198,
        -0.02084589,
        0.12001696,
        0.24679008,
        0.32631037,
        0.34219223,
        0.32832372,
        0.29907286,
        0.23049532,
        0.12963977,
        -0.008538157,
        -0.1772981,
        -0.35567942,
        -0.5587416,
        -0.7270843
    ],
    "y": [
        -0.16587734,
        -0.10760498,
        -0.04250431,
        -0.00888443,
        0.050744057,
        0.038327217,
        0.03998947,
        -0.004061699,
        -0.012448311,
        -0.033075333,
        -0.013409615,
        0.012901306,
        0.052962303,
        0.07324219,
        0.09518051,
        0.068556786,
        0.07943821,
        0.09912777,
        0.14924717,
        0.1748209,
        0.17831421,
        0.16451454,
        0.16466331,
        0.12375927,
        0.10414982,
        0.014998436,
        -0.031271935,
        -0.14717484,
        -0.20365334,
        -0.22967148,
        -0.24219513,
        -0.2796421,
        -0.31102467,
        -0.3916149,
        -0.4333372,
        -0.5442066,
        -0.90844536,
        -1.3774443,
        -1.8864942,
        -2.569501,
        -3.3329735,
        -4.0044208,
        -4.789394,
        -5.2244205,
        -5.355482,
        -5.3544235,
        -5.4304976,
        -5.715868,
        -6.143903,
        -6.48812,
        -6.4894285,
        -6.0802298,
        -5.7401214,
        -5.8019285,
        -6.274956,
        -7.153824,
        -8.414439,
        -9.285494,
        -9.418475,
        -8.833904,
        -7.641135,
        -6.1438136,
        -4.508174,
        -2.8424277,
        -1.5029287,
        -1.0756292,
        -0.9671025,
        -0.8313279,
        -0.39566994,
        0.29780054,
        1.388176,
        2.6579795,
        3.826715,
        4.475483,
        4.6249757,
        4.409573,
        4.024788,
        3.5936632,
        3.2266645,
        2.9453506,
        2.7760296,
        2.5706882,
        2.3273535,
        2.017539,
        1.5721788,
        1.0897379,
        0.54399395,
        0.059318542,
        -0.45055246,
        -0.87564373,
        -1.242302,
        -1.6463017,
        -2.0303087,
        -2.5021348,
        -2.9686322,
        -3.389471,
        -3.7003255,
        -3.9036765,
        -4.030463,
        -3.9750075,
        -3.8923259,
        -3.6597428,
        -3.2672005,
        -2.8577447,
        -2.586308,
        -2.4596205,
        -2.427269,
        -2.455864,
        -2.5002294,
        -2.4985485,
        -2.4010382,
        -2.2464223,
        -2.0351315,
        -1.7914929,
        -1.5828886,
        -1.4286785,
        -1.2788525,
        -1.1622157,
        -1.0452662,
        -0.9040246,
        -0.7288923,
        -0.6060562,
        -0.46857452,
        -0.35722065,
        -0.267416,
        -0.2544918,
        -0.2518139,
        -0.27651215,
        -0.29544544,
        -0.28258324,
        -0.2594719,
        -0.17564774,
        -0.107396126,
        -0.047250748,
        -0.03324032,
        -0.05791092,
        -0.094697,
        -0.11473465,
        -0.16095257,
        -0.18778038,
        -0.1809721,
        -0.18125153,
        -0.16239262,
        -0.17471695,
        -0.20154285,
        -0.25013924,
        -0.27029228,
        -0.24755096,
        -0.19848156
    ],