{
    "class": "xneg",
    "duration_ms": 700,
    "x": [
        0.110596776,
        0.12792635,
        0.11582577,
        0.08421838,
        0.038144827,
        -0.0011678934,
        -0.055597425,
        -0.06126082,
        -0.06859696,
        -0.025354624,
        -0.0105519295,
        -0.0003976822,
        0.012143612,
        0.059965372,
        0.07604134,
        0.12705982,
        0.18672156,
        0.21472466,
        0.27085245,
        0.3766191,
        0.4344486,
        0.5259447,
        0.62973225,
        0.7319232,
        0.82340765,
        0.9400391,
        1.0605397,
        1.1826655,
        1.2352504,
        1.2827209,
        1.2702143,
        1.1975935,
        1.1145,
        1.0298967,
        0.9527569,
        0.8755572,
        0.82432926,
        0.72055316,
        0.58597744,
        0.45876443,
        0.28197074,
        0.054091096,
        -0.25299788,
        -0.7006782,
        -1.2693763,
        -1.9759402,
        -2.7880096,
        -3.7936685,
        -4.9738903,
        -6.287054,
        -7.59816,
        -8.8460045,
        -10.080811,
        -11.3611145,
        -12.574692,
        -13.63238,
        -14.443808,
        -14.826515,
        -14.55417,
        -13.644246,
        -12.912523,
        -11.848066,
        -10.368849,
        -8.628876,
        -6.690738,
        -4.6911464,
        -2.6021905,
        -0.52594244,
        1.4559457,
        3.458233,
        5.3720617,
        7.2556295,
        9.150101,
        11.189943,
        13.23807,
        14.902457,
        15.949736,
        16.411583,
        16.761875,
        16.785606,
        16.25365,
        15.043084,
        13.593388,
        12.336631,
        11.219706,
        10.155371,
        9.259567,
        8.493276,
        7.779022,
        7.1327415,
        6.51304,
        5.9478464,
        5.395769,
        4.8178487,
        4.2680297,
        3.658476,
        3.0824733,
        2.4866369,
        1.8649619,
        1.2011782,
        0.53187436,
        -0.08753055,
        -0.67288196,
        -1.2710787,
        -1.8381033,
        -2.3060133,
        -2.7405272,
        -3.0680053,
        -3.3293655,
        -3.5460088,
        -3.6814563,
        -3.739289,
        -3.777827,
        -3.7931578,
        -3.8220062,
        -3.8727899,
        -3.925674,
        -3.982514,
        -4.0361795,
        -4.0941954,
        -4.049465,
        -3.9118886,
        -3.7437863,
        -3.5069096,
        -3.2589843,
        -3.010006,
        -2.7460477,
        -2.5081327,
        -2.3131855,
        -2.1399064,
        -2.0027134,
        -1.8466446,
        -1.7314222,
        -1.613659,
        -1.5217093,
        -1.3930854,
        -1.3038181,
        -1.2079619,
        -1.12419,
        -1.0090474,
        -0.86207104,
        -0.72598004,
        -0.61245584,
        -0.5190226,
        -0.462502,
        -0.4215865,
        -0.36548388,
        -0.2777716,
        -0.23769188
    ],
    "y": [
        0.0103645325,
        0.04261446,
        0.054490566,
        0.07214451,
        0.10021925,
        0.11463213,
        0.10808945,
        0.09947872,
        0.083786964,
        0.02764082,
        0.02123022,
        0.035405636,
        0.06271839,
        0.09573603,
        0.10820484,
        0.10751057,
        0.08677769,
        0.093886375,
        0.06947088,
        0.06631994,
        0.04178095,
        0.043709278,
        0.04604149,
        0.041755676,
        0.052369118,
        0.044614792,
        0.025757313,
        0.033847332,
        0.044870853,
        0.07297039,
        0.09656477,
        0.103729725,
        0.17506742,
        0.19598436,
        0.25229263,
        0.3102994,
        0.26549196,
        0.24441624,
        0.20888996,
        0.13066435,
        0.071959496,
        -0.064537525,
        -0.20915985,
        -0.38062716,
        -0.5787358,
        -0.8084359,
        -0.98262167,
        -1.2784796,
        -1.6049557,
        -2.036113,
        -2.4953873,
        -2.9584363,
        -3.1989481,
        -3.2167213,
        -2.9911492,
        -2.6774914,
        -2.4874609,
        -2.6177278,
        -3.1254447,
        -4.0775137,
        -4.4654384,
        -4.729248,
        -5.169784,
        -5.700496,
        -6.1856074,
        -6.5598445,
        -6.7539573,
        -6.754395,
        -6.529499,
        -6.216227,
        -5.742012,
        -5.202428,
        -4.499988,
        -3.774598,
        -3.0180092,
        -2.1811204,
        -1.2045717,
        -0.05367279,
        0.8538451,
        1.5467334,
        1.9901209,
        2.3293757,
        2.4976287,
        2.3015676,
        1.9615073,
        1.6326222,
        1.4144511,
        1.2101426,
        1.0781579,
        0.9332609,
        0.78376913,
        0.6069112,
        0.33470154,
        0.08592701,
        -0.19554472,
        -0.4892187,
        -0.7962456,
        -1.0510135,
        -1.2766657,
        -1.3961003,
        -1.4593995,
        -1.5071359,
        -1.532387,
        -1.5021145,
        -1.5244429,
        -1.5328677,
        -1.5851283,
        -1.6886935,
        -1.786375,
        -1.8498533,
        -1.8415196,
        -1.8098631,
        -1.769814,
        -1.7049088,
        -1.6728587,
        -1.6211805,
        -1.5620131,
        -1.5028856,
        -1.4534745,
        -1.3710856,
        -1.320693,
        -1.2977223,
        -1.283143,
        -1.3056579,
        -1.3078389,
        -1.2538533,
        -1.2179327,
        -1.1642375,
        -1.0785646,
        -0.9824662,
        -0.923748,
        -0.873631,
        -0.83198786,
        -0.8082185,
        -0.79972076,
        -0.7870922,
        -0.722291,
        -0.7176137,
        -0.6769681,
        -0.6216335,
        -0.59674597,
        -0.5302105,
        -0.48651552,
        -0.39621878,
        -0.28568983,
        -0.21967125,
        -0.14802504,
        -0.0995388,
        -0.055191517
    ],