{
    "class": "xneg",
    "duration_ms": 700,
    "x": [
        0.5034126,
        0.42721993,
        0.37250113,
        0.28396124,
        0.20424056,
        0.1284023,
        0.035437465,
        -0.083714604,
        -0.20965421,
        -0.37798297,
        -0.55059856,
        -0.68735904,
        -0.8362071,
        -0.9780389,
        -1.158176,
        -1.326802,
        -1.4603674,
        -1.6019953,
        -1.7898169,
        -2.016706,
        -2.2534475,
        -2.5050771,
        -2.8365526,
        -3.1908488,
        -3.6022596,
        -4.0573635,
        -4.559554,
        -5.1837015,
        -5.8538632,
        -6.544542,
        -7.3238344,
        -8.063513,
        -8.65954,
        -9.034025,
        -9.098046,
        -8.836227,
        -8.390137,
        -7.7611356,
        -7.0671525,
        -6.429117,
        -5.817149,
        -5.2393265,
        -4.617942,
        -3.9280877,
        -3.166188,
        -2.2327514,
        -1.2148209,
        -0.111145735,
        1.0359368,
        2.2627695,
        3.4099348,
        4.559864,
        5.730397,
        6.946442,
        8.168282,
        9.382797,
        10.519314,
        11.775112,
        13.032021,
        14.152869,
        14.97174,
        15.308291,
        15.907391,
        16.122478,
        16.11284,
        15.944868,
        15.444806,
        14.670239,
        13.656257,
        12.4828,
        11.152983,
        9.753499,
        8.344506,
        6.828209,
        5.281319,
        3.7640603,
        2.3314786,
        0.97171664,
        -0.33168292,
        -1.4489496,
        -2.4657187,
        -3.240087,
        -3.9788797,
        -4.6451435,
        -5.2167068,
        -5.711768,
        -6.085805,
        -6.3416104,
        -6.3716455,
        -6.195104,
        -5.8859534,
        -5.505954,
        -5.064123,
        -4.607483,
        -4.195072,
        -3.8189297,
        -3.4879358,
        -3.2205744,
        -3.009238,
        -2.815418,
        -2.6629245,
        -2.5372388,
        -2.4837708,
        -2.449456,
        -2.422158,
        -2.3610604,
        -2.3185496,
        -2.2658892,
        -2.1839633,
        -2.1208143,
        -1.9463658,
        -1.8337244,
        -1.6939206,
        -1.5652698,
        -1.3999033,
        -1.1925266,
        -0.9832262,
        -0.8265315,
        -0.7364772,
        -0.6721897,
        -0.645563,
        -0.6157552,
        -0.6136954,
        -0.5772296,
        -0.56136686,
        -0.5589964,
        -0.5128634,
        -0.47563514,
        -0.48326528,
        -0.46641958,
        -0.42043078,
        -0.38589013,
        -0.33188927,
        -0.2727119,
        -0.24903446,
        -0.22491513,
        -0.21456596,
        -0.21559444,
        -0.20387469,
        -0.16739273,
        -0.13474834,
        -0.09866228,
        -0.07342035,
        -0.027964458,
        0.006754108,
        0.0067706183,
        -0.016068637,
        -0.033214375,
        -0.08316299
    ],
    "y": [
        -0.20504951,
        -0.15538216,
        -0.026713371,
        0.09762287,
        0.20854378,
        0.27302456,
        0.30568314,
        0.3043232,
        0.3259821,
        0.33932495,
        0.36311722,
        0.37799358,
        0.37185,
        0.3564577,
        0.32920647,
        0.30414867,
        0.2525072,
        0.1671629,
        0.08376503,
        0.016465187,
        -0.03080368,
        -0.08686924,
        -0.19008255,
        -0.2662773,
        -0.38958168,
        -0.516798,
        -0.6214504,
        -0.69862366,
        -0.7624121,
        -0.8293867,
        -0.88959503,
        -1.0217085,
        -1.2444854,
        -1.6315932,
        -2.1345453,
        -2.6424894,
        -3.1357799,
        -3.7741017,
        -4.356174,
        -4.7935853,
        -5.0240774,
        -5.057038,
        -4.7940383,
        -4.3329744,
        -3.7791224,
        -3.206799,
        -2.6904564,
        -2.3236752,
        -2.0588217,
        -1.8863525,
        -1.8110967,
        -1.7614641,
        -1.7592897,
        -1.7547784,
        -1.6123056,
        -1.3735766,
        -0.8482919,
        -0.439703,
        0.044714928,
        0.4244156,
        0.9904871,
        1.3402691,
        1.0379906,
        1.0649891,
        0.7840891,
        0.34968567,
        -0.016710281,
        -0.19616127,
        -0.21516323,
        -0.20969391,
        -0.2697773,
        -0.40596962,
        -0.63819695,
        -0.8978672,
        -1.1450138,
        -1.3613539,
        -1.5000057,
        -1.5979834,
        -1.6923985,
        -1.7703543,
        -1.8790283,
        -2.0466933,
        -2.045834,
        -2.0225496,
        -1.9124837,
        -1.7400045,
        -1.5081086,
        -1.1983538,
        -0.84972477,
        -0.544343,
        -0.36896133,
        -0.2451706,
        -0.21171474,
        -0.2688856,
        -0.32596588,
        -0.45244026,
        -0.5790281,
        -0.67701817,
        -0.77049637,
        -0.8309183,
        -0.9326124,
        -0.96809673,
        -0.9901676,
        -1.0060806,
        -0.97755146,
        -0.9235983,
        -0.8368206,
        -0.7624521,
        -0.6931019,
        -0.6717434,
        -0.8127775,
        -0.93635845,
        -0.8989067,
        -0.8011198,
        -0.8128185,
        -0.87885857,
        -0.9680004,
        -0.9918699,
        -0.94101524,
        -0.83245564,
        -0.7308874,
        -0.650815,
        -0.5779333,
        -0.5289936,
        -0.5088358,
        -0.47670937,
        -0.47332954,
        -0.4795475,
        -0.45217323,
        -0.39122677,
        -0.31833458,
        -0.27418423,
        -0.23957443,
        -0.23849964,
        -0.20395184,
        -0.16458797,
        -0.11332321,
        -0.074136734,
        -0.037521362,
        -0.0011081696,
        0.035090446,
        0.054427147,
        0.092803955,
        0.097670555,
        0.08104992,
        0.09801102,
        0.117486954,
        0.17540073,
        0.20484734
    ],