{
    "class": "xneg",
    "duration_ms": 700,
    "x": [
        0.49544656,
        0.51262474,
        0.48674583,
        0.5061848,
        0.55177045,
        0.6092972,
        0.66694844,
        0.7130058,
        0.7167324,
        0.7712328,
        0.843141,
        0.932761,
        1.0307868,
        1.0635505,
        1.0837632,
        1.0628239,
        0.98655933,
        0.94050086,
        0.8956881,
        0.8328656,
        0.6949941,
        0.5276094,
        0.32821843,
        0.13476562,
        -0.048361838,
        -0.22158766,
        -0.4137599,
        -0.5442901,
        -0.6779364,
        -0.8291151,
        -0.9811665,
        -1.1554078,
        -1.3683832,
        -1.6388676,
        -1.9948497,
        -2.4417279,
        -2.9876697,
        -3.6511092,
        -4.4848833,
        -5.3965425,
        -6.394125,
        -7.3730626,
        -8.357978,
        -9.225018,
        -9.935618,
        -10.029158,
        -10.490653,
        -11.133782,
        -11.582843,
        -11.923771,
        -12.046906,
        -11.864494,
        -11.2215805,
        -10.247043,
        -8.781811,
        -7.1378117,
        -5.607568,
        -4.151222,
        -2.57939,
        -0.8538897,
        1.1332645,
        3.3690717,
        5.776822,
        8.222092,
        10.497555,
        12.588074,
        14.307507,
        15.533431,
        16.070744,
        16.217133,
        16.081234,
        15.696992,
        15.049184,
        14.038137,
        12.868098,
        11.667095,
        10.58054,
        9.651582,
        8.879019,
        8.250289,
        7.7196684,
        7.280102,
        6.862521,
        6.496029,
        6.0662527,
        5.6070843,
        5.111595,
        4.601636,
        4.000795,
        3.3761678,
        2.8015933,
        2.1908126,
        1.5723226,
        0.9289386,
        0.32658386,
        -0.30083346,
        -0.93138343,
        -1.4976447,
        -2.0249836,
        -2.6846564,
        -3.305782,
        -3.8560038,
        -4.3912086,
        -4.8402996,
        -5.148563,
        -5.3111405,
        -5.368494,
        -5.3226643,
        -5.242539,
        -5.1274014,
        -4.926078,
        -4.697676,
        -4.4775233,
        -4.344224,
        -4.1970673,
        -4.0047693,
        -3.748236,
        -3.3963647,
        -3.0181415,
        -2.6105042,
        -2.2013047,
        -1.8062941,
        -1.4412162,
        -1.1723342,
        -0.9391966,
        -0.7701756,
        -0.6628256,
        -0.64126843,
        -0.6676072,
        -0.7396194,
        -0.785853,
        -0.84236085,
        -0.88766056,
        -0.93609357,
        -0.9612284,
        -0.98924845,
        -1.0059206,
        -0.9540224,
        -0.8812026,
        -0.7824404,
        -0.6956799,
        -0.6013547,
        -0.5518192,
        -0.542315,
        -0.54194176,
        -0.5893525,
        -0.6249446,
        -0.6560855,
        -0.6590173
    ],
    "y": [
        0.15820885,
        0.19222069,
        0.19140244,
        0.17268658,
        0.17668056,
        0.1653471,
        0.12945938,
        0.109767914,
        0.07064152,
        0.059874535,
        0.086833954,
        0.12987995,
        0.110590935,
        0.093660355,
        0.052959442,
        -0.0018405914,
        -0.01841259,
        -0.020921707,
        -0.049863815,
        -0.04328251,
        -0.046583176,
        -0.054823875,
        -0.06315708,
        -0.08104515,
        -0.07981968,
        -0.09518242,
        -0.1578579,
        -0.18671227,
        -0.23660374,
        -0.259758,
        -0.30368137,
        -0.32061386,
        -0.36534405,
        -0.44466305,
        -0.5024061,
        -0.5236845,
        -0.49929047,
        -0.5278101,
        -0.7029581,
        -0.9294901,
        -1.1719751,
        -1.3662963,
        -1.5631013,
        -1.8007736,
        -2.1433668,
        -2.6638365,
        -3.2267447,
        -3.5389004,
        -3.9645534,
        -4.283647,
        -4.598926,
        -5.046511,
        -5.5474467,
        -6.0544195,
        -6.5471706,
        -7.082658,
        -7.4076424,
        -7.336813,
        -6.9102244,
        -6.225414,
        -5.3108287,
        -4.1626544,
        -2.8764606,
        -1.6008611,
        -0.6274524,
        -0.019440651,
        0.3449278,
        0.41344023,
        0.48413324,
        0.6354828,
        0.8746724,
        1.1901054,
        1.4681869,
        1.8183985,
        2.1758242,
        2.4542904,
        2.6034527,
        2.5559893,
        2.409069,
        2.182867,
        1.8732452,
        1.5308108,
        1.1367512,
        0.74386406,
        0.28534985,
        -0.1881423,
        -0.6737881,
        -1.1328554,
        -1.5194154,
        -1.8260331,
        -2.1169672,
        -2.404039,
        -2.6464906,
        -2.8563375,
        -3.031252,
        -3.1569867,
        -3.2598562,
        -3.4450436,
        -3.5281925,
        -3.3465524,
        -3.0650759,
        -2.7002435,
        -2.299694,
        -1.906353,
        -1.6181479,
        -1.4300947,
        -1.3396149,
        -1.3346372,
        -1.3912511,
        -1.4616718,
        -1.5531712,
        -1.5988598,
        -1.5797558,
        -1.4339428,
        -1.2860885,
        -1.112391,
        -0.99669313,
        -0.8816452,
        -0.82722664,
        -0.7714319,
        -0.745553,
        -0.6754732,
        -0.5780525,
        -0.5275736,
        -0.44051456,
        -0.34113026,
        -0.29190445,
        -0.23575878,
        -0.19213486,
        -0.1756401,
        -0.16723633,
        -0.18371677,
        -0.1700058,
        -0.14998817,
        -0.12126446,
        -0.098116875,
        -0.12826061,
        -0.13742447,
        -0.14459896,
        -0.16629982,
        -0.18560123,
        -0.20002174,
        -0.19519329,
        -0.17592716,
        -0.16369724,
        -0.1488409,
        -0.11227894,
        -0.046880722,
        -0.029257774
    ],