{
    "class": "xneg",
    "duration_ms": 700,
    "x": [
        -9.450827,
        -9.629803,
        -9.613102,
        -9.553298,
        -9.515301,
        -9.404736,
        -9.393239,
        -9.471289,
        -9.515894,
        -9.399031,
        -9.09368,
        -8.555427,
        -7.8345604,
        -6.9803767,
        -6.0948353,
        -5.12574,
        -3.9595551,
        -2.6185358,
        -1.0865307,
        0.68541026,
        2.4922132,
        4.193859,
        5.3166413,
        7.1544356,
        8.8641205,
        10.458136,
        11.677053,
        12.610839,
        13.883752,
        14.811614,
        15.643979,
        16.165407,
        16.360752,
        15.990939,
        15.246002,
        14.59851,
        14.06676,
        13.536342,
        13.054542,
        12.680071,
        12.367714,
        12.085762,
        11.817198,
        11.527449,
        11.156466,
        10.652693,
        10.0280075,
        9.264923,
        8.390788,
        7.4998193,
        6.5429673,
        5.5933642,
        4.6070986,
        3.6743188,
        2.803874,
        1.9356351,
        1.1823962,
        0.44429868,
        -0.23501748,
        -0.8769579,
        -1.4933112,
        -2.0882707,
        -2.6280222,
        -3.1436367,
        -3.6875873,
        -4.1573067,
        -4.5461464,
        -4.897843,
        -5.2013874,
        -5.4264956,
        -5.5666256,
        -5.6509776,
        -5.6892996,
        -5.6790023,
        -5.436674,
        -5.431258,
        -5.399138,
        -5.275615,
        -5.1373315,
        -4.9622416,
        -4.7404366,
        -4.4116693,
        -4.082687,
        -3.7528615,
        -3.4788914,
        -3.2197013,
        -2.9796686,
        -2.7897325,
        -2.6334069,
        -2.4987528,
        -2.3765185,
        -2.2834816,
        -2.1671271,
        -2.0779746,
        -1.9852291,
        -1.8961958,
        -1.8064193,
        -1.6824975,
        -1.5723959,
        -1.4690523,
        -1.3222356,
        -1.1676192,
        -0.93079054,
        -0.7115731,
        -0.48538518,
        -0.29464734,
        -0.1701144,
        -0.06602371,
        -0.025229812,
        0.014826775,
        0.049451828,
        0.020852685,
        0.005034566,
        -0.060762405,
        -0.07432735,
        -0.08868444,
        -0.0803622,
        -0.06658733,
        -0.12172449,
        -0.15037417,
        -0.22442997,
        -0.24569511,
        -0.22831583,
        -0.1982181,
        -0.17420065,
        -0.08389068,
        0.03011334,
        0.18274093,
        0.2835899,
        0.36892956,
        0.40088105,
        0.41793704,
        0.43913567,
        0.454638,
        0.44271028,
        0.4102962,
        0.36184633,
        0.30673957,
        0.23989743,
        0.19666642,
        0.102519035,
        0.0359447,
        -0.036800027,
        -0.089399695,
        -0.13119161,
        -0.099552035,
        -0.044337034,
        0.0013046265,
        0.06901264
    ],
    "y": [
        -2.5865498,
        -3.2529042,
        -4.019764,
        -4.737097,
        -5.0544634,
        -4.951379,
        -4.6074457,
        -4.3427124,
        -4.4666276,
        -4.8646293,
        -5.505574,
        -6.1386566,
        -6.5833054,
        -6.867657,
        -6.9983454,
        -7.0460167,
        -7.054664,
        -6.9606915,
        -6.7037616,
        -6.3127103,
        -5.7646933,
        -5.047149,
        -4.1355753,
        -3.4486837,
        -3.1609874,
        -3.0171285,
        -2.8123696,
        -2.211364,
        -1.7515702,
        -0.8582697,
        -0.29803944,
        0.019954681,
        0.055393696,
        0.1229713,
        0.42786384,
        0.7808876,
        1.0389853,
        1.1021965,
        0.9862666,
        0.8052957,
        0.5734713,
        0.4412713,
        0.30321646,
        0.15648866,
        -0.052086353,
        -0.28994823,
        -0.5176327,
        -0.77518463,
        -1.0715051,
        -1.4134328,
        -1.7790463,
        -2.1916502,
        -2.605166,
        -2.9832008,
        -3.3278255,
        -3.6340213,
        -3.892045,
        -4.154265,
        -4.3485055,
        -4.5054903,
        -4.589011,
        -4.6107717,
        -4.5942593,
        -4.563056,
        -4.4402742,
        -4.306989,
        -4.182175,
        -4.058445,
        -3.9357486,
        -3.849984,
        -3.755677,
        -3.6264973,
        -3.4815264,
        -3.5313036,
        -3.3191068,
        -2.9724321,
        -2.6593728,
        -2.3779004,
        -2.1878195,
        -2.072543,
        -1.9626923,
        -1.910965,
        -1.8553886,
        -1.8056741,
        -1.7455091,
        -1.6775336,
        -1.5637708,
        -1.490746,
        -1.4079938,
        -1.3610435,
        -1.3018546,
        -1.2590041,
        -1.1988287,
        -1.1476283,
        -1.0599456,
        -1.0052829,
        -0.94520473,
        -0.8511963,
        -0.7687597,
        -0.69328165,
        -0.6343417,
        -0.58249664,
        -0.5018115,
        -0.43060303,
        -0.40697527,
        -0.35893488,
        -0.29363537,
        -0.23750734,
        -0.14280987,
        -0.055167675,
        0.039657116,
        0.04113245,
        0.047427654,
        0.048665524,
        0.04231167,
        0.023184776,
        0.034113884,
        0.055718422,
        0.059078217,
        0.094296455,
        0.156466,
        0.15713024,
        0.15626574,
        0.13976288,
        0.12708044,
        0.101671696,
        0.0877471,
        0.09515762,
        0.07884312,
        0.10850048,
        0.124640465,
        0.13237,
        0.19882059,
        0.21649027,
        0.24764204,
        0.27323008,
        0.29554272,
        0.33353615,
        0.36053085,
        0.34747934,
        0.32996845,
        0.26706553,
        0.19703722,
        0.15564632,
        0.09735727,
        0.103639126,
        0.121778965,
        0.113610744,
        0.1269927
    ],